ISO-10303-21;
HEADER;
/* Generated by software containing ST-Developer
 * from STEP Tools, Inc. (www.steptools.com) 
 */

FILE_DESCRIPTION(
/* description */ (''),
/* implementation_level */ '2;1');

FILE_NAME(
/* name */ '19mm_C.step',
/* time_stamp */ '2026-07-20T19:11:19+09:00',
/* author */ (''),
/* organization */ (''),
/* preprocessor_version */ 'ST-DEVELOPER v20.1',
/* originating_system */ 'Autodesk Translation Framework v15.8.0.0',
/* authorisation */ '');

FILE_SCHEMA (('AUTOMOTIVE_DESIGN { 1 0 10303 214 3 1 1 }'));
ENDSEC;

DATA;
#10=MECHANICAL_DESIGN_GEOMETRIC_PRESENTATION_REPRESENTATION('',(#13),#2095);
#11=SHAPE_REPRESENTATION_RELATIONSHIP('SRR','None',#2102,#12);
#12=ADVANCED_BREP_SHAPE_REPRESENTATION('',(#14),#2094);
#13=STYLED_ITEM('',(#2111),#14);
#14=MANIFOLD_SOLID_BREP('\X2\30DC30C730A3\X0\1',#1143);
#15=SPHERICAL_SURFACE('',#1230,10.25);
#16=ELLIPSE('',#1228,23.3373850249505,14.447958633518);
#17=ELLIPSE('',#1245,5.01044367724913,5.);
#18=ELLIPSE('',#1254,5.01044367724913,5.);
#19=ELLIPSE('',#1257,5.01044367724913,5.);
#20=ELLIPSE('',#1260,23.3373850249505,14.4479586335184);
#21=ELLIPSE('',#1262,5.01044367724913,5.);
#22=B_SPLINE_SURFACE_WITH_KNOTS('',3,3,((#1854,#1855,#1856,#1857,#1858),
(#1859,#1860,#1861,#1862,#1863),(#1864,#1865,#1866,#1867,#1868),(#1869,
#1870,#1871,#1872,#1873)),.UNSPECIFIED.,.F.,.F.,.F.,(4,4),(4,1,4),(0.,1.),
(-1.56027054628125,-0.891583169303572,1.36102376988316E-32),
 .UNSPECIFIED.);
#23=B_SPLINE_SURFACE_WITH_KNOTS('',3,3,((#1896,#1897,#1898,#1899,#1900),
(#1901,#1902,#1903,#1904,#1905),(#1906,#1907,#1908,#1909,#1910),(#1911,
#1912,#1913,#1914,#1915)),.UNSPECIFIED.,.F.,.F.,.F.,(4,4),(4,1,4),(0.,1.),
(-1.18838784959184E-17,0.668687376977679,1.56027054628125),
 .UNSPECIFIED.);
#24=B_SPLINE_SURFACE_WITH_KNOTS('',3,3,((#1929,#1930,#1931,#1932),(#1933,
#1934,#1935,#1936),(#1937,#1938,#1939,#1940),(#1941,#1942,#1943,#1944)),
 .UNSPECIFIED.,.F.,.F.,.F.,(4,4),(4,4),(0.,1.),(-1.5707963267949,-1.56027054628125),
 .UNSPECIFIED.);
#25=B_SPLINE_SURFACE_WITH_KNOTS('',3,3,((#1953,#1954,#1955,#1956),(#1957,
#1958,#1959,#1960),(#1961,#1962,#1963,#1964),(#1965,#1966,#1967,#1968)),
 .UNSPECIFIED.,.F.,.F.,.F.,(4,4),(4,4),(0.,1.),(1.56027054628125,1.5707963267949),
 .UNSPECIFIED.);
#26=FACE_BOUND('',#189,.T.);
#27=FACE_BOUND('',#211,.T.);
#28=FACE_BOUND('',#212,.T.);
#29=FACE_BOUND('',#213,.T.);
#30=FACE_BOUND('',#214,.T.);
#31=FACE_BOUND('',#235,.T.);
#32=FACE_BOUND('',#236,.T.);
#33=FACE_BOUND('',#237,.T.);
#34=FACE_BOUND('',#238,.T.);
#35=FACE_BOUND('',#239,.T.);
#36=B_SPLINE_CURVE_WITH_KNOTS('',3,(#1655,#1656,#1657,#1658,#1659,#1660,
#1661,#1662,#1663,#1664),.UNSPECIFIED.,.F.,.F.,(4,2,2,2,4),(0.,0.0383049732151442,
0.0766099464302885,0.114515762468454,0.15242157850662),.UNSPECIFIED.);
#37=B_SPLINE_CURVE_WITH_KNOTS('',3,(#1676,#1677,#1678,#1679,#1680,#1681,
#1682,#1683,#1684,#1685),.UNSPECIFIED.,.F.,.F.,(4,2,2,2,4),(0.,0.0379058160381658,
0.0758116320763315,0.114116605291476,0.15242157850662),.UNSPECIFIED.);
#38=B_SPLINE_CURVE_WITH_KNOTS('',3,(#1697,#1698,#1699,#1700,#1701,#1702,
#1703,#1704,#1705,#1706),.UNSPECIFIED.,.F.,.F.,(4,2,2,2,4),(0.,0.0379058160381658,
0.0758116320763317,0.114116605291476,0.15242157850662),.UNSPECIFIED.);
#39=B_SPLINE_CURVE_WITH_KNOTS('',3,(#1717,#1718,#1719,#1720,#1721,#1722,
#1723,#1724,#1725,#1726),.UNSPECIFIED.,.F.,.F.,(4,2,2,2,4),(0.,0.0383049732151443,
0.0766099464302886,0.114515762468454,0.15242157850662),.UNSPECIFIED.);
#40=B_SPLINE_CURVE_WITH_KNOTS('',3,(#1765,#1766,#1767,#1768,#1769,#1770,
#1771,#1772,#1773,#1774,#1775,#1776,#1777,#1778,#1779),.UNSPECIFIED.,.F.,
 .F.,(4,2,2,3,2,2,4),(2.6039768857526,2.61546893826716,2.80428635786817,
2.99310377746918,3.18192119707019,3.37073861667121,3.38223066783425),
 .UNSPECIFIED.);
#41=B_SPLINE_CURVE_WITH_KNOTS('',3,(#1822,#1823,#1824,#1825,#1826,#1827,
#1828,#1829,#1830,#1831,#1832,#1833,#1834,#1835,#1836),.UNSPECIFIED.,.F.,
 .F.,(4,2,2,3,2,2,4),(2.60397688575261,2.61546893826716,2.80428635786817,
2.99310377746918,3.18192119707019,3.37073861667121,3.38223066783426),
 .UNSPECIFIED.);
#42=B_SPLINE_CURVE_WITH_KNOTS('',3,(#1878,#1879,#1880,#1881,#1882),
 .UNSPECIFIED.,.F.,.F.,(4,1,4),(-1.56027054628125,-0.891583169303572,1.36102376988316E-32),
 .UNSPECIFIED.);
#43=B_SPLINE_CURVE_WITH_KNOTS('',3,(#1885,#1886,#1887,#1888,#1889),
 .UNSPECIFIED.,.F.,.F.,(4,1,4),(-1.36102376988316E-32,0.891583169303572,
1.56027054628125),.UNSPECIFIED.);
#44=B_SPLINE_CURVE_WITH_KNOTS('',3,(#1919,#1920,#1921,#1922,#1923),
 .UNSPECIFIED.,.F.,.F.,(4,1,4),(-1.56027054628125,-0.668687376977679,1.18838784959184E-17),
 .UNSPECIFIED.);
#45=B_SPLINE_CURVE_WITH_KNOTS('',3,(#1924,#1925,#1926,#1927,#1928),
 .UNSPECIFIED.,.F.,.F.,(4,1,4),(-1.18838784959184E-17,0.668687376977679,
1.56027054628125),.UNSPECIFIED.);
#46=B_SPLINE_CURVE_WITH_KNOTS('',3,(#1945,#1946,#1947,#1948),
 .UNSPECIFIED.,.F.,.F.,(4,4),(1.56027054628125,1.5707963267949),
 .UNSPECIFIED.);
#47=B_SPLINE_CURVE_WITH_KNOTS('',3,(#1949,#1950,#1951,#1952),
 .UNSPECIFIED.,.F.,.F.,(4,4),(-1.5707963267949,-1.56027054628125),
 .UNSPECIFIED.);
#48=B_SPLINE_CURVE_WITH_KNOTS('',3,(#1969,#1970,#1971,#1972),
 .UNSPECIFIED.,.F.,.F.,(4,4),(-1.5707963267949,-1.56027054628125),
 .UNSPECIFIED.);
#49=B_SPLINE_CURVE_WITH_KNOTS('',3,(#1973,#1974,#1975,#1976),
 .UNSPECIFIED.,.F.,.F.,(4,4),(1.56027054628125,1.5707963267949),
 .UNSPECIFIED.);
#50=B_SPLINE_CURVE_WITH_KNOTS('',3,(#1980,#1981,#1982,#1983),
 .UNSPECIFIED.,.F.,.F.,(4,4),(-0.393215284510392,-0.388180897434569),
 .UNSPECIFIED.);
#51=B_SPLINE_CURVE_WITH_KNOTS('',3,(#1986,#1987,#1988,#1989),
 .UNSPECIFIED.,.F.,.F.,(4,4),(0.388180896070748,0.393215284485814),
 .UNSPECIFIED.);
#52=B_SPLINE_CURVE_WITH_KNOTS('',3,(#2005,#2006,#2007,#2008),
 .UNSPECIFIED.,.F.,.F.,(4,4),(0.388180896070758,0.393215284485814),
 .UNSPECIFIED.);
#53=B_SPLINE_CURVE_WITH_KNOTS('',3,(#2010,#2011,#2012,#2013),
 .UNSPECIFIED.,.F.,.F.,(4,4),(-0.393215284510392,-0.38818089743456),
 .UNSPECIFIED.);
#54=CONICAL_SURFACE('',#1171,0.749999999999998,0.785398163397464);
#55=CONICAL_SURFACE('',#1177,0.750000000000001,0.785398163397508);
#56=CONICAL_SURFACE('',#1183,0.749999999999999,0.785398163397456);
#57=CONICAL_SURFACE('',#1209,5.25,0.785398163397448);
#58=CONICAL_SURFACE('',#1217,5.25,0.785398163397448);
#59=CONICAL_SURFACE('',#1247,4.,0.785398163397448);
#60=CONICAL_SURFACE('',#1250,4.,0.785398163397448);
#61=CONICAL_SURFACE('',#1265,9.72499999999999,0.376875262118308);
#62=CONICAL_SURFACE('',#1266,9.72499999999999,0.376875262118308);
#63=PLANE('',#1160);
#64=PLANE('',#1164);
#65=PLANE('',#1168);
#66=PLANE('',#1169);
#67=PLANE('',#1175);
#68=PLANE('',#1181);
#69=PLANE('',#1187);
#70=PLANE('',#1191);
#71=PLANE('',#1195);
#72=PLANE('',#1199);
#73=PLANE('',#1203);
#74=PLANE('',#1204);
#75=PLANE('',#1205);
#76=PLANE('',#1206);
#77=PLANE('',#1207);
#78=PLANE('',#1208);
#79=PLANE('',#1213);
#80=PLANE('',#1214);
#81=PLANE('',#1215);
#82=PLANE('',#1216);
#83=PLANE('',#1221);
#84=PLANE('',#1222);
#85=PLANE('',#1223);
#86=PLANE('',#1226);
#87=PLANE('',#1239);
#88=PLANE('',#1242);
#89=PLANE('',#1243);
#90=PLANE('',#1246);
#91=PLANE('',#1249);
#92=PLANE('',#1252);
#93=PLANE('',#1255);
#94=PLANE('',#1259);
#95=PLANE('',#1267);
#96=PLANE('',#1268);
#97=FACE_OUTER_BOUND('',#164,.T.);
#98=FACE_OUTER_BOUND('',#165,.T.);
#99=FACE_OUTER_BOUND('',#166,.T.);
#100=FACE_OUTER_BOUND('',#167,.T.);
#101=FACE_OUTER_BOUND('',#168,.T.);
#102=FACE_OUTER_BOUND('',#169,.T.);
#103=FACE_OUTER_BOUND('',#170,.T.);
#104=FACE_OUTER_BOUND('',#171,.T.);
#105=FACE_OUTER_BOUND('',#172,.T.);
#106=FACE_OUTER_BOUND('',#173,.T.);
#107=FACE_OUTER_BOUND('',#174,.T.);
#108=FACE_OUTER_BOUND('',#175,.T.);
#109=FACE_OUTER_BOUND('',#176,.T.);
#110=FACE_OUTER_BOUND('',#177,.T.);
#111=FACE_OUTER_BOUND('',#178,.T.);
#112=FACE_OUTER_BOUND('',#179,.T.);
#113=FACE_OUTER_BOUND('',#180,.T.);
#114=FACE_OUTER_BOUND('',#181,.T.);
#115=FACE_OUTER_BOUND('',#182,.T.);
#116=FACE_OUTER_BOUND('',#183,.T.);
#117=FACE_OUTER_BOUND('',#184,.T.);
#118=FACE_OUTER_BOUND('',#185,.T.);
#119=FACE_OUTER_BOUND('',#186,.T.);
#120=FACE_OUTER_BOUND('',#187,.T.);
#121=FACE_OUTER_BOUND('',#188,.T.);
#122=FACE_OUTER_BOUND('',#190,.T.);
#123=FACE_OUTER_BOUND('',#191,.T.);
#124=FACE_OUTER_BOUND('',#192,.T.);
#125=FACE_OUTER_BOUND('',#193,.T.);
#126=FACE_OUTER_BOUND('',#194,.T.);
#127=FACE_OUTER_BOUND('',#195,.T.);
#128=FACE_OUTER_BOUND('',#196,.T.);
#129=FACE_OUTER_BOUND('',#197,.T.);
#130=FACE_OUTER_BOUND('',#198,.T.);
#131=FACE_OUTER_BOUND('',#199,.T.);
#132=FACE_OUTER_BOUND('',#200,.T.);
#133=FACE_OUTER_BOUND('',#201,.T.);
#134=FACE_OUTER_BOUND('',#202,.T.);
#135=FACE_OUTER_BOUND('',#203,.T.);
#136=FACE_OUTER_BOUND('',#204,.T.);
#137=FACE_OUTER_BOUND('',#205,.T.);
#138=FACE_OUTER_BOUND('',#206,.T.);
#139=FACE_OUTER_BOUND('',#207,.T.);
#140=FACE_OUTER_BOUND('',#208,.T.);
#141=FACE_OUTER_BOUND('',#209,.T.);
#142=FACE_OUTER_BOUND('',#210,.T.);
#143=FACE_OUTER_BOUND('',#215,.T.);
#144=FACE_OUTER_BOUND('',#216,.T.);
#145=FACE_OUTER_BOUND('',#217,.T.);
#146=FACE_OUTER_BOUND('',#218,.T.);
#147=FACE_OUTER_BOUND('',#219,.T.);
#148=FACE_OUTER_BOUND('',#220,.T.);
#149=FACE_OUTER_BOUND('',#221,.T.);
#150=FACE_OUTER_BOUND('',#222,.T.);
#151=FACE_OUTER_BOUND('',#223,.T.);
#152=FACE_OUTER_BOUND('',#224,.T.);
#153=FACE_OUTER_BOUND('',#225,.T.);
#154=FACE_OUTER_BOUND('',#226,.T.);
#155=FACE_OUTER_BOUND('',#227,.T.);
#156=FACE_OUTER_BOUND('',#228,.T.);
#157=FACE_OUTER_BOUND('',#229,.T.);
#158=FACE_OUTER_BOUND('',#230,.T.);
#159=FACE_OUTER_BOUND('',#231,.T.);
#160=FACE_OUTER_BOUND('',#232,.T.);
#161=FACE_OUTER_BOUND('',#233,.T.);
#162=FACE_OUTER_BOUND('',#234,.T.);
#163=FACE_OUTER_BOUND('',#240,.T.);
#164=EDGE_LOOP('',(#735,#736,#737,#738));
#165=EDGE_LOOP('',(#739));
#166=EDGE_LOOP('',(#740,#741,#742,#743));
#167=EDGE_LOOP('',(#744));
#168=EDGE_LOOP('',(#745,#746,#747,#748));
#169=EDGE_LOOP('',(#749));
#170=EDGE_LOOP('',(#750));
#171=EDGE_LOOP('',(#751,#752,#753,#754));
#172=EDGE_LOOP('',(#755,#756,#757,#758));
#173=EDGE_LOOP('',(#759));
#174=EDGE_LOOP('',(#760,#761,#762,#763));
#175=EDGE_LOOP('',(#764,#765,#766,#767));
#176=EDGE_LOOP('',(#768));
#177=EDGE_LOOP('',(#769,#770,#771,#772));
#178=EDGE_LOOP('',(#773,#774,#775,#776));
#179=EDGE_LOOP('',(#777,#778,#779,#780));
#180=EDGE_LOOP('',(#781,#782,#783,#784));
#181=EDGE_LOOP('',(#785,#786,#787,#788));
#182=EDGE_LOOP('',(#789,#790,#791,#792));
#183=EDGE_LOOP('',(#793,#794,#795,#796));
#184=EDGE_LOOP('',(#797,#798,#799,#800));
#185=EDGE_LOOP('',(#801,#802,#803,#804));
#186=EDGE_LOOP('',(#805,#806,#807,#808));
#187=EDGE_LOOP('',(#809,#810,#811,#812));
#188=EDGE_LOOP('',(#813,#814,#815,#816));
#189=EDGE_LOOP('',(#817,#818,#819,#820,#821,#822,#823,#824));
#190=EDGE_LOOP('',(#825,#826,#827,#828));
#191=EDGE_LOOP('',(#829,#830,#831,#832));
#192=EDGE_LOOP('',(#833,#834,#835,#836));
#193=EDGE_LOOP('',(#837,#838,#839,#840));
#194=EDGE_LOOP('',(#841,#842,#843,#844,#845,#846));
#195=EDGE_LOOP('',(#847,#848,#849,#850,#851));
#196=EDGE_LOOP('',(#852,#853,#854,#855,#856));
#197=EDGE_LOOP('',(#857,#858,#859,#860));
#198=EDGE_LOOP('',(#861,#862,#863,#864,#865));
#199=EDGE_LOOP('',(#866,#867,#868,#869,#870,#871));
#200=EDGE_LOOP('',(#872,#873,#874,#875));
#201=EDGE_LOOP('',(#876,#877,#878,#879,#880));
#202=EDGE_LOOP('',(#881,#882,#883,#884));
#203=EDGE_LOOP('',(#885,#886,#887,#888));
#204=EDGE_LOOP('',(#889,#890,#891,#892));
#205=EDGE_LOOP('',(#893,#894,#895,#896));
#206=EDGE_LOOP('',(#897,#898,#899,#900));
#207=EDGE_LOOP('',(#901,#902,#903));
#208=EDGE_LOOP('',(#904,#905,#906));
#209=EDGE_LOOP('',(#907,#908,#909,#910,#911,#912,#913,#914,#915,#916,#917,
#918));
#210=EDGE_LOOP('',(#919,#920,#921,#922,#923,#924,#925,#926,#927,#928,#929,
#930,#931,#932,#933,#934));
#211=EDGE_LOOP('',(#935));
#212=EDGE_LOOP('',(#936));
#213=EDGE_LOOP('',(#937));
#214=EDGE_LOOP('',(#938,#939,#940,#941,#942,#943,#944,#945));
#215=EDGE_LOOP('',(#946,#947,#948));
#216=EDGE_LOOP('',(#949,#950,#951,#952,#953,#954,#955,#956));
#217=EDGE_LOOP('',(#957,#958,#959,#960,#961));
#218=EDGE_LOOP('',(#962,#963,#964,#965,#966,#967,#968,#969));
#219=EDGE_LOOP('',(#970,#971,#972,#973));
#220=EDGE_LOOP('',(#974,#975,#976,#977,#978));
#221=EDGE_LOOP('',(#979,#980,#981,#982));
#222=EDGE_LOOP('',(#983,#984,#985,#986));
#223=EDGE_LOOP('',(#987,#988,#989,#990));
#224=EDGE_LOOP('',(#991,#992,#993,#994,#995,#996,#997,#998));
#225=EDGE_LOOP('',(#999,#1000,#1001,#1002));
#226=EDGE_LOOP('',(#1003,#1004,#1005,#1006));
#227=EDGE_LOOP('',(#1007,#1008,#1009,#1010));
#228=EDGE_LOOP('',(#1011,#1012,#1013));
#229=EDGE_LOOP('',(#1014,#1015,#1016,#1017,#1018,#1019,#1020,#1021,#1022,
#1023));
#230=EDGE_LOOP('',(#1024,#1025,#1026,#1027));
#231=EDGE_LOOP('',(#1028,#1029,#1030,#1031));
#232=EDGE_LOOP('',(#1032,#1033));
#233=EDGE_LOOP('',(#1034,#1035,#1036));
#234=EDGE_LOOP('',(#1037,#1038,#1039,#1040,#1041,#1042,#1043,#1044));
#235=EDGE_LOOP('',(#1045));
#236=EDGE_LOOP('',(#1046));
#237=EDGE_LOOP('',(#1047));
#238=EDGE_LOOP('',(#1048,#1049,#1050,#1051));
#239=EDGE_LOOP('',(#1052));
#240=EDGE_LOOP('',(#1053,#1054,#1055,#1056));
#241=LINE('',#1594,#335);
#242=LINE('',#1601,#336);
#243=LINE('',#1608,#337);
#244=LINE('',#1616,#338);
#245=LINE('',#1620,#339);
#246=LINE('',#1627,#340);
#247=LINE('',#1631,#341);
#248=LINE('',#1638,#342);
#249=LINE('',#1642,#343);
#250=LINE('',#1649,#344);
#251=LINE('',#1651,#345);
#252=LINE('',#1652,#346);
#253=LINE('',#1667,#347);
#254=LINE('',#1672,#348);
#255=LINE('',#1673,#349);
#256=LINE('',#1688,#350);
#257=LINE('',#1693,#351);
#258=LINE('',#1694,#352);
#259=LINE('',#1708,#353);
#260=LINE('',#1714,#354);
#261=LINE('',#1715,#355);
#262=LINE('',#1731,#356);
#263=LINE('',#1733,#357);
#264=LINE('',#1735,#358);
#265=LINE('',#1736,#359);
#266=LINE('',#1739,#360);
#267=LINE('',#1741,#361);
#268=LINE('',#1742,#362);
#269=LINE('',#1745,#363);
#270=LINE('',#1747,#364);
#271=LINE('',#1748,#365);
#272=LINE('',#1750,#366);
#273=LINE('',#1752,#367);
#274=LINE('',#1756,#368);
#275=LINE('',#1758,#369);
#276=LINE('',#1760,#370);
#277=LINE('',#1761,#371);
#278=LINE('',#1783,#372);
#279=LINE('',#1788,#373);
#280=LINE('',#1790,#374);
#281=LINE('',#1792,#375);
#282=LINE('',#1793,#376);
#283=LINE('',#1796,#377);
#284=LINE('',#1798,#378);
#285=LINE('',#1800,#379);
#286=LINE('',#1801,#380);
#287=LINE('',#1804,#381);
#288=LINE('',#1806,#382);
#289=LINE('',#1807,#383);
#290=LINE('',#1811,#384);
#291=LINE('',#1813,#385);
#292=LINE('',#1815,#386);
#293=LINE('',#1817,#387);
#294=LINE('',#1818,#388);
#295=LINE('',#1840,#389);
#296=LINE('',#1846,#390);
#297=LINE('',#1847,#391);
#298=LINE('',#1848,#392);
#299=LINE('',#1850,#393);
#300=LINE('',#1852,#394);
#301=LINE('',#1853,#395);
#302=LINE('',#1876,#396);
#303=LINE('',#1884,#397);
#304=LINE('',#1893,#398);
#305=LINE('',#1894,#399);
#306=LINE('',#1895,#400);
#307=LINE('',#1918,#401);
#308=LINE('',#1979,#402);
#309=LINE('',#1990,#403);
#310=LINE('',#1993,#404);
#311=LINE('',#2023,#405);
#312=LINE('',#2027,#406);
#313=LINE('',#2030,#407);
#314=LINE('',#2033,#408);
#315=LINE('',#2034,#409);
#316=LINE('',#2037,#410);
#317=LINE('',#2039,#411);
#318=LINE('',#2040,#412);
#319=LINE('',#2043,#413);
#320=LINE('',#2047,#414);
#321=LINE('',#2048,#415);
#322=LINE('',#2051,#416);
#323=LINE('',#2055,#417);
#324=LINE('',#2056,#418);
#325=LINE('',#2061,#419);
#326=LINE('',#2063,#420);
#327=LINE('',#2064,#421);
#328=LINE('',#2067,#422);
#329=LINE('',#2071,#423);
#330=LINE('',#2072,#424);
#331=LINE('',#2076,#425);
#332=LINE('',#2082,#426);
#333=LINE('',#2086,#427);
#334=LINE('',#2090,#428);
#335=VECTOR('',#1275,0.85);
#336=VECTOR('',#1284,0.85);
#337=VECTOR('',#1293,0.850000000000001);
#338=VECTOR('',#1304,0.749999999999998);
#339=VECTOR('',#1309,0.95);
#340=VECTOR('',#1318,0.750000000000001);
#341=VECTOR('',#1323,0.950000000000014);
#342=VECTOR('',#1332,0.749999999999998);
#343=VECTOR('',#1337,0.95);
#344=VECTOR('',#1344,10.);
#345=VECTOR('',#1345,10.);
#346=VECTOR('',#1346,10.);
#347=VECTOR('',#1351,10.);
#348=VECTOR('',#1356,10.);
#349=VECTOR('',#1357,10.);
#350=VECTOR('',#1362,10.);
#351=VECTOR('',#1367,10.);
#352=VECTOR('',#1368,10.);
#353=VECTOR('',#1371,10.);
#354=VECTOR('',#1378,10.);
#355=VECTOR('',#1379,10.);
#356=VECTOR('',#1386,10.);
#357=VECTOR('',#1387,10.);
#358=VECTOR('',#1388,10.);
#359=VECTOR('',#1389,10.);
#360=VECTOR('',#1392,10.);
#361=VECTOR('',#1393,10.);
#362=VECTOR('',#1394,10.);
#363=VECTOR('',#1397,10.);
#364=VECTOR('',#1398,10.);
#365=VECTOR('',#1399,10.);
#366=VECTOR('',#1402,10.);
#367=VECTOR('',#1405,10.);
#368=VECTOR('',#1408,10.);
#369=VECTOR('',#1409,10.);
#370=VECTOR('',#1410,10.);
#371=VECTOR('',#1411,10.);
#372=VECTOR('',#1416,10.);
#373=VECTOR('',#1423,10.);
#374=VECTOR('',#1424,10.);
#375=VECTOR('',#1425,10.);
#376=VECTOR('',#1426,10.);
#377=VECTOR('',#1429,10.);
#378=VECTOR('',#1430,10.);
#379=VECTOR('',#1431,10.);
#380=VECTOR('',#1432,10.);
#381=VECTOR('',#1435,10.);
#382=VECTOR('',#1436,10.);
#383=VECTOR('',#1437,10.);
#384=VECTOR('',#1440,10.);
#385=VECTOR('',#1441,10.);
#386=VECTOR('',#1442,10.);
#387=VECTOR('',#1443,10.);
#388=VECTOR('',#1444,10.);
#389=VECTOR('',#1449,10.);
#390=VECTOR('',#1456,10.);
#391=VECTOR('',#1457,10.);
#392=VECTOR('',#1458,10.);
#393=VECTOR('',#1461,10.);
#394=VECTOR('',#1462,10.);
#395=VECTOR('',#1463,10.);
#396=VECTOR('',#1464,10.);
#397=VECTOR('',#1465,10.);
#398=VECTOR('',#1468,10.);
#399=VECTOR('',#1469,10.);
#400=VECTOR('',#1470,10.);
#401=VECTOR('',#1471,10.);
#402=VECTOR('',#1474,10.);
#403=VECTOR('',#1477,10.);
#404=VECTOR('',#1480,10.);
#405=VECTOR('',#1507,10.);
#406=VECTOR('',#1510,10.);
#407=VECTOR('',#1513,10.);
#408=VECTOR('',#1516,10.);
#409=VECTOR('',#1517,10.);
#410=VECTOR('',#1520,10.);
#411=VECTOR('',#1521,10.);
#412=VECTOR('',#1522,10.);
#413=VECTOR('',#1525,10.);
#414=VECTOR('',#1530,10.);
#415=VECTOR('',#1531,10.);
#416=VECTOR('',#1534,10.);
#417=VECTOR('',#1539,10.);
#418=VECTOR('',#1540,10.);
#419=VECTOR('',#1547,10.);
#420=VECTOR('',#1548,10.);
#421=VECTOR('',#1549,10.);
#422=VECTOR('',#1552,10.);
#423=VECTOR('',#1557,10.);
#424=VECTOR('',#1558,10.);
#425=VECTOR('',#1565,10.);
#426=VECTOR('',#1574,10.);
#427=VECTOR('',#1579,3.);
#428=VECTOR('',#1586,10.);
#429=CIRCLE('',#1158,0.85);
#430=CIRCLE('',#1159,0.85);
#431=CIRCLE('',#1162,0.85);
#432=CIRCLE('',#1163,0.85);
#433=CIRCLE('',#1166,0.850000000000001);
#434=CIRCLE('',#1167,0.850000000000001);
#435=CIRCLE('',#1170,0.549999999999996);
#436=CIRCLE('',#1172,0.949999999999999);
#437=CIRCLE('',#1174,0.95);
#438=CIRCLE('',#1176,0.549999999999981);
#439=CIRCLE('',#1178,0.950000000000022);
#440=CIRCLE('',#1180,0.950000000000014);
#441=CIRCLE('',#1182,0.549999999999999);
#442=CIRCLE('',#1184,0.949999999999999);
#443=CIRCLE('',#1186,0.95);
#444=CIRCLE('',#1188,9.8011478919563);
#445=CIRCLE('',#1190,0.999999999999999);
#446=CIRCLE('',#1192,9.66966907396522);
#447=CIRCLE('',#1194,1.);
#448=CIRCLE('',#1196,9.8011478919563);
#449=CIRCLE('',#1198,1.);
#450=CIRCLE('',#1200,9.66966907396522);
#451=CIRCLE('',#1202,1.);
#452=CIRCLE('',#1210,5.);
#453=CIRCLE('',#1211,5.5);
#454=CIRCLE('',#1212,5.);
#455=CIRCLE('',#1218,5.);
#456=CIRCLE('',#1219,5.5);
#457=CIRCLE('',#1220,5.);
#458=CIRCLE('',#1227,8.99999999999997);
#459=CIRCLE('',#1229,8.99999999999997);
#460=CIRCLE('',#1231,3.);
#461=CIRCLE('',#1232,10.25);
#462=CIRCLE('',#1233,10.25);
#463=CIRCLE('',#1234,8.99999999999996);
#464=CIRCLE('',#1235,10.25);
#465=CIRCLE('',#1236,8.99999999999996);
#466=CIRCLE('',#1237,10.25);
#467=CIRCLE('',#1240,3.);
#468=CIRCLE('',#1241,3.);
#469=CIRCLE('',#1248,5.);
#470=CIRCLE('',#1251,5.);
#471=CIRCLE('',#1264,3.);
#472=VERTEX_POINT('',#1591);
#473=VERTEX_POINT('',#1593);
#474=VERTEX_POINT('',#1598);
#475=VERTEX_POINT('',#1600);
#476=VERTEX_POINT('',#1605);
#477=VERTEX_POINT('',#1607);
#478=VERTEX_POINT('',#1612);
#479=VERTEX_POINT('',#1615);
#480=VERTEX_POINT('',#1619);
#481=VERTEX_POINT('',#1623);
#482=VERTEX_POINT('',#1626);
#483=VERTEX_POINT('',#1630);
#484=VERTEX_POINT('',#1634);
#485=VERTEX_POINT('',#1637);
#486=VERTEX_POINT('',#1641);
#487=VERTEX_POINT('',#1645);
#488=VERTEX_POINT('',#1646);
#489=VERTEX_POINT('',#1648);
#490=VERTEX_POINT('',#1650);
#491=VERTEX_POINT('',#1654);
#492=VERTEX_POINT('',#1665);
#493=VERTEX_POINT('',#1669);
#494=VERTEX_POINT('',#1671);
#495=VERTEX_POINT('',#1675);
#496=VERTEX_POINT('',#1686);
#497=VERTEX_POINT('',#1690);
#498=VERTEX_POINT('',#1692);
#499=VERTEX_POINT('',#1696);
#500=VERTEX_POINT('',#1707);
#501=VERTEX_POINT('',#1711);
#502=VERTEX_POINT('',#1713);
#503=VERTEX_POINT('',#1729);
#504=VERTEX_POINT('',#1730);
#505=VERTEX_POINT('',#1732);
#506=VERTEX_POINT('',#1734);
#507=VERTEX_POINT('',#1738);
#508=VERTEX_POINT('',#1740);
#509=VERTEX_POINT('',#1744);
#510=VERTEX_POINT('',#1746);
#511=VERTEX_POINT('',#1754);
#512=VERTEX_POINT('',#1755);
#513=VERTEX_POINT('',#1757);
#514=VERTEX_POINT('',#1759);
#515=VERTEX_POINT('',#1763);
#516=VERTEX_POINT('',#1764);
#517=VERTEX_POINT('',#1780);
#518=VERTEX_POINT('',#1782);
#519=VERTEX_POINT('',#1787);
#520=VERTEX_POINT('',#1789);
#521=VERTEX_POINT('',#1791);
#522=VERTEX_POINT('',#1795);
#523=VERTEX_POINT('',#1797);
#524=VERTEX_POINT('',#1799);
#525=VERTEX_POINT('',#1803);
#526=VERTEX_POINT('',#1805);
#527=VERTEX_POINT('',#1809);
#528=VERTEX_POINT('',#1810);
#529=VERTEX_POINT('',#1812);
#530=VERTEX_POINT('',#1814);
#531=VERTEX_POINT('',#1816);
#532=VERTEX_POINT('',#1820);
#533=VERTEX_POINT('',#1821);
#534=VERTEX_POINT('',#1837);
#535=VERTEX_POINT('',#1839);
#536=VERTEX_POINT('',#1844);
#537=VERTEX_POINT('',#1845);
#538=VERTEX_POINT('',#1851);
#539=VERTEX_POINT('',#1874);
#540=VERTEX_POINT('',#1875);
#541=VERTEX_POINT('',#1877);
#542=VERTEX_POINT('',#1883);
#543=VERTEX_POINT('',#1891);
#544=VERTEX_POINT('',#1892);
#545=VERTEX_POINT('',#1916);
#546=VERTEX_POINT('',#1917);
#547=VERTEX_POINT('',#1978);
#548=VERTEX_POINT('',#1985);
#549=VERTEX_POINT('',#1992);
#550=VERTEX_POINT('',#1994);
#551=VERTEX_POINT('',#1996);
#552=VERTEX_POINT('',#2000);
#553=VERTEX_POINT('',#2002);
#554=VERTEX_POINT('',#2009);
#555=VERTEX_POINT('',#2014);
#556=VERTEX_POINT('',#2016);
#557=VERTEX_POINT('',#2022);
#558=VERTEX_POINT('',#2024);
#559=VERTEX_POINT('',#2026);
#560=VERTEX_POINT('',#2028);
#561=VERTEX_POINT('',#2032);
#562=VERTEX_POINT('',#2036);
#563=VERTEX_POINT('',#2038);
#564=VERTEX_POINT('',#2042);
#565=VERTEX_POINT('',#2046);
#566=VERTEX_POINT('',#2050);
#567=VERTEX_POINT('',#2054);
#568=VERTEX_POINT('',#2060);
#569=VERTEX_POINT('',#2062);
#570=VERTEX_POINT('',#2066);
#571=VERTEX_POINT('',#2070);
#572=VERTEX_POINT('',#2080);
#573=VERTEX_POINT('',#2084);
#574=EDGE_CURVE('',#472,#472,#429,.T.);
#575=EDGE_CURVE('',#472,#473,#241,.T.);
#576=EDGE_CURVE('',#473,#473,#430,.T.);
#577=EDGE_CURVE('',#474,#474,#431,.T.);
#578=EDGE_CURVE('',#474,#475,#242,.T.);
#579=EDGE_CURVE('',#475,#475,#432,.T.);
#580=EDGE_CURVE('',#476,#476,#433,.T.);
#581=EDGE_CURVE('',#476,#477,#243,.T.);
#582=EDGE_CURVE('',#477,#477,#434,.T.);
#583=EDGE_CURVE('',#478,#478,#435,.T.);
#584=EDGE_CURVE('',#478,#479,#244,.T.);
#585=EDGE_CURVE('',#479,#479,#436,.T.);
#586=EDGE_CURVE('',#479,#480,#245,.T.);
#587=EDGE_CURVE('',#480,#480,#437,.T.);
#588=EDGE_CURVE('',#481,#481,#438,.T.);
#589=EDGE_CURVE('',#481,#482,#246,.T.);
#590=EDGE_CURVE('',#482,#482,#439,.T.);
#591=EDGE_CURVE('',#482,#483,#247,.T.);
#592=EDGE_CURVE('',#483,#483,#440,.T.);
#593=EDGE_CURVE('',#484,#484,#441,.T.);
#594=EDGE_CURVE('',#484,#485,#248,.T.);
#595=EDGE_CURVE('',#485,#485,#442,.T.);
#596=EDGE_CURVE('',#485,#486,#249,.T.);
#597=EDGE_CURVE('',#486,#486,#443,.T.);
#598=EDGE_CURVE('',#487,#488,#444,.T.);
#599=EDGE_CURVE('',#487,#489,#250,.T.);
#600=EDGE_CURVE('',#490,#489,#251,.T.);
#601=EDGE_CURVE('',#488,#490,#252,.T.);
#602=EDGE_CURVE('',#488,#491,#36,.T.);
#603=EDGE_CURVE('',#492,#490,#445,.T.);
#604=EDGE_CURVE('',#491,#492,#253,.T.);
#605=EDGE_CURVE('',#491,#493,#446,.T.);
#606=EDGE_CURVE('',#494,#492,#254,.T.);
#607=EDGE_CURVE('',#493,#494,#255,.T.);
#608=EDGE_CURVE('',#493,#495,#37,.T.);
#609=EDGE_CURVE('',#496,#494,#447,.T.);
#610=EDGE_CURVE('',#495,#496,#256,.T.);
#611=EDGE_CURVE('',#495,#497,#448,.T.);
#612=EDGE_CURVE('',#498,#496,#257,.T.);
#613=EDGE_CURVE('',#497,#498,#258,.T.);
#614=EDGE_CURVE('',#499,#487,#38,.T.);
#615=EDGE_CURVE('',#499,#500,#259,.T.);
#616=EDGE_CURVE('',#489,#500,#449,.T.);
#617=EDGE_CURVE('',#501,#499,#450,.T.);
#618=EDGE_CURVE('',#501,#502,#260,.T.);
#619=EDGE_CURVE('',#500,#502,#261,.T.);
#620=EDGE_CURVE('',#497,#501,#39,.T.);
#621=EDGE_CURVE('',#502,#498,#451,.T.);
#622=EDGE_CURVE('',#503,#504,#262,.T.);
#623=EDGE_CURVE('',#503,#505,#263,.T.);
#624=EDGE_CURVE('',#506,#505,#264,.T.);
#625=EDGE_CURVE('',#506,#504,#265,.T.);
#626=EDGE_CURVE('',#504,#507,#266,.T.);
#627=EDGE_CURVE('',#506,#508,#267,.T.);
#628=EDGE_CURVE('',#507,#508,#268,.T.);
#629=EDGE_CURVE('',#507,#509,#269,.T.);
#630=EDGE_CURVE('',#508,#510,#270,.T.);
#631=EDGE_CURVE('',#510,#509,#271,.T.);
#632=EDGE_CURVE('',#505,#510,#272,.T.);
#633=EDGE_CURVE('',#509,#503,#273,.T.);
#634=EDGE_CURVE('',#511,#512,#274,.T.);
#635=EDGE_CURVE('',#512,#513,#275,.T.);
#636=EDGE_CURVE('',#513,#514,#276,.T.);
#637=EDGE_CURVE('',#514,#511,#277,.T.);
#638=EDGE_CURVE('',#515,#516,#40,.T.);
#639=EDGE_CURVE('',#516,#517,#452,.T.);
#640=EDGE_CURVE('',#517,#518,#278,.T.);
#641=EDGE_CURVE('',#518,#512,#453,.T.);
#642=EDGE_CURVE('',#511,#515,#454,.T.);
#643=EDGE_CURVE('',#519,#518,#279,.T.);
#644=EDGE_CURVE('',#517,#520,#280,.T.);
#645=EDGE_CURVE('',#520,#521,#281,.T.);
#646=EDGE_CURVE('',#521,#519,#282,.T.);
#647=EDGE_CURVE('',#522,#521,#283,.T.);
#648=EDGE_CURVE('',#520,#523,#284,.T.);
#649=EDGE_CURVE('',#523,#524,#285,.T.);
#650=EDGE_CURVE('',#524,#522,#286,.T.);
#651=EDGE_CURVE('',#523,#525,#287,.T.);
#652=EDGE_CURVE('',#525,#526,#288,.T.);
#653=EDGE_CURVE('',#526,#524,#289,.T.);
#654=EDGE_CURVE('',#527,#528,#290,.T.);
#655=EDGE_CURVE('',#528,#529,#291,.T.);
#656=EDGE_CURVE('',#529,#530,#292,.T.);
#657=EDGE_CURVE('',#530,#531,#293,.T.);
#658=EDGE_CURVE('',#531,#527,#294,.T.);
#659=EDGE_CURVE('',#532,#533,#41,.T.);
#660=EDGE_CURVE('',#533,#534,#455,.T.);
#661=EDGE_CURVE('',#534,#535,#295,.T.);
#662=EDGE_CURVE('',#535,#529,#456,.T.);
#663=EDGE_CURVE('',#528,#532,#457,.T.);
#664=EDGE_CURVE('',#536,#537,#296,.T.);
#665=EDGE_CURVE('',#537,#535,#297,.T.);
#666=EDGE_CURVE('',#534,#536,#298,.T.);
#667=EDGE_CURVE('',#525,#527,#299,.T.);
#668=EDGE_CURVE('',#531,#538,#300,.T.);
#669=EDGE_CURVE('',#538,#526,#301,.T.);
#670=EDGE_CURVE('',#539,#540,#302,.T.);
#671=EDGE_CURVE('',#540,#541,#42,.T.);
#672=EDGE_CURVE('',#541,#542,#303,.T.);
#673=EDGE_CURVE('',#542,#539,#43,.T.);
#674=EDGE_CURVE('',#543,#544,#304,.T.);
#675=EDGE_CURVE('',#544,#542,#305,.T.);
#676=EDGE_CURVE('',#541,#543,#306,.T.);
#677=EDGE_CURVE('',#545,#546,#307,.T.);
#678=EDGE_CURVE('',#546,#544,#44,.T.);
#679=EDGE_CURVE('',#543,#545,#45,.T.);
#680=EDGE_CURVE('',#539,#537,#46,.T.);
#681=EDGE_CURVE('',#536,#540,#47,.T.);
#682=EDGE_CURVE('',#513,#546,#48,.T.);
#683=EDGE_CURVE('',#545,#514,#49,.T.);
#684=EDGE_CURVE('',#511,#547,#308,.T.);
#685=EDGE_CURVE('',#547,#515,#50,.T.);
#686=EDGE_CURVE('',#516,#548,#51,.T.);
#687=EDGE_CURVE('',#548,#517,#309,.T.);
#688=EDGE_CURVE('',#549,#534,#310,.T.);
#689=EDGE_CURVE('',#549,#550,#458,.T.);
#690=EDGE_CURVE('',#550,#551,#16,.T.);
#691=EDGE_CURVE('',#551,#547,#459,.T.);
#692=EDGE_CURVE('',#552,#552,#460,.T.);
#693=EDGE_CURVE('',#552,#553,#461,.T.);
#694=EDGE_CURVE('',#553,#550,#462,.T.);
#695=EDGE_CURVE('',#533,#549,#52,.T.);
#696=EDGE_CURVE('',#554,#532,#53,.T.);
#697=EDGE_CURVE('',#555,#554,#463,.T.);
#698=EDGE_CURVE('',#555,#556,#464,.T.);
#699=EDGE_CURVE('',#548,#556,#465,.T.);
#700=EDGE_CURVE('',#551,#553,#466,.T.);
#701=EDGE_CURVE('',#557,#538,#311,.T.);
#702=EDGE_CURVE('',#558,#557,#467,.T.);
#703=EDGE_CURVE('',#559,#558,#312,.T.);
#704=EDGE_CURVE('',#560,#559,#468,.T.);
#705=EDGE_CURVE('',#522,#560,#313,.T.);
#706=EDGE_CURVE('',#530,#561,#314,.T.);
#707=EDGE_CURVE('',#557,#561,#315,.T.);
#708=EDGE_CURVE('',#562,#539,#316,.T.);
#709=EDGE_CURVE('',#562,#563,#317,.T.);
#710=EDGE_CURVE('',#561,#563,#318,.T.);
#711=EDGE_CURVE('',#542,#564,#319,.T.);
#712=EDGE_CURVE('',#564,#562,#17,.T.);
#713=EDGE_CURVE('',#560,#565,#320,.T.);
#714=EDGE_CURVE('',#565,#519,#321,.T.);
#715=EDGE_CURVE('',#559,#566,#322,.T.);
#716=EDGE_CURVE('',#566,#565,#469,.T.);
#717=EDGE_CURVE('',#558,#567,#323,.T.);
#718=EDGE_CURVE('',#567,#566,#324,.T.);
#719=EDGE_CURVE('',#561,#567,#470,.T.);
#720=EDGE_CURVE('',#568,#565,#325,.T.);
#721=EDGE_CURVE('',#568,#569,#326,.T.);
#722=EDGE_CURVE('',#546,#569,#327,.T.);
#723=EDGE_CURVE('',#566,#570,#328,.T.);
#724=EDGE_CURVE('',#570,#568,#18,.T.);
#725=EDGE_CURVE('',#571,#567,#329,.T.);
#726=EDGE_CURVE('',#571,#570,#330,.T.);
#727=EDGE_CURVE('',#563,#571,#19,.T.);
#728=EDGE_CURVE('',#528,#554,#331,.T.);
#729=EDGE_CURVE('',#556,#555,#20,.T.);
#730=EDGE_CURVE('',#569,#572,#21,.T.);
#731=EDGE_CURVE('',#572,#544,#332,.T.);
#732=EDGE_CURVE('',#573,#573,#471,.T.);
#733=EDGE_CURVE('',#573,#552,#333,.T.);
#734=EDGE_CURVE('',#564,#572,#334,.T.);
#735=ORIENTED_EDGE('',*,*,#574,.F.);
#736=ORIENTED_EDGE('',*,*,#575,.T.);
#737=ORIENTED_EDGE('',*,*,#576,.T.);
#738=ORIENTED_EDGE('',*,*,#575,.F.);
#739=ORIENTED_EDGE('',*,*,#576,.F.);
#740=ORIENTED_EDGE('',*,*,#577,.F.);
#741=ORIENTED_EDGE('',*,*,#578,.T.);
#742=ORIENTED_EDGE('',*,*,#579,.T.);
#743=ORIENTED_EDGE('',*,*,#578,.F.);
#744=ORIENTED_EDGE('',*,*,#579,.F.);
#745=ORIENTED_EDGE('',*,*,#580,.F.);
#746=ORIENTED_EDGE('',*,*,#581,.T.);
#747=ORIENTED_EDGE('',*,*,#582,.T.);
#748=ORIENTED_EDGE('',*,*,#581,.F.);
#749=ORIENTED_EDGE('',*,*,#582,.F.);
#750=ORIENTED_EDGE('',*,*,#583,.T.);
#751=ORIENTED_EDGE('',*,*,#583,.F.);
#752=ORIENTED_EDGE('',*,*,#584,.T.);
#753=ORIENTED_EDGE('',*,*,#585,.T.);
#754=ORIENTED_EDGE('',*,*,#584,.F.);
#755=ORIENTED_EDGE('',*,*,#585,.F.);
#756=ORIENTED_EDGE('',*,*,#586,.T.);
#757=ORIENTED_EDGE('',*,*,#587,.F.);
#758=ORIENTED_EDGE('',*,*,#586,.F.);
#759=ORIENTED_EDGE('',*,*,#588,.T.);
#760=ORIENTED_EDGE('',*,*,#588,.F.);
#761=ORIENTED_EDGE('',*,*,#589,.T.);
#762=ORIENTED_EDGE('',*,*,#590,.T.);
#763=ORIENTED_EDGE('',*,*,#589,.F.);
#764=ORIENTED_EDGE('',*,*,#590,.F.);
#765=ORIENTED_EDGE('',*,*,#591,.T.);
#766=ORIENTED_EDGE('',*,*,#592,.F.);
#767=ORIENTED_EDGE('',*,*,#591,.F.);
#768=ORIENTED_EDGE('',*,*,#593,.T.);
#769=ORIENTED_EDGE('',*,*,#593,.F.);
#770=ORIENTED_EDGE('',*,*,#594,.T.);
#771=ORIENTED_EDGE('',*,*,#595,.T.);
#772=ORIENTED_EDGE('',*,*,#594,.F.);
#773=ORIENTED_EDGE('',*,*,#595,.F.);
#774=ORIENTED_EDGE('',*,*,#596,.T.);
#775=ORIENTED_EDGE('',*,*,#597,.F.);
#776=ORIENTED_EDGE('',*,*,#596,.F.);
#777=ORIENTED_EDGE('',*,*,#598,.F.);
#778=ORIENTED_EDGE('',*,*,#599,.T.);
#779=ORIENTED_EDGE('',*,*,#600,.F.);
#780=ORIENTED_EDGE('',*,*,#601,.F.);
#781=ORIENTED_EDGE('',*,*,#602,.F.);
#782=ORIENTED_EDGE('',*,*,#601,.T.);
#783=ORIENTED_EDGE('',*,*,#603,.F.);
#784=ORIENTED_EDGE('',*,*,#604,.F.);
#785=ORIENTED_EDGE('',*,*,#605,.F.);
#786=ORIENTED_EDGE('',*,*,#604,.T.);
#787=ORIENTED_EDGE('',*,*,#606,.F.);
#788=ORIENTED_EDGE('',*,*,#607,.F.);
#789=ORIENTED_EDGE('',*,*,#608,.F.);
#790=ORIENTED_EDGE('',*,*,#607,.T.);
#791=ORIENTED_EDGE('',*,*,#609,.F.);
#792=ORIENTED_EDGE('',*,*,#610,.F.);
#793=ORIENTED_EDGE('',*,*,#611,.F.);
#794=ORIENTED_EDGE('',*,*,#610,.T.);
#795=ORIENTED_EDGE('',*,*,#612,.F.);
#796=ORIENTED_EDGE('',*,*,#613,.F.);
#797=ORIENTED_EDGE('',*,*,#614,.F.);
#798=ORIENTED_EDGE('',*,*,#615,.T.);
#799=ORIENTED_EDGE('',*,*,#616,.F.);
#800=ORIENTED_EDGE('',*,*,#599,.F.);
#801=ORIENTED_EDGE('',*,*,#617,.F.);
#802=ORIENTED_EDGE('',*,*,#618,.T.);
#803=ORIENTED_EDGE('',*,*,#619,.F.);
#804=ORIENTED_EDGE('',*,*,#615,.F.);
#805=ORIENTED_EDGE('',*,*,#620,.F.);
#806=ORIENTED_EDGE('',*,*,#613,.T.);
#807=ORIENTED_EDGE('',*,*,#621,.F.);
#808=ORIENTED_EDGE('',*,*,#618,.F.);
#809=ORIENTED_EDGE('',*,*,#622,.F.);
#810=ORIENTED_EDGE('',*,*,#623,.T.);
#811=ORIENTED_EDGE('',*,*,#624,.F.);
#812=ORIENTED_EDGE('',*,*,#625,.T.);
#813=ORIENTED_EDGE('',*,*,#626,.F.);
#814=ORIENTED_EDGE('',*,*,#625,.F.);
#815=ORIENTED_EDGE('',*,*,#627,.T.);
#816=ORIENTED_EDGE('',*,*,#628,.F.);
#817=ORIENTED_EDGE('',*,*,#612,.T.);
#818=ORIENTED_EDGE('',*,*,#609,.T.);
#819=ORIENTED_EDGE('',*,*,#606,.T.);
#820=ORIENTED_EDGE('',*,*,#603,.T.);
#821=ORIENTED_EDGE('',*,*,#600,.T.);
#822=ORIENTED_EDGE('',*,*,#616,.T.);
#823=ORIENTED_EDGE('',*,*,#619,.T.);
#824=ORIENTED_EDGE('',*,*,#621,.T.);
#825=ORIENTED_EDGE('',*,*,#629,.F.);
#826=ORIENTED_EDGE('',*,*,#628,.T.);
#827=ORIENTED_EDGE('',*,*,#630,.T.);
#828=ORIENTED_EDGE('',*,*,#631,.T.);
#829=ORIENTED_EDGE('',*,*,#627,.F.);
#830=ORIENTED_EDGE('',*,*,#624,.T.);
#831=ORIENTED_EDGE('',*,*,#632,.T.);
#832=ORIENTED_EDGE('',*,*,#630,.F.);
#833=ORIENTED_EDGE('',*,*,#633,.F.);
#834=ORIENTED_EDGE('',*,*,#631,.F.);
#835=ORIENTED_EDGE('',*,*,#632,.F.);
#836=ORIENTED_EDGE('',*,*,#623,.F.);
#837=ORIENTED_EDGE('',*,*,#634,.T.);
#838=ORIENTED_EDGE('',*,*,#635,.T.);
#839=ORIENTED_EDGE('',*,*,#636,.T.);
#840=ORIENTED_EDGE('',*,*,#637,.T.);
#841=ORIENTED_EDGE('',*,*,#638,.T.);
#842=ORIENTED_EDGE('',*,*,#639,.T.);
#843=ORIENTED_EDGE('',*,*,#640,.T.);
#844=ORIENTED_EDGE('',*,*,#641,.T.);
#845=ORIENTED_EDGE('',*,*,#634,.F.);
#846=ORIENTED_EDGE('',*,*,#642,.T.);
#847=ORIENTED_EDGE('',*,*,#643,.T.);
#848=ORIENTED_EDGE('',*,*,#640,.F.);
#849=ORIENTED_EDGE('',*,*,#644,.T.);
#850=ORIENTED_EDGE('',*,*,#645,.T.);
#851=ORIENTED_EDGE('',*,*,#646,.T.);
#852=ORIENTED_EDGE('',*,*,#647,.T.);
#853=ORIENTED_EDGE('',*,*,#645,.F.);
#854=ORIENTED_EDGE('',*,*,#648,.T.);
#855=ORIENTED_EDGE('',*,*,#649,.T.);
#856=ORIENTED_EDGE('',*,*,#650,.T.);
#857=ORIENTED_EDGE('',*,*,#651,.T.);
#858=ORIENTED_EDGE('',*,*,#652,.T.);
#859=ORIENTED_EDGE('',*,*,#653,.T.);
#860=ORIENTED_EDGE('',*,*,#649,.F.);
#861=ORIENTED_EDGE('',*,*,#654,.T.);
#862=ORIENTED_EDGE('',*,*,#655,.T.);
#863=ORIENTED_EDGE('',*,*,#656,.T.);
#864=ORIENTED_EDGE('',*,*,#657,.T.);
#865=ORIENTED_EDGE('',*,*,#658,.T.);
#866=ORIENTED_EDGE('',*,*,#659,.T.);
#867=ORIENTED_EDGE('',*,*,#660,.T.);
#868=ORIENTED_EDGE('',*,*,#661,.T.);
#869=ORIENTED_EDGE('',*,*,#662,.T.);
#870=ORIENTED_EDGE('',*,*,#655,.F.);
#871=ORIENTED_EDGE('',*,*,#663,.T.);
#872=ORIENTED_EDGE('',*,*,#664,.T.);
#873=ORIENTED_EDGE('',*,*,#665,.T.);
#874=ORIENTED_EDGE('',*,*,#661,.F.);
#875=ORIENTED_EDGE('',*,*,#666,.T.);
#876=ORIENTED_EDGE('',*,*,#667,.T.);
#877=ORIENTED_EDGE('',*,*,#658,.F.);
#878=ORIENTED_EDGE('',*,*,#668,.T.);
#879=ORIENTED_EDGE('',*,*,#669,.T.);
#880=ORIENTED_EDGE('',*,*,#652,.F.);
#881=ORIENTED_EDGE('',*,*,#670,.T.);
#882=ORIENTED_EDGE('',*,*,#671,.T.);
#883=ORIENTED_EDGE('',*,*,#672,.T.);
#884=ORIENTED_EDGE('',*,*,#673,.T.);
#885=ORIENTED_EDGE('',*,*,#674,.T.);
#886=ORIENTED_EDGE('',*,*,#675,.T.);
#887=ORIENTED_EDGE('',*,*,#672,.F.);
#888=ORIENTED_EDGE('',*,*,#676,.T.);
#889=ORIENTED_EDGE('',*,*,#677,.T.);
#890=ORIENTED_EDGE('',*,*,#678,.T.);
#891=ORIENTED_EDGE('',*,*,#674,.F.);
#892=ORIENTED_EDGE('',*,*,#679,.T.);
#893=ORIENTED_EDGE('',*,*,#670,.F.);
#894=ORIENTED_EDGE('',*,*,#680,.T.);
#895=ORIENTED_EDGE('',*,*,#664,.F.);
#896=ORIENTED_EDGE('',*,*,#681,.T.);
#897=ORIENTED_EDGE('',*,*,#636,.F.);
#898=ORIENTED_EDGE('',*,*,#682,.T.);
#899=ORIENTED_EDGE('',*,*,#677,.F.);
#900=ORIENTED_EDGE('',*,*,#683,.T.);
#901=ORIENTED_EDGE('',*,*,#642,.F.);
#902=ORIENTED_EDGE('',*,*,#684,.T.);
#903=ORIENTED_EDGE('',*,*,#685,.T.);
#904=ORIENTED_EDGE('',*,*,#639,.F.);
#905=ORIENTED_EDGE('',*,*,#686,.T.);
#906=ORIENTED_EDGE('',*,*,#687,.T.);
#907=ORIENTED_EDGE('',*,*,#637,.F.);
#908=ORIENTED_EDGE('',*,*,#683,.F.);
#909=ORIENTED_EDGE('',*,*,#679,.F.);
#910=ORIENTED_EDGE('',*,*,#676,.F.);
#911=ORIENTED_EDGE('',*,*,#671,.F.);
#912=ORIENTED_EDGE('',*,*,#681,.F.);
#913=ORIENTED_EDGE('',*,*,#666,.F.);
#914=ORIENTED_EDGE('',*,*,#688,.F.);
#915=ORIENTED_EDGE('',*,*,#689,.T.);
#916=ORIENTED_EDGE('',*,*,#690,.T.);
#917=ORIENTED_EDGE('',*,*,#691,.T.);
#918=ORIENTED_EDGE('',*,*,#684,.F.);
#919=ORIENTED_EDGE('',*,*,#692,.T.);
#920=ORIENTED_EDGE('',*,*,#693,.T.);
#921=ORIENTED_EDGE('',*,*,#694,.T.);
#922=ORIENTED_EDGE('',*,*,#689,.F.);
#923=ORIENTED_EDGE('',*,*,#695,.F.);
#924=ORIENTED_EDGE('',*,*,#659,.F.);
#925=ORIENTED_EDGE('',*,*,#696,.F.);
#926=ORIENTED_EDGE('',*,*,#697,.F.);
#927=ORIENTED_EDGE('',*,*,#698,.T.);
#928=ORIENTED_EDGE('',*,*,#699,.F.);
#929=ORIENTED_EDGE('',*,*,#686,.F.);
#930=ORIENTED_EDGE('',*,*,#638,.F.);
#931=ORIENTED_EDGE('',*,*,#685,.F.);
#932=ORIENTED_EDGE('',*,*,#691,.F.);
#933=ORIENTED_EDGE('',*,*,#700,.T.);
#934=ORIENTED_EDGE('',*,*,#693,.F.);
#935=ORIENTED_EDGE('',*,*,#587,.T.);
#936=ORIENTED_EDGE('',*,*,#592,.T.);
#937=ORIENTED_EDGE('',*,*,#597,.T.);
#938=ORIENTED_EDGE('',*,*,#611,.T.);
#939=ORIENTED_EDGE('',*,*,#620,.T.);
#940=ORIENTED_EDGE('',*,*,#617,.T.);
#941=ORIENTED_EDGE('',*,*,#614,.T.);
#942=ORIENTED_EDGE('',*,*,#598,.T.);
#943=ORIENTED_EDGE('',*,*,#602,.T.);
#944=ORIENTED_EDGE('',*,*,#605,.T.);
#945=ORIENTED_EDGE('',*,*,#608,.T.);
#946=ORIENTED_EDGE('',*,*,#660,.F.);
#947=ORIENTED_EDGE('',*,*,#695,.T.);
#948=ORIENTED_EDGE('',*,*,#688,.T.);
#949=ORIENTED_EDGE('',*,*,#650,.F.);
#950=ORIENTED_EDGE('',*,*,#653,.F.);
#951=ORIENTED_EDGE('',*,*,#669,.F.);
#952=ORIENTED_EDGE('',*,*,#701,.F.);
#953=ORIENTED_EDGE('',*,*,#702,.F.);
#954=ORIENTED_EDGE('',*,*,#703,.F.);
#955=ORIENTED_EDGE('',*,*,#704,.F.);
#956=ORIENTED_EDGE('',*,*,#705,.F.);
#957=ORIENTED_EDGE('',*,*,#668,.F.);
#958=ORIENTED_EDGE('',*,*,#657,.F.);
#959=ORIENTED_EDGE('',*,*,#706,.T.);
#960=ORIENTED_EDGE('',*,*,#707,.F.);
#961=ORIENTED_EDGE('',*,*,#701,.T.);
#962=ORIENTED_EDGE('',*,*,#656,.F.);
#963=ORIENTED_EDGE('',*,*,#662,.F.);
#964=ORIENTED_EDGE('',*,*,#665,.F.);
#965=ORIENTED_EDGE('',*,*,#680,.F.);
#966=ORIENTED_EDGE('',*,*,#708,.F.);
#967=ORIENTED_EDGE('',*,*,#709,.T.);
#968=ORIENTED_EDGE('',*,*,#710,.F.);
#969=ORIENTED_EDGE('',*,*,#706,.F.);
#970=ORIENTED_EDGE('',*,*,#673,.F.);
#971=ORIENTED_EDGE('',*,*,#711,.T.);
#972=ORIENTED_EDGE('',*,*,#712,.T.);
#973=ORIENTED_EDGE('',*,*,#708,.T.);
#974=ORIENTED_EDGE('',*,*,#647,.F.);
#975=ORIENTED_EDGE('',*,*,#705,.T.);
#976=ORIENTED_EDGE('',*,*,#713,.T.);
#977=ORIENTED_EDGE('',*,*,#714,.T.);
#978=ORIENTED_EDGE('',*,*,#646,.F.);
#979=ORIENTED_EDGE('',*,*,#715,.T.);
#980=ORIENTED_EDGE('',*,*,#716,.T.);
#981=ORIENTED_EDGE('',*,*,#713,.F.);
#982=ORIENTED_EDGE('',*,*,#704,.T.);
#983=ORIENTED_EDGE('',*,*,#715,.F.);
#984=ORIENTED_EDGE('',*,*,#703,.T.);
#985=ORIENTED_EDGE('',*,*,#717,.T.);
#986=ORIENTED_EDGE('',*,*,#718,.T.);
#987=ORIENTED_EDGE('',*,*,#707,.T.);
#988=ORIENTED_EDGE('',*,*,#719,.T.);
#989=ORIENTED_EDGE('',*,*,#717,.F.);
#990=ORIENTED_EDGE('',*,*,#702,.T.);
#991=ORIENTED_EDGE('',*,*,#643,.F.);
#992=ORIENTED_EDGE('',*,*,#714,.F.);
#993=ORIENTED_EDGE('',*,*,#720,.F.);
#994=ORIENTED_EDGE('',*,*,#721,.T.);
#995=ORIENTED_EDGE('',*,*,#722,.F.);
#996=ORIENTED_EDGE('',*,*,#682,.F.);
#997=ORIENTED_EDGE('',*,*,#635,.F.);
#998=ORIENTED_EDGE('',*,*,#641,.F.);
#999=ORIENTED_EDGE('',*,*,#716,.F.);
#1000=ORIENTED_EDGE('',*,*,#723,.T.);
#1001=ORIENTED_EDGE('',*,*,#724,.T.);
#1002=ORIENTED_EDGE('',*,*,#720,.T.);
#1003=ORIENTED_EDGE('',*,*,#718,.F.);
#1004=ORIENTED_EDGE('',*,*,#725,.F.);
#1005=ORIENTED_EDGE('',*,*,#726,.T.);
#1006=ORIENTED_EDGE('',*,*,#723,.F.);
#1007=ORIENTED_EDGE('',*,*,#719,.F.);
#1008=ORIENTED_EDGE('',*,*,#710,.T.);
#1009=ORIENTED_EDGE('',*,*,#727,.T.);
#1010=ORIENTED_EDGE('',*,*,#725,.T.);
#1011=ORIENTED_EDGE('',*,*,#663,.F.);
#1012=ORIENTED_EDGE('',*,*,#728,.T.);
#1013=ORIENTED_EDGE('',*,*,#696,.T.);
#1014=ORIENTED_EDGE('',*,*,#644,.F.);
#1015=ORIENTED_EDGE('',*,*,#687,.F.);
#1016=ORIENTED_EDGE('',*,*,#699,.T.);
#1017=ORIENTED_EDGE('',*,*,#729,.T.);
#1018=ORIENTED_EDGE('',*,*,#697,.T.);
#1019=ORIENTED_EDGE('',*,*,#728,.F.);
#1020=ORIENTED_EDGE('',*,*,#654,.F.);
#1021=ORIENTED_EDGE('',*,*,#667,.F.);
#1022=ORIENTED_EDGE('',*,*,#651,.F.);
#1023=ORIENTED_EDGE('',*,*,#648,.F.);
#1024=ORIENTED_EDGE('',*,*,#678,.F.);
#1025=ORIENTED_EDGE('',*,*,#722,.T.);
#1026=ORIENTED_EDGE('',*,*,#730,.T.);
#1027=ORIENTED_EDGE('',*,*,#731,.T.);
#1028=ORIENTED_EDGE('',*,*,#732,.F.);
#1029=ORIENTED_EDGE('',*,*,#733,.T.);
#1030=ORIENTED_EDGE('',*,*,#692,.F.);
#1031=ORIENTED_EDGE('',*,*,#733,.F.);
#1032=ORIENTED_EDGE('',*,*,#729,.F.);
#1033=ORIENTED_EDGE('',*,*,#698,.F.);
#1034=ORIENTED_EDGE('',*,*,#690,.F.);
#1035=ORIENTED_EDGE('',*,*,#694,.F.);
#1036=ORIENTED_EDGE('',*,*,#700,.F.);
#1037=ORIENTED_EDGE('',*,*,#730,.F.);
#1038=ORIENTED_EDGE('',*,*,#721,.F.);
#1039=ORIENTED_EDGE('',*,*,#724,.F.);
#1040=ORIENTED_EDGE('',*,*,#726,.F.);
#1041=ORIENTED_EDGE('',*,*,#727,.F.);
#1042=ORIENTED_EDGE('',*,*,#709,.F.);
#1043=ORIENTED_EDGE('',*,*,#712,.F.);
#1044=ORIENTED_EDGE('',*,*,#734,.T.);
#1045=ORIENTED_EDGE('',*,*,#574,.T.);
#1046=ORIENTED_EDGE('',*,*,#577,.T.);
#1047=ORIENTED_EDGE('',*,*,#580,.T.);
#1048=ORIENTED_EDGE('',*,*,#629,.T.);
#1049=ORIENTED_EDGE('',*,*,#633,.T.);
#1050=ORIENTED_EDGE('',*,*,#622,.T.);
#1051=ORIENTED_EDGE('',*,*,#626,.T.);
#1052=ORIENTED_EDGE('',*,*,#732,.T.);
#1053=ORIENTED_EDGE('',*,*,#675,.F.);
#1054=ORIENTED_EDGE('',*,*,#731,.F.);
#1055=ORIENTED_EDGE('',*,*,#734,.F.);
#1056=ORIENTED_EDGE('',*,*,#711,.F.);
#1057=CYLINDRICAL_SURFACE('',#1157,0.85);
#1058=CYLINDRICAL_SURFACE('',#1161,0.85);
#1059=CYLINDRICAL_SURFACE('',#1165,0.850000000000001);
#1060=CYLINDRICAL_SURFACE('',#1173,0.95);
#1061=CYLINDRICAL_SURFACE('',#1179,0.950000000000014);
#1062=CYLINDRICAL_SURFACE('',#1185,0.95);
#1063=CYLINDRICAL_SURFACE('',#1189,0.999999999999999);
#1064=CYLINDRICAL_SURFACE('',#1193,1.);
#1065=CYLINDRICAL_SURFACE('',#1197,1.);
#1066=CYLINDRICAL_SURFACE('',#1201,1.);
#1067=CYLINDRICAL_SURFACE('',#1224,5.);
#1068=CYLINDRICAL_SURFACE('',#1225,5.);
#1069=CYLINDRICAL_SURFACE('',#1238,5.);
#1070=CYLINDRICAL_SURFACE('',#1244,5.);
#1071=CYLINDRICAL_SURFACE('',#1253,5.);
#1072=CYLINDRICAL_SURFACE('',#1256,5.);
#1073=CYLINDRICAL_SURFACE('',#1258,5.);
#1074=CYLINDRICAL_SURFACE('',#1261,5.);
#1075=CYLINDRICAL_SURFACE('',#1263,3.);
#1076=ADVANCED_FACE('',(#97),#1057,.F.);
#1077=ADVANCED_FACE('',(#98),#63,.T.);
#1078=ADVANCED_FACE('',(#99),#1058,.F.);
#1079=ADVANCED_FACE('',(#100),#64,.T.);
#1080=ADVANCED_FACE('',(#101),#1059,.F.);
#1081=ADVANCED_FACE('',(#102),#65,.T.);
#1082=ADVANCED_FACE('',(#103),#66,.F.);
#1083=ADVANCED_FACE('',(#104),#54,.F.);
#1084=ADVANCED_FACE('',(#105),#1060,.F.);
#1085=ADVANCED_FACE('',(#106),#67,.F.);
#1086=ADVANCED_FACE('',(#107),#55,.F.);
#1087=ADVANCED_FACE('',(#108),#1061,.F.);
#1088=ADVANCED_FACE('',(#109),#68,.F.);
#1089=ADVANCED_FACE('',(#110),#56,.F.);
#1090=ADVANCED_FACE('',(#111),#1062,.F.);
#1091=ADVANCED_FACE('',(#112),#69,.F.);
#1092=ADVANCED_FACE('',(#113),#1063,.F.);
#1093=ADVANCED_FACE('',(#114),#70,.F.);
#1094=ADVANCED_FACE('',(#115),#1064,.F.);
#1095=ADVANCED_FACE('',(#116),#71,.F.);
#1096=ADVANCED_FACE('',(#117),#1065,.F.);
#1097=ADVANCED_FACE('',(#118),#72,.F.);
#1098=ADVANCED_FACE('',(#119),#1066,.F.);
#1099=ADVANCED_FACE('',(#120),#73,.F.);
#1100=ADVANCED_FACE('',(#121,#26),#74,.T.);
#1101=ADVANCED_FACE('',(#122),#75,.F.);
#1102=ADVANCED_FACE('',(#123),#76,.F.);
#1103=ADVANCED_FACE('',(#124),#77,.F.);
#1104=ADVANCED_FACE('',(#125),#78,.T.);
#1105=ADVANCED_FACE('',(#126),#57,.F.);
#1106=ADVANCED_FACE('',(#127),#79,.T.);
#1107=ADVANCED_FACE('',(#128),#80,.T.);
#1108=ADVANCED_FACE('',(#129),#81,.T.);
#1109=ADVANCED_FACE('',(#130),#82,.T.);
#1110=ADVANCED_FACE('',(#131),#58,.F.);
#1111=ADVANCED_FACE('',(#132),#83,.T.);
#1112=ADVANCED_FACE('',(#133),#84,.T.);
#1113=ADVANCED_FACE('',(#134),#22,.T.);
#1114=ADVANCED_FACE('',(#135),#85,.T.);
#1115=ADVANCED_FACE('',(#136),#23,.T.);
#1116=ADVANCED_FACE('',(#137),#24,.T.);
#1117=ADVANCED_FACE('',(#138),#25,.T.);
#1118=ADVANCED_FACE('',(#139),#1067,.F.);
#1119=ADVANCED_FACE('',(#140),#1068,.F.);
#1120=ADVANCED_FACE('',(#141),#86,.T.);
#1121=ADVANCED_FACE('',(#142,#27,#28,#29,#30),#15,.F.);
#1122=ADVANCED_FACE('',(#143),#1069,.F.);
#1123=ADVANCED_FACE('',(#144),#87,.T.);
#1124=ADVANCED_FACE('',(#145),#88,.T.);
#1125=ADVANCED_FACE('',(#146),#89,.T.);
#1126=ADVANCED_FACE('',(#147),#1070,.T.);
#1127=ADVANCED_FACE('',(#148),#90,.T.);
#1128=ADVANCED_FACE('',(#149),#59,.T.);
#1129=ADVANCED_FACE('',(#150),#91,.T.);
#1130=ADVANCED_FACE('',(#151),#60,.T.);
#1131=ADVANCED_FACE('',(#152),#92,.T.);
#1132=ADVANCED_FACE('',(#153),#1071,.T.);
#1133=ADVANCED_FACE('',(#154),#93,.T.);
#1134=ADVANCED_FACE('',(#155),#1072,.T.);
#1135=ADVANCED_FACE('',(#156),#1073,.F.);
#1136=ADVANCED_FACE('',(#157),#94,.T.);
#1137=ADVANCED_FACE('',(#158),#1074,.T.);
#1138=ADVANCED_FACE('',(#159),#1075,.F.);
#1139=ADVANCED_FACE('',(#160),#61,.F.);
#1140=ADVANCED_FACE('',(#161),#62,.F.);
#1141=ADVANCED_FACE('',(#162,#31,#32,#33,#34,#35),#95,.T.);
#1142=ADVANCED_FACE('',(#163),#96,.T.);
#1143=CLOSED_SHELL('',(#1076,#1077,#1078,#1079,#1080,#1081,#1082,#1083,
#1084,#1085,#1086,#1087,#1088,#1089,#1090,#1091,#1092,#1093,#1094,#1095,
#1096,#1097,#1098,#1099,#1100,#1101,#1102,#1103,#1104,#1105,#1106,#1107,
#1108,#1109,#1110,#1111,#1112,#1113,#1114,#1115,#1116,#1117,#1118,#1119,
#1120,#1121,#1122,#1123,#1124,#1125,#1126,#1127,#1128,#1129,#1130,#1131,
#1132,#1133,#1134,#1135,#1136,#1137,#1138,#1139,#1140,#1141,#1142));
#1144=DERIVED_UNIT_ELEMENT(#1146,1.);
#1145=DERIVED_UNIT_ELEMENT(#2097,-3.);
#1146=(
MASS_UNIT()
NAMED_UNIT(*)
SI_UNIT(.KILO.,.GRAM.)
);
#1147=DERIVED_UNIT((#1144,#1145));
#1148=MEASURE_REPRESENTATION_ITEM('density measure',
POSITIVE_RATIO_MEASURE(7850.),#1147);
#1149=PROPERTY_DEFINITION_REPRESENTATION(#1154,#1151);
#1150=PROPERTY_DEFINITION_REPRESENTATION(#1155,#1152);
#1151=REPRESENTATION('material name',(#1153),#2094);
#1152=REPRESENTATION('density',(#1148),#2094);
#1153=DESCRIPTIVE_REPRESENTATION_ITEM('\X2\92FC\X0\','\X2\92FC\X0\');
#1154=PROPERTY_DEFINITION('material property','material name',#2104);
#1155=PROPERTY_DEFINITION('material property','density of part',#2104);
#1156=AXIS2_PLACEMENT_3D('',#1589,#1269,#1270);
#1157=AXIS2_PLACEMENT_3D('',#1590,#1271,#1272);
#1158=AXIS2_PLACEMENT_3D('',#1592,#1273,#1274);
#1159=AXIS2_PLACEMENT_3D('',#1595,#1276,#1277);
#1160=AXIS2_PLACEMENT_3D('',#1596,#1278,#1279);
#1161=AXIS2_PLACEMENT_3D('',#1597,#1280,#1281);
#1162=AXIS2_PLACEMENT_3D('',#1599,#1282,#1283);
#1163=AXIS2_PLACEMENT_3D('',#1602,#1285,#1286);
#1164=AXIS2_PLACEMENT_3D('',#1603,#1287,#1288);
#1165=AXIS2_PLACEMENT_3D('',#1604,#1289,#1290);
#1166=AXIS2_PLACEMENT_3D('',#1606,#1291,#1292);
#1167=AXIS2_PLACEMENT_3D('',#1609,#1294,#1295);
#1168=AXIS2_PLACEMENT_3D('',#1610,#1296,#1297);
#1169=AXIS2_PLACEMENT_3D('',#1611,#1298,#1299);
#1170=AXIS2_PLACEMENT_3D('',#1613,#1300,#1301);
#1171=AXIS2_PLACEMENT_3D('',#1614,#1302,#1303);
#1172=AXIS2_PLACEMENT_3D('',#1617,#1305,#1306);
#1173=AXIS2_PLACEMENT_3D('',#1618,#1307,#1308);
#1174=AXIS2_PLACEMENT_3D('',#1621,#1310,#1311);
#1175=AXIS2_PLACEMENT_3D('',#1622,#1312,#1313);
#1176=AXIS2_PLACEMENT_3D('',#1624,#1314,#1315);
#1177=AXIS2_PLACEMENT_3D('',#1625,#1316,#1317);
#1178=AXIS2_PLACEMENT_3D('',#1628,#1319,#1320);
#1179=AXIS2_PLACEMENT_3D('',#1629,#1321,#1322);
#1180=AXIS2_PLACEMENT_3D('',#1632,#1324,#1325);
#1181=AXIS2_PLACEMENT_3D('',#1633,#1326,#1327);
#1182=AXIS2_PLACEMENT_3D('',#1635,#1328,#1329);
#1183=AXIS2_PLACEMENT_3D('',#1636,#1330,#1331);
#1184=AXIS2_PLACEMENT_3D('',#1639,#1333,#1334);
#1185=AXIS2_PLACEMENT_3D('',#1640,#1335,#1336);
#1186=AXIS2_PLACEMENT_3D('',#1643,#1338,#1339);
#1187=AXIS2_PLACEMENT_3D('',#1644,#1340,#1341);
#1188=AXIS2_PLACEMENT_3D('',#1647,#1342,#1343);
#1189=AXIS2_PLACEMENT_3D('',#1653,#1347,#1348);
#1190=AXIS2_PLACEMENT_3D('',#1666,#1349,#1350);
#1191=AXIS2_PLACEMENT_3D('',#1668,#1352,#1353);
#1192=AXIS2_PLACEMENT_3D('',#1670,#1354,#1355);
#1193=AXIS2_PLACEMENT_3D('',#1674,#1358,#1359);
#1194=AXIS2_PLACEMENT_3D('',#1687,#1360,#1361);
#1195=AXIS2_PLACEMENT_3D('',#1689,#1363,#1364);
#1196=AXIS2_PLACEMENT_3D('',#1691,#1365,#1366);
#1197=AXIS2_PLACEMENT_3D('',#1695,#1369,#1370);
#1198=AXIS2_PLACEMENT_3D('',#1709,#1372,#1373);
#1199=AXIS2_PLACEMENT_3D('',#1710,#1374,#1375);
#1200=AXIS2_PLACEMENT_3D('',#1712,#1376,#1377);
#1201=AXIS2_PLACEMENT_3D('',#1716,#1380,#1381);
#1202=AXIS2_PLACEMENT_3D('',#1727,#1382,#1383);
#1203=AXIS2_PLACEMENT_3D('',#1728,#1384,#1385);
#1204=AXIS2_PLACEMENT_3D('',#1737,#1390,#1391);
#1205=AXIS2_PLACEMENT_3D('',#1743,#1395,#1396);
#1206=AXIS2_PLACEMENT_3D('',#1749,#1400,#1401);
#1207=AXIS2_PLACEMENT_3D('',#1751,#1403,#1404);
#1208=AXIS2_PLACEMENT_3D('',#1753,#1406,#1407);
#1209=AXIS2_PLACEMENT_3D('',#1762,#1412,#1413);
#1210=AXIS2_PLACEMENT_3D('',#1781,#1414,#1415);
#1211=AXIS2_PLACEMENT_3D('',#1784,#1417,#1418);
#1212=AXIS2_PLACEMENT_3D('',#1785,#1419,#1420);
#1213=AXIS2_PLACEMENT_3D('',#1786,#1421,#1422);
#1214=AXIS2_PLACEMENT_3D('',#1794,#1427,#1428);
#1215=AXIS2_PLACEMENT_3D('',#1802,#1433,#1434);
#1216=AXIS2_PLACEMENT_3D('',#1808,#1438,#1439);
#1217=AXIS2_PLACEMENT_3D('',#1819,#1445,#1446);
#1218=AXIS2_PLACEMENT_3D('',#1838,#1447,#1448);
#1219=AXIS2_PLACEMENT_3D('',#1841,#1450,#1451);
#1220=AXIS2_PLACEMENT_3D('',#1842,#1452,#1453);
#1221=AXIS2_PLACEMENT_3D('',#1843,#1454,#1455);
#1222=AXIS2_PLACEMENT_3D('',#1849,#1459,#1460);
#1223=AXIS2_PLACEMENT_3D('',#1890,#1466,#1467);
#1224=AXIS2_PLACEMENT_3D('',#1977,#1472,#1473);
#1225=AXIS2_PLACEMENT_3D('',#1984,#1475,#1476);
#1226=AXIS2_PLACEMENT_3D('',#1991,#1478,#1479);
#1227=AXIS2_PLACEMENT_3D('',#1995,#1481,#1482);
#1228=AXIS2_PLACEMENT_3D('',#1997,#1483,#1484);
#1229=AXIS2_PLACEMENT_3D('',#1998,#1485,#1486);
#1230=AXIS2_PLACEMENT_3D('',#1999,#1487,#1488);
#1231=AXIS2_PLACEMENT_3D('',#2001,#1489,#1490);
#1232=AXIS2_PLACEMENT_3D('',#2003,#1491,#1492);
#1233=AXIS2_PLACEMENT_3D('',#2004,#1493,#1494);
#1234=AXIS2_PLACEMENT_3D('',#2015,#1495,#1496);
#1235=AXIS2_PLACEMENT_3D('',#2017,#1497,#1498);
#1236=AXIS2_PLACEMENT_3D('',#2018,#1499,#1500);
#1237=AXIS2_PLACEMENT_3D('',#2019,#1501,#1502);
#1238=AXIS2_PLACEMENT_3D('',#2020,#1503,#1504);
#1239=AXIS2_PLACEMENT_3D('',#2021,#1505,#1506);
#1240=AXIS2_PLACEMENT_3D('',#2025,#1508,#1509);
#1241=AXIS2_PLACEMENT_3D('',#2029,#1511,#1512);
#1242=AXIS2_PLACEMENT_3D('',#2031,#1514,#1515);
#1243=AXIS2_PLACEMENT_3D('',#2035,#1518,#1519);
#1244=AXIS2_PLACEMENT_3D('',#2041,#1523,#1524);
#1245=AXIS2_PLACEMENT_3D('',#2044,#1526,#1527);
#1246=AXIS2_PLACEMENT_3D('',#2045,#1528,#1529);
#1247=AXIS2_PLACEMENT_3D('',#2049,#1532,#1533);
#1248=AXIS2_PLACEMENT_3D('',#2052,#1535,#1536);
#1249=AXIS2_PLACEMENT_3D('',#2053,#1537,#1538);
#1250=AXIS2_PLACEMENT_3D('',#2057,#1541,#1542);
#1251=AXIS2_PLACEMENT_3D('',#2058,#1543,#1544);
#1252=AXIS2_PLACEMENT_3D('',#2059,#1545,#1546);
#1253=AXIS2_PLACEMENT_3D('',#2065,#1550,#1551);
#1254=AXIS2_PLACEMENT_3D('',#2068,#1553,#1554);
#1255=AXIS2_PLACEMENT_3D('',#2069,#1555,#1556);
#1256=AXIS2_PLACEMENT_3D('',#2073,#1559,#1560);
#1257=AXIS2_PLACEMENT_3D('',#2074,#1561,#1562);
#1258=AXIS2_PLACEMENT_3D('',#2075,#1563,#1564);
#1259=AXIS2_PLACEMENT_3D('',#2077,#1566,#1567);
#1260=AXIS2_PLACEMENT_3D('',#2078,#1568,#1569);
#1261=AXIS2_PLACEMENT_3D('',#2079,#1570,#1571);
#1262=AXIS2_PLACEMENT_3D('',#2081,#1572,#1573);
#1263=AXIS2_PLACEMENT_3D('',#2083,#1575,#1576);
#1264=AXIS2_PLACEMENT_3D('',#2085,#1577,#1578);
#1265=AXIS2_PLACEMENT_3D('',#2087,#1580,#1581);
#1266=AXIS2_PLACEMENT_3D('',#2088,#1582,#1583);
#1267=AXIS2_PLACEMENT_3D('',#2089,#1584,#1585);
#1268=AXIS2_PLACEMENT_3D('',#2091,#1587,#1588);
#1269=DIRECTION('axis',(0.,0.,1.));
#1270=DIRECTION('refdir',(1.,0.,0.));
#1271=DIRECTION('center_axis',(-0.0645323082529581,0.,0.997915618272179));
#1272=DIRECTION('ref_axis',(0.997915618272179,0.,0.0645323082529581));
#1273=DIRECTION('center_axis',(-0.0645323082529581,0.,0.997915618272179));
#1274=DIRECTION('ref_axis',(0.997915618272179,0.,0.0645323082529581));
#1275=DIRECTION('',(-0.064532308252958,0.,0.997915618272179));
#1276=DIRECTION('center_axis',(-0.064532308252958,0.,0.997915618272179));
#1277=DIRECTION('ref_axis',(0.997915618272179,0.,0.064532308252958));
#1278=DIRECTION('center_axis',(0.064532308252958,0.,-0.997915618272179));
#1279=DIRECTION('ref_axis',(0.997915618272179,0.,0.064532308252958));
#1280=DIRECTION('center_axis',(-0.0645323082529581,0.,0.997915618272179));
#1281=DIRECTION('ref_axis',(0.997915618272179,0.,0.0645323082529581));
#1282=DIRECTION('center_axis',(-0.0645323082529581,0.,0.997915618272179));
#1283=DIRECTION('ref_axis',(0.997915618272179,0.,0.0645323082529581));
#1284=DIRECTION('',(-0.064532308252958,0.,0.997915618272179));
#1285=DIRECTION('center_axis',(-0.064532308252958,0.,0.997915618272179));
#1286=DIRECTION('ref_axis',(0.997915618272179,0.,0.064532308252958));
#1287=DIRECTION('center_axis',(0.064532308252958,0.,-0.997915618272179));
#1288=DIRECTION('ref_axis',(0.997915618272179,0.,0.064532308252958));
#1289=DIRECTION('center_axis',(-0.0645323082529581,0.,0.997915618272179));
#1290=DIRECTION('ref_axis',(0.997915618272179,0.,0.0645323082529581));
#1291=DIRECTION('center_axis',(-0.0645323082529581,0.,0.997915618272179));
#1292=DIRECTION('ref_axis',(0.997915618272179,0.,0.0645323082529581));
#1293=DIRECTION('',(-0.0645323082529581,0.,0.997915618272179));
#1294=DIRECTION('center_axis',(-0.064532308252958,0.,0.997915618272179));
#1295=DIRECTION('ref_axis',(0.997915618272179,0.,0.064532308252958));
#1296=DIRECTION('center_axis',(0.064532308252958,0.,-0.997915618272179));
#1297=DIRECTION('ref_axis',(0.997915618272179,0.,0.064532308252958));
#1298=DIRECTION('center_axis',(-0.202859935939757,-0.735188791394825,-0.646796171446564));
#1299=DIRECTION('ref_axis',(-0.954170294805822,0.,0.29926417846139));
#1300=DIRECTION('center_axis',(0.202859935939757,0.735188791394825,0.646796171446564));
#1301=DIRECTION('ref_axis',(0.979207764670255,-0.15230715738473,-0.133995087293772));
#1302=DIRECTION('center_axis',(0.202859935939757,0.735188791394825,0.646796171446564));
#1303=DIRECTION('ref_axis',(0.690121064196834,0.361258235435886,-0.627076872545606));
#1304=DIRECTION('',(-0.344545647999197,0.26440883181141,0.900764267777613));
#1305=DIRECTION('center_axis',(0.202859935939757,0.735188791394825,0.646796171446564));
#1306=DIRECTION('ref_axis',(0.979207764670255,-0.15230715738473,-0.133995087293772));
#1307=DIRECTION('center_axis',(0.202859935939757,0.735188791394825,0.646796171446564));
#1308=DIRECTION('ref_axis',(0.690121064196834,0.361258235435886,-0.627076872545606));
#1309=DIRECTION('',(0.202859935939757,0.735188791394825,0.646796171446564));
#1310=DIRECTION('center_axis',(-0.202859935939757,-0.735188791394825,-0.646796171446564));
#1311=DIRECTION('ref_axis',(0.690121064196835,0.361258235435886,-0.627076872545606));
#1312=DIRECTION('center_axis',(-0.202859935939759,0.735188791394827,-0.646796171446563));
#1313=DIRECTION('ref_axis',(-0.954170294805821,0.,0.299264178461393));
#1314=DIRECTION('center_axis',(0.202859935939759,-0.735188791394827,0.646796171446563));
#1315=DIRECTION('ref_axis',(0.979207764670255,0.152307157384731,-0.133995087293773));
#1316=DIRECTION('center_axis',(0.202859935939759,-0.735188791394827,0.646796171446563));
#1317=DIRECTION('ref_axis',(0.690121064196833,-0.361258235435884,-0.627076872545609));
#1318=DIRECTION('',(-0.344545647999223,-0.264408831811378,0.900764267777612));
#1319=DIRECTION('center_axis',(0.202859935939759,-0.735188791394827,0.646796171446563));
#1320=DIRECTION('ref_axis',(0.979207764670255,0.152307157384731,-0.133995087293773));
#1321=DIRECTION('center_axis',(0.202859935939759,-0.735188791394827,0.646796171446563));
#1322=DIRECTION('ref_axis',(0.690121064196833,-0.361258235435884,-0.627076872545609));
#1323=DIRECTION('',(0.202859935939759,-0.735188791394827,0.646796171446563));
#1324=DIRECTION('center_axis',(-0.202859935939759,0.735188791394827,-0.646796171446563));
#1325=DIRECTION('ref_axis',(0.690121064196833,-0.361258235435885,-0.627076872545608));
#1326=DIRECTION('center_axis',(0.995722580400705,0.,0.0923934136189471));
#1327=DIRECTION('ref_axis',(0.0923934136189471,0.,-0.995722580400705));
#1328=DIRECTION('center_axis',(-0.995722580400705,0.,-0.0923934136189471));
#1329=DIRECTION('ref_axis',(0.0923934136189471,0.,-0.995722580400705));
#1330=DIRECTION('center_axis',(-0.995722580400705,0.,-0.0923934136189471));
#1331=DIRECTION('ref_axis',(0.0923934136189452,0.,-0.995722580400705));
#1332=DIRECTION('',(-0.769414198088831,8.65956056235502E-17,0.638750179474982));
#1333=DIRECTION('center_axis',(-0.995722580400705,0.,-0.0923934136189471));
#1334=DIRECTION('ref_axis',(0.0923934136189471,0.,-0.995722580400705));
#1335=DIRECTION('center_axis',(-0.995722580400705,0.,-0.0923934136189471));
#1336=DIRECTION('ref_axis',(0.0923934136189452,0.,-0.995722580400705));
#1337=DIRECTION('',(-0.995722580400705,0.,-0.0923934136189471));
#1338=DIRECTION('center_axis',(0.995722580400705,0.,0.0923934136189471));
#1339=DIRECTION('ref_axis',(0.0923934136189473,0.,-0.995722580400705));
#1340=DIRECTION('center_axis',(0.339719784272323,0.,0.940526697214899));
#1341=DIRECTION('ref_axis',(0.,-1.,0.));
#1342=DIRECTION('center_axis',(-0.339719784272323,0.,-0.940526697214899));
#1343=DIRECTION('ref_axis',(0.,1.,0.));
#1344=DIRECTION('',(0.940526697214899,0.,-0.339719784272323));
#1345=DIRECTION('',(0.,1.,0.));
#1346=DIRECTION('',(0.940526697214899,0.,-0.339719784272323));
#1347=DIRECTION('center_axis',(0.940526697214899,0.,-0.339719784272323));
#1348=DIRECTION('ref_axis',(0.339719784272323,2.77555756156289E-16,0.940526697214899));
#1349=DIRECTION('center_axis',(-0.940526697214899,0.,0.339719784272323));
#1350=DIRECTION('ref_axis',(0.339719784272323,2.77555756156289E-16,0.940526697214899));
#1351=DIRECTION('',(0.940526697214899,0.,-0.339719784272323));
#1352=DIRECTION('center_axis',(4.7145590802478E-17,-1.,1.30524299315329E-16));
#1353=DIRECTION('ref_axis',(-0.339719784272323,-1.38777878078144E-16,-0.940526697214899));
#1354=DIRECTION('center_axis',(-4.7145590802478E-17,1.,-1.30524299315329E-16));
#1355=DIRECTION('ref_axis',(0.,1.30524299315329E-16,1.));
#1356=DIRECTION('',(0.339719784272323,1.38777878078144E-16,0.940526697214899));
#1357=DIRECTION('',(0.940526697214899,0.,-0.339719784272323));
#1358=DIRECTION('center_axis',(0.940526697214899,0.,-0.339719784272323));
#1359=DIRECTION('ref_axis',(0.,-1.,0.));
#1360=DIRECTION('center_axis',(-0.940526697214899,0.,0.339719784272323));
#1361=DIRECTION('ref_axis',(0.,-1.,0.));
#1362=DIRECTION('',(0.940526697214899,0.,-0.339719784272323));
#1363=DIRECTION('center_axis',(-0.339719784272323,-1.15648231731787E-16,
-0.940526697214899));
#1364=DIRECTION('ref_axis',(-3.92879923353983E-17,1.,-1.08770249429441E-16));
#1365=DIRECTION('center_axis',(0.339719784272323,1.15648231731787E-16,0.940526697214899));
#1366=DIRECTION('ref_axis',(0.,-1.,1.22961136642103E-16));
#1367=DIRECTION('',(3.92879923353983E-17,-1.,1.08770249429441E-16));
#1368=DIRECTION('',(0.940526697214899,0.,-0.339719784272323));
#1369=DIRECTION('center_axis',(0.940526697214899,0.,-0.339719784272323));
#1370=DIRECTION('ref_axis',(-9.4291181604956E-17,1.,-2.61048598630659E-16));
#1371=DIRECTION('',(0.940526697214899,0.,-0.339719784272323));
#1372=DIRECTION('center_axis',(-0.940526697214899,0.,0.339719784272323));
#1373=DIRECTION('ref_axis',(-9.4291181604956E-17,1.,-2.61048598630659E-16));
#1374=DIRECTION('center_axis',(0.,1.,0.));
#1375=DIRECTION('ref_axis',(0.339719784272323,0.,0.940526697214899));
#1376=DIRECTION('center_axis',(0.,-1.,0.));
#1377=DIRECTION('ref_axis',(0.,0.,-1.));
#1378=DIRECTION('',(0.940526697214899,0.,-0.339719784272323));
#1379=DIRECTION('',(-0.339719784272323,0.,-0.940526697214899));
#1380=DIRECTION('center_axis',(0.940526697214899,0.,-0.339719784272323));
#1381=DIRECTION('ref_axis',(-0.339719784272323,0.,-0.940526697214899));
#1382=DIRECTION('center_axis',(-0.940526697214899,0.,0.339719784272323));
#1383=DIRECTION('ref_axis',(-0.339719784272323,0.,-0.940526697214899));
#1384=DIRECTION('center_axis',(0.,1.,0.));
#1385=DIRECTION('ref_axis',(0.339719784272323,0.,0.940526697214899));
#1386=DIRECTION('',(-0.997915618272179,0.,-0.0645323082529581));
#1387=DIRECTION('',(0.339719784272323,0.,0.940526697214899));
#1388=DIRECTION('',(0.940526697214899,0.,-0.339719784272323));
#1389=DIRECTION('',(-0.339719784272323,0.,-0.940526697214899));
#1390=DIRECTION('center_axis',(0.940526697214899,0.,-0.339719784272323));
#1391=DIRECTION('ref_axis',(0.,1.,0.));
#1392=DIRECTION('',(0.,-1.,0.));
#1393=DIRECTION('',(-2.6940337601416E-17,-1.,-7.45853138944738E-17));
#1394=DIRECTION('',(0.339719784272323,0.,0.940526697214899));
#1395=DIRECTION('center_axis',(0.,-1.,0.));
#1396=DIRECTION('ref_axis',(-0.339719784272323,0.,-0.940526697214899));
#1397=DIRECTION('',(0.997915618272179,0.,0.0645323082529581));
#1398=DIRECTION('',(0.940526697214899,0.,-0.339719784272323));
#1399=DIRECTION('',(-0.339719784272323,0.,-0.940526697214899));
#1400=DIRECTION('center_axis',(0.339719784272323,-7.93016446160826E-17,
0.940526697214899));
#1401=DIRECTION('ref_axis',(-2.6940337601416E-17,-1.,-7.45853138944738E-17));
#1402=DIRECTION('',(-2.6940337601416E-17,-1.,-7.45853138944739E-17));
#1403=DIRECTION('center_axis',(0.940526697214899,0.,-0.339719784272323));
#1404=DIRECTION('ref_axis',(-0.339719784272323,0.,-0.940526697214899));
#1405=DIRECTION('',(0.,1.,0.));
#1406=DIRECTION('center_axis',(-0.0744312239430823,0.707106781186547,0.703178492917933));
#1407=DIRECTION('ref_axis',(0.994444561453613,0.,0.105261646364336));
#1408=DIRECTION('',(0.0744312239430814,0.707106781186549,-0.703178492917931));
#1409=DIRECTION('',(-0.994444561453613,0.,-0.105261646364336));
#1410=DIRECTION('',(-0.0744312239430825,-0.707106781186548,0.703178492917932));
#1411=DIRECTION('',(0.994444561453613,0.,0.105261646364336));
#1412=DIRECTION('center_axis',(0.,1.,0.));
#1413=DIRECTION('ref_axis',(0.798066166970041,0.,-0.602569824284079));
#1414=DIRECTION('center_axis',(0.,-1.,0.));
#1415=DIRECTION('ref_axis',(0.798066166970041,0.,-0.602569824284079));
#1416=DIRECTION('',(0.696684539883355,0.707106781186548,0.120957231646218));
#1417=DIRECTION('center_axis',(0.,1.,0.));
#1418=DIRECTION('ref_axis',(0.798066166970041,0.,-0.602569824284079));
#1419=DIRECTION('center_axis',(0.,-1.,0.));
#1420=DIRECTION('ref_axis',(0.798066166970041,0.,-0.602569824284079));
#1421=DIRECTION('center_axis',(-0.696684539883356,0.707106781186548,-0.120957231646218));
#1422=DIRECTION('ref_axis',(-0.171059357461185,0.,0.985260724998701));
#1423=DIRECTION('',(0.171059357461185,0.,-0.985260724998701));
#1424=DIRECTION('',(-0.171059357461185,0.,0.985260724998701));
#1425=DIRECTION('',(0.656905903590817,0.696579823975513,0.288532810366127));
#1426=DIRECTION('',(0.643394785558935,0.541314672771565,-0.541314672771565));
#1427=DIRECTION('center_axis',(-0.743072468303701,0.533291917478253,0.404280889483307));
#1428=DIRECTION('ref_axis',(0.477912212215463,0.,0.878407603231736));
#1429=DIRECTION('',(0.121851902491959,0.701837628607604,-0.701837628607604));
#1430=DIRECTION('',(-0.121851902491959,-0.701837628607604,0.701837628607604));
#1431=DIRECTION('',(0.613704614562403,0.302142237585938,0.729435887745712));
#1432=DIRECTION('',(0.583065362537988,0.812425247643403,0.));
#1433=DIRECTION('center_axis',(-0.765199110513461,0.,0.643793694648688));
#1434=DIRECTION('ref_axis',(0.643793694648688,0.,0.765199110513461));
#1435=DIRECTION('',(0.,-1.,0.));
#1436=DIRECTION('',(0.613704614562404,-0.302142237585938,0.729435887745711));
#1437=DIRECTION('',(0.,1.,0.));
#1438=DIRECTION('center_axis',(-0.696684539883356,-0.707106781186548,-0.120957231646218));
#1439=DIRECTION('ref_axis',(-0.171059357461185,0.,0.985260724998701));
#1440=DIRECTION('',(0.171059357461185,0.,-0.985260724998701));
#1441=DIRECTION('',(0.696684539883356,-0.707106781186548,0.120957231646217));
#1442=DIRECTION('',(-0.171059357461185,0.,0.985260724998701));
#1443=DIRECTION('',(-0.643394785558935,0.541314672771565,0.541314672771565));
#1444=DIRECTION('',(-0.656905903590817,0.696579823975513,-0.288532810366127));
#1445=DIRECTION('center_axis',(0.,-1.,0.));
#1446=DIRECTION('ref_axis',(0.798066166970041,0.,-0.602569824284079));
#1447=DIRECTION('center_axis',(0.,1.,0.));
#1448=DIRECTION('ref_axis',(0.798066166970041,0.,-0.602569824284079));
#1449=DIRECTION('',(0.0744312239430821,-0.707106781186548,-0.703178492917932));
#1450=DIRECTION('center_axis',(0.,-1.,0.));
#1451=DIRECTION('ref_axis',(0.798066166970041,0.,-0.602569824284079));
#1452=DIRECTION('center_axis',(0.,1.,0.));
#1453=DIRECTION('ref_axis',(0.798066166970041,0.,-0.602569824284079));
#1454=DIRECTION('center_axis',(-0.0744312239430823,-0.707106781186547,0.703178492917933));
#1455=DIRECTION('ref_axis',(0.994444561453613,0.,0.105261646364336));
#1456=DIRECTION('',(0.0744312239430825,-0.707106781186548,-0.703178492917932));
#1457=DIRECTION('',(0.994444561453613,0.,0.105261646364336));
#1458=DIRECTION('',(-0.994444561453613,0.,-0.105261646364336));
#1459=DIRECTION('center_axis',(-0.743072468303701,-0.533291917478253,0.404280889483307));
#1460=DIRECTION('ref_axis',(0.477912212215463,0.,0.878407603231736));
#1461=DIRECTION('',(0.121851902491959,-0.701837628607604,-0.701837628607604));
#1462=DIRECTION('',(-0.121851902491959,0.701837628607604,0.701837628607604));
#1463=DIRECTION('',(-0.583065362537988,0.812425247643403,0.));
#1464=DIRECTION('',(-0.0670483132206963,0.70726387030793,0.703762986701707));
#1465=DIRECTION('',(-0.668856619028198,0.,-0.743391433352691));
#1466=DIRECTION('center_axis',(-0.743391433352692,0.,0.668856619028196));
#1467=DIRECTION('ref_axis',(0.668856619028196,0.,0.743391433352692));
#1468=DIRECTION('',(-0.668856619028196,0.,-0.743391433352692));
#1469=DIRECTION('',(0.,-1.,0.));
#1470=DIRECTION('',(0.,1.,0.));
#1471=DIRECTION('',(0.0670483132206963,0.70726387030793,-0.703762986701707));
#1472=DIRECTION('center_axis',(0.,1.,0.));
#1473=DIRECTION('ref_axis',(0.798066166970041,0.,-0.602569824284079));
#1474=DIRECTION('',(0.,-1.,0.));
#1475=DIRECTION('center_axis',(0.,1.,0.));
#1476=DIRECTION('ref_axis',(0.798066166970041,0.,-0.602569824284079));
#1477=DIRECTION('',(0.,1.,0.));
#1478=DIRECTION('center_axis',(-0.105261646364336,0.,0.994444561453613));
#1479=DIRECTION('ref_axis',(-0.994444561453613,0.,-0.105261646364336));
#1480=DIRECTION('',(0.,-1.,0.));
#1481=DIRECTION('center_axis',(0.105261646364336,0.,-0.994444561453613));
#1482=DIRECTION('ref_axis',(0.,1.,0.));
#1483=DIRECTION('center_axis',(0.105261646364336,0.,-0.994444561453613));
#1484=DIRECTION('ref_axis',(-0.994444561453613,-5.0532154980743E-16,-0.105261646364336));
#1485=DIRECTION('center_axis',(0.105261646364336,0.,-0.994444561453613));
#1486=DIRECTION('ref_axis',(0.,1.,0.));
#1487=DIRECTION('center_axis',(6.12323399573677E-17,0.,1.));
#1488=DIRECTION('ref_axis',(1.,0.,0.));
#1489=DIRECTION('center_axis',(0.0645323082529579,0.,-0.997915618272179));
#1490=DIRECTION('ref_axis',(0.997915618272179,0.,0.0645323082529581));
#1491=DIRECTION('center_axis',(-1.22464679914735E-16,1.,0.));
#1492=DIRECTION('ref_axis',(-1.,-1.22464679914735E-16,0.));
#1493=DIRECTION('center_axis',(-0.798066166970041,0.,0.602569824284079));
#1494=DIRECTION('ref_axis',(0.602569824284079,0.,0.798066166970041));
#1495=DIRECTION('center_axis',(0.985260724998701,0.,0.171059357461185));
#1496=DIRECTION('ref_axis',(0.171059357461185,0.,-0.985260724998701));
#1497=DIRECTION('center_axis',(-0.798066166970041,0.,0.602569824284079));
#1498=DIRECTION('ref_axis',(0.602569824284079,0.,0.798066166970041));
#1499=DIRECTION('center_axis',(0.985260724998701,0.,0.171059357461185));
#1500=DIRECTION('ref_axis',(0.171059357461185,0.,-0.985260724998701));
#1501=DIRECTION('center_axis',(-0.798066166970041,0.,0.602569824284079));
#1502=DIRECTION('ref_axis',(0.602569824284079,0.,0.798066166970041));
#1503=DIRECTION('center_axis',(0.,1.,0.));
#1504=DIRECTION('ref_axis',(0.798066166970041,0.,-0.602569824284079));
#1505=DIRECTION('center_axis',(0.,0.,1.));
#1506=DIRECTION('ref_axis',(-1.,0.,0.));
#1507=DIRECTION('',(-1.,0.,0.));
#1508=DIRECTION('center_axis',(0.,0.,-1.));
#1509=DIRECTION('ref_axis',(0.707106781186548,-0.707106781186548,0.));
#1510=DIRECTION('',(0.,-1.,0.));
#1511=DIRECTION('center_axis',(0.,0.,-1.));
#1512=DIRECTION('ref_axis',(0.707106781186548,0.707106781186548,0.));
#1513=DIRECTION('',(1.,0.,0.));
#1514=DIRECTION('center_axis',(0.,-0.707106781186548,0.707106781186548));
#1515=DIRECTION('ref_axis',(1.,0.,0.));
#1516=DIRECTION('',(1.,0.,0.));
#1517=DIRECTION('',(0.,-0.707106781186547,-0.707106781186548));
#1518=DIRECTION('center_axis',(0.,-1.,0.));
#1519=DIRECTION('ref_axis',(0.,0.,-1.));
#1520=DIRECTION('',(5.44607477806421E-17,0.,1.));
#1521=DIRECTION('',(0.997915618272179,0.,0.0645323082529581));
#1522=DIRECTION('',(0.,0.,-1.));
#1523=DIRECTION('center_axis',(-5.44607477806421E-17,0.,-1.));
#1524=DIRECTION('ref_axis',(-0.707106781186547,-0.707106781186547,0.));
#1525=DIRECTION('',(-5.44607477806421E-17,0.,-1.));
#1526=DIRECTION('center_axis',(-0.0645323082529581,0.,0.997915618272179));
#1527=DIRECTION('ref_axis',(-0.997915618272179,0.,-0.0645323082529581));
#1528=DIRECTION('center_axis',(0.,0.707106781186548,0.707106781186548));
#1529=DIRECTION('ref_axis',(1.,0.,0.));
#1530=DIRECTION('',(0.,0.707106781186547,-0.707106781186547));
#1531=DIRECTION('',(-1.,0.,0.));
#1532=DIRECTION('center_axis',(0.,0.,-1.));
#1533=DIRECTION('ref_axis',(0.707106781186548,0.707106781186548,0.));
#1534=DIRECTION('',(0.707106781186547,0.,-0.707106781186548));
#1535=DIRECTION('center_axis',(0.,0.,1.));
#1536=DIRECTION('ref_axis',(0.707106781186547,0.707106781186547,0.));
#1537=DIRECTION('center_axis',(0.707106781186548,0.,0.707106781186547));
#1538=DIRECTION('ref_axis',(0.707106781186547,0.,-0.707106781186548));
#1539=DIRECTION('',(0.707106781186547,0.,-0.707106781186548));
#1540=DIRECTION('',(0.,1.,0.));
#1541=DIRECTION('center_axis',(0.,0.,-1.));
#1542=DIRECTION('ref_axis',(0.707106781186548,-0.707106781186548,0.));
#1543=DIRECTION('center_axis',(0.,0.,1.));
#1544=DIRECTION('ref_axis',(0.707106781186547,-0.707106781186547,0.));
#1545=DIRECTION('center_axis',(0.,1.,0.));
#1546=DIRECTION('ref_axis',(0.,0.,1.));
#1547=DIRECTION('',(0.,0.,1.));
#1548=DIRECTION('',(-0.997915618272179,0.,-0.0645323082529581));
#1549=DIRECTION('',(-5.44607477806421E-17,0.,-1.));
#1550=DIRECTION('center_axis',(0.,0.,-1.));
#1551=DIRECTION('ref_axis',(0.707106781186547,0.707106781186547,0.));
#1552=DIRECTION('',(0.,0.,-1.));
#1553=DIRECTION('center_axis',(-0.0645323082529581,0.,0.997915618272179));
#1554=DIRECTION('ref_axis',(0.997915618272179,0.,0.0645323082529581));
#1555=DIRECTION('center_axis',(1.,0.,0.));
#1556=DIRECTION('ref_axis',(0.,0.,1.));
#1557=DIRECTION('',(0.,0.,1.));
#1558=DIRECTION('',(0.,1.,0.));
#1559=DIRECTION('center_axis',(0.,0.,1.));
#1560=DIRECTION('ref_axis',(0.707106781186547,-0.707106781186547,0.));
#1561=DIRECTION('center_axis',(-0.0645323082529581,0.,0.997915618272179));
#1562=DIRECTION('ref_axis',(0.997915618272179,0.,0.0645323082529581));
#1563=DIRECTION('center_axis',(0.,1.,0.));
#1564=DIRECTION('ref_axis',(0.798066166970041,0.,-0.602569824284079));
#1565=DIRECTION('',(0.,1.,0.));
#1566=DIRECTION('center_axis',(-0.985260724998701,0.,-0.171059357461185));
#1567=DIRECTION('ref_axis',(0.171059357461185,0.,-0.985260724998701));
#1568=DIRECTION('center_axis',(0.985260724998701,0.,0.171059357461185));
#1569=DIRECTION('ref_axis',(-0.171059357461185,-6.1567587904191E-14,0.985260724998701));
#1570=DIRECTION('center_axis',(5.44607477806421E-17,0.,1.));
#1571=DIRECTION('ref_axis',(-0.707106781186547,0.707106781186547,0.));
#1572=DIRECTION('center_axis',(-0.0645323082529581,0.,0.997915618272179));
#1573=DIRECTION('ref_axis',(-0.997915618272179,0.,-0.0645323082529581));
#1574=DIRECTION('',(5.44607477806421E-17,0.,1.));
#1575=DIRECTION('center_axis',(-0.0645323082529579,0.,0.997915618272179));
#1576=DIRECTION('ref_axis',(0.997915618272179,0.,0.0645323082529579));
#1577=DIRECTION('center_axis',(-0.0645323082529581,0.,0.997915618272179));
#1578=DIRECTION('ref_axis',(0.997915618272179,0.,0.0645323082529579));
#1579=DIRECTION('',(-0.0645323082529579,0.,0.997915618272179));
#1580=DIRECTION('center_axis',(0.798066166970041,0.,-0.602569824284079));
#1581=DIRECTION('ref_axis',(0.602569824284079,0.,0.798066166970041));
#1582=DIRECTION('center_axis',(0.798066166970041,0.,-0.602569824284079));
#1583=DIRECTION('ref_axis',(-0.602569824284079,1.22464679914735E-16,-0.798066166970041));
#1584=DIRECTION('center_axis',(0.0645323082529581,0.,-0.997915618272179));
#1585=DIRECTION('ref_axis',(0.997915618272179,0.,0.0645323082529581));
#1586=DIRECTION('',(0.,1.,0.));
#1587=DIRECTION('center_axis',(-1.,0.,5.44607477806421E-17));
#1588=DIRECTION('ref_axis',(-5.44607477806421E-17,0.,-1.));
#1589=CARTESIAN_POINT('',(0.,0.,0.));
#1590=CARTESIAN_POINT('Origin',(16.5052109543196,-7.,-9.20406542470866));
#1591=CARTESIAN_POINT('',(15.6569826787882,-7.,-9.25891788672368));
#1592=CARTESIAN_POINT('Origin',(16.5052109543196,-7.,-9.20406542470866));
#1593=CARTESIAN_POINT('',(15.5279180622823,-7.,-7.26308665017932));
#1594=CARTESIAN_POINT('',(15.6569826787882,-7.,-9.25891788672368));
#1595=CARTESIAN_POINT('Origin',(16.3761463378136,-7.,-7.2082341881643));
#1596=CARTESIAN_POINT('Origin',(16.3761463378136,-7.,-7.2082341881643));
#1597=CARTESIAN_POINT('Origin',(16.5052109543196,7.,-9.20406542470866));
#1598=CARTESIAN_POINT('',(15.6569826787882,7.,-9.25891788672368));
#1599=CARTESIAN_POINT('Origin',(16.5052109543196,7.,-9.20406542470866));
#1600=CARTESIAN_POINT('',(15.5279180622823,7.,-7.26308665017932));
#1601=CARTESIAN_POINT('',(15.6569826787882,7.,-9.25891788672368));
#1602=CARTESIAN_POINT('Origin',(16.3761463378136,7.,-7.2082341881643));
#1603=CARTESIAN_POINT('Origin',(16.3761463378136,7.,-7.2082341881643));
#1604=CARTESIAN_POINT('Origin',(-8.00312657259173,-1.31084359740916E-16,
-10.7889485181235));
#1605=CARTESIAN_POINT('',(-8.85135484812308,-2.69893818133914E-17,-10.8438009801385));
#1606=CARTESIAN_POINT('Origin',(-8.00312657259173,-1.31084359740916E-16,
-10.7889485181235));
#1607=CARTESIAN_POINT('',(-8.980419464629,-2.69893818133914E-17,-8.84796974359414));
#1608=CARTESIAN_POINT('',(-8.85135484812308,-2.35179337668442E-16,-10.8438009801385));
#1609=CARTESIAN_POINT('Origin',(-8.13219118909765,-1.31084359740916E-16,
-8.79311728157912));
#1610=CARTESIAN_POINT('Origin',(-8.13219118909765,-1.38777878078145E-16,
-8.79311728157912));
#1611=CARTESIAN_POINT('Origin',(-1.96346567479595,-8.29273851112051,-7.81538806010789));
#1612=CARTESIAN_POINT('',(-2.72259884541247,-8.69012257009998,-7.12560350030773));
#1613=CARTESIAN_POINT('Origin',(-2.34303226010421,-8.49143054061024,-7.47049578020781));
#1614=CARTESIAN_POINT('Origin',(-2.30246027291626,-8.34439278233128,-7.3411365459185));
#1615=CARTESIAN_POINT('',(-2.9175032967153,-8.54055034771641,-6.61605428271086));
#1616=CARTESIAN_POINT('',(-2.82005107106388,-8.6153364589082,-6.87082889150929));
#1617=CARTESIAN_POINT('Origin',(-2.26188828572831,-8.19735502405232,-7.21177731162919));
#1618=CARTESIAN_POINT('Origin',(-2.08945734017951,-7.57244455136671,-6.6620005658996));
#1619=CARTESIAN_POINT('',(-2.72597930742463,-7.84644438954664,-6.00540150674742));
#1620=CARTESIAN_POINT('',(-2.74507235116651,-7.91563987503081,-6.06627753698128));
#1621=CARTESIAN_POINT('Origin',(-2.07036429643764,-7.50324906588255,-6.60112453566575));
#1622=CARTESIAN_POINT('Origin',(-1.96346567479597,8.29273851112053,-7.81538806010788));
#1623=CARTESIAN_POINT('',(-2.72259884541246,8.69012257009999,-7.12560350030774));
#1624=CARTESIAN_POINT('Origin',(-2.34303226010422,8.49143054061026,-7.47049578020781));
#1625=CARTESIAN_POINT('Origin',(-2.30246027291626,8.34439278233129,-7.3411365459185));
#1626=CARTESIAN_POINT('',(-2.91750329671532,8.54055034771643,-6.61605428271085));
#1627=CARTESIAN_POINT('',(-2.82005107106389,8.61533645890821,-6.87082889150929));
#1628=CARTESIAN_POINT('Origin',(-2.26188828572831,8.19735502405233,-7.21177731162919));
#1629=CARTESIAN_POINT('Origin',(-2.08945734017952,7.57244455136672,-6.66200056589961));
#1630=CARTESIAN_POINT('',(-2.72597930742464,7.84644438954665,-6.00540150674741));
#1631=CARTESIAN_POINT('',(-2.74507235116652,7.91563987503082,-6.06627753698127));
#1632=CARTESIAN_POINT('Origin',(-2.07036429643764,7.50324906588255,-6.60112453566575));
#1633=CARTESIAN_POINT('Origin',(11.5514121811186,0.,0.519496508078463));
#1634=CARTESIAN_POINT('',(11.4497794261377,6.73555739531042E-17,1.61479134651924));
#1635=CARTESIAN_POINT('Origin',(11.5005958036281,0.,1.06714392729885));
#1636=CARTESIAN_POINT('Origin',(11.301451287548,0.,1.04866524457506));
#1637=CARTESIAN_POINT('',(11.0145330285299,1.16341445918999E-16,1.97612301323194));
#1638=CARTESIAN_POINT('',(11.2321562273338,9.18485099360514E-17,1.79545717987559));
#1639=CARTESIAN_POINT('Origin',(11.1023067714679,0.,1.03018656185127));
#1640=CARTESIAN_POINT('Origin',(10.2559425781273,0.,0.951652160275166));
#1641=CARTESIAN_POINT('',(10.074452080847,-1.16341445918999E-16,1.88889260433672));
#1642=CARTESIAN_POINT('',(10.1681688351893,1.16341445918999E-16,1.89758861165584));
#1643=CARTESIAN_POINT('Origin',(10.162225823785,0.,0.94295615295605));
#1644=CARTESIAN_POINT('Origin',(1.01915935281697,2.4,2.8215800916447));
#1645=CARTESIAN_POINT('',(9.9567614222917,2.4,-0.406696421871503));
#1646=CARTESIAN_POINT('',(9.9567614222917,-2.4,-0.406696421871504));
#1647=CARTESIAN_POINT('Origin',(1.01915935281697,0.,2.8215800916447));
#1648=CARTESIAN_POINT('',(11.8352163707883,2.4,-1.08519742748701));
#1649=CARTESIAN_POINT('',(1.01915935281697,2.4,2.8215800916447));
#1650=CARTESIAN_POINT('',(11.8352163707883,-2.4,-1.08519742748701));
#1651=CARTESIAN_POINT('',(11.8352163707883,1.,-1.08519742748701));
#1652=CARTESIAN_POINT('',(1.01915935281697,-2.4,2.8215800916447));
#1653=CARTESIAN_POINT('Origin',(0.679439568544646,-2.4,1.8810533944298));
#1654=CARTESIAN_POINT('',(9.57736395447533,-3.4,-1.33289147477059));
#1655=CARTESIAN_POINT('Ctrl Pts',(9.9567614222917,-2.4,-0.406696421871503));
#1656=CARTESIAN_POINT('Ctrl Pts',(9.92735519327274,-2.52379606853451,-0.396074843761955));
#1657=CARTESIAN_POINT('Ctrl Pts',(9.89202655774343,-2.65726991248442,-0.409312302857845));
#1658=CARTESIAN_POINT('Ctrl Pts',(9.81851477940394,-2.90455213701783,-0.491074106564862));
#1659=CARTESIAN_POINT('Ctrl Pts',(9.78034657205432,-3.01834478557668,-0.559659447072938));
#1660=CARTESIAN_POINT('Ctrl Pts',(9.71218549559127,-3.19756230881789,-0.726301032862247));
#1661=CARTESIAN_POINT('Ctrl Pts',(9.6779521189599,-3.27439653313638,-0.834253975227437));
#1662=CARTESIAN_POINT('Ctrl Pts',(9.61926018079884,-3.37559575945846,-1.07498670275625));
#1663=CARTESIAN_POINT('Ctrl Pts',(9.59478073080794,-3.4,-1.20774489756718));
#1664=CARTESIAN_POINT('Ctrl Pts',(9.57736395447533,-3.4,-1.33289147477059));
#1665=CARTESIAN_POINT('',(11.495496586516,-3.4,-2.02572412470191));
#1666=CARTESIAN_POINT('Origin',(11.495496586516,-2.4,-2.02572412470191));
#1667=CARTESIAN_POINT('',(0.679439568544646,-3.4,1.8810533944298));
#1668=CARTESIAN_POINT('Origin',(0.679439568544646,-3.4,1.8810533944298));
#1669=CARTESIAN_POINT('',(8.21848481738604,-3.4,-5.09499826363019));
#1670=CARTESIAN_POINT('Origin',(1.60295008728425E-16,-3.4,4.43782617672119E-16));
#1671=CARTESIAN_POINT('',(10.1366174494267,-3.4,-5.78783091356151));
#1672=CARTESIAN_POINT('',(10.5547423121894,-3.4,-4.63023687752375));
#1673=CARTESIAN_POINT('',(-0.679439568544645,-3.4,-1.8810533944298));
#1674=CARTESIAN_POINT('Origin',(-0.679439568544645,-2.4,-1.8810533944298));
#1675=CARTESIAN_POINT('',(7.91844271665777,-2.4,-6.0498566051609));
#1676=CARTESIAN_POINT('Ctrl Pts',(8.21848481738604,-3.4,-5.09499826363019));
#1677=CARTESIAN_POINT('Ctrl Pts',(8.15190892065898,-3.4,-5.20238848599021));
#1678=CARTESIAN_POINT('Ctrl Pts',(8.085901437852,-3.37559575945846,-5.32014668729611));
#1679=CARTESIAN_POINT('Ctrl Pts',(7.97721046935174,-3.27439653313638,-5.54281968313314));
#1680=CARTESIAN_POINT('Ctrl Pts',(7.93455684757042,-3.19756230881789,-5.64773121915194));
#1681=CARTESIAN_POINT('Ctrl Pts',(7.88049590008617,-3.01834478557668,-5.81946579463423));
#1682=CARTESIAN_POINT('Ctrl Pts',(7.86602599516411,-2.90455213701783,-5.89661100081349));
#1683=CARTESIAN_POINT('Ctrl Pts',(7.87032152211234,-2.65726991248442,-6.00647693069302));
#1684=CARTESIAN_POINT('Ctrl Pts',(7.88903648763881,-2.52379606853451,-6.03923502705135));
#1685=CARTESIAN_POINT('Ctrl Pts',(7.91844271665777,-2.4,-6.0498566051609));
#1686=CARTESIAN_POINT('',(9.79689766515437,-2.4,-6.72835761077641));
#1687=CARTESIAN_POINT('Origin',(10.1366174494267,-2.4,-5.78783091356151));
#1688=CARTESIAN_POINT('',(-1.01915935281697,-2.4,-2.8215800916447));
#1689=CARTESIAN_POINT('Origin',(-1.01915935281697,-2.4,-2.8215800916447));
#1690=CARTESIAN_POINT('',(7.91844271665777,2.4,-6.0498566051609));
#1691=CARTESIAN_POINT('Origin',(-1.01915935281697,-3.46944695195361E-16,
-2.8215800916447));
#1692=CARTESIAN_POINT('',(9.79689766515437,2.4,-6.72835761077641));
#1693=CARTESIAN_POINT('',(9.79689766515437,-1.4,-6.72835761077641));
#1694=CARTESIAN_POINT('',(-1.01915935281697,2.4,-2.8215800916447));
#1695=CARTESIAN_POINT('Origin',(0.679439568544646,2.4,1.8810533944298));
#1696=CARTESIAN_POINT('',(9.57736395447533,3.4,-1.33289147477059));
#1697=CARTESIAN_POINT('Ctrl Pts',(9.57736395447533,3.4,-1.33289147477059));
#1698=CARTESIAN_POINT('Ctrl Pts',(9.59478073080794,3.4,-1.20774489756719));
#1699=CARTESIAN_POINT('Ctrl Pts',(9.61926018079884,3.37559575945846,-1.07498670275625));
#1700=CARTESIAN_POINT('Ctrl Pts',(9.6779521189599,3.27439653313638,-0.834253975227438));
#1701=CARTESIAN_POINT('Ctrl Pts',(9.71218549559127,3.19756230881789,-0.726301032862249));
#1702=CARTESIAN_POINT('Ctrl Pts',(9.78034657205432,3.01834478557668,-0.559659447072939));
#1703=CARTESIAN_POINT('Ctrl Pts',(9.81851477940394,2.90455213701783,-0.491074106564862));
#1704=CARTESIAN_POINT('Ctrl Pts',(9.89202655774343,2.65726991248442,-0.409312302857845));
#1705=CARTESIAN_POINT('Ctrl Pts',(9.92735519327274,2.52379606853451,-0.396074843761955));
#1706=CARTESIAN_POINT('Ctrl Pts',(9.9567614222917,2.4,-0.406696421871503));
#1707=CARTESIAN_POINT('',(11.495496586516,3.4,-2.02572412470191));
#1708=CARTESIAN_POINT('',(0.679439568544646,3.4,1.8810533944298));
#1709=CARTESIAN_POINT('Origin',(11.495496586516,2.4,-2.02572412470191));
#1710=CARTESIAN_POINT('Origin',(-0.679439568544646,3.4,-1.8810533944298));
#1711=CARTESIAN_POINT('',(8.21848481738604,3.4,-5.09499826363019));
#1712=CARTESIAN_POINT('Origin',(0.,3.4,0.));
#1713=CARTESIAN_POINT('',(10.1366174494267,3.4,-5.78783091356151));
#1714=CARTESIAN_POINT('',(-0.679439568544646,3.4,-1.8810533944298));
#1715=CARTESIAN_POINT('',(9.87530274364479,3.4,-6.51129027195355));
#1716=CARTESIAN_POINT('Origin',(-0.679439568544645,2.4,-1.8810533944298));
#1717=CARTESIAN_POINT('Ctrl Pts',(7.91844271665777,2.4,-6.0498566051609));
#1718=CARTESIAN_POINT('Ctrl Pts',(7.88903648763881,2.52379606853451,-6.03923502705135));
#1719=CARTESIAN_POINT('Ctrl Pts',(7.87032152211234,2.65726991248442,-6.00647693069302));
#1720=CARTESIAN_POINT('Ctrl Pts',(7.86602599516412,2.90455213701783,-5.89661100081349));
#1721=CARTESIAN_POINT('Ctrl Pts',(7.88049590008617,3.01834478557668,-5.81946579463423));
#1722=CARTESIAN_POINT('Ctrl Pts',(7.93455684757042,3.19756230881789,-5.64773121915194));
#1723=CARTESIAN_POINT('Ctrl Pts',(7.97721046935174,3.27439653313638,-5.54281968313314));
#1724=CARTESIAN_POINT('Ctrl Pts',(8.085901437852,3.37559575945846,-5.32014668729611));
#1725=CARTESIAN_POINT('Ctrl Pts',(8.15190892065898,3.4,-5.20238848599021));
#1726=CARTESIAN_POINT('Ctrl Pts',(8.21848481738604,3.4,-5.09499826363019));
#1727=CARTESIAN_POINT('Origin',(10.1366174494267,2.4,-5.78783091356151));
#1728=CARTESIAN_POINT('Origin',(7.12098387751961,7.,-14.1367231909761));
#1729=CARTESIAN_POINT('',(14.5996212603179,7.,-9.32729438243345));
#1730=CARTESIAN_POINT('',(8.72084172205577,7.,-9.70745800184966));
#1731=CARTESIAN_POINT('',(-1.32879428529932,7.,-10.3573388101885));
#1732=CARTESIAN_POINT('',(17.1858363631666,7.,-2.16726290478564));
#1733=CARTESIAN_POINT('',(17.1858363631666,7.,-2.16726290478564));
#1734=CARTESIAN_POINT('',(12.1069921982062,7.,-0.332776069715096));
#1735=CARTESIAN_POINT('',(12.1069921982062,7.,-0.332776069715096));
#1736=CARTESIAN_POINT('',(12.1069921982062,7.,-0.332776069715096));
#1737=CARTESIAN_POINT('Origin',(9.61398803786289,-0.4,-7.23474963034559));
#1738=CARTESIAN_POINT('',(8.72084172205577,-7.8,-9.70745800184966));
#1739=CARTESIAN_POINT('',(8.72084172205577,-0.2,-9.70745800184966));
#1740=CARTESIAN_POINT('',(12.1069921982062,-7.8,-0.332776069715096));
#1741=CARTESIAN_POINT('',(12.1069921982062,7.,-0.332776069715096));
#1742=CARTESIAN_POINT('',(7.12098387751961,-7.8,-14.1367231909761));
#1743=CARTESIAN_POINT('Origin',(12.1069921982062,-7.8,-0.332776069715095));
#1744=CARTESIAN_POINT('',(14.599621260318,-7.8,-9.32729438243345));
#1745=CARTESIAN_POINT('',(1.59829986278106,-7.8,-10.1680521226263));
#1746=CARTESIAN_POINT('',(17.1858363631666,-7.8,-2.16726290478564));
#1747=CARTESIAN_POINT('',(12.1069921982062,-7.8,-0.332776069715096));
#1748=CARTESIAN_POINT('',(12.1998280424801,-7.8,-15.9712100260466));
#1749=CARTESIAN_POINT('Origin',(12.1069921982062,7.,-0.332776069715096));
#1750=CARTESIAN_POINT('',(17.1858363631666,7.,-2.16726290478564));
#1751=CARTESIAN_POINT('Origin',(14.6928322028233,-0.4,-9.06923646541613));
#1752=CARTESIAN_POINT('',(14.5996212603179,-0.2,-9.32729438243345));
#1753=CARTESIAN_POINT('Origin',(5.46183651407214,9.25,-4.60602077932599));
#1754=CARTESIAN_POINT('',(0.415754226418939,9.,-4.88875039562286));
#1755=CARTESIAN_POINT('',(0.468385049601107,9.5,-5.38597267634967));
#1756=CARTESIAN_POINT('',(0.415754226418939,9.,-4.88875039562286));
#1757=CARTESIAN_POINT('',(-4.44736917681784,9.5,-5.90630372651796));
#1758=CARTESIAN_POINT('',(5.48815192566323,9.5,-4.8546319196894));
#1759=CARTESIAN_POINT('',(-4.50000000000001,9.,-5.40908144579115));
#1760=CARTESIAN_POINT('',(-4.44736917681784,9.5,-5.90630372651796));
#1761=CARTESIAN_POINT('',(5.43552110248106,9.,-4.35740963896259));
#1762=CARTESIAN_POINT('Origin',(-0.11055400540274,9.25,0.0834724116452029));
#1763=CARTESIAN_POINT('',(0.466263045449157,8.99999999992419,-4.88314435330118));
#1764=CARTESIAN_POINT('',(4.82418812089811,9.,0.888655711839499));
#1765=CARTESIAN_POINT('Ctrl Pts',(0.466263045438697,8.99999999990186,-4.8831443532036));
#1766=CARTESIAN_POINT('Ctrl Pts',(0.504643054317895,9.00027816908267,-4.87896698285044));
#1767=CARTESIAN_POINT('Ctrl Pts',(0.542830594941604,9.00055222600516,-4.87435759729121));
#1768=CARTESIAN_POINT('Ctrl Pts',(1.20473472733486,9.00525597154786,-4.78671209248834));
#1769=CARTESIAN_POINT('Ctrl Pts',(1.85319500753081,9.00909639627042,-4.57280070297017));
#1770=CARTESIAN_POINT('Ctrl Pts',(3.00725196981569,9.01418932995814,-3.8999336143097));
#1771=CARTESIAN_POINT('Ctrl Pts',(3.51284856736263,9.01544233163582,-3.44097777389603));
#1772=CARTESIAN_POINT('Ctrl Pts',(3.89210083186514,9.01544233163582,-2.93868179283552));
#1773=CARTESIAN_POINT('Ctrl Pts',(4.27135309636766,9.01544233163582,-2.43638581177501));
#1774=CARTESIAN_POINT('Ctrl Pts',(4.57432612332487,9.01418932995814,-1.82444159222781));
#1775=CARTESIAN_POINT('Ctrl Pts',(4.90547405583135,9.00909639627042,-0.530247388100271));
#1776=CARTESIAN_POINT('Ctrl Pts',(4.93364912040198,9.00525597154786,0.152002553851978));
#1777=CARTESIAN_POINT('Ctrl Pts',(4.83670284899385,9.00055222603689,0.812608510104068));
#1778=CARTESIAN_POINT('Ctrl Pts',(4.83067958769106,9.00027816914713,0.85059870183738));
#1779=CARTESIAN_POINT('Ctrl Pts',(4.82418812089811,9.,0.888655711839498));
#1780=CARTESIAN_POINT('',(4.81574961959077,9.,0.93876919895113));
#1781=CARTESIAN_POINT('Origin',(-0.11055400540274,9.,0.0834724116452029));
#1782=CARTESIAN_POINT('',(5.30837998209012,9.5,1.02429887768172));
#1783=CARTESIAN_POINT('',(4.81574961959077,9.,0.93876919895113));
#1784=CARTESIAN_POINT('Origin',(-0.11055400540274,9.5,0.0834724116452029));
#1785=CARTESIAN_POINT('Origin',(-0.11055400540274,9.,0.0834724116452029));
#1786=CARTESIAN_POINT('Origin',(4.45540634048417,9.25,4.47574074731122));
#1787=CARTESIAN_POINT('',(4.18407933253778,9.5,7.5));
#1788=CARTESIAN_POINT('',(4.70172152173385,9.5,4.51850558667651));
#1789=CARTESIAN_POINT('',(3.71165560022425,9.,7.29808499513385));
#1790=CARTESIAN_POINT('',(4.2090911592345,9.,4.43297590794592));
#1791=CARTESIAN_POINT('',(4.17971589550582,9.49632885975744,7.50367114024256));
#1792=CARTESIAN_POINT('',(3.71165560022425,9.,7.29808499513385));
#1793=CARTESIAN_POINT('',(5.96692194995999,10.9999793124135,6.00002068758653));
#1794=CARTESIAN_POINT('Origin',(3.43577539744186,6.31120354683394,10.337838950733));
#1795=CARTESIAN_POINT('',(3.83311654026228,7.5,9.5));
#1796=CARTESIAN_POINT('',(3.6538984972341,6.46774720993055,10.5322527900694));
#1797=CARTESIAN_POINT('',(3.41489239306208,7.2907153576332,9.00736963750065));
#1798=CARTESIAN_POINT('',(3.21765229764963,6.15465988373733,10.1434251113965));
#1799=CARTESIAN_POINT('',(3.82936271433149,7.49476953501721,9.5));
#1800=CARTESIAN_POINT('',(3.41489239306208,7.2907153576332,9.00736963750065));
#1801=CARTESIAN_POINT('',(4.28575336921155,8.13069016182157,9.5));
#1802=CARTESIAN_POINT('Origin',(3.62212755369679,0.,9.25368481875033));
#1803=CARTESIAN_POINT('',(3.41489239306208,-7.2907153576332,9.00736963750065));
#1804=CARTESIAN_POINT('',(3.41489239306208,0.,9.00736963750065));
#1805=CARTESIAN_POINT('',(3.82936271433149,-7.49476953501721,9.5));
#1806=CARTESIAN_POINT('',(3.41489239306208,-7.2907153576332,9.00736963750065));
#1807=CARTESIAN_POINT('',(3.82936271433149,0.,9.5));
#1808=CARTESIAN_POINT('Origin',(4.45540634048417,-9.25,4.47574074731122));
#1809=CARTESIAN_POINT('',(3.71165560022425,-9.,7.29808499513385));
#1810=CARTESIAN_POINT('',(4.81574961959077,-9.,0.93876919895113));
#1811=CARTESIAN_POINT('',(4.2090911592345,-9.,4.43297590794592));
#1812=CARTESIAN_POINT('',(5.30837998209012,-9.5,1.02429887768172));
#1813=CARTESIAN_POINT('',(4.81574961959077,-9.,0.93876919895113));
#1814=CARTESIAN_POINT('',(4.18407933253778,-9.5,7.5));
#1815=CARTESIAN_POINT('',(4.70172152173385,-9.5,4.51850558667651));
#1816=CARTESIAN_POINT('',(4.17971589550582,-9.49632885975744,7.50367114024256));
#1817=CARTESIAN_POINT('',(5.96692194995999,-10.9999793124135,6.00002068758653));
#1818=CARTESIAN_POINT('',(4.17971589550582,-9.49632885975744,7.50367114024256));
#1819=CARTESIAN_POINT('Origin',(-0.11055400540274,-9.25,0.0834724116452029));
#1820=CARTESIAN_POINT('',(4.82418811870453,-8.99999999992419,0.888655725283297));
#1821=CARTESIAN_POINT('',(0.466263058979791,-9.,-4.88314435172975));
#1822=CARTESIAN_POINT('Ctrl Pts',(4.82418811860781,-8.99999999990186,0.888655725266636));
#1823=CARTESIAN_POINT('Ctrl Pts',(4.83067958627431,-9.00027816908267,0.850598710773023));
#1824=CARTESIAN_POINT('Ctrl Pts',(4.83670284833974,-9.00055222600516,0.812608514561241));
#1825=CARTESIAN_POINT('Ctrl Pts',(4.93364912040198,-9.00525597154786,0.152002553851979));
#1826=CARTESIAN_POINT('Ctrl Pts',(4.90547405583134,-9.00909639627042,-0.530247388100271));
#1827=CARTESIAN_POINT('Ctrl Pts',(4.57432612332487,-9.01418932995814,-1.82444159222781));
#1828=CARTESIAN_POINT('Ctrl Pts',(4.27135309636766,-9.01544233163582,-2.43638581177501));
#1829=CARTESIAN_POINT('Ctrl Pts',(3.89210083186514,-9.01544233163582,-2.93868179283552));
#1830=CARTESIAN_POINT('Ctrl Pts',(3.51284856736263,-9.01544233163582,-3.44097777389603));
#1831=CARTESIAN_POINT('Ctrl Pts',(3.00725196981569,-9.01418932995814,-3.89993361430969));
#1832=CARTESIAN_POINT('Ctrl Pts',(1.85319500753081,-9.00909639627042,-4.57280070297017));
#1833=CARTESIAN_POINT('Ctrl Pts',(1.20473472733486,-9.00525597154786,-4.78671209248834));
#1834=CARTESIAN_POINT('Ctrl Pts',(0.542830599407535,-9.00055222603689,-4.87435759669985));
#1835=CARTESIAN_POINT('Ctrl Pts',(0.504643063299962,-9.00027816914713,-4.8789669817663));
#1836=CARTESIAN_POINT('Ctrl Pts',(0.466263058979792,-9.,-4.88314435172975));
#1837=CARTESIAN_POINT('',(0.415754226418939,-9.,-4.88875039562286));
#1838=CARTESIAN_POINT('Origin',(-0.11055400540274,-9.,0.0834724116452029));
#1839=CARTESIAN_POINT('',(0.468385049601107,-9.5,-5.38597267634967));
#1840=CARTESIAN_POINT('',(0.415754226418939,-9.,-4.88875039562286));
#1841=CARTESIAN_POINT('Origin',(-0.11055400540274,-9.5,0.0834724116452029));
#1842=CARTESIAN_POINT('Origin',(-0.11055400540274,-9.,0.0834724116452029));
#1843=CARTESIAN_POINT('Origin',(5.46183651407214,-9.25,-4.60602077932599));
#1844=CARTESIAN_POINT('',(-4.50000000000001,-9.,-5.40908144579115));
#1845=CARTESIAN_POINT('',(-4.44736917681784,-9.5,-5.90630372651796));
#1846=CARTESIAN_POINT('',(-4.50000000000001,-9.,-5.40908144579115));
#1847=CARTESIAN_POINT('',(5.48815192566323,-9.5,-4.8546319196894));
#1848=CARTESIAN_POINT('',(5.43552110248106,-9.,-4.35740963896259));
#1849=CARTESIAN_POINT('Origin',(3.43577539744186,-6.31120354683394,10.337838950733));
#1850=CARTESIAN_POINT('',(3.21765229764963,-6.15465988373733,10.1434251113965));
#1851=CARTESIAN_POINT('',(3.83311654026228,-7.5,9.5));
#1852=CARTESIAN_POINT('',(3.6538984972341,-6.46774720993055,10.5322527900694));
#1853=CARTESIAN_POINT('',(4.28575336921155,-8.13069016182157,9.5));
#1854=CARTESIAN_POINT('Ctrl Pts',(-4.49999999886591,-9.5,-5.91187460544679));
#1855=CARTESIAN_POINT('Ctrl Pts',(-5.61460107689807,-9.50000000025281,-6.02984824600535));
#1856=CARTESIAN_POINT('Ctrl Pts',(-8.23344783768581,-8.59980517236892,-6.3058693346023));
#1857=CARTESIAN_POINT('Ctrl Pts',(-9.5,-6.00170091552572,-6.43832988479147));
#1858=CARTESIAN_POINT('Ctrl Pts',(-9.5,-4.5,-6.43832988479147));
#1859=CARTESIAN_POINT('Ctrl Pts',(-4.51580781468203,-9.33325013777017,-5.7459501378905));
#1860=CARTESIAN_POINT('Ctrl Pts',(-5.59361189169858,-9.32972664286636,-5.86003100590383));
#1861=CARTESIAN_POINT('Ctrl Pts',(-8.11930019328246,-8.45102710112134,-6.12658564182099));
#1862=CARTESIAN_POINT('Ctrl Pts',(-9.33425923975773,-5.94664881688737,-6.25411961039741));
#1863=CARTESIAN_POINT('Ctrl Pts',(-9.33425923975773,-4.5,-6.25411961039741));
#1864=CARTESIAN_POINT('Ctrl Pts',(-4.53161563049815,-9.16650027554033,-5.58002567033421));
#1865=CARTESIAN_POINT('Ctrl Pts',(-5.57262270649909,-9.15945328547991,-5.69021376580231));
#1866=CARTESIAN_POINT('Ctrl Pts',(-8.0051525488791,-8.30224902987375,-5.94730194903969));
#1867=CARTESIAN_POINT('Ctrl Pts',(-9.16851847951546,-5.89159671824902,-6.06990933600336));
#1868=CARTESIAN_POINT('Ctrl Pts',(-9.16851847951546,-4.5,-6.06990933600336));
#1869=CARTESIAN_POINT('Ctrl Pts',(-4.54742344631427,-8.9997504133105,-5.41410120277792));
#1870=CARTESIAN_POINT('Ctrl Pts',(-5.5516335212996,-8.98917992809347,-5.52039652570079));
#1871=CARTESIAN_POINT('Ctrl Pts',(-7.89100490447575,-8.15347095862617,-5.76801825625839));
#1872=CARTESIAN_POINT('Ctrl Pts',(-9.0027777192732,-5.83654461961068,-5.8856990616093));
#1873=CARTESIAN_POINT('Ctrl Pts',(-9.0027777192732,-4.5,-5.8856990616093));
#1874=CARTESIAN_POINT('',(-4.49999999887833,-9.5,-5.91187460532939));
#1875=CARTESIAN_POINT('',(-4.54742344631427,-8.9997504133105,-5.41410120277792));
#1876=CARTESIAN_POINT('',(-4.49999999887833,-9.5,-5.91187460532939));
#1877=CARTESIAN_POINT('',(-9.0027777192732,-4.5,-5.8856990616093));
#1878=CARTESIAN_POINT('Ctrl Pts',(-4.54742344631427,-8.9997504133105,-5.41410120277792));
#1879=CARTESIAN_POINT('Ctrl Pts',(-5.5516335212996,-8.98917992809347,-5.52039652570079));
#1880=CARTESIAN_POINT('Ctrl Pts',(-7.89100490447575,-8.15347095862617,-5.76801825625839));
#1881=CARTESIAN_POINT('Ctrl Pts',(-9.0027777192732,-5.83654461961068,-5.8856990616093));
#1882=CARTESIAN_POINT('Ctrl Pts',(-9.0027777192732,-4.5,-5.8856990616093));
#1883=CARTESIAN_POINT('',(-9.5,-4.5,-6.43832988479147));
#1884=CARTESIAN_POINT('',(-9.0027777192732,-4.5,-5.8856990616093));
#1885=CARTESIAN_POINT('Ctrl Pts',(-9.5,-4.5,-6.43832988479147));
#1886=CARTESIAN_POINT('Ctrl Pts',(-9.5,-6.00170091552572,-6.43832988479147));
#1887=CARTESIAN_POINT('Ctrl Pts',(-8.23344783768581,-8.59980517236892,-6.3058693346023));
#1888=CARTESIAN_POINT('Ctrl Pts',(-5.61460107689807,-9.50000000025281,-6.02984824600535));
#1889=CARTESIAN_POINT('Ctrl Pts',(-4.49999999886591,-9.5,-5.91187460544679));
#1890=CARTESIAN_POINT('Origin',(-9.2513888596366,0.,-6.16201447320039));
#1891=CARTESIAN_POINT('',(-9.0027777192732,4.5,-5.8856990616093));
#1892=CARTESIAN_POINT('',(-9.5,4.5,-6.43832988479147));
#1893=CARTESIAN_POINT('',(-9.0027777192732,4.5,-5.8856990616093));
#1894=CARTESIAN_POINT('',(-9.5,0.,-6.43832988479147));
#1895=CARTESIAN_POINT('',(-9.0027777192732,0.,-5.8856990616093));
#1896=CARTESIAN_POINT('Ctrl Pts',(-9.5,4.5,-6.43832988479147));
#1897=CARTESIAN_POINT('Ctrl Pts',(-9.5,5.62627568664429,-6.43832988479147));
#1898=CARTESIAN_POINT('Ctrl Pts',(-8.57814372099981,8.25935026558874,-6.3419394085307));
#1899=CARTESIAN_POINT('Ctrl Pts',(-5.98613476957546,9.50000000033708,-6.0691727928582));
#1900=CARTESIAN_POINT('Ctrl Pts',(-4.49999999886591,9.5,-5.91187460544679));
#1901=CARTESIAN_POINT('Ctrl Pts',(-9.33425923975773,4.5,-6.25411961039741));
#1902=CARTESIAN_POINT('Ctrl Pts',(-9.33425923975773,5.58498661266553,-6.25411961039741));
#1903=CARTESIAN_POINT('Ctrl Pts',(-8.45014116825806,8.12184032825738,-6.1613278039294));
#1904=CARTESIAN_POINT('Ctrl Pts',(-5.95287991737076,9.3285521445651,-5.89805796190827));
#1905=CARTESIAN_POINT('Ctrl Pts',(-4.51580781468203,9.33325013777017,-5.7459501378905));
#1906=CARTESIAN_POINT('Ctrl Pts',(-9.16851847951546,4.5,-6.06990933600336));
#1907=CARTESIAN_POINT('Ctrl Pts',(-9.16851847951546,5.54369753868677,-6.06990933600336));
#1908=CARTESIAN_POINT('Ctrl Pts',(-8.32213861551632,7.98433039092603,-5.9807161993281));
#1909=CARTESIAN_POINT('Ctrl Pts',(-5.91962506516607,9.15710428879311,-5.72694313095835));
#1910=CARTESIAN_POINT('Ctrl Pts',(-4.53161563049815,9.16650027554033,-5.58002567033421));
#1911=CARTESIAN_POINT('Ctrl Pts',(-9.0027777192732,4.5,-5.8856990616093));
#1912=CARTESIAN_POINT('Ctrl Pts',(-9.0027777192732,5.50240846470801,-5.8856990616093));
#1913=CARTESIAN_POINT('Ctrl Pts',(-8.19413606277457,7.84682045359468,-5.8001045947268));
#1914=CARTESIAN_POINT('Ctrl Pts',(-5.88637021296138,8.98565643302112,-5.55582830000842));
#1915=CARTESIAN_POINT('Ctrl Pts',(-4.54742344631427,8.9997504133105,-5.41410120277792));
#1916=CARTESIAN_POINT('',(-4.54742344631427,8.9997504133105,-5.41410120277792));
#1917=CARTESIAN_POINT('',(-4.49999999887833,9.5,-5.91187460532939));
#1918=CARTESIAN_POINT('',(-4.54742344631427,8.9997504133105,-5.41410120277792));
#1919=CARTESIAN_POINT('Ctrl Pts',(-4.49999999886591,9.5,-5.91187460544679));
#1920=CARTESIAN_POINT('Ctrl Pts',(-5.98613476957546,9.50000000033708,-6.0691727928582));
#1921=CARTESIAN_POINT('Ctrl Pts',(-8.57814372099981,8.25935026558874,-6.3419394085307));
#1922=CARTESIAN_POINT('Ctrl Pts',(-9.5,5.62627568664429,-6.43832988479147));
#1923=CARTESIAN_POINT('Ctrl Pts',(-9.5,4.5,-6.43832988479147));
#1924=CARTESIAN_POINT('Ctrl Pts',(-9.0027777192732,4.5,-5.8856990616093));
#1925=CARTESIAN_POINT('Ctrl Pts',(-9.0027777192732,5.50240846470801,-5.8856990616093));
#1926=CARTESIAN_POINT('Ctrl Pts',(-8.19413606277457,7.84682045359468,-5.8001045947268));
#1927=CARTESIAN_POINT('Ctrl Pts',(-5.88637021296138,8.98565643302112,-5.55582830000842));
#1928=CARTESIAN_POINT('Ctrl Pts',(-4.54742344631427,8.9997504133105,-5.41410120277792));
#1929=CARTESIAN_POINT('Ctrl Pts',(-4.44736917681784,-9.5,-5.90630372651796));
#1930=CARTESIAN_POINT('Ctrl Pts',(-4.46491214434058,-9.5,-5.90816064415333));
#1931=CARTESIAN_POINT('Ctrl Pts',(-4.48245510911393,-9.5,-5.91001758722024));
#1932=CARTESIAN_POINT('Ctrl Pts',(-4.49999999886591,-9.5,-5.91187460544679));
#1933=CARTESIAN_POINT('Ctrl Pts',(-4.46491278454523,-9.33333333333333,-5.74056296627569));
#1934=CARTESIAN_POINT('Ctrl Pts',(-4.48187746569485,-9.33333333333333,-5.742358672479));
#1935=CARTESIAN_POINT('Ctrl Pts',(-4.49884214501043,-9.33330560096126,-5.74415439563656));
#1936=CARTESIAN_POINT('Ctrl Pts',(-4.51580781468203,-9.33325013777017,-5.7459501378905));
#1937=CARTESIAN_POINT('Ctrl Pts',(-4.48245639227261,-9.16666666666667,-5.57482220603342));
#1938=CARTESIAN_POINT('Ctrl Pts',(-4.49884278704912,-9.16666666666667,-5.57655670080468));
#1939=CARTESIAN_POINT('Ctrl Pts',(-4.51522918090693,-9.16661120192252,-5.57829120405289));
#1940=CARTESIAN_POINT('Ctrl Pts',(-4.53161563049815,-9.16650027554033,-5.58002567033421));
#1941=CARTESIAN_POINT('Ctrl Pts',(-4.5,-9.,-5.40908144579115));
#1942=CARTESIAN_POINT('Ctrl Pts',(-4.51580810840339,-9.,-5.41075472913036));
#1943=CARTESIAN_POINT('Ctrl Pts',(-4.53161621680343,-8.99991680288379,-5.41242801246921));
#1944=CARTESIAN_POINT('Ctrl Pts',(-4.54742344631427,-8.9997504133105,-5.41410120277792));
#1945=CARTESIAN_POINT('Ctrl Pts',(-4.49999999886591,-9.5,-5.91187460544679));
#1946=CARTESIAN_POINT('Ctrl Pts',(-4.48245510911393,-9.5,-5.91001758722024));
#1947=CARTESIAN_POINT('Ctrl Pts',(-4.46491214434058,-9.5,-5.90816064415333));
#1948=CARTESIAN_POINT('Ctrl Pts',(-4.44736917681784,-9.5,-5.90630372651796));
#1949=CARTESIAN_POINT('Ctrl Pts',(-4.5,-9.,-5.40908144579115));
#1950=CARTESIAN_POINT('Ctrl Pts',(-4.51580810840339,-9.,-5.41075472913036));
#1951=CARTESIAN_POINT('Ctrl Pts',(-4.53161621680343,-8.99991680288379,-5.41242801246921));
#1952=CARTESIAN_POINT('Ctrl Pts',(-4.54742344631427,-8.9997504133105,-5.41410120277792));
#1953=CARTESIAN_POINT('Ctrl Pts',(-4.49999999886591,9.5,-5.91187460544679));
#1954=CARTESIAN_POINT('Ctrl Pts',(-4.48245510911393,9.5,-5.91001758722024));
#1955=CARTESIAN_POINT('Ctrl Pts',(-4.46491214434058,9.5,-5.90816064415333));
#1956=CARTESIAN_POINT('Ctrl Pts',(-4.44736917681784,9.5,-5.90630372651796));
#1957=CARTESIAN_POINT('Ctrl Pts',(-4.51580781468203,9.33325013777017,-5.7459501378905));
#1958=CARTESIAN_POINT('Ctrl Pts',(-4.49884214501043,9.33330560096126,-5.74415439563656));
#1959=CARTESIAN_POINT('Ctrl Pts',(-4.48187746569485,9.33333333333333,-5.742358672479));
#1960=CARTESIAN_POINT('Ctrl Pts',(-4.46491278454523,9.33333333333333,-5.74056296627569));
#1961=CARTESIAN_POINT('Ctrl Pts',(-4.53161563049815,9.16650027554033,-5.58002567033421));
#1962=CARTESIAN_POINT('Ctrl Pts',(-4.51522918090693,9.16661120192252,-5.57829120405289));
#1963=CARTESIAN_POINT('Ctrl Pts',(-4.49884278704912,9.16666666666667,-5.57655670080468));
#1964=CARTESIAN_POINT('Ctrl Pts',(-4.48245639227261,9.16666666666667,-5.57482220603342));
#1965=CARTESIAN_POINT('Ctrl Pts',(-4.54742344631427,8.9997504133105,-5.41410120277792));
#1966=CARTESIAN_POINT('Ctrl Pts',(-4.53161621680343,8.99991680288379,-5.41242801246921));
#1967=CARTESIAN_POINT('Ctrl Pts',(-4.51580810840339,9.,-5.41075472913036));
#1968=CARTESIAN_POINT('Ctrl Pts',(-4.5,9.,-5.40908144579115));
#1969=CARTESIAN_POINT('Ctrl Pts',(-4.44736917681784,9.5,-5.90630372651796));
#1970=CARTESIAN_POINT('Ctrl Pts',(-4.46491214434058,9.5,-5.90816064415333));
#1971=CARTESIAN_POINT('Ctrl Pts',(-4.48245510911393,9.5,-5.91001758722024));
#1972=CARTESIAN_POINT('Ctrl Pts',(-4.49999999886591,9.5,-5.91187460544679));
#1973=CARTESIAN_POINT('Ctrl Pts',(-4.54742344631427,8.9997504133105,-5.41410120277792));
#1974=CARTESIAN_POINT('Ctrl Pts',(-4.53161621680343,8.99991680288379,-5.41242801246921));
#1975=CARTESIAN_POINT('Ctrl Pts',(-4.51580810840339,9.,-5.41075472913036));
#1976=CARTESIAN_POINT('Ctrl Pts',(-4.5,9.,-5.40908144579115));
#1977=CARTESIAN_POINT('Origin',(-0.11055400540274,0.,0.0834724116452029));
#1978=CARTESIAN_POINT('',(0.415754226418939,8.99943153718675,-4.88875039562287));
#1979=CARTESIAN_POINT('',(0.415754226418939,0.,-4.88875039562286));
#1980=CARTESIAN_POINT('Ctrl Pts',(0.415754226418881,8.99943153718675,-4.88875039562287));
#1981=CARTESIAN_POINT('Ctrl Pts',(0.432626891509804,8.99962224498687,-4.88696442929064));
#1982=CARTESIAN_POINT('Ctrl Pts',(0.449463740769155,8.99981173635487,-4.88509540486012));
#1983=CARTESIAN_POINT('Ctrl Pts',(0.466263045449995,8.99999999984838,-4.88314435330109));
#1984=CARTESIAN_POINT('Origin',(-0.11055400540274,0.,0.0834724116452029));
#1985=CARTESIAN_POINT('',(4.81574961959076,8.99943153718675,0.93876919895113));
#1986=CARTESIAN_POINT('Ctrl Pts',(4.82418812089811,9.,0.888655711839498));
#1987=CARTESIAN_POINT('Ctrl Pts',(4.82146463248771,8.99981173645668,0.905347206789828));
#1988=CARTESIAN_POINT('Ctrl Pts',(4.81865197145316,8.99962224503813,0.922052350819649));
#1989=CARTESIAN_POINT('Ctrl Pts',(4.81574961959076,8.99943153718675,0.938769198951188));
#1990=CARTESIAN_POINT('',(4.81574961959077,0.,0.93876919895113));
#1991=CARTESIAN_POINT('Origin',(5.72985444092913,0.,-4.32625454697871));
#1992=CARTESIAN_POINT('',(0.415754226418939,-8.99943153718675,-4.88875039562287));
#1993=CARTESIAN_POINT('',(0.415754226418939,0.,-4.88875039562286));
#1994=CARTESIAN_POINT('',(-4.04792921853421,-7.741704144296,-5.36122989470947));
#1995=CARTESIAN_POINT('Origin',(0.516345660943462,0.,-4.87810282368308));
#1996=CARTESIAN_POINT('',(-4.04792921853421,7.741704144296,-5.36122989470947));
#1997=CARTESIAN_POINT('Origin',(15.5469073197434,0.,-3.28712256463951));
#1998=CARTESIAN_POINT('Origin',(0.516345660943462,0.,-4.87810282368308));
#1999=CARTESIAN_POINT('Origin',(0.,0.,0.));
#2000=CARTESIAN_POINT('',(-2.36125615781999,3.67394039744206E-16,-9.9743154831375));
#2001=CARTESIAN_POINT('Origin',(0.632490696996553,0.,-9.78071855837863));
#2002=CARTESIAN_POINT('',(-6.17634069891179,-7.56383586736585E-16,-8.1801782114429));
#2003=CARTESIAN_POINT('Origin',(0.,0.,0.));
#2004=CARTESIAN_POINT('Origin',(1.66533453693773E-15,0.,-2.77555756156289E-16));
#2005=CARTESIAN_POINT('Ctrl Pts',(0.466263058979791,-9.,-4.88314435172975));
#2006=CARTESIAN_POINT('Ctrl Pts',(0.449463749815468,-8.99981173645668,-4.88509540385588));
#2007=CARTESIAN_POINT('Ctrl Pts',(0.432626896045537,-8.99962224503813,-4.88696442881054));
#2008=CARTESIAN_POINT('Ctrl Pts',(0.415754226418881,-8.99943153718675,-4.88875039562287));
#2009=CARTESIAN_POINT('',(4.81574961959076,-8.99943153718675,0.93876919895113));
#2010=CARTESIAN_POINT('Ctrl Pts',(4.81574961959076,-8.99943153718675,0.938769198951188));
#2011=CARTESIAN_POINT('Ctrl Pts',(4.81865197067295,-8.99962224498686,0.922052355313493));
#2012=CARTESIAN_POINT('Ctrl Pts',(4.82146463097652,-8.99981173635486,0.905347215765384));
#2013=CARTESIAN_POINT('Ctrl Pts',(4.82418811870467,-8.99999999984838,0.888655725282464));
#2014=CARTESIAN_POINT('',(4.04792921853422,-7.741704144296,5.36122989470947));
#2015=CARTESIAN_POINT('Origin',(4.83305285279535,0.,0.839106740579973));
#2016=CARTESIAN_POINT('',(4.04792921853422,7.741704144296,5.36122989470947));
#2017=CARTESIAN_POINT('Origin',(1.66533453693773E-15,0.,-2.77555756156289E-16));
#2018=CARTESIAN_POINT('Origin',(4.83305285279535,0.,0.839106740579973));
#2019=CARTESIAN_POINT('Origin',(1.66533453693773E-15,0.,-2.77555756156289E-16));
#2020=CARTESIAN_POINT('Origin',(-0.11055400540274,0.,0.0834724116452029));
#2021=CARTESIAN_POINT('Origin',(19.,0.,9.5));
#2022=CARTESIAN_POINT('',(14.,-7.5,9.5));
#2023=CARTESIAN_POINT('',(11.875,-7.5,9.5));
#2024=CARTESIAN_POINT('',(17.,-4.5,9.5));
#2025=CARTESIAN_POINT('Origin',(14.,-4.5,9.5));
#2026=CARTESIAN_POINT('',(17.,4.5,9.5));
#2027=CARTESIAN_POINT('',(17.,0.,9.5));
#2028=CARTESIAN_POINT('',(14.,7.5,9.5));
#2029=CARTESIAN_POINT('Origin',(14.,4.5,9.5));
#2030=CARTESIAN_POINT('',(11.875,7.5,9.5));
#2031=CARTESIAN_POINT('Origin',(11.875,-8.5,8.5));
#2032=CARTESIAN_POINT('',(14.,-9.5,7.5));
#2033=CARTESIAN_POINT('',(11.875,-9.5,7.5));
#2034=CARTESIAN_POINT('',(14.,-7.5,9.5));
#2035=CARTESIAN_POINT('Origin',(4.75,-9.5,-0.692873490251458));
#2036=CARTESIAN_POINT('',(-4.5,-9.5,-10.5624114846386));
#2037=CARTESIAN_POINT('',(-4.5,-9.5,-3.31560168752146));
#2038=CARTESIAN_POINT('',(14.,-9.5,-9.36607014994059));
#2039=CARTESIAN_POINT('',(-9.5,-9.5,-10.8857469805029));
#2040=CARTESIAN_POINT('',(14.,-9.5,-4.86780407216386));
#2041=CARTESIAN_POINT('Origin',(-4.5,-4.5,-3.31560168752146));
#2042=CARTESIAN_POINT('',(-9.5,-4.5,-10.8857469805029));
#2043=CARTESIAN_POINT('',(-9.5,-4.5,-3.31560168752146));
#2044=CARTESIAN_POINT('Origin',(-4.5,-4.5,-10.5624114846386));
#2045=CARTESIAN_POINT('Origin',(11.875,8.5,8.5));
#2046=CARTESIAN_POINT('',(14.,9.5,7.5));
#2047=CARTESIAN_POINT('',(14.,7.5,9.5));
#2048=CARTESIAN_POINT('',(11.875,9.5,7.5));
#2049=CARTESIAN_POINT('Origin',(14.,4.5,8.5));
#2050=CARTESIAN_POINT('',(19.,4.5,7.5));
#2051=CARTESIAN_POINT('',(17.,4.5,9.5));
#2052=CARTESIAN_POINT('Origin',(14.,4.5,7.5));
#2053=CARTESIAN_POINT('Origin',(18.,0.,8.5));
#2054=CARTESIAN_POINT('',(19.,-4.5,7.5));
#2055=CARTESIAN_POINT('',(17.,-4.5,9.5));
#2056=CARTESIAN_POINT('',(19.,0.,7.5));
#2057=CARTESIAN_POINT('Origin',(14.,-4.5,8.5));
#2058=CARTESIAN_POINT('Origin',(14.,-4.5,7.5));
#2059=CARTESIAN_POINT('Origin',(4.75,9.5,-0.692873490251458));
#2060=CARTESIAN_POINT('',(14.,9.5,-9.36607014994059));
#2061=CARTESIAN_POINT('',(14.,9.5,-4.86780407216386));
#2062=CARTESIAN_POINT('',(-4.5,9.5,-10.5624114846386));
#2063=CARTESIAN_POINT('',(-9.5,9.5,-10.8857469805029));
#2064=CARTESIAN_POINT('',(-4.5,9.5,-3.31560168752146));
#2065=CARTESIAN_POINT('Origin',(14.,4.5,-4.86780407216386));
#2066=CARTESIAN_POINT('',(19.,4.5,-9.04273465407626));
#2067=CARTESIAN_POINT('',(19.,4.5,-4.86780407216386));
#2068=CARTESIAN_POINT('Origin',(14.,4.5,-9.36607014994058));
#2069=CARTESIAN_POINT('Origin',(19.,0.,-9.04273465407626));
#2070=CARTESIAN_POINT('',(19.,-4.5,-9.04273465407626));
#2071=CARTESIAN_POINT('',(19.,-4.5,-4.86780407216386));
#2072=CARTESIAN_POINT('',(19.,0.,-9.04273465407626));
#2073=CARTESIAN_POINT('Origin',(14.,-4.5,-4.86780407216386));
#2074=CARTESIAN_POINT('Origin',(14.,-4.5,-9.36607014994058));
#2075=CARTESIAN_POINT('Origin',(-0.11055400540274,0.,0.0834724116452029));
#2076=CARTESIAN_POINT('',(4.81574961959077,0.,0.93876919895113));
#2077=CARTESIAN_POINT('Origin',(3.32936271433149,0.,9.5));
#2078=CARTESIAN_POINT('Origin',(7.41853455715175,4.44089209850063E-15,-14.052645551212));
#2079=CARTESIAN_POINT('Origin',(-4.5,4.5,-3.31560168752146));
#2080=CARTESIAN_POINT('',(-9.5,4.5,-10.8857469805029));
#2081=CARTESIAN_POINT('Origin',(-4.5,4.5,-10.5624114846386));
#2082=CARTESIAN_POINT('',(-9.5,4.5,-3.31560168752146));
#2083=CARTESIAN_POINT('Origin',(0.661456159592818,0.,-10.2286350872898));
#2084=CARTESIAN_POINT('',(-2.33229069522372,3.67394039744206E-16,-10.4222320120487));
#2085=CARTESIAN_POINT('Origin',(0.661456159592818,0.,-10.2286350872898));
#2086=CARTESIAN_POINT('',(-2.33229069522372,-3.67394039744206E-16,-10.4222320120487));
#2087=CARTESIAN_POINT('Origin',(-1.05859295672705,0.,0.799277300960092));
#2088=CARTESIAN_POINT('Origin',(-1.05859295672705,0.,0.799277300960092));
#2089=CARTESIAN_POINT('Origin',(-9.5,0.,-10.8857469805029));
#2090=CARTESIAN_POINT('',(-9.5,0.,-10.8857469805029));
#2091=CARTESIAN_POINT('Origin',(-9.5,0.,-5.93832988479147));
#2092=UNCERTAINTY_MEASURE_WITH_UNIT(LENGTH_MEASURE(0.01),#2096,
'DISTANCE_ACCURACY_VALUE',
'Maximum model space distance between geometric entities at asserted c
onnectivities');
#2093=UNCERTAINTY_MEASURE_WITH_UNIT(LENGTH_MEASURE(0.01),#2096,
'DISTANCE_ACCURACY_VALUE',
'Maximum model space distance between geometric entities at asserted c
onnectivities');
#2094=(
GEOMETRIC_REPRESENTATION_CONTEXT(3)
GLOBAL_UNCERTAINTY_ASSIGNED_CONTEXT((#2092))
GLOBAL_UNIT_ASSIGNED_CONTEXT((#2096,#2098,#2099))
REPRESENTATION_CONTEXT('','3D')
);
#2095=(
GEOMETRIC_REPRESENTATION_CONTEXT(3)
GLOBAL_UNCERTAINTY_ASSIGNED_CONTEXT((#2093))
GLOBAL_UNIT_ASSIGNED_CONTEXT((#2096,#2098,#2099))
REPRESENTATION_CONTEXT('','3D')
);
#2096=(
LENGTH_UNIT()
NAMED_UNIT(*)
SI_UNIT(.MILLI.,.METRE.)
);
#2097=(
LENGTH_UNIT()
NAMED_UNIT(*)
SI_UNIT($,.METRE.)
);
#2098=(
NAMED_UNIT(*)
PLANE_ANGLE_UNIT()
SI_UNIT($,.RADIAN.)
);
#2099=(
NAMED_UNIT(*)
SI_UNIT($,.STERADIAN.)
SOLID_ANGLE_UNIT()
);
#2100=SHAPE_DEFINITION_REPRESENTATION(#2101,#2102);
#2101=PRODUCT_DEFINITION_SHAPE('',$,#2104);
#2102=SHAPE_REPRESENTATION('',(#1156),#2094);
#2103=PRODUCT_DEFINITION_CONTEXT('part definition',#2108,'design');
#2104=PRODUCT_DEFINITION('2026-07-07-22-07-11-601','19mm_C',#2105,#2103);
#2105=PRODUCT_DEFINITION_FORMATION('',$,#2110);
#2106=PRODUCT_RELATED_PRODUCT_CATEGORY('19mm_C','19mm_C',(#2110));
#2107=APPLICATION_PROTOCOL_DEFINITION('international standard',
'automotive_design',2009,#2108);
#2108=APPLICATION_CONTEXT(
'Core Data for Automotive Mechanical Design Process');
#2109=PRODUCT_CONTEXT('part definition',#2108,'mechanical');
#2110=PRODUCT('2026-07-07-22-07-11-601','19mm_C',$,(#2109));
#2111=PRESENTATION_STYLE_ASSIGNMENT((#2112));
#2112=SURFACE_STYLE_USAGE(.BOTH.,#2113);
#2113=SURFACE_SIDE_STYLE('',(#2114));
#2114=SURFACE_STYLE_FILL_AREA(#2115);
#2115=FILL_AREA_STYLE('\X2\92FC\X0\ - \X2\30B530C630F3\X0\',(#2116));
#2116=FILL_AREA_STYLE_COLOUR('\X2\92FC\X0\ - \X2\30B530C630F3\X0\',#2117);
#2117=COLOUR_RGB('\X2\92FC\X0\ - \X2\30B530C630F3\X0\',0.627450980392157,
0.627450980392157,0.627450980392157);
ENDSEC;
END-ISO-10303-21;
