ISO-10303-21;
HEADER;
/* Generated by software containing ST-Developer
 * from STEP Tools, Inc. (www.steptools.com) 
 */

FILE_DESCRIPTION(
/* description */ (''),
/* implementation_level */ '2;1');

FILE_NAME(
/* name */ 'Modey45_R2_TOP.step',
/* time_stamp */ '2026-07-22T00:32:42+09:00',
/* author */ (''),
/* organization */ (''),
/* preprocessor_version */ 'ST-DEVELOPER v20.1',
/* originating_system */ 'Autodesk Translation Framework v15.8.0.0',
/* authorisation */ '');

FILE_SCHEMA (('AUTOMOTIVE_DESIGN { 1 0 10303 214 3 1 1 }'));
ENDSEC;

DATA;
#10=MECHANICAL_DESIGN_GEOMETRIC_PRESENTATION_REPRESENTATION('',(#13),#3740);
#11=SHAPE_REPRESENTATION_RELATIONSHIP('SRR','None',#3747,#12);
#12=ADVANCED_BREP_SHAPE_REPRESENTATION('',(#14),#3739);
#13=STYLED_ITEM('',(#3756),#14);
#14=MANIFOLD_SOLID_BREP('\X2\30DC30C730A3\X0\1',#2184);
#15=FACE_BOUND('',#352,.T.);
#16=FACE_BOUND('',#353,.T.);
#17=FACE_BOUND('',#355,.T.);
#18=FACE_BOUND('',#376,.T.);
#19=FACE_BOUND('',#377,.T.);
#20=FACE_BOUND('',#382,.T.);
#21=FACE_BOUND('',#388,.T.);
#22=FACE_BOUND('',#438,.T.);
#23=FACE_BOUND('',#441,.T.);
#24=FACE_BOUND('',#444,.T.);
#25=FACE_BOUND('',#447,.T.);
#26=FACE_BOUND('',#453,.T.);
#27=FACE_BOUND('',#454,.T.);
#28=FACE_BOUND('',#456,.T.);
#29=FACE_BOUND('',#457,.T.);
#30=CYLINDRICAL_SURFACE('',#2230,4.);
#31=CYLINDRICAL_SURFACE('',#2233,4.);
#32=CYLINDRICAL_SURFACE('',#2236,5.);
#33=CYLINDRICAL_SURFACE('',#2239,5.);
#34=CYLINDRICAL_SURFACE('',#2281,5.);
#35=CYLINDRICAL_SURFACE('',#2283,5.);
#36=CYLINDRICAL_SURFACE('',#2287,5.);
#37=CYLINDRICAL_SURFACE('',#2289,5.);
#38=CYLINDRICAL_SURFACE('',#2315,5.);
#39=CYLINDRICAL_SURFACE('',#2318,5.);
#40=CYLINDRICAL_SURFACE('',#2320,4.);
#41=CYLINDRICAL_SURFACE('',#2353,4.);
#42=CYLINDRICAL_SURFACE('',#2354,4.);
#43=CYLINDRICAL_SURFACE('',#2356,4.);
#44=CYLINDRICAL_SURFACE('',#2357,4.);
#45=CYLINDRICAL_SURFACE('',#2359,4.);
#46=CYLINDRICAL_SURFACE('',#2361,2.);
#47=CYLINDRICAL_SURFACE('',#2362,2.);
#48=CYLINDRICAL_SURFACE('',#2363,2.);
#49=CYLINDRICAL_SURFACE('',#2365,2.);
#50=CYLINDRICAL_SURFACE('',#2367,2.);
#51=CYLINDRICAL_SURFACE('',#2369,2.);
#52=CYLINDRICAL_SURFACE('',#2371,2.);
#53=CYLINDRICAL_SURFACE('',#2373,2.);
#54=CYLINDRICAL_SURFACE('',#2374,2.);
#55=CYLINDRICAL_SURFACE('',#2376,2.);
#56=CYLINDRICAL_SURFACE('',#2378,2.);
#57=CYLINDRICAL_SURFACE('',#2379,2.);
#58=CYLINDRICAL_SURFACE('',#2381,2.);
#59=CYLINDRICAL_SURFACE('',#2382,2.);
#60=CYLINDRICAL_SURFACE('',#2384,2.);
#61=CYLINDRICAL_SURFACE('',#2386,2.);
#62=CYLINDRICAL_SURFACE('',#2388,2.);
#63=CYLINDRICAL_SURFACE('',#2389,2.);
#64=CYLINDRICAL_SURFACE('',#2390,2.);
#65=CYLINDRICAL_SURFACE('',#2391,2.);
#66=CYLINDRICAL_SURFACE('',#2392,2.);
#67=CYLINDRICAL_SURFACE('',#2394,2.);
#68=CYLINDRICAL_SURFACE('',#2395,2.);
#69=CYLINDRICAL_SURFACE('',#2397,2.);
#70=CYLINDRICAL_SURFACE('',#2399,2.1);
#71=CYLINDRICAL_SURFACE('',#2403,2.1);
#72=CYLINDRICAL_SURFACE('',#2407,2.1);
#73=CYLINDRICAL_SURFACE('',#2411,2.1);
#74=CYLINDRICAL_SURFACE('',#2415,1.1);
#75=CYLINDRICAL_SURFACE('',#2417,1.1);
#76=CYLINDRICAL_SURFACE('',#2419,1.1);
#77=CYLINDRICAL_SURFACE('',#2421,1.1);
#78=CIRCLE('',#2200,5.);
#79=CIRCLE('',#2201,4.5);
#80=CIRCLE('',#2204,5.);
#81=CIRCLE('',#2205,4.5);
#82=CIRCLE('',#2208,4.);
#83=CIRCLE('',#2209,4.5);
#84=CIRCLE('',#2212,4.);
#85=CIRCLE('',#2213,4.5);
#86=CIRCLE('',#2216,5.);
#87=CIRCLE('',#2217,4.5);
#88=CIRCLE('',#2220,5.);
#89=CIRCLE('',#2221,4.5);
#90=CIRCLE('',#2224,5.);
#91=CIRCLE('',#2225,4.5);
#92=CIRCLE('',#2228,5.);
#93=CIRCLE('',#2229,4.5);
#94=CIRCLE('',#2231,4.);
#95=CIRCLE('',#2234,4.);
#96=CIRCLE('',#2237,5.);
#97=CIRCLE('',#2240,5.);
#98=CIRCLE('',#2242,2.1);
#99=CIRCLE('',#2243,2.1);
#100=CIRCLE('',#2245,5.);
#101=CIRCLE('',#2246,5.);
#102=CIRCLE('',#2247,4.);
#103=CIRCLE('',#2248,4.);
#104=CIRCLE('',#2249,4.);
#105=CIRCLE('',#2250,4.);
#106=CIRCLE('',#2251,4.);
#107=CIRCLE('',#2252,4.);
#108=CIRCLE('',#2255,5.);
#109=CIRCLE('',#2256,4.5);
#110=CIRCLE('',#2259,5.);
#111=CIRCLE('',#2260,4.5);
#112=CIRCLE('',#2263,5.);
#113=CIRCLE('',#2264,4.5);
#114=CIRCLE('',#2267,5.);
#115=CIRCLE('',#2268,4.5);
#116=CIRCLE('',#2271,4.5);
#117=CIRCLE('',#2274,4.5);
#118=CIRCLE('',#2277,4.5);
#119=CIRCLE('',#2280,4.5);
#120=CIRCLE('',#2285,2.1);
#121=CIRCLE('',#2286,2.1);
#122=CIRCLE('',#2291,2.);
#123=CIRCLE('',#2292,2.);
#124=CIRCLE('',#2293,2.);
#125=CIRCLE('',#2294,2.);
#126=CIRCLE('',#2295,2.);
#127=CIRCLE('',#2296,2.);
#128=CIRCLE('',#2297,2.);
#129=CIRCLE('',#2298,2.);
#130=CIRCLE('',#2299,2.);
#131=CIRCLE('',#2300,2.);
#132=CIRCLE('',#2301,2.);
#133=CIRCLE('',#2302,2.);
#134=CIRCLE('',#2303,2.);
#135=CIRCLE('',#2304,2.);
#136=CIRCLE('',#2305,2.);
#137=CIRCLE('',#2306,2.);
#138=CIRCLE('',#2307,2.);
#139=CIRCLE('',#2308,2.);
#140=CIRCLE('',#2309,2.);
#141=CIRCLE('',#2310,2.);
#142=CIRCLE('',#2311,2.);
#143=CIRCLE('',#2312,2.);
#144=CIRCLE('',#2313,2.);
#145=CIRCLE('',#2314,2.);
#146=CIRCLE('',#2316,5.);
#147=CIRCLE('',#2319,5.);
#148=CIRCLE('',#2321,4.);
#149=CIRCLE('',#2323,4.);
#150=CIRCLE('',#2324,4.);
#151=CIRCLE('',#2325,4.);
#152=CIRCLE('',#2326,4.);
#153=CIRCLE('',#2327,4.);
#154=CIRCLE('',#2328,2.);
#155=CIRCLE('',#2329,2.);
#156=CIRCLE('',#2330,2.);
#157=CIRCLE('',#2331,2.);
#158=CIRCLE('',#2332,2.);
#159=CIRCLE('',#2333,2.);
#160=CIRCLE('',#2334,2.);
#161=CIRCLE('',#2335,2.);
#162=CIRCLE('',#2336,2.);
#163=CIRCLE('',#2337,2.);
#164=CIRCLE('',#2338,2.);
#165=CIRCLE('',#2339,2.);
#166=CIRCLE('',#2340,2.);
#167=CIRCLE('',#2341,2.);
#168=CIRCLE('',#2342,2.);
#169=CIRCLE('',#2343,2.);
#170=CIRCLE('',#2344,2.);
#171=CIRCLE('',#2345,2.);
#172=CIRCLE('',#2346,2.);
#173=CIRCLE('',#2347,2.);
#174=CIRCLE('',#2348,2.);
#175=CIRCLE('',#2349,2.);
#176=CIRCLE('',#2350,2.);
#177=CIRCLE('',#2351,2.);
#178=CIRCLE('',#2400,2.1);
#179=CIRCLE('',#2402,1.1);
#180=CIRCLE('',#2404,2.1);
#181=CIRCLE('',#2406,1.1);
#182=CIRCLE('',#2408,2.1);
#183=CIRCLE('',#2410,1.1);
#184=CIRCLE('',#2412,2.1);
#185=CIRCLE('',#2414,1.1);
#186=CIRCLE('',#2416,1.1);
#187=CIRCLE('',#2418,1.1);
#188=CIRCLE('',#2420,1.1);
#189=CIRCLE('',#2422,1.1);
#190=CONICAL_SURFACE('',#2199,4.75,0.785398163397444);
#191=CONICAL_SURFACE('',#2203,4.75,0.785398163397446);
#192=CONICAL_SURFACE('',#2207,4.25,0.785398163397446);
#193=CONICAL_SURFACE('',#2211,4.25,0.785398163397446);
#194=CONICAL_SURFACE('',#2215,4.75,0.785398163397446);
#195=CONICAL_SURFACE('',#2219,4.75,0.785398163397446);
#196=CONICAL_SURFACE('',#2223,4.75,0.785398163397446);
#197=CONICAL_SURFACE('',#2227,4.75,0.785398163397445);
#198=CONICAL_SURFACE('',#2254,4.75,0.785398163397446);
#199=CONICAL_SURFACE('',#2258,4.75,0.785398163397447);
#200=CONICAL_SURFACE('',#2262,4.75,0.785398163397447);
#201=CONICAL_SURFACE('',#2266,4.75,0.785398163397447);
#202=CONICAL_SURFACE('',#2270,4.25,0.785398163397447);
#203=CONICAL_SURFACE('',#2273,4.25,0.785398163397447);
#204=CONICAL_SURFACE('',#2276,4.75,0.785398163397447);
#205=CONICAL_SURFACE('',#2279,4.75,0.785398163397445);
#206=FACE_OUTER_BOUND('',#328,.T.);
#207=FACE_OUTER_BOUND('',#329,.T.);
#208=FACE_OUTER_BOUND('',#330,.T.);
#209=FACE_OUTER_BOUND('',#331,.T.);
#210=FACE_OUTER_BOUND('',#332,.T.);
#211=FACE_OUTER_BOUND('',#333,.T.);
#212=FACE_OUTER_BOUND('',#334,.T.);
#213=FACE_OUTER_BOUND('',#335,.T.);
#214=FACE_OUTER_BOUND('',#336,.T.);
#215=FACE_OUTER_BOUND('',#337,.T.);
#216=FACE_OUTER_BOUND('',#338,.T.);
#217=FACE_OUTER_BOUND('',#339,.T.);
#218=FACE_OUTER_BOUND('',#340,.T.);
#219=FACE_OUTER_BOUND('',#341,.T.);
#220=FACE_OUTER_BOUND('',#342,.T.);
#221=FACE_OUTER_BOUND('',#343,.T.);
#222=FACE_OUTER_BOUND('',#344,.T.);
#223=FACE_OUTER_BOUND('',#345,.T.);
#224=FACE_OUTER_BOUND('',#346,.T.);
#225=FACE_OUTER_BOUND('',#347,.T.);
#226=FACE_OUTER_BOUND('',#348,.T.);
#227=FACE_OUTER_BOUND('',#349,.T.);
#228=FACE_OUTER_BOUND('',#350,.T.);
#229=FACE_OUTER_BOUND('',#351,.T.);
#230=FACE_OUTER_BOUND('',#354,.T.);
#231=FACE_OUTER_BOUND('',#356,.T.);
#232=FACE_OUTER_BOUND('',#357,.T.);
#233=FACE_OUTER_BOUND('',#358,.T.);
#234=FACE_OUTER_BOUND('',#359,.T.);
#235=FACE_OUTER_BOUND('',#360,.T.);
#236=FACE_OUTER_BOUND('',#361,.T.);
#237=FACE_OUTER_BOUND('',#362,.T.);
#238=FACE_OUTER_BOUND('',#363,.T.);
#239=FACE_OUTER_BOUND('',#364,.T.);
#240=FACE_OUTER_BOUND('',#365,.T.);
#241=FACE_OUTER_BOUND('',#366,.T.);
#242=FACE_OUTER_BOUND('',#367,.T.);
#243=FACE_OUTER_BOUND('',#368,.T.);
#244=FACE_OUTER_BOUND('',#369,.T.);
#245=FACE_OUTER_BOUND('',#370,.T.);
#246=FACE_OUTER_BOUND('',#371,.T.);
#247=FACE_OUTER_BOUND('',#372,.T.);
#248=FACE_OUTER_BOUND('',#373,.T.);
#249=FACE_OUTER_BOUND('',#374,.T.);
#250=FACE_OUTER_BOUND('',#375,.T.);
#251=FACE_OUTER_BOUND('',#378,.T.);
#252=FACE_OUTER_BOUND('',#379,.T.);
#253=FACE_OUTER_BOUND('',#380,.T.);
#254=FACE_OUTER_BOUND('',#381,.T.);
#255=FACE_OUTER_BOUND('',#383,.T.);
#256=FACE_OUTER_BOUND('',#384,.T.);
#257=FACE_OUTER_BOUND('',#385,.T.);
#258=FACE_OUTER_BOUND('',#386,.T.);
#259=FACE_OUTER_BOUND('',#387,.T.);
#260=FACE_OUTER_BOUND('',#389,.T.);
#261=FACE_OUTER_BOUND('',#390,.T.);
#262=FACE_OUTER_BOUND('',#391,.T.);
#263=FACE_OUTER_BOUND('',#392,.T.);
#264=FACE_OUTER_BOUND('',#393,.T.);
#265=FACE_OUTER_BOUND('',#394,.T.);
#266=FACE_OUTER_BOUND('',#395,.T.);
#267=FACE_OUTER_BOUND('',#396,.T.);
#268=FACE_OUTER_BOUND('',#397,.T.);
#269=FACE_OUTER_BOUND('',#398,.T.);
#270=FACE_OUTER_BOUND('',#399,.T.);
#271=FACE_OUTER_BOUND('',#400,.T.);
#272=FACE_OUTER_BOUND('',#401,.T.);
#273=FACE_OUTER_BOUND('',#402,.T.);
#274=FACE_OUTER_BOUND('',#403,.T.);
#275=FACE_OUTER_BOUND('',#404,.T.);
#276=FACE_OUTER_BOUND('',#405,.T.);
#277=FACE_OUTER_BOUND('',#406,.T.);
#278=FACE_OUTER_BOUND('',#407,.T.);
#279=FACE_OUTER_BOUND('',#408,.T.);
#280=FACE_OUTER_BOUND('',#409,.T.);
#281=FACE_OUTER_BOUND('',#410,.T.);
#282=FACE_OUTER_BOUND('',#411,.T.);
#283=FACE_OUTER_BOUND('',#412,.T.);
#284=FACE_OUTER_BOUND('',#413,.T.);
#285=FACE_OUTER_BOUND('',#414,.T.);
#286=FACE_OUTER_BOUND('',#415,.T.);
#287=FACE_OUTER_BOUND('',#416,.T.);
#288=FACE_OUTER_BOUND('',#417,.T.);
#289=FACE_OUTER_BOUND('',#418,.T.);
#290=FACE_OUTER_BOUND('',#419,.T.);
#291=FACE_OUTER_BOUND('',#420,.T.);
#292=FACE_OUTER_BOUND('',#421,.T.);
#293=FACE_OUTER_BOUND('',#422,.T.);
#294=FACE_OUTER_BOUND('',#423,.T.);
#295=FACE_OUTER_BOUND('',#424,.T.);
#296=FACE_OUTER_BOUND('',#425,.T.);
#297=FACE_OUTER_BOUND('',#426,.T.);
#298=FACE_OUTER_BOUND('',#427,.T.);
#299=FACE_OUTER_BOUND('',#428,.T.);
#300=FACE_OUTER_BOUND('',#429,.T.);
#301=FACE_OUTER_BOUND('',#430,.T.);
#302=FACE_OUTER_BOUND('',#431,.T.);
#303=FACE_OUTER_BOUND('',#432,.T.);
#304=FACE_OUTER_BOUND('',#433,.T.);
#305=FACE_OUTER_BOUND('',#434,.T.);
#306=FACE_OUTER_BOUND('',#435,.T.);
#307=FACE_OUTER_BOUND('',#436,.T.);
#308=FACE_OUTER_BOUND('',#437,.T.);
#309=FACE_OUTER_BOUND('',#439,.T.);
#310=FACE_OUTER_BOUND('',#440,.T.);
#311=FACE_OUTER_BOUND('',#442,.T.);
#312=FACE_OUTER_BOUND('',#443,.T.);
#313=FACE_OUTER_BOUND('',#445,.T.);
#314=FACE_OUTER_BOUND('',#446,.T.);
#315=FACE_OUTER_BOUND('',#448,.T.);
#316=FACE_OUTER_BOUND('',#449,.T.);
#317=FACE_OUTER_BOUND('',#450,.T.);
#318=FACE_OUTER_BOUND('',#451,.T.);
#319=FACE_OUTER_BOUND('',#452,.T.);
#320=FACE_OUTER_BOUND('',#455,.T.);
#321=FACE_OUTER_BOUND('',#458,.T.);
#322=FACE_OUTER_BOUND('',#459,.T.);
#323=FACE_OUTER_BOUND('',#460,.T.);
#324=FACE_OUTER_BOUND('',#461,.T.);
#325=FACE_OUTER_BOUND('',#462,.T.);
#326=FACE_OUTER_BOUND('',#463,.T.);
#327=FACE_OUTER_BOUND('',#464,.T.);
#328=EDGE_LOOP('',(#1378,#1379,#1380,#1381));
#329=EDGE_LOOP('',(#1382,#1383,#1384,#1385));
#330=EDGE_LOOP('',(#1386,#1387,#1388,#1389));
#331=EDGE_LOOP('',(#1390,#1391,#1392,#1393));
#332=EDGE_LOOP('',(#1394,#1395,#1396,#1397));
#333=EDGE_LOOP('',(#1398,#1399,#1400,#1401));
#334=EDGE_LOOP('',(#1402,#1403,#1404,#1405));
#335=EDGE_LOOP('',(#1406,#1407,#1408,#1409));
#336=EDGE_LOOP('',(#1410,#1411,#1412,#1413));
#337=EDGE_LOOP('',(#1414,#1415,#1416,#1417));
#338=EDGE_LOOP('',(#1418,#1419,#1420,#1421));
#339=EDGE_LOOP('',(#1422,#1423,#1424,#1425));
#340=EDGE_LOOP('',(#1426,#1427,#1428,#1429));
#341=EDGE_LOOP('',(#1430,#1431,#1432,#1433));
#342=EDGE_LOOP('',(#1434,#1435,#1436,#1437));
#343=EDGE_LOOP('',(#1438,#1439,#1440,#1441));
#344=EDGE_LOOP('',(#1442,#1443,#1444,#1445));
#345=EDGE_LOOP('',(#1446,#1447,#1448,#1449));
#346=EDGE_LOOP('',(#1450,#1451,#1452,#1453));
#347=EDGE_LOOP('',(#1454,#1455,#1456,#1457));
#348=EDGE_LOOP('',(#1458,#1459,#1460,#1461));
#349=EDGE_LOOP('',(#1462,#1463,#1464,#1465));
#350=EDGE_LOOP('',(#1466,#1467,#1468,#1469));
#351=EDGE_LOOP('',(#1470,#1471,#1472,#1473));
#352=EDGE_LOOP('',(#1474));
#353=EDGE_LOOP('',(#1475));
#354=EDGE_LOOP('',(#1476,#1477,#1478,#1479,#1480,#1481,#1482,#1483,#1484,
#1485,#1486,#1487,#1488,#1489,#1490,#1491));
#355=EDGE_LOOP('',(#1492,#1493,#1494,#1495,#1496,#1497,#1498,#1499,#1500,
#1501,#1502,#1503,#1504,#1505,#1506,#1507));
#356=EDGE_LOOP('',(#1508,#1509,#1510,#1511));
#357=EDGE_LOOP('',(#1512,#1513,#1514,#1515));
#358=EDGE_LOOP('',(#1516,#1517,#1518,#1519));
#359=EDGE_LOOP('',(#1520,#1521,#1522,#1523));
#360=EDGE_LOOP('',(#1524,#1525,#1526,#1527));
#361=EDGE_LOOP('',(#1528,#1529,#1530,#1531));
#362=EDGE_LOOP('',(#1532,#1533,#1534,#1535));
#363=EDGE_LOOP('',(#1536,#1537,#1538,#1539));
#364=EDGE_LOOP('',(#1540,#1541,#1542,#1543));
#365=EDGE_LOOP('',(#1544,#1545,#1546,#1547));
#366=EDGE_LOOP('',(#1548,#1549,#1550,#1551));
#367=EDGE_LOOP('',(#1552,#1553,#1554,#1555));
#368=EDGE_LOOP('',(#1556,#1557,#1558,#1559));
#369=EDGE_LOOP('',(#1560,#1561,#1562,#1563));
#370=EDGE_LOOP('',(#1564,#1565,#1566,#1567));
#371=EDGE_LOOP('',(#1568,#1569,#1570,#1571));
#372=EDGE_LOOP('',(#1572,#1573,#1574,#1575));
#373=EDGE_LOOP('',(#1576,#1577,#1578,#1579));
#374=EDGE_LOOP('',(#1580,#1581,#1582,#1583));
#375=EDGE_LOOP('',(#1584,#1585,#1586,#1587));
#376=EDGE_LOOP('',(#1588));
#377=EDGE_LOOP('',(#1589));
#378=EDGE_LOOP('',(#1590,#1591,#1592,#1593));
#379=EDGE_LOOP('',(#1594,#1595,#1596,#1597));
#380=EDGE_LOOP('',(#1598,#1599,#1600,#1601));
#381=EDGE_LOOP('',(#1602,#1603,#1604,#1605,#1606,#1607,#1608,#1609,#1610,
#1611,#1612,#1613,#1614,#1615,#1616,#1617));
#382=EDGE_LOOP('',(#1618,#1619,#1620,#1621,#1622,#1623,#1624,#1625,#1626,
#1627,#1628,#1629,#1630,#1631,#1632,#1633,#1634,#1635,#1636,#1637,#1638,
#1639,#1640,#1641,#1642,#1643,#1644,#1645,#1646,#1647,#1648,#1649,#1650,
#1651,#1652,#1653,#1654,#1655,#1656,#1657,#1658,#1659,#1660));
#383=EDGE_LOOP('',(#1661,#1662,#1663,#1664));
#384=EDGE_LOOP('',(#1665,#1666,#1667,#1668));
#385=EDGE_LOOP('',(#1669,#1670,#1671,#1672));
#386=EDGE_LOOP('',(#1673,#1674,#1675,#1676));
#387=EDGE_LOOP('',(#1677,#1678,#1679,#1680,#1681,#1682,#1683,#1684,#1685,
#1686,#1687,#1688,#1689,#1690,#1691,#1692));
#388=EDGE_LOOP('',(#1693,#1694,#1695,#1696,#1697,#1698,#1699,#1700,#1701,
#1702,#1703,#1704,#1705,#1706,#1707,#1708,#1709,#1710,#1711,#1712,#1713,
#1714,#1715,#1716,#1717,#1718,#1719,#1720,#1721,#1722,#1723,#1724,#1725,
#1726,#1727,#1728,#1729,#1730,#1731,#1732,#1733,#1734,#1735));
#389=EDGE_LOOP('',(#1736,#1737,#1738,#1739));
#390=EDGE_LOOP('',(#1740,#1741,#1742,#1743));
#391=EDGE_LOOP('',(#1744,#1745,#1746,#1747));
#392=EDGE_LOOP('',(#1748,#1749,#1750,#1751));
#393=EDGE_LOOP('',(#1752,#1753,#1754,#1755));
#394=EDGE_LOOP('',(#1756,#1757,#1758,#1759));
#395=EDGE_LOOP('',(#1760,#1761,#1762,#1763));
#396=EDGE_LOOP('',(#1764,#1765,#1766,#1767));
#397=EDGE_LOOP('',(#1768,#1769,#1770,#1771));
#398=EDGE_LOOP('',(#1772,#1773,#1774,#1775));
#399=EDGE_LOOP('',(#1776,#1777,#1778,#1779));
#400=EDGE_LOOP('',(#1780,#1781,#1782,#1783));
#401=EDGE_LOOP('',(#1784,#1785,#1786,#1787));
#402=EDGE_LOOP('',(#1788,#1789,#1790,#1791));
#403=EDGE_LOOP('',(#1792,#1793,#1794,#1795));
#404=EDGE_LOOP('',(#1796,#1797,#1798,#1799));
#405=EDGE_LOOP('',(#1800,#1801,#1802,#1803));
#406=EDGE_LOOP('',(#1804,#1805,#1806,#1807));
#407=EDGE_LOOP('',(#1808,#1809,#1810,#1811));
#408=EDGE_LOOP('',(#1812,#1813,#1814,#1815));
#409=EDGE_LOOP('',(#1816,#1817,#1818,#1819));
#410=EDGE_LOOP('',(#1820,#1821,#1822,#1823));
#411=EDGE_LOOP('',(#1824,#1825,#1826,#1827));
#412=EDGE_LOOP('',(#1828,#1829,#1830,#1831));
#413=EDGE_LOOP('',(#1832,#1833,#1834,#1835));
#414=EDGE_LOOP('',(#1836,#1837,#1838,#1839));
#415=EDGE_LOOP('',(#1840,#1841,#1842,#1843));
#416=EDGE_LOOP('',(#1844,#1845,#1846,#1847));
#417=EDGE_LOOP('',(#1848,#1849,#1850,#1851));
#418=EDGE_LOOP('',(#1852,#1853,#1854,#1855));
#419=EDGE_LOOP('',(#1856,#1857,#1858,#1859));
#420=EDGE_LOOP('',(#1860,#1861,#1862,#1863));
#421=EDGE_LOOP('',(#1864,#1865,#1866,#1867));
#422=EDGE_LOOP('',(#1868,#1869,#1870,#1871));
#423=EDGE_LOOP('',(#1872,#1873,#1874,#1875));
#424=EDGE_LOOP('',(#1876,#1877,#1878,#1879));
#425=EDGE_LOOP('',(#1880,#1881,#1882,#1883));
#426=EDGE_LOOP('',(#1884,#1885,#1886,#1887));
#427=EDGE_LOOP('',(#1888,#1889,#1890,#1891));
#428=EDGE_LOOP('',(#1892,#1893,#1894,#1895));
#429=EDGE_LOOP('',(#1896,#1897,#1898,#1899));
#430=EDGE_LOOP('',(#1900,#1901,#1902,#1903));
#431=EDGE_LOOP('',(#1904,#1905,#1906,#1907));
#432=EDGE_LOOP('',(#1908,#1909,#1910,#1911));
#433=EDGE_LOOP('',(#1912,#1913,#1914,#1915));
#434=EDGE_LOOP('',(#1916,#1917,#1918,#1919));
#435=EDGE_LOOP('',(#1920,#1921,#1922,#1923));
#436=EDGE_LOOP('',(#1924,#1925,#1926,#1927));
#437=EDGE_LOOP('',(#1928));
#438=EDGE_LOOP('',(#1929));
#439=EDGE_LOOP('',(#1930,#1931,#1932,#1933));
#440=EDGE_LOOP('',(#1934));
#441=EDGE_LOOP('',(#1935));
#442=EDGE_LOOP('',(#1936,#1937,#1938,#1939));
#443=EDGE_LOOP('',(#1940));
#444=EDGE_LOOP('',(#1941));
#445=EDGE_LOOP('',(#1942,#1943,#1944,#1945));
#446=EDGE_LOOP('',(#1946));
#447=EDGE_LOOP('',(#1947));
#448=EDGE_LOOP('',(#1948,#1949,#1950,#1951));
#449=EDGE_LOOP('',(#1952,#1953,#1954,#1955));
#450=EDGE_LOOP('',(#1956,#1957,#1958,#1959));
#451=EDGE_LOOP('',(#1960,#1961,#1962,#1963));
#452=EDGE_LOOP('',(#1964,#1965,#1966,#1967));
#453=EDGE_LOOP('',(#1968));
#454=EDGE_LOOP('',(#1969));
#455=EDGE_LOOP('',(#1970,#1971,#1972,#1973));
#456=EDGE_LOOP('',(#1974));
#457=EDGE_LOOP('',(#1975));
#458=EDGE_LOOP('',(#1976,#1977,#1978,#1979));
#459=EDGE_LOOP('',(#1980,#1981,#1982,#1983));
#460=EDGE_LOOP('',(#1984,#1985,#1986,#1987));
#461=EDGE_LOOP('',(#1988,#1989,#1990,#1991));
#462=EDGE_LOOP('',(#1992,#1993,#1994,#1995));
#463=EDGE_LOOP('',(#1996,#1997,#1998,#1999));
#464=EDGE_LOOP('',(#2000,#2001,#2002,#2003));
#465=LINE('',#3107,#666);
#466=LINE('',#3109,#667);
#467=LINE('',#3111,#668);
#468=LINE('',#3112,#669);
#469=LINE('',#3117,#670);
#470=LINE('',#3122,#671);
#471=LINE('',#3123,#672);
#472=LINE('',#3124,#673);
#473=LINE('',#3129,#674);
#474=LINE('',#3134,#675);
#475=LINE('',#3135,#676);
#476=LINE('',#3136,#677);
#477=LINE('',#3141,#678);
#478=LINE('',#3146,#679);
#479=LINE('',#3147,#680);
#480=LINE('',#3148,#681);
#481=LINE('',#3153,#682);
#482=LINE('',#3158,#683);
#483=LINE('',#3159,#684);
#484=LINE('',#3160,#685);
#485=LINE('',#3165,#686);
#486=LINE('',#3170,#687);
#487=LINE('',#3171,#688);
#488=LINE('',#3172,#689);
#489=LINE('',#3177,#690);
#490=LINE('',#3182,#691);
#491=LINE('',#3183,#692);
#492=LINE('',#3184,#693);
#493=LINE('',#3189,#694);
#494=LINE('',#3194,#695);
#495=LINE('',#3195,#696);
#496=LINE('',#3196,#697);
#497=LINE('',#3202,#698);
#498=LINE('',#3205,#699);
#499=LINE('',#3208,#700);
#500=LINE('',#3209,#701);
#501=LINE('',#3212,#702);
#502=LINE('',#3216,#703);
#503=LINE('',#3217,#704);
#504=LINE('',#3220,#705);
#505=LINE('',#3224,#706);
#506=LINE('',#3225,#707);
#507=LINE('',#3228,#708);
#508=LINE('',#3232,#709);
#509=LINE('',#3233,#710);
#510=LINE('',#3243,#711);
#511=LINE('',#3247,#712);
#512=LINE('',#3251,#713);
#513=LINE('',#3255,#714);
#514=LINE('',#3259,#715);
#515=LINE('',#3263,#716);
#516=LINE('',#3267,#717);
#517=LINE('',#3270,#718);
#518=LINE('',#3273,#719);
#519=LINE('',#3275,#720);
#520=LINE('',#3276,#721);
#521=LINE('',#3281,#722);
#522=LINE('',#3286,#723);
#523=LINE('',#3287,#724);
#524=LINE('',#3288,#725);
#525=LINE('',#3293,#726);
#526=LINE('',#3298,#727);
#527=LINE('',#3299,#728);
#528=LINE('',#3300,#729);
#529=LINE('',#3305,#730);
#530=LINE('',#3310,#731);
#531=LINE('',#3311,#732);
#532=LINE('',#3312,#733);
#533=LINE('',#3317,#734);
#534=LINE('',#3321,#735);
#535=LINE('',#3322,#736);
#536=LINE('',#3323,#737);
#537=LINE('',#3326,#738);
#538=LINE('',#3330,#739);
#539=LINE('',#3331,#740);
#540=LINE('',#3334,#741);
#541=LINE('',#3338,#742);
#542=LINE('',#3339,#743);
#543=LINE('',#3342,#744);
#544=LINE('',#3346,#745);
#545=LINE('',#3347,#746);
#546=LINE('',#3351,#747);
#547=LINE('',#3352,#748);
#548=LINE('',#3354,#749);
#549=LINE('',#3356,#750);
#550=LINE('',#3358,#751);
#551=LINE('',#3364,#752);
#552=LINE('',#3366,#753);
#553=LINE('',#3375,#754);
#554=LINE('',#3381,#755);
#555=LINE('',#3385,#756);
#556=LINE('',#3389,#757);
#557=LINE('',#3393,#758);
#558=LINE('',#3397,#759);
#559=LINE('',#3401,#760);
#560=LINE('',#3405,#761);
#561=LINE('',#3411,#762);
#562=LINE('',#3417,#763);
#563=LINE('',#3423,#764);
#564=LINE('',#3427,#765);
#565=LINE('',#3431,#766);
#566=LINE('',#3435,#767);
#567=LINE('',#3439,#768);
#568=LINE('',#3443,#769);
#569=LINE('',#3447,#770);
#570=LINE('',#3451,#771);
#571=LINE('',#3454,#772);
#572=LINE('',#3457,#773);
#573=LINE('',#3460,#774);
#574=LINE('',#3463,#775);
#575=LINE('',#3464,#776);
#576=LINE('',#3468,#777);
#577=LINE('',#3473,#778);
#578=LINE('',#3474,#779);
#579=LINE('',#3477,#780);
#580=LINE('',#3481,#781);
#581=LINE('',#3485,#782);
#582=LINE('',#3488,#783);
#583=LINE('',#3490,#784);
#584=LINE('',#3494,#785);
#585=LINE('',#3497,#786);
#586=LINE('',#3502,#787);
#587=LINE('',#3506,#788);
#588=LINE('',#3510,#789);
#589=LINE('',#3514,#790);
#590=LINE('',#3518,#791);
#591=LINE('',#3522,#792);
#592=LINE('',#3526,#793);
#593=LINE('',#3530,#794);
#594=LINE('',#3534,#795);
#595=LINE('',#3540,#796);
#596=LINE('',#3546,#797);
#597=LINE('',#3552,#798);
#598=LINE('',#3556,#799);
#599=LINE('',#3560,#800);
#600=LINE('',#3564,#801);
#601=LINE('',#3568,#802);
#602=LINE('',#3572,#803);
#603=LINE('',#3576,#804);
#604=LINE('',#3582,#805);
#605=LINE('',#3585,#806);
#606=LINE('',#3587,#807);
#607=LINE('',#3589,#808);
#608=LINE('',#3590,#809);
#609=LINE('',#3592,#810);
#610=LINE('',#3594,#811);
#611=LINE('',#3596,#812);
#612=LINE('',#3597,#813);
#613=LINE('',#3599,#814);
#614=LINE('',#3601,#815);
#615=LINE('',#3604,#816);
#616=LINE('',#3605,#817);
#617=LINE('',#3607,#818);
#618=LINE('',#3609,#819);
#619=LINE('',#3610,#820);
#620=LINE('',#3612,#821);
#621=LINE('',#3614,#822);
#622=LINE('',#3615,#823);
#623=LINE('',#3617,#824);
#624=LINE('',#3619,#825);
#625=LINE('',#3620,#826);
#626=LINE('',#3622,#827);
#627=LINE('',#3624,#828);
#628=LINE('',#3625,#829);
#629=LINE('',#3628,#830);
#630=LINE('',#3629,#831);
#631=LINE('',#3631,#832);
#632=LINE('',#3633,#833);
#633=LINE('',#3635,#834);
#634=LINE('',#3638,#835);
#635=LINE('',#3639,#836);
#636=LINE('',#3641,#837);
#637=LINE('',#3643,#838);
#638=LINE('',#3645,#839);
#639=LINE('',#3646,#840);
#640=LINE('',#3648,#841);
#641=LINE('',#3650,#842);
#642=LINE('',#3652,#843);
#643=LINE('',#3653,#844);
#644=LINE('',#3656,#845);
#645=LINE('',#3657,#846);
#646=LINE('',#3660,#847);
#647=LINE('',#3661,#848);
#648=LINE('',#3663,#849);
#649=LINE('',#3665,#850);
#650=LINE('',#3667,#851);
#651=LINE('',#3670,#852);
#652=LINE('',#3672,#853);
#653=LINE('',#3674,#854);
#654=LINE('',#3676,#855);
#655=LINE('',#3678,#856);
#656=LINE('',#3679,#857);
#657=LINE('',#3682,#858);
#658=LINE('',#3686,#859);
#659=LINE('',#3693,#860);
#660=LINE('',#3700,#861);
#661=LINE('',#3707,#862);
#662=LINE('',#3715,#863);
#663=LINE('',#3719,#864);
#664=LINE('',#3723,#865);
#665=LINE('',#3727,#866);
#666=VECTOR('',#2436,10.);
#667=VECTOR('',#2437,10.);
#668=VECTOR('',#2438,10.);
#669=VECTOR('',#2439,10.);
#670=VECTOR('',#2444,10.);
#671=VECTOR('',#2449,10.);
#672=VECTOR('',#2450,10.);
#673=VECTOR('',#2451,10.);
#674=VECTOR('',#2456,10.);
#675=VECTOR('',#2461,10.);
#676=VECTOR('',#2462,10.);
#677=VECTOR('',#2463,10.);
#678=VECTOR('',#2468,10.);
#679=VECTOR('',#2473,10.);
#680=VECTOR('',#2474,10.);
#681=VECTOR('',#2475,10.);
#682=VECTOR('',#2480,10.);
#683=VECTOR('',#2485,10.);
#684=VECTOR('',#2486,10.);
#685=VECTOR('',#2487,10.);
#686=VECTOR('',#2492,10.);
#687=VECTOR('',#2497,10.);
#688=VECTOR('',#2498,10.);
#689=VECTOR('',#2499,10.);
#690=VECTOR('',#2504,10.);
#691=VECTOR('',#2509,10.);
#692=VECTOR('',#2510,10.);
#693=VECTOR('',#2511,10.);
#694=VECTOR('',#2516,10.);
#695=VECTOR('',#2521,10.);
#696=VECTOR('',#2522,10.);
#697=VECTOR('',#2523,10.);
#698=VECTOR('',#2532,10.);
#699=VECTOR('',#2535,10.);
#700=VECTOR('',#2538,10.);
#701=VECTOR('',#2539,10.);
#702=VECTOR('',#2542,10.);
#703=VECTOR('',#2547,10.);
#704=VECTOR('',#2548,10.);
#705=VECTOR('',#2551,10.);
#706=VECTOR('',#2556,10.);
#707=VECTOR('',#2557,10.);
#708=VECTOR('',#2560,10.);
#709=VECTOR('',#2565,10.);
#710=VECTOR('',#2566,10.);
#711=VECTOR('',#2575,10.);
#712=VECTOR('',#2578,10.);
#713=VECTOR('',#2581,10.);
#714=VECTOR('',#2584,10.);
#715=VECTOR('',#2587,10.);
#716=VECTOR('',#2590,10.);
#717=VECTOR('',#2593,10.);
#718=VECTOR('',#2596,10.);
#719=VECTOR('',#2599,10.);
#720=VECTOR('',#2600,10.);
#721=VECTOR('',#2601,10.);
#722=VECTOR('',#2606,10.);
#723=VECTOR('',#2611,10.);
#724=VECTOR('',#2612,10.);
#725=VECTOR('',#2613,10.);
#726=VECTOR('',#2618,10.);
#727=VECTOR('',#2623,10.);
#728=VECTOR('',#2624,10.);
#729=VECTOR('',#2625,10.);
#730=VECTOR('',#2630,10.);
#731=VECTOR('',#2635,10.);
#732=VECTOR('',#2636,10.);
#733=VECTOR('',#2637,10.);
#734=VECTOR('',#2642,10.);
#735=VECTOR('',#2647,10.);
#736=VECTOR('',#2648,10.);
#737=VECTOR('',#2649,10.);
#738=VECTOR('',#2652,10.);
#739=VECTOR('',#2657,10.);
#740=VECTOR('',#2658,10.);
#741=VECTOR('',#2661,10.);
#742=VECTOR('',#2666,10.);
#743=VECTOR('',#2667,10.);
#744=VECTOR('',#2670,10.);
#745=VECTOR('',#2675,10.);
#746=VECTOR('',#2676,10.);
#747=VECTOR('',#2683,10.);
#748=VECTOR('',#2684,10.);
#749=VECTOR('',#2687,10.);
#750=VECTOR('',#2690,10.);
#751=VECTOR('',#2693,10.);
#752=VECTOR('',#2700,10.);
#753=VECTOR('',#2703,10.);
#754=VECTOR('',#2712,10.);
#755=VECTOR('',#2717,10.);
#756=VECTOR('',#2720,10.);
#757=VECTOR('',#2723,10.);
#758=VECTOR('',#2726,10.);
#759=VECTOR('',#2729,10.);
#760=VECTOR('',#2732,10.);
#761=VECTOR('',#2735,10.);
#762=VECTOR('',#2740,10.);
#763=VECTOR('',#2745,10.);
#764=VECTOR('',#2750,10.);
#765=VECTOR('',#2753,10.);
#766=VECTOR('',#2756,10.);
#767=VECTOR('',#2759,10.);
#768=VECTOR('',#2762,10.);
#769=VECTOR('',#2765,10.);
#770=VECTOR('',#2768,10.);
#771=VECTOR('',#2771,10.);
#772=VECTOR('',#2774,10.);
#773=VECTOR('',#2777,10.);
#774=VECTOR('',#2780,10.);
#775=VECTOR('',#2783,10.);
#776=VECTOR('',#2784,10.);
#777=VECTOR('',#2789,10.);
#778=VECTOR('',#2794,10.);
#779=VECTOR('',#2795,10.);
#780=VECTOR('',#2798,10.);
#781=VECTOR('',#2801,10.);
#782=VECTOR('',#2804,10.);
#783=VECTOR('',#2807,10.);
#784=VECTOR('',#2808,10.);
#785=VECTOR('',#2811,10.);
#786=VECTOR('',#2814,10.);
#787=VECTOR('',#2817,10.);
#788=VECTOR('',#2820,10.);
#789=VECTOR('',#2823,10.);
#790=VECTOR('',#2826,10.);
#791=VECTOR('',#2829,10.);
#792=VECTOR('',#2832,10.);
#793=VECTOR('',#2835,10.);
#794=VECTOR('',#2838,10.);
#795=VECTOR('',#2841,10.);
#796=VECTOR('',#2846,10.);
#797=VECTOR('',#2851,10.);
#798=VECTOR('',#2856,10.);
#799=VECTOR('',#2859,10.);
#800=VECTOR('',#2862,10.);
#801=VECTOR('',#2865,10.);
#802=VECTOR('',#2868,10.);
#803=VECTOR('',#2871,10.);
#804=VECTOR('',#2874,10.);
#805=VECTOR('',#2879,10.);
#806=VECTOR('',#2884,10.);
#807=VECTOR('',#2887,10.);
#808=VECTOR('',#2890,10.);
#809=VECTOR('',#2891,10.);
#810=VECTOR('',#2894,10.);
#811=VECTOR('',#2897,10.);
#812=VECTOR('',#2900,10.);
#813=VECTOR('',#2901,10.);
#814=VECTOR('',#2904,10.);
#815=VECTOR('',#2907,10.);
#816=VECTOR('',#2912,10.);
#817=VECTOR('',#2913,10.);
#818=VECTOR('',#2916,2.);
#819=VECTOR('',#2919,2.);
#820=VECTOR('',#2920,2.);
#821=VECTOR('',#2923,2.);
#822=VECTOR('',#2926,10.);
#823=VECTOR('',#2927,10.);
#824=VECTOR('',#2930,2.);
#825=VECTOR('',#2933,10.);
#826=VECTOR('',#2934,10.);
#827=VECTOR('',#2937,10.);
#828=VECTOR('',#2940,10.);
#829=VECTOR('',#2941,10.);
#830=VECTOR('',#2946,10.);
#831=VECTOR('',#2947,10.);
#832=VECTOR('',#2950,2.);
#833=VECTOR('',#2953,2.);
#834=VECTOR('',#2956,10.);
#835=VECTOR('',#2961,10.);
#836=VECTOR('',#2962,10.);
#837=VECTOR('',#2965,10.);
#838=VECTOR('',#2968,10.);
#839=VECTOR('',#2971,10.);
#840=VECTOR('',#2972,10.);
#841=VECTOR('',#2975,10.);
#842=VECTOR('',#2978,10.);
#843=VECTOR('',#2981,10.);
#844=VECTOR('',#2982,10.);
#845=VECTOR('',#2987,10.);
#846=VECTOR('',#2988,10.);
#847=VECTOR('',#2993,10.);
#848=VECTOR('',#2994,10.);
#849=VECTOR('',#2997,10.);
#850=VECTOR('',#3000,10.);
#851=VECTOR('',#3003,10.);
#852=VECTOR('',#3008,2.);
#853=VECTOR('',#3011,10.);
#854=VECTOR('',#3014,10.);
#855=VECTOR('',#3017,10.);
#856=VECTOR('',#3020,10.);
#857=VECTOR('',#3021,10.);
#858=VECTOR('',#3026,10.);
#859=VECTOR('',#3031,2.1);
#860=VECTOR('',#3040,2.1);
#861=VECTOR('',#3049,2.1);
#862=VECTOR('',#3058,2.1);
#863=VECTOR('',#3069,1.1);
#864=VECTOR('',#3074,1.1);
#865=VECTOR('',#3079,1.1);
#866=VECTOR('',#3084,1.1);
#867=VERTEX_POINT('',#3105);
#868=VERTEX_POINT('',#3106);
#869=VERTEX_POINT('',#3108);
#870=VERTEX_POINT('',#3110);
#871=VERTEX_POINT('',#3114);
#872=VERTEX_POINT('',#3116);
#873=VERTEX_POINT('',#3120);
#874=VERTEX_POINT('',#3121);
#875=VERTEX_POINT('',#3126);
#876=VERTEX_POINT('',#3128);
#877=VERTEX_POINT('',#3132);
#878=VERTEX_POINT('',#3133);
#879=VERTEX_POINT('',#3138);
#880=VERTEX_POINT('',#3140);
#881=VERTEX_POINT('',#3144);
#882=VERTEX_POINT('',#3145);
#883=VERTEX_POINT('',#3150);
#884=VERTEX_POINT('',#3152);
#885=VERTEX_POINT('',#3156);
#886=VERTEX_POINT('',#3157);
#887=VERTEX_POINT('',#3162);
#888=VERTEX_POINT('',#3164);
#889=VERTEX_POINT('',#3168);
#890=VERTEX_POINT('',#3169);
#891=VERTEX_POINT('',#3174);
#892=VERTEX_POINT('',#3176);
#893=VERTEX_POINT('',#3180);
#894=VERTEX_POINT('',#3181);
#895=VERTEX_POINT('',#3186);
#896=VERTEX_POINT('',#3188);
#897=VERTEX_POINT('',#3192);
#898=VERTEX_POINT('',#3193);
#899=VERTEX_POINT('',#3201);
#900=VERTEX_POINT('',#3203);
#901=VERTEX_POINT('',#3207);
#902=VERTEX_POINT('',#3211);
#903=VERTEX_POINT('',#3215);
#904=VERTEX_POINT('',#3219);
#905=VERTEX_POINT('',#3223);
#906=VERTEX_POINT('',#3227);
#907=VERTEX_POINT('',#3231);
#908=VERTEX_POINT('',#3234);
#909=VERTEX_POINT('',#3236);
#910=VERTEX_POINT('',#3239);
#911=VERTEX_POINT('',#3240);
#912=VERTEX_POINT('',#3242);
#913=VERTEX_POINT('',#3244);
#914=VERTEX_POINT('',#3246);
#915=VERTEX_POINT('',#3248);
#916=VERTEX_POINT('',#3250);
#917=VERTEX_POINT('',#3252);
#918=VERTEX_POINT('',#3254);
#919=VERTEX_POINT('',#3256);
#920=VERTEX_POINT('',#3258);
#921=VERTEX_POINT('',#3260);
#922=VERTEX_POINT('',#3262);
#923=VERTEX_POINT('',#3264);
#924=VERTEX_POINT('',#3266);
#925=VERTEX_POINT('',#3268);
#926=VERTEX_POINT('',#3272);
#927=VERTEX_POINT('',#3274);
#928=VERTEX_POINT('',#3278);
#929=VERTEX_POINT('',#3280);
#930=VERTEX_POINT('',#3284);
#931=VERTEX_POINT('',#3285);
#932=VERTEX_POINT('',#3290);
#933=VERTEX_POINT('',#3292);
#934=VERTEX_POINT('',#3296);
#935=VERTEX_POINT('',#3297);
#936=VERTEX_POINT('',#3302);
#937=VERTEX_POINT('',#3304);
#938=VERTEX_POINT('',#3308);
#939=VERTEX_POINT('',#3309);
#940=VERTEX_POINT('',#3314);
#941=VERTEX_POINT('',#3316);
#942=VERTEX_POINT('',#3320);
#943=VERTEX_POINT('',#3325);
#944=VERTEX_POINT('',#3329);
#945=VERTEX_POINT('',#3333);
#946=VERTEX_POINT('',#3337);
#947=VERTEX_POINT('',#3341);
#948=VERTEX_POINT('',#3345);
#949=VERTEX_POINT('',#3359);
#950=VERTEX_POINT('',#3361);
#951=VERTEX_POINT('',#3369);
#952=VERTEX_POINT('',#3370);
#953=VERTEX_POINT('',#3372);
#954=VERTEX_POINT('',#3374);
#955=VERTEX_POINT('',#3376);
#956=VERTEX_POINT('',#3378);
#957=VERTEX_POINT('',#3380);
#958=VERTEX_POINT('',#3382);
#959=VERTEX_POINT('',#3384);
#960=VERTEX_POINT('',#3386);
#961=VERTEX_POINT('',#3388);
#962=VERTEX_POINT('',#3390);
#963=VERTEX_POINT('',#3392);
#964=VERTEX_POINT('',#3394);
#965=VERTEX_POINT('',#3396);
#966=VERTEX_POINT('',#3398);
#967=VERTEX_POINT('',#3400);
#968=VERTEX_POINT('',#3402);
#969=VERTEX_POINT('',#3404);
#970=VERTEX_POINT('',#3406);
#971=VERTEX_POINT('',#3408);
#972=VERTEX_POINT('',#3410);
#973=VERTEX_POINT('',#3412);
#974=VERTEX_POINT('',#3414);
#975=VERTEX_POINT('',#3416);
#976=VERTEX_POINT('',#3418);
#977=VERTEX_POINT('',#3420);
#978=VERTEX_POINT('',#3422);
#979=VERTEX_POINT('',#3424);
#980=VERTEX_POINT('',#3426);
#981=VERTEX_POINT('',#3428);
#982=VERTEX_POINT('',#3430);
#983=VERTEX_POINT('',#3432);
#984=VERTEX_POINT('',#3434);
#985=VERTEX_POINT('',#3436);
#986=VERTEX_POINT('',#3438);
#987=VERTEX_POINT('',#3440);
#988=VERTEX_POINT('',#3442);
#989=VERTEX_POINT('',#3444);
#990=VERTEX_POINT('',#3446);
#991=VERTEX_POINT('',#3448);
#992=VERTEX_POINT('',#3450);
#993=VERTEX_POINT('',#3452);
#994=VERTEX_POINT('',#3456);
#995=VERTEX_POINT('',#3458);
#996=VERTEX_POINT('',#3462);
#997=VERTEX_POINT('',#3466);
#998=VERTEX_POINT('',#3470);
#999=VERTEX_POINT('',#3471);
#1000=VERTEX_POINT('',#3476);
#1001=VERTEX_POINT('',#3478);
#1002=VERTEX_POINT('',#3480);
#1003=VERTEX_POINT('',#3482);
#1004=VERTEX_POINT('',#3484);
#1005=VERTEX_POINT('',#3486);
#1006=VERTEX_POINT('',#3489);
#1007=VERTEX_POINT('',#3491);
#1008=VERTEX_POINT('',#3493);
#1009=VERTEX_POINT('',#3495);
#1010=VERTEX_POINT('',#3498);
#1011=VERTEX_POINT('',#3499);
#1012=VERTEX_POINT('',#3501);
#1013=VERTEX_POINT('',#3503);
#1014=VERTEX_POINT('',#3505);
#1015=VERTEX_POINT('',#3507);
#1016=VERTEX_POINT('',#3509);
#1017=VERTEX_POINT('',#3511);
#1018=VERTEX_POINT('',#3513);
#1019=VERTEX_POINT('',#3515);
#1020=VERTEX_POINT('',#3517);
#1021=VERTEX_POINT('',#3519);
#1022=VERTEX_POINT('',#3521);
#1023=VERTEX_POINT('',#3523);
#1024=VERTEX_POINT('',#3525);
#1025=VERTEX_POINT('',#3527);
#1026=VERTEX_POINT('',#3529);
#1027=VERTEX_POINT('',#3531);
#1028=VERTEX_POINT('',#3533);
#1029=VERTEX_POINT('',#3535);
#1030=VERTEX_POINT('',#3537);
#1031=VERTEX_POINT('',#3539);
#1032=VERTEX_POINT('',#3541);
#1033=VERTEX_POINT('',#3543);
#1034=VERTEX_POINT('',#3545);
#1035=VERTEX_POINT('',#3547);
#1036=VERTEX_POINT('',#3549);
#1037=VERTEX_POINT('',#3551);
#1038=VERTEX_POINT('',#3553);
#1039=VERTEX_POINT('',#3555);
#1040=VERTEX_POINT('',#3557);
#1041=VERTEX_POINT('',#3559);
#1042=VERTEX_POINT('',#3561);
#1043=VERTEX_POINT('',#3563);
#1044=VERTEX_POINT('',#3565);
#1045=VERTEX_POINT('',#3567);
#1046=VERTEX_POINT('',#3569);
#1047=VERTEX_POINT('',#3571);
#1048=VERTEX_POINT('',#3573);
#1049=VERTEX_POINT('',#3575);
#1050=VERTEX_POINT('',#3577);
#1051=VERTEX_POINT('',#3579);
#1052=VERTEX_POINT('',#3581);
#1053=VERTEX_POINT('',#3685);
#1054=VERTEX_POINT('',#3689);
#1055=VERTEX_POINT('',#3692);
#1056=VERTEX_POINT('',#3696);
#1057=VERTEX_POINT('',#3699);
#1058=VERTEX_POINT('',#3703);
#1059=VERTEX_POINT('',#3706);
#1060=VERTEX_POINT('',#3710);
#1061=VERTEX_POINT('',#3713);
#1062=VERTEX_POINT('',#3717);
#1063=VERTEX_POINT('',#3721);
#1064=VERTEX_POINT('',#3725);
#1065=EDGE_CURVE('',#867,#868,#465,.T.);
#1066=EDGE_CURVE('',#868,#869,#466,.T.);
#1067=EDGE_CURVE('',#869,#870,#467,.T.);
#1068=EDGE_CURVE('',#870,#867,#468,.T.);
#1069=EDGE_CURVE('',#867,#871,#78,.T.);
#1070=EDGE_CURVE('',#871,#872,#469,.T.);
#1071=EDGE_CURVE('',#872,#868,#79,.T.);
#1072=EDGE_CURVE('',#873,#874,#470,.T.);
#1073=EDGE_CURVE('',#874,#872,#471,.T.);
#1074=EDGE_CURVE('',#871,#873,#472,.T.);
#1075=EDGE_CURVE('',#873,#875,#80,.T.);
#1076=EDGE_CURVE('',#875,#876,#473,.T.);
#1077=EDGE_CURVE('',#876,#874,#81,.T.);
#1078=EDGE_CURVE('',#877,#878,#474,.T.);
#1079=EDGE_CURVE('',#878,#876,#475,.T.);
#1080=EDGE_CURVE('',#875,#877,#476,.T.);
#1081=EDGE_CURVE('',#877,#879,#82,.T.);
#1082=EDGE_CURVE('',#879,#880,#477,.T.);
#1083=EDGE_CURVE('',#880,#878,#83,.T.);
#1084=EDGE_CURVE('',#881,#882,#478,.T.);
#1085=EDGE_CURVE('',#882,#880,#479,.T.);
#1086=EDGE_CURVE('',#879,#881,#480,.T.);
#1087=EDGE_CURVE('',#881,#883,#84,.T.);
#1088=EDGE_CURVE('',#883,#884,#481,.T.);
#1089=EDGE_CURVE('',#884,#882,#85,.T.);
#1090=EDGE_CURVE('',#885,#886,#482,.T.);
#1091=EDGE_CURVE('',#886,#884,#483,.T.);
#1092=EDGE_CURVE('',#883,#885,#484,.T.);
#1093=EDGE_CURVE('',#885,#887,#86,.T.);
#1094=EDGE_CURVE('',#887,#888,#485,.T.);
#1095=EDGE_CURVE('',#888,#886,#87,.T.);
#1096=EDGE_CURVE('',#889,#890,#486,.T.);
#1097=EDGE_CURVE('',#890,#888,#487,.T.);
#1098=EDGE_CURVE('',#887,#889,#488,.T.);
#1099=EDGE_CURVE('',#889,#891,#88,.T.);
#1100=EDGE_CURVE('',#891,#892,#489,.T.);
#1101=EDGE_CURVE('',#892,#890,#89,.T.);
#1102=EDGE_CURVE('',#893,#894,#490,.T.);
#1103=EDGE_CURVE('',#894,#892,#491,.T.);
#1104=EDGE_CURVE('',#891,#893,#492,.T.);
#1105=EDGE_CURVE('',#893,#895,#90,.T.);
#1106=EDGE_CURVE('',#895,#896,#493,.T.);
#1107=EDGE_CURVE('',#896,#894,#91,.T.);
#1108=EDGE_CURVE('',#897,#898,#494,.T.);
#1109=EDGE_CURVE('',#898,#896,#495,.T.);
#1110=EDGE_CURVE('',#895,#897,#496,.T.);
#1111=EDGE_CURVE('',#897,#870,#92,.T.);
#1112=EDGE_CURVE('',#869,#898,#93,.T.);
#1113=EDGE_CURVE('',#881,#899,#497,.T.);
#1114=EDGE_CURVE('',#900,#899,#94,.T.);
#1115=EDGE_CURVE('',#900,#883,#498,.T.);
#1116=EDGE_CURVE('',#901,#879,#499,.T.);
#1117=EDGE_CURVE('',#899,#901,#500,.T.);
#1118=EDGE_CURVE('',#877,#902,#501,.T.);
#1119=EDGE_CURVE('',#901,#902,#95,.T.);
#1120=EDGE_CURVE('',#903,#875,#502,.T.);
#1121=EDGE_CURVE('',#902,#903,#503,.T.);
#1122=EDGE_CURVE('',#873,#904,#504,.T.);
#1123=EDGE_CURVE('',#903,#904,#96,.T.);
#1124=EDGE_CURVE('',#905,#871,#505,.T.);
#1125=EDGE_CURVE('',#904,#905,#506,.T.);
#1126=EDGE_CURVE('',#867,#906,#507,.T.);
#1127=EDGE_CURVE('',#905,#906,#97,.T.);
#1128=EDGE_CURVE('',#907,#870,#508,.T.);
#1129=EDGE_CURVE('',#906,#907,#509,.T.);
#1130=EDGE_CURVE('',#908,#908,#98,.T.);
#1131=EDGE_CURVE('',#909,#909,#99,.T.);
#1132=EDGE_CURVE('',#910,#911,#100,.T.);
#1133=EDGE_CURVE('',#910,#912,#510,.T.);
#1134=EDGE_CURVE('',#913,#912,#101,.T.);
#1135=EDGE_CURVE('',#913,#914,#511,.T.);
#1136=EDGE_CURVE('',#915,#914,#102,.T.);
#1137=EDGE_CURVE('',#915,#916,#512,.T.);
#1138=EDGE_CURVE('',#917,#916,#103,.T.);
#1139=EDGE_CURVE('',#917,#918,#513,.T.);
#1140=EDGE_CURVE('',#919,#918,#104,.T.);
#1141=EDGE_CURVE('',#919,#920,#514,.T.);
#1142=EDGE_CURVE('',#921,#920,#105,.T.);
#1143=EDGE_CURVE('',#921,#922,#515,.T.);
#1144=EDGE_CURVE('',#923,#922,#106,.T.);
#1145=EDGE_CURVE('',#923,#924,#516,.T.);
#1146=EDGE_CURVE('',#925,#924,#107,.T.);
#1147=EDGE_CURVE('',#925,#911,#517,.T.);
#1148=EDGE_CURVE('',#907,#926,#518,.T.);
#1149=EDGE_CURVE('',#926,#927,#519,.T.);
#1150=EDGE_CURVE('',#927,#906,#520,.T.);
#1151=EDGE_CURVE('',#907,#928,#108,.T.);
#1152=EDGE_CURVE('',#928,#929,#521,.T.);
#1153=EDGE_CURVE('',#929,#926,#109,.T.);
#1154=EDGE_CURVE('',#930,#931,#522,.T.);
#1155=EDGE_CURVE('',#931,#929,#523,.T.);
#1156=EDGE_CURVE('',#928,#930,#524,.T.);
#1157=EDGE_CURVE('',#930,#932,#110,.T.);
#1158=EDGE_CURVE('',#932,#933,#525,.T.);
#1159=EDGE_CURVE('',#933,#931,#111,.T.);
#1160=EDGE_CURVE('',#934,#935,#526,.T.);
#1161=EDGE_CURVE('',#935,#933,#527,.T.);
#1162=EDGE_CURVE('',#932,#934,#528,.T.);
#1163=EDGE_CURVE('',#934,#936,#112,.T.);
#1164=EDGE_CURVE('',#936,#937,#529,.T.);
#1165=EDGE_CURVE('',#937,#935,#113,.T.);
#1166=EDGE_CURVE('',#938,#939,#530,.T.);
#1167=EDGE_CURVE('',#939,#937,#531,.T.);
#1168=EDGE_CURVE('',#936,#938,#532,.T.);
#1169=EDGE_CURVE('',#938,#940,#114,.T.);
#1170=EDGE_CURVE('',#940,#941,#533,.T.);
#1171=EDGE_CURVE('',#941,#939,#115,.T.);
#1172=EDGE_CURVE('',#900,#942,#534,.T.);
#1173=EDGE_CURVE('',#942,#941,#535,.T.);
#1174=EDGE_CURVE('',#940,#900,#536,.T.);
#1175=EDGE_CURVE('',#899,#943,#537,.T.);
#1176=EDGE_CURVE('',#943,#942,#116,.T.);
#1177=EDGE_CURVE('',#901,#944,#538,.T.);
#1178=EDGE_CURVE('',#944,#943,#539,.T.);
#1179=EDGE_CURVE('',#902,#945,#540,.T.);
#1180=EDGE_CURVE('',#945,#944,#117,.T.);
#1181=EDGE_CURVE('',#903,#946,#541,.T.);
#1182=EDGE_CURVE('',#946,#945,#542,.T.);
#1183=EDGE_CURVE('',#904,#947,#543,.T.);
#1184=EDGE_CURVE('',#947,#946,#118,.T.);
#1185=EDGE_CURVE('',#905,#948,#544,.T.);
#1186=EDGE_CURVE('',#948,#947,#545,.T.);
#1187=EDGE_CURVE('',#927,#948,#119,.T.);
#1188=EDGE_CURVE('',#885,#940,#546,.T.);
#1189=EDGE_CURVE('',#938,#887,#547,.T.);
#1190=EDGE_CURVE('',#889,#936,#548,.T.);
#1191=EDGE_CURVE('',#934,#891,#549,.T.);
#1192=EDGE_CURVE('',#893,#932,#550,.T.);
#1193=EDGE_CURVE('',#949,#949,#120,.T.);
#1194=EDGE_CURVE('',#950,#950,#121,.T.);
#1195=EDGE_CURVE('',#930,#895,#551,.T.);
#1196=EDGE_CURVE('',#897,#928,#552,.T.);
#1197=EDGE_CURVE('',#951,#952,#122,.T.);
#1198=EDGE_CURVE('',#953,#951,#123,.T.);
#1199=EDGE_CURVE('',#953,#954,#553,.T.);
#1200=EDGE_CURVE('',#955,#954,#124,.T.);
#1201=EDGE_CURVE('',#956,#955,#125,.T.);
#1202=EDGE_CURVE('',#956,#957,#554,.T.);
#1203=EDGE_CURVE('',#958,#957,#126,.T.);
#1204=EDGE_CURVE('',#958,#959,#555,.T.);
#1205=EDGE_CURVE('',#960,#959,#127,.T.);
#1206=EDGE_CURVE('',#960,#961,#556,.T.);
#1207=EDGE_CURVE('',#962,#961,#128,.T.);
#1208=EDGE_CURVE('',#962,#963,#557,.T.);
#1209=EDGE_CURVE('',#964,#963,#129,.T.);
#1210=EDGE_CURVE('',#964,#965,#558,.T.);
#1211=EDGE_CURVE('',#966,#965,#130,.T.);
#1212=EDGE_CURVE('',#966,#967,#559,.T.);
#1213=EDGE_CURVE('',#968,#967,#131,.T.);
#1214=EDGE_CURVE('',#968,#969,#560,.T.);
#1215=EDGE_CURVE('',#970,#969,#132,.T.);
#1216=EDGE_CURVE('',#971,#970,#133,.T.);
#1217=EDGE_CURVE('',#971,#972,#561,.T.);
#1218=EDGE_CURVE('',#973,#972,#134,.T.);
#1219=EDGE_CURVE('',#974,#973,#135,.T.);
#1220=EDGE_CURVE('',#974,#975,#562,.T.);
#1221=EDGE_CURVE('',#976,#975,#136,.T.);
#1222=EDGE_CURVE('',#977,#976,#137,.T.);
#1223=EDGE_CURVE('',#977,#978,#563,.T.);
#1224=EDGE_CURVE('',#979,#978,#138,.T.);
#1225=EDGE_CURVE('',#979,#980,#564,.T.);
#1226=EDGE_CURVE('',#981,#980,#139,.T.);
#1227=EDGE_CURVE('',#981,#982,#565,.T.);
#1228=EDGE_CURVE('',#983,#982,#140,.T.);
#1229=EDGE_CURVE('',#983,#984,#566,.T.);
#1230=EDGE_CURVE('',#985,#984,#141,.T.);
#1231=EDGE_CURVE('',#985,#986,#567,.T.);
#1232=EDGE_CURVE('',#987,#986,#142,.T.);
#1233=EDGE_CURVE('',#987,#988,#568,.T.);
#1234=EDGE_CURVE('',#989,#988,#143,.T.);
#1235=EDGE_CURVE('',#989,#990,#569,.T.);
#1236=EDGE_CURVE('',#991,#990,#144,.T.);
#1237=EDGE_CURVE('',#991,#992,#570,.T.);
#1238=EDGE_CURVE('',#993,#992,#145,.T.);
#1239=EDGE_CURVE('',#993,#952,#571,.T.);
#1240=EDGE_CURVE('',#911,#994,#572,.T.);
#1241=EDGE_CURVE('',#994,#995,#146,.F.);
#1242=EDGE_CURVE('',#995,#910,#573,.T.);
#1243=EDGE_CURVE('',#996,#995,#574,.T.);
#1244=EDGE_CURVE('',#912,#996,#575,.T.);
#1245=EDGE_CURVE('',#996,#997,#147,.F.);
#1246=EDGE_CURVE('',#997,#913,#576,.T.);
#1247=EDGE_CURVE('',#998,#999,#148,.T.);
#1248=EDGE_CURVE('',#998,#921,#577,.T.);
#1249=EDGE_CURVE('',#920,#999,#578,.T.);
#1250=EDGE_CURVE('',#999,#1000,#579,.T.);
#1251=EDGE_CURVE('',#1000,#1001,#149,.T.);
#1252=EDGE_CURVE('',#1001,#1002,#580,.T.);
#1253=EDGE_CURVE('',#1002,#1003,#150,.T.);
#1254=EDGE_CURVE('',#1003,#1004,#581,.T.);
#1255=EDGE_CURVE('',#1004,#1005,#151,.T.);
#1256=EDGE_CURVE('',#1005,#997,#582,.T.);
#1257=EDGE_CURVE('',#994,#1006,#583,.T.);
#1258=EDGE_CURVE('',#1006,#1007,#152,.T.);
#1259=EDGE_CURVE('',#1007,#1008,#584,.T.);
#1260=EDGE_CURVE('',#1008,#1009,#153,.T.);
#1261=EDGE_CURVE('',#1009,#998,#585,.T.);
#1262=EDGE_CURVE('',#1010,#1011,#154,.T.);
#1263=EDGE_CURVE('',#1012,#1010,#586,.T.);
#1264=EDGE_CURVE('',#1013,#1012,#155,.T.);
#1265=EDGE_CURVE('',#1014,#1013,#587,.T.);
#1266=EDGE_CURVE('',#1015,#1014,#156,.T.);
#1267=EDGE_CURVE('',#1016,#1015,#588,.T.);
#1268=EDGE_CURVE('',#1017,#1016,#157,.T.);
#1269=EDGE_CURVE('',#1018,#1017,#589,.T.);
#1270=EDGE_CURVE('',#1019,#1018,#158,.T.);
#1271=EDGE_CURVE('',#1020,#1019,#590,.T.);
#1272=EDGE_CURVE('',#1021,#1020,#159,.T.);
#1273=EDGE_CURVE('',#1022,#1021,#591,.T.);
#1274=EDGE_CURVE('',#1023,#1022,#160,.T.);
#1275=EDGE_CURVE('',#1024,#1023,#592,.T.);
#1276=EDGE_CURVE('',#1025,#1024,#161,.T.);
#1277=EDGE_CURVE('',#1026,#1025,#593,.T.);
#1278=EDGE_CURVE('',#1027,#1026,#162,.T.);
#1279=EDGE_CURVE('',#1028,#1027,#594,.T.);
#1280=EDGE_CURVE('',#1029,#1028,#163,.T.);
#1281=EDGE_CURVE('',#1029,#1030,#164,.F.);
#1282=EDGE_CURVE('',#1031,#1030,#595,.T.);
#1283=EDGE_CURVE('',#1031,#1032,#165,.F.);
#1284=EDGE_CURVE('',#1033,#1032,#166,.T.);
#1285=EDGE_CURVE('',#1034,#1033,#596,.T.);
#1286=EDGE_CURVE('',#1034,#1035,#167,.F.);
#1287=EDGE_CURVE('',#1036,#1035,#168,.T.);
#1288=EDGE_CURVE('',#1037,#1036,#597,.T.);
#1289=EDGE_CURVE('',#1038,#1037,#169,.T.);
#1290=EDGE_CURVE('',#1039,#1038,#598,.T.);
#1291=EDGE_CURVE('',#1040,#1039,#170,.T.);
#1292=EDGE_CURVE('',#1041,#1040,#599,.T.);
#1293=EDGE_CURVE('',#1042,#1041,#171,.T.);
#1294=EDGE_CURVE('',#1043,#1042,#600,.T.);
#1295=EDGE_CURVE('',#1044,#1043,#172,.T.);
#1296=EDGE_CURVE('',#1045,#1044,#601,.T.);
#1297=EDGE_CURVE('',#1046,#1045,#173,.T.);
#1298=EDGE_CURVE('',#1047,#1046,#602,.T.);
#1299=EDGE_CURVE('',#1048,#1047,#174,.T.);
#1300=EDGE_CURVE('',#1049,#1048,#603,.T.);
#1301=EDGE_CURVE('',#1049,#1050,#175,.F.);
#1302=EDGE_CURVE('',#1051,#1050,#176,.T.);
#1303=EDGE_CURVE('',#1052,#1051,#604,.T.);
#1304=EDGE_CURVE('',#1052,#1011,#177,.F.);
#1305=EDGE_CURVE('',#1000,#919,#605,.T.);
#1306=EDGE_CURVE('',#918,#1001,#606,.T.);
#1307=EDGE_CURVE('',#1002,#917,#607,.T.);
#1308=EDGE_CURVE('',#916,#1003,#608,.T.);
#1309=EDGE_CURVE('',#1004,#915,#609,.T.);
#1310=EDGE_CURVE('',#914,#1005,#610,.T.);
#1311=EDGE_CURVE('',#1008,#923,#611,.T.);
#1312=EDGE_CURVE('',#922,#1009,#612,.T.);
#1313=EDGE_CURVE('',#924,#1007,#613,.T.);
#1314=EDGE_CURVE('',#1006,#925,#614,.T.);
#1315=EDGE_CURVE('',#952,#1010,#615,.T.);
#1316=EDGE_CURVE('',#1011,#951,#616,.T.);
#1317=EDGE_CURVE('',#1052,#953,#617,.T.);
#1318=EDGE_CURVE('',#1029,#976,#618,.T.);
#1319=EDGE_CURVE('',#975,#1030,#619,.T.);
#1320=EDGE_CURVE('',#1031,#974,#620,.T.);
#1321=EDGE_CURVE('',#972,#1033,#621,.T.);
#1322=EDGE_CURVE('',#1032,#973,#622,.T.);
#1323=EDGE_CURVE('',#1034,#971,#623,.T.);
#1324=EDGE_CURVE('',#1043,#962,#624,.T.);
#1325=EDGE_CURVE('',#961,#1044,#625,.T.);
#1326=EDGE_CURVE('',#963,#1042,#626,.T.);
#1327=EDGE_CURVE('',#1045,#960,#627,.T.);
#1328=EDGE_CURVE('',#959,#1046,#628,.T.);
#1329=EDGE_CURVE('',#957,#1048,#629,.T.);
#1330=EDGE_CURVE('',#1047,#958,#630,.T.);
#1331=EDGE_CURVE('',#1049,#956,#631,.T.);
#1332=EDGE_CURVE('',#955,#1050,#632,.T.);
#1333=EDGE_CURVE('',#954,#1051,#633,.T.);
#1334=EDGE_CURVE('',#992,#1013,#634,.T.);
#1335=EDGE_CURVE('',#1012,#993,#635,.T.);
#1336=EDGE_CURVE('',#1014,#991,#636,.T.);
#1337=EDGE_CURVE('',#990,#1015,#637,.T.);
#1338=EDGE_CURVE('',#988,#1017,#638,.T.);
#1339=EDGE_CURVE('',#1016,#989,#639,.T.);
#1340=EDGE_CURVE('',#1018,#987,#640,.T.);
#1341=EDGE_CURVE('',#986,#1019,#641,.T.);
#1342=EDGE_CURVE('',#1020,#985,#642,.T.);
#1343=EDGE_CURVE('',#984,#1021,#643,.T.);
#1344=EDGE_CURVE('',#1022,#983,#644,.T.);
#1345=EDGE_CURVE('',#982,#1023,#645,.T.);
#1346=EDGE_CURVE('',#980,#1025,#646,.T.);
#1347=EDGE_CURVE('',#1024,#981,#647,.T.);
#1348=EDGE_CURVE('',#1026,#979,#648,.T.);
#1349=EDGE_CURVE('',#978,#1027,#649,.T.);
#1350=EDGE_CURVE('',#1028,#977,#650,.T.);
#1351=EDGE_CURVE('',#970,#1035,#651,.T.);
#1352=EDGE_CURVE('',#969,#1036,#652,.T.);
#1353=EDGE_CURVE('',#1037,#968,#653,.T.);
#1354=EDGE_CURVE('',#967,#1038,#654,.T.);
#1355=EDGE_CURVE('',#965,#1040,#655,.T.);
#1356=EDGE_CURVE('',#1039,#966,#656,.T.);
#1357=EDGE_CURVE('',#1041,#964,#657,.T.);
#1358=EDGE_CURVE('',#949,#1053,#658,.T.);
#1359=EDGE_CURVE('',#1053,#1053,#178,.T.);
#1360=EDGE_CURVE('',#1054,#1054,#179,.T.);
#1361=EDGE_CURVE('',#950,#1055,#659,.T.);
#1362=EDGE_CURVE('',#1055,#1055,#180,.T.);
#1363=EDGE_CURVE('',#1056,#1056,#181,.T.);
#1364=EDGE_CURVE('',#908,#1057,#660,.T.);
#1365=EDGE_CURVE('',#1057,#1057,#182,.T.);
#1366=EDGE_CURVE('',#1058,#1058,#183,.T.);
#1367=EDGE_CURVE('',#909,#1059,#661,.T.);
#1368=EDGE_CURVE('',#1059,#1059,#184,.T.);
#1369=EDGE_CURVE('',#1060,#1060,#185,.T.);
#1370=EDGE_CURVE('',#1061,#1061,#186,.T.);
#1371=EDGE_CURVE('',#1061,#1056,#662,.T.);
#1372=EDGE_CURVE('',#1062,#1062,#187,.T.);
#1373=EDGE_CURVE('',#1062,#1054,#663,.T.);
#1374=EDGE_CURVE('',#1063,#1063,#188,.T.);
#1375=EDGE_CURVE('',#1063,#1058,#664,.T.);
#1376=EDGE_CURVE('',#1064,#1064,#189,.T.);
#1377=EDGE_CURVE('',#1064,#1060,#665,.T.);
#1378=ORIENTED_EDGE('',*,*,#1065,.T.);
#1379=ORIENTED_EDGE('',*,*,#1066,.T.);
#1380=ORIENTED_EDGE('',*,*,#1067,.T.);
#1381=ORIENTED_EDGE('',*,*,#1068,.T.);
#1382=ORIENTED_EDGE('',*,*,#1065,.F.);
#1383=ORIENTED_EDGE('',*,*,#1069,.T.);
#1384=ORIENTED_EDGE('',*,*,#1070,.T.);
#1385=ORIENTED_EDGE('',*,*,#1071,.T.);
#1386=ORIENTED_EDGE('',*,*,#1072,.T.);
#1387=ORIENTED_EDGE('',*,*,#1073,.T.);
#1388=ORIENTED_EDGE('',*,*,#1070,.F.);
#1389=ORIENTED_EDGE('',*,*,#1074,.T.);
#1390=ORIENTED_EDGE('',*,*,#1072,.F.);
#1391=ORIENTED_EDGE('',*,*,#1075,.T.);
#1392=ORIENTED_EDGE('',*,*,#1076,.T.);
#1393=ORIENTED_EDGE('',*,*,#1077,.T.);
#1394=ORIENTED_EDGE('',*,*,#1078,.T.);
#1395=ORIENTED_EDGE('',*,*,#1079,.T.);
#1396=ORIENTED_EDGE('',*,*,#1076,.F.);
#1397=ORIENTED_EDGE('',*,*,#1080,.T.);
#1398=ORIENTED_EDGE('',*,*,#1078,.F.);
#1399=ORIENTED_EDGE('',*,*,#1081,.T.);
#1400=ORIENTED_EDGE('',*,*,#1082,.T.);
#1401=ORIENTED_EDGE('',*,*,#1083,.T.);
#1402=ORIENTED_EDGE('',*,*,#1084,.T.);
#1403=ORIENTED_EDGE('',*,*,#1085,.T.);
#1404=ORIENTED_EDGE('',*,*,#1082,.F.);
#1405=ORIENTED_EDGE('',*,*,#1086,.T.);
#1406=ORIENTED_EDGE('',*,*,#1084,.F.);
#1407=ORIENTED_EDGE('',*,*,#1087,.T.);
#1408=ORIENTED_EDGE('',*,*,#1088,.T.);
#1409=ORIENTED_EDGE('',*,*,#1089,.T.);
#1410=ORIENTED_EDGE('',*,*,#1090,.T.);
#1411=ORIENTED_EDGE('',*,*,#1091,.T.);
#1412=ORIENTED_EDGE('',*,*,#1088,.F.);
#1413=ORIENTED_EDGE('',*,*,#1092,.T.);
#1414=ORIENTED_EDGE('',*,*,#1090,.F.);
#1415=ORIENTED_EDGE('',*,*,#1093,.T.);
#1416=ORIENTED_EDGE('',*,*,#1094,.T.);
#1417=ORIENTED_EDGE('',*,*,#1095,.T.);
#1418=ORIENTED_EDGE('',*,*,#1096,.T.);
#1419=ORIENTED_EDGE('',*,*,#1097,.T.);
#1420=ORIENTED_EDGE('',*,*,#1094,.F.);
#1421=ORIENTED_EDGE('',*,*,#1098,.T.);
#1422=ORIENTED_EDGE('',*,*,#1096,.F.);
#1423=ORIENTED_EDGE('',*,*,#1099,.T.);
#1424=ORIENTED_EDGE('',*,*,#1100,.T.);
#1425=ORIENTED_EDGE('',*,*,#1101,.T.);
#1426=ORIENTED_EDGE('',*,*,#1102,.T.);
#1427=ORIENTED_EDGE('',*,*,#1103,.T.);
#1428=ORIENTED_EDGE('',*,*,#1100,.F.);
#1429=ORIENTED_EDGE('',*,*,#1104,.T.);
#1430=ORIENTED_EDGE('',*,*,#1102,.F.);
#1431=ORIENTED_EDGE('',*,*,#1105,.T.);
#1432=ORIENTED_EDGE('',*,*,#1106,.T.);
#1433=ORIENTED_EDGE('',*,*,#1107,.T.);
#1434=ORIENTED_EDGE('',*,*,#1108,.T.);
#1435=ORIENTED_EDGE('',*,*,#1109,.T.);
#1436=ORIENTED_EDGE('',*,*,#1106,.F.);
#1437=ORIENTED_EDGE('',*,*,#1110,.T.);
#1438=ORIENTED_EDGE('',*,*,#1108,.F.);
#1439=ORIENTED_EDGE('',*,*,#1111,.T.);
#1440=ORIENTED_EDGE('',*,*,#1067,.F.);
#1441=ORIENTED_EDGE('',*,*,#1112,.T.);
#1442=ORIENTED_EDGE('',*,*,#1087,.F.);
#1443=ORIENTED_EDGE('',*,*,#1113,.T.);
#1444=ORIENTED_EDGE('',*,*,#1114,.F.);
#1445=ORIENTED_EDGE('',*,*,#1115,.T.);
#1446=ORIENTED_EDGE('',*,*,#1086,.F.);
#1447=ORIENTED_EDGE('',*,*,#1116,.F.);
#1448=ORIENTED_EDGE('',*,*,#1117,.F.);
#1449=ORIENTED_EDGE('',*,*,#1113,.F.);
#1450=ORIENTED_EDGE('',*,*,#1081,.F.);
#1451=ORIENTED_EDGE('',*,*,#1118,.T.);
#1452=ORIENTED_EDGE('',*,*,#1119,.F.);
#1453=ORIENTED_EDGE('',*,*,#1116,.T.);
#1454=ORIENTED_EDGE('',*,*,#1080,.F.);
#1455=ORIENTED_EDGE('',*,*,#1120,.F.);
#1456=ORIENTED_EDGE('',*,*,#1121,.F.);
#1457=ORIENTED_EDGE('',*,*,#1118,.F.);
#1458=ORIENTED_EDGE('',*,*,#1075,.F.);
#1459=ORIENTED_EDGE('',*,*,#1122,.T.);
#1460=ORIENTED_EDGE('',*,*,#1123,.F.);
#1461=ORIENTED_EDGE('',*,*,#1120,.T.);
#1462=ORIENTED_EDGE('',*,*,#1074,.F.);
#1463=ORIENTED_EDGE('',*,*,#1124,.F.);
#1464=ORIENTED_EDGE('',*,*,#1125,.F.);
#1465=ORIENTED_EDGE('',*,*,#1122,.F.);
#1466=ORIENTED_EDGE('',*,*,#1069,.F.);
#1467=ORIENTED_EDGE('',*,*,#1126,.T.);
#1468=ORIENTED_EDGE('',*,*,#1127,.F.);
#1469=ORIENTED_EDGE('',*,*,#1124,.T.);
#1470=ORIENTED_EDGE('',*,*,#1068,.F.);
#1471=ORIENTED_EDGE('',*,*,#1128,.F.);
#1472=ORIENTED_EDGE('',*,*,#1129,.F.);
#1473=ORIENTED_EDGE('',*,*,#1126,.F.);
#1474=ORIENTED_EDGE('',*,*,#1130,.T.);
#1475=ORIENTED_EDGE('',*,*,#1131,.T.);
#1476=ORIENTED_EDGE('',*,*,#1066,.F.);
#1477=ORIENTED_EDGE('',*,*,#1071,.F.);
#1478=ORIENTED_EDGE('',*,*,#1073,.F.);
#1479=ORIENTED_EDGE('',*,*,#1077,.F.);
#1480=ORIENTED_EDGE('',*,*,#1079,.F.);
#1481=ORIENTED_EDGE('',*,*,#1083,.F.);
#1482=ORIENTED_EDGE('',*,*,#1085,.F.);
#1483=ORIENTED_EDGE('',*,*,#1089,.F.);
#1484=ORIENTED_EDGE('',*,*,#1091,.F.);
#1485=ORIENTED_EDGE('',*,*,#1095,.F.);
#1486=ORIENTED_EDGE('',*,*,#1097,.F.);
#1487=ORIENTED_EDGE('',*,*,#1101,.F.);
#1488=ORIENTED_EDGE('',*,*,#1103,.F.);
#1489=ORIENTED_EDGE('',*,*,#1107,.F.);
#1490=ORIENTED_EDGE('',*,*,#1109,.F.);
#1491=ORIENTED_EDGE('',*,*,#1112,.F.);
#1492=ORIENTED_EDGE('',*,*,#1132,.F.);
#1493=ORIENTED_EDGE('',*,*,#1133,.T.);
#1494=ORIENTED_EDGE('',*,*,#1134,.F.);
#1495=ORIENTED_EDGE('',*,*,#1135,.T.);
#1496=ORIENTED_EDGE('',*,*,#1136,.F.);
#1497=ORIENTED_EDGE('',*,*,#1137,.T.);
#1498=ORIENTED_EDGE('',*,*,#1138,.F.);
#1499=ORIENTED_EDGE('',*,*,#1139,.T.);
#1500=ORIENTED_EDGE('',*,*,#1140,.F.);
#1501=ORIENTED_EDGE('',*,*,#1141,.T.);
#1502=ORIENTED_EDGE('',*,*,#1142,.F.);
#1503=ORIENTED_EDGE('',*,*,#1143,.T.);
#1504=ORIENTED_EDGE('',*,*,#1144,.F.);
#1505=ORIENTED_EDGE('',*,*,#1145,.T.);
#1506=ORIENTED_EDGE('',*,*,#1146,.F.);
#1507=ORIENTED_EDGE('',*,*,#1147,.T.);
#1508=ORIENTED_EDGE('',*,*,#1148,.T.);
#1509=ORIENTED_EDGE('',*,*,#1149,.T.);
#1510=ORIENTED_EDGE('',*,*,#1150,.T.);
#1511=ORIENTED_EDGE('',*,*,#1129,.T.);
#1512=ORIENTED_EDGE('',*,*,#1148,.F.);
#1513=ORIENTED_EDGE('',*,*,#1151,.T.);
#1514=ORIENTED_EDGE('',*,*,#1152,.T.);
#1515=ORIENTED_EDGE('',*,*,#1153,.T.);
#1516=ORIENTED_EDGE('',*,*,#1154,.T.);
#1517=ORIENTED_EDGE('',*,*,#1155,.T.);
#1518=ORIENTED_EDGE('',*,*,#1152,.F.);
#1519=ORIENTED_EDGE('',*,*,#1156,.T.);
#1520=ORIENTED_EDGE('',*,*,#1154,.F.);
#1521=ORIENTED_EDGE('',*,*,#1157,.T.);
#1522=ORIENTED_EDGE('',*,*,#1158,.T.);
#1523=ORIENTED_EDGE('',*,*,#1159,.T.);
#1524=ORIENTED_EDGE('',*,*,#1160,.T.);
#1525=ORIENTED_EDGE('',*,*,#1161,.T.);
#1526=ORIENTED_EDGE('',*,*,#1158,.F.);
#1527=ORIENTED_EDGE('',*,*,#1162,.T.);
#1528=ORIENTED_EDGE('',*,*,#1160,.F.);
#1529=ORIENTED_EDGE('',*,*,#1163,.T.);
#1530=ORIENTED_EDGE('',*,*,#1164,.T.);
#1531=ORIENTED_EDGE('',*,*,#1165,.T.);
#1532=ORIENTED_EDGE('',*,*,#1166,.T.);
#1533=ORIENTED_EDGE('',*,*,#1167,.T.);
#1534=ORIENTED_EDGE('',*,*,#1164,.F.);
#1535=ORIENTED_EDGE('',*,*,#1168,.T.);
#1536=ORIENTED_EDGE('',*,*,#1166,.F.);
#1537=ORIENTED_EDGE('',*,*,#1169,.T.);
#1538=ORIENTED_EDGE('',*,*,#1170,.T.);
#1539=ORIENTED_EDGE('',*,*,#1171,.T.);
#1540=ORIENTED_EDGE('',*,*,#1172,.T.);
#1541=ORIENTED_EDGE('',*,*,#1173,.T.);
#1542=ORIENTED_EDGE('',*,*,#1170,.F.);
#1543=ORIENTED_EDGE('',*,*,#1174,.T.);
#1544=ORIENTED_EDGE('',*,*,#1172,.F.);
#1545=ORIENTED_EDGE('',*,*,#1114,.T.);
#1546=ORIENTED_EDGE('',*,*,#1175,.T.);
#1547=ORIENTED_EDGE('',*,*,#1176,.T.);
#1548=ORIENTED_EDGE('',*,*,#1177,.T.);
#1549=ORIENTED_EDGE('',*,*,#1178,.T.);
#1550=ORIENTED_EDGE('',*,*,#1175,.F.);
#1551=ORIENTED_EDGE('',*,*,#1117,.T.);
#1552=ORIENTED_EDGE('',*,*,#1177,.F.);
#1553=ORIENTED_EDGE('',*,*,#1119,.T.);
#1554=ORIENTED_EDGE('',*,*,#1179,.T.);
#1555=ORIENTED_EDGE('',*,*,#1180,.T.);
#1556=ORIENTED_EDGE('',*,*,#1181,.T.);
#1557=ORIENTED_EDGE('',*,*,#1182,.T.);
#1558=ORIENTED_EDGE('',*,*,#1179,.F.);
#1559=ORIENTED_EDGE('',*,*,#1121,.T.);
#1560=ORIENTED_EDGE('',*,*,#1181,.F.);
#1561=ORIENTED_EDGE('',*,*,#1123,.T.);
#1562=ORIENTED_EDGE('',*,*,#1183,.T.);
#1563=ORIENTED_EDGE('',*,*,#1184,.T.);
#1564=ORIENTED_EDGE('',*,*,#1185,.T.);
#1565=ORIENTED_EDGE('',*,*,#1186,.T.);
#1566=ORIENTED_EDGE('',*,*,#1183,.F.);
#1567=ORIENTED_EDGE('',*,*,#1125,.T.);
#1568=ORIENTED_EDGE('',*,*,#1185,.F.);
#1569=ORIENTED_EDGE('',*,*,#1127,.T.);
#1570=ORIENTED_EDGE('',*,*,#1150,.F.);
#1571=ORIENTED_EDGE('',*,*,#1187,.T.);
#1572=ORIENTED_EDGE('',*,*,#1093,.F.);
#1573=ORIENTED_EDGE('',*,*,#1188,.T.);
#1574=ORIENTED_EDGE('',*,*,#1169,.F.);
#1575=ORIENTED_EDGE('',*,*,#1189,.T.);
#1576=ORIENTED_EDGE('',*,*,#1098,.F.);
#1577=ORIENTED_EDGE('',*,*,#1189,.F.);
#1578=ORIENTED_EDGE('',*,*,#1168,.F.);
#1579=ORIENTED_EDGE('',*,*,#1190,.F.);
#1580=ORIENTED_EDGE('',*,*,#1099,.F.);
#1581=ORIENTED_EDGE('',*,*,#1190,.T.);
#1582=ORIENTED_EDGE('',*,*,#1163,.F.);
#1583=ORIENTED_EDGE('',*,*,#1191,.T.);
#1584=ORIENTED_EDGE('',*,*,#1104,.F.);
#1585=ORIENTED_EDGE('',*,*,#1191,.F.);
#1586=ORIENTED_EDGE('',*,*,#1162,.F.);
#1587=ORIENTED_EDGE('',*,*,#1192,.F.);
#1588=ORIENTED_EDGE('',*,*,#1193,.T.);
#1589=ORIENTED_EDGE('',*,*,#1194,.T.);
#1590=ORIENTED_EDGE('',*,*,#1105,.F.);
#1591=ORIENTED_EDGE('',*,*,#1192,.T.);
#1592=ORIENTED_EDGE('',*,*,#1157,.F.);
#1593=ORIENTED_EDGE('',*,*,#1195,.T.);
#1594=ORIENTED_EDGE('',*,*,#1110,.F.);
#1595=ORIENTED_EDGE('',*,*,#1195,.F.);
#1596=ORIENTED_EDGE('',*,*,#1156,.F.);
#1597=ORIENTED_EDGE('',*,*,#1196,.F.);
#1598=ORIENTED_EDGE('',*,*,#1111,.F.);
#1599=ORIENTED_EDGE('',*,*,#1196,.T.);
#1600=ORIENTED_EDGE('',*,*,#1151,.F.);
#1601=ORIENTED_EDGE('',*,*,#1128,.T.);
#1602=ORIENTED_EDGE('',*,*,#1149,.F.);
#1603=ORIENTED_EDGE('',*,*,#1153,.F.);
#1604=ORIENTED_EDGE('',*,*,#1155,.F.);
#1605=ORIENTED_EDGE('',*,*,#1159,.F.);
#1606=ORIENTED_EDGE('',*,*,#1161,.F.);
#1607=ORIENTED_EDGE('',*,*,#1165,.F.);
#1608=ORIENTED_EDGE('',*,*,#1167,.F.);
#1609=ORIENTED_EDGE('',*,*,#1171,.F.);
#1610=ORIENTED_EDGE('',*,*,#1173,.F.);
#1611=ORIENTED_EDGE('',*,*,#1176,.F.);
#1612=ORIENTED_EDGE('',*,*,#1178,.F.);
#1613=ORIENTED_EDGE('',*,*,#1180,.F.);
#1614=ORIENTED_EDGE('',*,*,#1182,.F.);
#1615=ORIENTED_EDGE('',*,*,#1184,.F.);
#1616=ORIENTED_EDGE('',*,*,#1186,.F.);
#1617=ORIENTED_EDGE('',*,*,#1187,.F.);
#1618=ORIENTED_EDGE('',*,*,#1197,.F.);
#1619=ORIENTED_EDGE('',*,*,#1198,.F.);
#1620=ORIENTED_EDGE('',*,*,#1199,.T.);
#1621=ORIENTED_EDGE('',*,*,#1200,.F.);
#1622=ORIENTED_EDGE('',*,*,#1201,.F.);
#1623=ORIENTED_EDGE('',*,*,#1202,.T.);
#1624=ORIENTED_EDGE('',*,*,#1203,.F.);
#1625=ORIENTED_EDGE('',*,*,#1204,.T.);
#1626=ORIENTED_EDGE('',*,*,#1205,.F.);
#1627=ORIENTED_EDGE('',*,*,#1206,.T.);
#1628=ORIENTED_EDGE('',*,*,#1207,.F.);
#1629=ORIENTED_EDGE('',*,*,#1208,.T.);
#1630=ORIENTED_EDGE('',*,*,#1209,.F.);
#1631=ORIENTED_EDGE('',*,*,#1210,.T.);
#1632=ORIENTED_EDGE('',*,*,#1211,.F.);
#1633=ORIENTED_EDGE('',*,*,#1212,.T.);
#1634=ORIENTED_EDGE('',*,*,#1213,.F.);
#1635=ORIENTED_EDGE('',*,*,#1214,.T.);
#1636=ORIENTED_EDGE('',*,*,#1215,.F.);
#1637=ORIENTED_EDGE('',*,*,#1216,.F.);
#1638=ORIENTED_EDGE('',*,*,#1217,.T.);
#1639=ORIENTED_EDGE('',*,*,#1218,.F.);
#1640=ORIENTED_EDGE('',*,*,#1219,.F.);
#1641=ORIENTED_EDGE('',*,*,#1220,.T.);
#1642=ORIENTED_EDGE('',*,*,#1221,.F.);
#1643=ORIENTED_EDGE('',*,*,#1222,.F.);
#1644=ORIENTED_EDGE('',*,*,#1223,.T.);
#1645=ORIENTED_EDGE('',*,*,#1224,.F.);
#1646=ORIENTED_EDGE('',*,*,#1225,.T.);
#1647=ORIENTED_EDGE('',*,*,#1226,.F.);
#1648=ORIENTED_EDGE('',*,*,#1227,.T.);
#1649=ORIENTED_EDGE('',*,*,#1228,.F.);
#1650=ORIENTED_EDGE('',*,*,#1229,.T.);
#1651=ORIENTED_EDGE('',*,*,#1230,.F.);
#1652=ORIENTED_EDGE('',*,*,#1231,.T.);
#1653=ORIENTED_EDGE('',*,*,#1232,.F.);
#1654=ORIENTED_EDGE('',*,*,#1233,.T.);
#1655=ORIENTED_EDGE('',*,*,#1234,.F.);
#1656=ORIENTED_EDGE('',*,*,#1235,.T.);
#1657=ORIENTED_EDGE('',*,*,#1236,.F.);
#1658=ORIENTED_EDGE('',*,*,#1237,.T.);
#1659=ORIENTED_EDGE('',*,*,#1238,.F.);
#1660=ORIENTED_EDGE('',*,*,#1239,.T.);
#1661=ORIENTED_EDGE('',*,*,#1132,.T.);
#1662=ORIENTED_EDGE('',*,*,#1240,.T.);
#1663=ORIENTED_EDGE('',*,*,#1241,.T.);
#1664=ORIENTED_EDGE('',*,*,#1242,.T.);
#1665=ORIENTED_EDGE('',*,*,#1242,.F.);
#1666=ORIENTED_EDGE('',*,*,#1243,.F.);
#1667=ORIENTED_EDGE('',*,*,#1244,.F.);
#1668=ORIENTED_EDGE('',*,*,#1133,.F.);
#1669=ORIENTED_EDGE('',*,*,#1134,.T.);
#1670=ORIENTED_EDGE('',*,*,#1244,.T.);
#1671=ORIENTED_EDGE('',*,*,#1245,.T.);
#1672=ORIENTED_EDGE('',*,*,#1246,.T.);
#1673=ORIENTED_EDGE('',*,*,#1247,.F.);
#1674=ORIENTED_EDGE('',*,*,#1248,.T.);
#1675=ORIENTED_EDGE('',*,*,#1142,.T.);
#1676=ORIENTED_EDGE('',*,*,#1249,.T.);
#1677=ORIENTED_EDGE('',*,*,#1247,.T.);
#1678=ORIENTED_EDGE('',*,*,#1250,.T.);
#1679=ORIENTED_EDGE('',*,*,#1251,.T.);
#1680=ORIENTED_EDGE('',*,*,#1252,.T.);
#1681=ORIENTED_EDGE('',*,*,#1253,.T.);
#1682=ORIENTED_EDGE('',*,*,#1254,.T.);
#1683=ORIENTED_EDGE('',*,*,#1255,.T.);
#1684=ORIENTED_EDGE('',*,*,#1256,.T.);
#1685=ORIENTED_EDGE('',*,*,#1245,.F.);
#1686=ORIENTED_EDGE('',*,*,#1243,.T.);
#1687=ORIENTED_EDGE('',*,*,#1241,.F.);
#1688=ORIENTED_EDGE('',*,*,#1257,.T.);
#1689=ORIENTED_EDGE('',*,*,#1258,.T.);
#1690=ORIENTED_EDGE('',*,*,#1259,.T.);
#1691=ORIENTED_EDGE('',*,*,#1260,.T.);
#1692=ORIENTED_EDGE('',*,*,#1261,.T.);
#1693=ORIENTED_EDGE('',*,*,#1262,.F.);
#1694=ORIENTED_EDGE('',*,*,#1263,.F.);
#1695=ORIENTED_EDGE('',*,*,#1264,.F.);
#1696=ORIENTED_EDGE('',*,*,#1265,.F.);
#1697=ORIENTED_EDGE('',*,*,#1266,.F.);
#1698=ORIENTED_EDGE('',*,*,#1267,.F.);
#1699=ORIENTED_EDGE('',*,*,#1268,.F.);
#1700=ORIENTED_EDGE('',*,*,#1269,.F.);
#1701=ORIENTED_EDGE('',*,*,#1270,.F.);
#1702=ORIENTED_EDGE('',*,*,#1271,.F.);
#1703=ORIENTED_EDGE('',*,*,#1272,.F.);
#1704=ORIENTED_EDGE('',*,*,#1273,.F.);
#1705=ORIENTED_EDGE('',*,*,#1274,.F.);
#1706=ORIENTED_EDGE('',*,*,#1275,.F.);
#1707=ORIENTED_EDGE('',*,*,#1276,.F.);
#1708=ORIENTED_EDGE('',*,*,#1277,.F.);
#1709=ORIENTED_EDGE('',*,*,#1278,.F.);
#1710=ORIENTED_EDGE('',*,*,#1279,.F.);
#1711=ORIENTED_EDGE('',*,*,#1280,.F.);
#1712=ORIENTED_EDGE('',*,*,#1281,.T.);
#1713=ORIENTED_EDGE('',*,*,#1282,.F.);
#1714=ORIENTED_EDGE('',*,*,#1283,.T.);
#1715=ORIENTED_EDGE('',*,*,#1284,.F.);
#1716=ORIENTED_EDGE('',*,*,#1285,.F.);
#1717=ORIENTED_EDGE('',*,*,#1286,.T.);
#1718=ORIENTED_EDGE('',*,*,#1287,.F.);
#1719=ORIENTED_EDGE('',*,*,#1288,.F.);
#1720=ORIENTED_EDGE('',*,*,#1289,.F.);
#1721=ORIENTED_EDGE('',*,*,#1290,.F.);
#1722=ORIENTED_EDGE('',*,*,#1291,.F.);
#1723=ORIENTED_EDGE('',*,*,#1292,.F.);
#1724=ORIENTED_EDGE('',*,*,#1293,.F.);
#1725=ORIENTED_EDGE('',*,*,#1294,.F.);
#1726=ORIENTED_EDGE('',*,*,#1295,.F.);
#1727=ORIENTED_EDGE('',*,*,#1296,.F.);
#1728=ORIENTED_EDGE('',*,*,#1297,.F.);
#1729=ORIENTED_EDGE('',*,*,#1298,.F.);
#1730=ORIENTED_EDGE('',*,*,#1299,.F.);
#1731=ORIENTED_EDGE('',*,*,#1300,.F.);
#1732=ORIENTED_EDGE('',*,*,#1301,.T.);
#1733=ORIENTED_EDGE('',*,*,#1302,.F.);
#1734=ORIENTED_EDGE('',*,*,#1303,.F.);
#1735=ORIENTED_EDGE('',*,*,#1304,.T.);
#1736=ORIENTED_EDGE('',*,*,#1249,.F.);
#1737=ORIENTED_EDGE('',*,*,#1141,.F.);
#1738=ORIENTED_EDGE('',*,*,#1305,.F.);
#1739=ORIENTED_EDGE('',*,*,#1250,.F.);
#1740=ORIENTED_EDGE('',*,*,#1251,.F.);
#1741=ORIENTED_EDGE('',*,*,#1305,.T.);
#1742=ORIENTED_EDGE('',*,*,#1140,.T.);
#1743=ORIENTED_EDGE('',*,*,#1306,.T.);
#1744=ORIENTED_EDGE('',*,*,#1253,.F.);
#1745=ORIENTED_EDGE('',*,*,#1307,.T.);
#1746=ORIENTED_EDGE('',*,*,#1138,.T.);
#1747=ORIENTED_EDGE('',*,*,#1308,.T.);
#1748=ORIENTED_EDGE('',*,*,#1308,.F.);
#1749=ORIENTED_EDGE('',*,*,#1137,.F.);
#1750=ORIENTED_EDGE('',*,*,#1309,.F.);
#1751=ORIENTED_EDGE('',*,*,#1254,.F.);
#1752=ORIENTED_EDGE('',*,*,#1255,.F.);
#1753=ORIENTED_EDGE('',*,*,#1309,.T.);
#1754=ORIENTED_EDGE('',*,*,#1136,.T.);
#1755=ORIENTED_EDGE('',*,*,#1310,.T.);
#1756=ORIENTED_EDGE('',*,*,#1260,.F.);
#1757=ORIENTED_EDGE('',*,*,#1311,.T.);
#1758=ORIENTED_EDGE('',*,*,#1144,.T.);
#1759=ORIENTED_EDGE('',*,*,#1312,.T.);
#1760=ORIENTED_EDGE('',*,*,#1311,.F.);
#1761=ORIENTED_EDGE('',*,*,#1259,.F.);
#1762=ORIENTED_EDGE('',*,*,#1313,.F.);
#1763=ORIENTED_EDGE('',*,*,#1145,.F.);
#1764=ORIENTED_EDGE('',*,*,#1258,.F.);
#1765=ORIENTED_EDGE('',*,*,#1314,.T.);
#1766=ORIENTED_EDGE('',*,*,#1146,.T.);
#1767=ORIENTED_EDGE('',*,*,#1313,.T.);
#1768=ORIENTED_EDGE('',*,*,#1240,.F.);
#1769=ORIENTED_EDGE('',*,*,#1147,.F.);
#1770=ORIENTED_EDGE('',*,*,#1314,.F.);
#1771=ORIENTED_EDGE('',*,*,#1257,.F.);
#1772=ORIENTED_EDGE('',*,*,#1197,.T.);
#1773=ORIENTED_EDGE('',*,*,#1315,.T.);
#1774=ORIENTED_EDGE('',*,*,#1262,.T.);
#1775=ORIENTED_EDGE('',*,*,#1316,.T.);
#1776=ORIENTED_EDGE('',*,*,#1316,.F.);
#1777=ORIENTED_EDGE('',*,*,#1304,.F.);
#1778=ORIENTED_EDGE('',*,*,#1317,.T.);
#1779=ORIENTED_EDGE('',*,*,#1198,.T.);
#1780=ORIENTED_EDGE('',*,*,#1281,.F.);
#1781=ORIENTED_EDGE('',*,*,#1318,.T.);
#1782=ORIENTED_EDGE('',*,*,#1221,.T.);
#1783=ORIENTED_EDGE('',*,*,#1319,.T.);
#1784=ORIENTED_EDGE('',*,*,#1319,.F.);
#1785=ORIENTED_EDGE('',*,*,#1220,.F.);
#1786=ORIENTED_EDGE('',*,*,#1320,.F.);
#1787=ORIENTED_EDGE('',*,*,#1282,.T.);
#1788=ORIENTED_EDGE('',*,*,#1218,.T.);
#1789=ORIENTED_EDGE('',*,*,#1321,.T.);
#1790=ORIENTED_EDGE('',*,*,#1284,.T.);
#1791=ORIENTED_EDGE('',*,*,#1322,.T.);
#1792=ORIENTED_EDGE('',*,*,#1321,.F.);
#1793=ORIENTED_EDGE('',*,*,#1217,.F.);
#1794=ORIENTED_EDGE('',*,*,#1323,.F.);
#1795=ORIENTED_EDGE('',*,*,#1285,.T.);
#1796=ORIENTED_EDGE('',*,*,#1295,.T.);
#1797=ORIENTED_EDGE('',*,*,#1324,.T.);
#1798=ORIENTED_EDGE('',*,*,#1207,.T.);
#1799=ORIENTED_EDGE('',*,*,#1325,.T.);
#1800=ORIENTED_EDGE('',*,*,#1324,.F.);
#1801=ORIENTED_EDGE('',*,*,#1294,.T.);
#1802=ORIENTED_EDGE('',*,*,#1326,.F.);
#1803=ORIENTED_EDGE('',*,*,#1208,.F.);
#1804=ORIENTED_EDGE('',*,*,#1297,.T.);
#1805=ORIENTED_EDGE('',*,*,#1327,.T.);
#1806=ORIENTED_EDGE('',*,*,#1205,.T.);
#1807=ORIENTED_EDGE('',*,*,#1328,.T.);
#1808=ORIENTED_EDGE('',*,*,#1325,.F.);
#1809=ORIENTED_EDGE('',*,*,#1206,.F.);
#1810=ORIENTED_EDGE('',*,*,#1327,.F.);
#1811=ORIENTED_EDGE('',*,*,#1296,.T.);
#1812=ORIENTED_EDGE('',*,*,#1203,.T.);
#1813=ORIENTED_EDGE('',*,*,#1329,.T.);
#1814=ORIENTED_EDGE('',*,*,#1299,.T.);
#1815=ORIENTED_EDGE('',*,*,#1330,.T.);
#1816=ORIENTED_EDGE('',*,*,#1329,.F.);
#1817=ORIENTED_EDGE('',*,*,#1202,.F.);
#1818=ORIENTED_EDGE('',*,*,#1331,.F.);
#1819=ORIENTED_EDGE('',*,*,#1300,.T.);
#1820=ORIENTED_EDGE('',*,*,#1201,.T.);
#1821=ORIENTED_EDGE('',*,*,#1332,.T.);
#1822=ORIENTED_EDGE('',*,*,#1301,.F.);
#1823=ORIENTED_EDGE('',*,*,#1331,.T.);
#1824=ORIENTED_EDGE('',*,*,#1332,.F.);
#1825=ORIENTED_EDGE('',*,*,#1200,.T.);
#1826=ORIENTED_EDGE('',*,*,#1333,.T.);
#1827=ORIENTED_EDGE('',*,*,#1302,.T.);
#1828=ORIENTED_EDGE('',*,*,#1333,.F.);
#1829=ORIENTED_EDGE('',*,*,#1199,.F.);
#1830=ORIENTED_EDGE('',*,*,#1317,.F.);
#1831=ORIENTED_EDGE('',*,*,#1303,.T.);
#1832=ORIENTED_EDGE('',*,*,#1238,.T.);
#1833=ORIENTED_EDGE('',*,*,#1334,.T.);
#1834=ORIENTED_EDGE('',*,*,#1264,.T.);
#1835=ORIENTED_EDGE('',*,*,#1335,.T.);
#1836=ORIENTED_EDGE('',*,*,#1334,.F.);
#1837=ORIENTED_EDGE('',*,*,#1237,.F.);
#1838=ORIENTED_EDGE('',*,*,#1336,.F.);
#1839=ORIENTED_EDGE('',*,*,#1265,.T.);
#1840=ORIENTED_EDGE('',*,*,#1266,.T.);
#1841=ORIENTED_EDGE('',*,*,#1336,.T.);
#1842=ORIENTED_EDGE('',*,*,#1236,.T.);
#1843=ORIENTED_EDGE('',*,*,#1337,.T.);
#1844=ORIENTED_EDGE('',*,*,#1234,.T.);
#1845=ORIENTED_EDGE('',*,*,#1338,.T.);
#1846=ORIENTED_EDGE('',*,*,#1268,.T.);
#1847=ORIENTED_EDGE('',*,*,#1339,.T.);
#1848=ORIENTED_EDGE('',*,*,#1338,.F.);
#1849=ORIENTED_EDGE('',*,*,#1233,.F.);
#1850=ORIENTED_EDGE('',*,*,#1340,.F.);
#1851=ORIENTED_EDGE('',*,*,#1269,.T.);
#1852=ORIENTED_EDGE('',*,*,#1270,.T.);
#1853=ORIENTED_EDGE('',*,*,#1340,.T.);
#1854=ORIENTED_EDGE('',*,*,#1232,.T.);
#1855=ORIENTED_EDGE('',*,*,#1341,.T.);
#1856=ORIENTED_EDGE('',*,*,#1272,.T.);
#1857=ORIENTED_EDGE('',*,*,#1342,.T.);
#1858=ORIENTED_EDGE('',*,*,#1230,.T.);
#1859=ORIENTED_EDGE('',*,*,#1343,.T.);
#1860=ORIENTED_EDGE('',*,*,#1341,.F.);
#1861=ORIENTED_EDGE('',*,*,#1231,.F.);
#1862=ORIENTED_EDGE('',*,*,#1342,.F.);
#1863=ORIENTED_EDGE('',*,*,#1271,.T.);
#1864=ORIENTED_EDGE('',*,*,#1274,.T.);
#1865=ORIENTED_EDGE('',*,*,#1344,.T.);
#1866=ORIENTED_EDGE('',*,*,#1228,.T.);
#1867=ORIENTED_EDGE('',*,*,#1345,.T.);
#1868=ORIENTED_EDGE('',*,*,#1343,.F.);
#1869=ORIENTED_EDGE('',*,*,#1229,.F.);
#1870=ORIENTED_EDGE('',*,*,#1344,.F.);
#1871=ORIENTED_EDGE('',*,*,#1273,.T.);
#1872=ORIENTED_EDGE('',*,*,#1226,.T.);
#1873=ORIENTED_EDGE('',*,*,#1346,.T.);
#1874=ORIENTED_EDGE('',*,*,#1276,.T.);
#1875=ORIENTED_EDGE('',*,*,#1347,.T.);
#1876=ORIENTED_EDGE('',*,*,#1346,.F.);
#1877=ORIENTED_EDGE('',*,*,#1225,.F.);
#1878=ORIENTED_EDGE('',*,*,#1348,.F.);
#1879=ORIENTED_EDGE('',*,*,#1277,.T.);
#1880=ORIENTED_EDGE('',*,*,#1278,.T.);
#1881=ORIENTED_EDGE('',*,*,#1348,.T.);
#1882=ORIENTED_EDGE('',*,*,#1224,.T.);
#1883=ORIENTED_EDGE('',*,*,#1349,.T.);
#1884=ORIENTED_EDGE('',*,*,#1318,.F.);
#1885=ORIENTED_EDGE('',*,*,#1280,.T.);
#1886=ORIENTED_EDGE('',*,*,#1350,.T.);
#1887=ORIENTED_EDGE('',*,*,#1222,.T.);
#1888=ORIENTED_EDGE('',*,*,#1322,.F.);
#1889=ORIENTED_EDGE('',*,*,#1283,.F.);
#1890=ORIENTED_EDGE('',*,*,#1320,.T.);
#1891=ORIENTED_EDGE('',*,*,#1219,.T.);
#1892=ORIENTED_EDGE('',*,*,#1216,.T.);
#1893=ORIENTED_EDGE('',*,*,#1351,.T.);
#1894=ORIENTED_EDGE('',*,*,#1286,.F.);
#1895=ORIENTED_EDGE('',*,*,#1323,.T.);
#1896=ORIENTED_EDGE('',*,*,#1351,.F.);
#1897=ORIENTED_EDGE('',*,*,#1215,.T.);
#1898=ORIENTED_EDGE('',*,*,#1352,.T.);
#1899=ORIENTED_EDGE('',*,*,#1287,.T.);
#1900=ORIENTED_EDGE('',*,*,#1352,.F.);
#1901=ORIENTED_EDGE('',*,*,#1214,.F.);
#1902=ORIENTED_EDGE('',*,*,#1353,.F.);
#1903=ORIENTED_EDGE('',*,*,#1288,.T.);
#1904=ORIENTED_EDGE('',*,*,#1289,.T.);
#1905=ORIENTED_EDGE('',*,*,#1353,.T.);
#1906=ORIENTED_EDGE('',*,*,#1213,.T.);
#1907=ORIENTED_EDGE('',*,*,#1354,.T.);
#1908=ORIENTED_EDGE('',*,*,#1211,.T.);
#1909=ORIENTED_EDGE('',*,*,#1355,.T.);
#1910=ORIENTED_EDGE('',*,*,#1291,.T.);
#1911=ORIENTED_EDGE('',*,*,#1356,.T.);
#1912=ORIENTED_EDGE('',*,*,#1354,.F.);
#1913=ORIENTED_EDGE('',*,*,#1212,.F.);
#1914=ORIENTED_EDGE('',*,*,#1356,.F.);
#1915=ORIENTED_EDGE('',*,*,#1290,.T.);
#1916=ORIENTED_EDGE('',*,*,#1293,.T.);
#1917=ORIENTED_EDGE('',*,*,#1357,.T.);
#1918=ORIENTED_EDGE('',*,*,#1209,.T.);
#1919=ORIENTED_EDGE('',*,*,#1326,.T.);
#1920=ORIENTED_EDGE('',*,*,#1355,.F.);
#1921=ORIENTED_EDGE('',*,*,#1210,.F.);
#1922=ORIENTED_EDGE('',*,*,#1357,.F.);
#1923=ORIENTED_EDGE('',*,*,#1292,.T.);
#1924=ORIENTED_EDGE('',*,*,#1193,.F.);
#1925=ORIENTED_EDGE('',*,*,#1358,.T.);
#1926=ORIENTED_EDGE('',*,*,#1359,.T.);
#1927=ORIENTED_EDGE('',*,*,#1358,.F.);
#1928=ORIENTED_EDGE('',*,*,#1359,.F.);
#1929=ORIENTED_EDGE('',*,*,#1360,.F.);
#1930=ORIENTED_EDGE('',*,*,#1194,.F.);
#1931=ORIENTED_EDGE('',*,*,#1361,.T.);
#1932=ORIENTED_EDGE('',*,*,#1362,.T.);
#1933=ORIENTED_EDGE('',*,*,#1361,.F.);
#1934=ORIENTED_EDGE('',*,*,#1362,.F.);
#1935=ORIENTED_EDGE('',*,*,#1363,.F.);
#1936=ORIENTED_EDGE('',*,*,#1130,.F.);
#1937=ORIENTED_EDGE('',*,*,#1364,.T.);
#1938=ORIENTED_EDGE('',*,*,#1365,.T.);
#1939=ORIENTED_EDGE('',*,*,#1364,.F.);
#1940=ORIENTED_EDGE('',*,*,#1365,.F.);
#1941=ORIENTED_EDGE('',*,*,#1366,.F.);
#1942=ORIENTED_EDGE('',*,*,#1131,.F.);
#1943=ORIENTED_EDGE('',*,*,#1367,.T.);
#1944=ORIENTED_EDGE('',*,*,#1368,.T.);
#1945=ORIENTED_EDGE('',*,*,#1367,.F.);
#1946=ORIENTED_EDGE('',*,*,#1368,.F.);
#1947=ORIENTED_EDGE('',*,*,#1369,.F.);
#1948=ORIENTED_EDGE('',*,*,#1370,.F.);
#1949=ORIENTED_EDGE('',*,*,#1371,.T.);
#1950=ORIENTED_EDGE('',*,*,#1363,.T.);
#1951=ORIENTED_EDGE('',*,*,#1371,.F.);
#1952=ORIENTED_EDGE('',*,*,#1372,.F.);
#1953=ORIENTED_EDGE('',*,*,#1373,.T.);
#1954=ORIENTED_EDGE('',*,*,#1360,.T.);
#1955=ORIENTED_EDGE('',*,*,#1373,.F.);
#1956=ORIENTED_EDGE('',*,*,#1374,.F.);
#1957=ORIENTED_EDGE('',*,*,#1375,.T.);
#1958=ORIENTED_EDGE('',*,*,#1366,.T.);
#1959=ORIENTED_EDGE('',*,*,#1375,.F.);
#1960=ORIENTED_EDGE('',*,*,#1376,.F.);
#1961=ORIENTED_EDGE('',*,*,#1377,.T.);
#1962=ORIENTED_EDGE('',*,*,#1369,.T.);
#1963=ORIENTED_EDGE('',*,*,#1377,.F.);
#1964=ORIENTED_EDGE('',*,*,#1248,.F.);
#1965=ORIENTED_EDGE('',*,*,#1261,.F.);
#1966=ORIENTED_EDGE('',*,*,#1312,.F.);
#1967=ORIENTED_EDGE('',*,*,#1143,.F.);
#1968=ORIENTED_EDGE('',*,*,#1370,.T.);
#1969=ORIENTED_EDGE('',*,*,#1372,.T.);
#1970=ORIENTED_EDGE('',*,*,#1306,.F.);
#1971=ORIENTED_EDGE('',*,*,#1139,.F.);
#1972=ORIENTED_EDGE('',*,*,#1307,.F.);
#1973=ORIENTED_EDGE('',*,*,#1252,.F.);
#1974=ORIENTED_EDGE('',*,*,#1374,.T.);
#1975=ORIENTED_EDGE('',*,*,#1376,.T.);
#1976=ORIENTED_EDGE('',*,*,#1246,.F.);
#1977=ORIENTED_EDGE('',*,*,#1256,.F.);
#1978=ORIENTED_EDGE('',*,*,#1310,.F.);
#1979=ORIENTED_EDGE('',*,*,#1135,.F.);
#1980=ORIENTED_EDGE('',*,*,#1328,.F.);
#1981=ORIENTED_EDGE('',*,*,#1204,.F.);
#1982=ORIENTED_EDGE('',*,*,#1330,.F.);
#1983=ORIENTED_EDGE('',*,*,#1298,.T.);
#1984=ORIENTED_EDGE('',*,*,#1315,.F.);
#1985=ORIENTED_EDGE('',*,*,#1239,.F.);
#1986=ORIENTED_EDGE('',*,*,#1335,.F.);
#1987=ORIENTED_EDGE('',*,*,#1263,.T.);
#1988=ORIENTED_EDGE('',*,*,#1337,.F.);
#1989=ORIENTED_EDGE('',*,*,#1235,.F.);
#1990=ORIENTED_EDGE('',*,*,#1339,.F.);
#1991=ORIENTED_EDGE('',*,*,#1267,.T.);
#1992=ORIENTED_EDGE('',*,*,#1345,.F.);
#1993=ORIENTED_EDGE('',*,*,#1227,.F.);
#1994=ORIENTED_EDGE('',*,*,#1347,.F.);
#1995=ORIENTED_EDGE('',*,*,#1275,.T.);
#1996=ORIENTED_EDGE('',*,*,#1349,.F.);
#1997=ORIENTED_EDGE('',*,*,#1223,.F.);
#1998=ORIENTED_EDGE('',*,*,#1350,.F.);
#1999=ORIENTED_EDGE('',*,*,#1279,.T.);
#2000=ORIENTED_EDGE('',*,*,#1092,.F.);
#2001=ORIENTED_EDGE('',*,*,#1115,.F.);
#2002=ORIENTED_EDGE('',*,*,#1174,.F.);
#2003=ORIENTED_EDGE('',*,*,#1188,.F.);
#2004=PLANE('',#2198);
#2005=PLANE('',#2202);
#2006=PLANE('',#2206);
#2007=PLANE('',#2210);
#2008=PLANE('',#2214);
#2009=PLANE('',#2218);
#2010=PLANE('',#2222);
#2011=PLANE('',#2226);
#2012=PLANE('',#2232);
#2013=PLANE('',#2235);
#2014=PLANE('',#2238);
#2015=PLANE('',#2241);
#2016=PLANE('',#2244);
#2017=PLANE('',#2253);
#2018=PLANE('',#2257);
#2019=PLANE('',#2261);
#2020=PLANE('',#2265);
#2021=PLANE('',#2269);
#2022=PLANE('',#2272);
#2023=PLANE('',#2275);
#2024=PLANE('',#2278);
#2025=PLANE('',#2282);
#2026=PLANE('',#2284);
#2027=PLANE('',#2288);
#2028=PLANE('',#2290);
#2029=PLANE('',#2317);
#2030=PLANE('',#2322);
#2031=PLANE('',#2352);
#2032=PLANE('',#2355);
#2033=PLANE('',#2358);
#2034=PLANE('',#2360);
#2035=PLANE('',#2364);
#2036=PLANE('',#2366);
#2037=PLANE('',#2368);
#2038=PLANE('',#2370);
#2039=PLANE('',#2372);
#2040=PLANE('',#2375);
#2041=PLANE('',#2377);
#2042=PLANE('',#2380);
#2043=PLANE('',#2383);
#2044=PLANE('',#2385);
#2045=PLANE('',#2387);
#2046=PLANE('',#2393);
#2047=PLANE('',#2396);
#2048=PLANE('',#2398);
#2049=PLANE('',#2401);
#2050=PLANE('',#2405);
#2051=PLANE('',#2409);
#2052=PLANE('',#2413);
#2053=PLANE('',#2423);
#2054=PLANE('',#2424);
#2055=PLANE('',#2425);
#2056=PLANE('',#2426);
#2057=PLANE('',#2427);
#2058=PLANE('',#2428);
#2059=PLANE('',#2429);
#2060=PLANE('',#2430);
#2061=PLANE('',#2431);
#2062=ADVANCED_FACE('',(#206),#2004,.T.);
#2063=ADVANCED_FACE('',(#207),#190,.T.);
#2064=ADVANCED_FACE('',(#208),#2005,.T.);
#2065=ADVANCED_FACE('',(#209),#191,.T.);
#2066=ADVANCED_FACE('',(#210),#2006,.T.);
#2067=ADVANCED_FACE('',(#211),#192,.F.);
#2068=ADVANCED_FACE('',(#212),#2007,.T.);
#2069=ADVANCED_FACE('',(#213),#193,.F.);
#2070=ADVANCED_FACE('',(#214),#2008,.T.);
#2071=ADVANCED_FACE('',(#215),#194,.T.);
#2072=ADVANCED_FACE('',(#216),#2009,.T.);
#2073=ADVANCED_FACE('',(#217),#195,.T.);
#2074=ADVANCED_FACE('',(#218),#2010,.T.);
#2075=ADVANCED_FACE('',(#219),#196,.T.);
#2076=ADVANCED_FACE('',(#220),#2011,.T.);
#2077=ADVANCED_FACE('',(#221),#197,.T.);
#2078=ADVANCED_FACE('',(#222),#30,.F.);
#2079=ADVANCED_FACE('',(#223),#2012,.T.);
#2080=ADVANCED_FACE('',(#224),#31,.F.);
#2081=ADVANCED_FACE('',(#225),#2013,.T.);
#2082=ADVANCED_FACE('',(#226),#32,.T.);
#2083=ADVANCED_FACE('',(#227),#2014,.T.);
#2084=ADVANCED_FACE('',(#228),#33,.T.);
#2085=ADVANCED_FACE('',(#229,#15,#16),#2015,.T.);
#2086=ADVANCED_FACE('',(#230,#17),#2016,.T.);
#2087=ADVANCED_FACE('',(#231),#2017,.T.);
#2088=ADVANCED_FACE('',(#232),#198,.T.);
#2089=ADVANCED_FACE('',(#233),#2018,.T.);
#2090=ADVANCED_FACE('',(#234),#199,.T.);
#2091=ADVANCED_FACE('',(#235),#2019,.T.);
#2092=ADVANCED_FACE('',(#236),#200,.T.);
#2093=ADVANCED_FACE('',(#237),#2020,.T.);
#2094=ADVANCED_FACE('',(#238),#201,.T.);
#2095=ADVANCED_FACE('',(#239),#2021,.T.);
#2096=ADVANCED_FACE('',(#240),#202,.F.);
#2097=ADVANCED_FACE('',(#241),#2022,.T.);
#2098=ADVANCED_FACE('',(#242),#203,.F.);
#2099=ADVANCED_FACE('',(#243),#2023,.T.);
#2100=ADVANCED_FACE('',(#244),#204,.T.);
#2101=ADVANCED_FACE('',(#245),#2024,.T.);
#2102=ADVANCED_FACE('',(#246),#205,.T.);
#2103=ADVANCED_FACE('',(#247),#34,.T.);
#2104=ADVANCED_FACE('',(#248),#2025,.T.);
#2105=ADVANCED_FACE('',(#249),#35,.T.);
#2106=ADVANCED_FACE('',(#250,#18,#19),#2026,.T.);
#2107=ADVANCED_FACE('',(#251),#36,.T.);
#2108=ADVANCED_FACE('',(#252),#2027,.T.);
#2109=ADVANCED_FACE('',(#253),#37,.T.);
#2110=ADVANCED_FACE('',(#254,#20),#2028,.T.);
#2111=ADVANCED_FACE('',(#255),#38,.T.);
#2112=ADVANCED_FACE('',(#256),#2029,.T.);
#2113=ADVANCED_FACE('',(#257),#39,.T.);
#2114=ADVANCED_FACE('',(#258),#40,.F.);
#2115=ADVANCED_FACE('',(#259,#21),#2030,.F.);
#2116=ADVANCED_FACE('',(#260),#2031,.T.);
#2117=ADVANCED_FACE('',(#261),#41,.F.);
#2118=ADVANCED_FACE('',(#262),#42,.F.);
#2119=ADVANCED_FACE('',(#263),#2032,.T.);
#2120=ADVANCED_FACE('',(#264),#43,.F.);
#2121=ADVANCED_FACE('',(#265),#44,.F.);
#2122=ADVANCED_FACE('',(#266),#2033,.T.);
#2123=ADVANCED_FACE('',(#267),#45,.F.);
#2124=ADVANCED_FACE('',(#268),#2034,.T.);
#2125=ADVANCED_FACE('',(#269),#46,.T.);
#2126=ADVANCED_FACE('',(#270),#47,.F.);
#2127=ADVANCED_FACE('',(#271),#48,.F.);
#2128=ADVANCED_FACE('',(#272),#2035,.T.);
#2129=ADVANCED_FACE('',(#273),#49,.T.);
#2130=ADVANCED_FACE('',(#274),#2036,.T.);
#2131=ADVANCED_FACE('',(#275),#50,.F.);
#2132=ADVANCED_FACE('',(#276),#2037,.T.);
#2133=ADVANCED_FACE('',(#277),#51,.F.);
#2134=ADVANCED_FACE('',(#278),#2038,.T.);
#2135=ADVANCED_FACE('',(#279),#52,.T.);
#2136=ADVANCED_FACE('',(#280),#2039,.T.);
#2137=ADVANCED_FACE('',(#281),#53,.F.);
#2138=ADVANCED_FACE('',(#282),#54,.T.);
#2139=ADVANCED_FACE('',(#283),#2040,.T.);
#2140=ADVANCED_FACE('',(#284),#55,.T.);
#2141=ADVANCED_FACE('',(#285),#2041,.T.);
#2142=ADVANCED_FACE('',(#286),#56,.F.);
#2143=ADVANCED_FACE('',(#287),#57,.T.);
#2144=ADVANCED_FACE('',(#288),#2042,.T.);
#2145=ADVANCED_FACE('',(#289),#58,.F.);
#2146=ADVANCED_FACE('',(#290),#59,.F.);
#2147=ADVANCED_FACE('',(#291),#2043,.T.);
#2148=ADVANCED_FACE('',(#292),#60,.F.);
#2149=ADVANCED_FACE('',(#293),#2044,.T.);
#2150=ADVANCED_FACE('',(#294),#61,.T.);
#2151=ADVANCED_FACE('',(#295),#2045,.T.);
#2152=ADVANCED_FACE('',(#296),#62,.F.);
#2153=ADVANCED_FACE('',(#297),#63,.T.);
#2154=ADVANCED_FACE('',(#298),#64,.F.);
#2155=ADVANCED_FACE('',(#299),#65,.F.);
#2156=ADVANCED_FACE('',(#300),#66,.T.);
#2157=ADVANCED_FACE('',(#301),#2046,.T.);
#2158=ADVANCED_FACE('',(#302),#67,.F.);
#2159=ADVANCED_FACE('',(#303),#68,.T.);
#2160=ADVANCED_FACE('',(#304),#2047,.T.);
#2161=ADVANCED_FACE('',(#305),#69,.F.);
#2162=ADVANCED_FACE('',(#306),#2048,.T.);
#2163=ADVANCED_FACE('',(#307),#70,.F.);
#2164=ADVANCED_FACE('',(#308,#22),#2049,.T.);
#2165=ADVANCED_FACE('',(#309),#71,.F.);
#2166=ADVANCED_FACE('',(#310,#23),#2050,.T.);
#2167=ADVANCED_FACE('',(#311),#72,.F.);
#2168=ADVANCED_FACE('',(#312,#24),#2051,.T.);
#2169=ADVANCED_FACE('',(#313),#73,.F.);
#2170=ADVANCED_FACE('',(#314,#25),#2052,.T.);
#2171=ADVANCED_FACE('',(#315),#74,.F.);
#2172=ADVANCED_FACE('',(#316),#75,.F.);
#2173=ADVANCED_FACE('',(#317),#76,.F.);
#2174=ADVANCED_FACE('',(#318),#77,.F.);
#2175=ADVANCED_FACE('',(#319,#26,#27),#2053,.T.);
#2176=ADVANCED_FACE('',(#320,#28,#29),#2054,.T.);
#2177=ADVANCED_FACE('',(#321),#2055,.T.);
#2178=ADVANCED_FACE('',(#322),#2056,.T.);
#2179=ADVANCED_FACE('',(#323),#2057,.T.);
#2180=ADVANCED_FACE('',(#324),#2058,.T.);
#2181=ADVANCED_FACE('',(#325),#2059,.T.);
#2182=ADVANCED_FACE('',(#326),#2060,.T.);
#2183=ADVANCED_FACE('',(#327),#2061,.T.);
#2184=CLOSED_SHELL('',(#2062,#2063,#2064,#2065,#2066,#2067,#2068,#2069,
#2070,#2071,#2072,#2073,#2074,#2075,#2076,#2077,#2078,#2079,#2080,#2081,
#2082,#2083,#2084,#2085,#2086,#2087,#2088,#2089,#2090,#2091,#2092,#2093,
#2094,#2095,#2096,#2097,#2098,#2099,#2100,#2101,#2102,#2103,#2104,#2105,
#2106,#2107,#2108,#2109,#2110,#2111,#2112,#2113,#2114,#2115,#2116,#2117,
#2118,#2119,#2120,#2121,#2122,#2123,#2124,#2125,#2126,#2127,#2128,#2129,
#2130,#2131,#2132,#2133,#2134,#2135,#2136,#2137,#2138,#2139,#2140,#2141,
#2142,#2143,#2144,#2145,#2146,#2147,#2148,#2149,#2150,#2151,#2152,#2153,
#2154,#2155,#2156,#2157,#2158,#2159,#2160,#2161,#2162,#2163,#2164,#2165,
#2166,#2167,#2168,#2169,#2170,#2171,#2172,#2173,#2174,#2175,#2176,#2177,
#2178,#2179,#2180,#2181,#2182,#2183));
#2185=DERIVED_UNIT_ELEMENT(#2187,1.);
#2186=DERIVED_UNIT_ELEMENT(#3742,-3.);
#2187=(
MASS_UNIT()
NAMED_UNIT(*)
SI_UNIT(.KILO.,.GRAM.)
);
#2188=DERIVED_UNIT((#2185,#2186));
#2189=MEASURE_REPRESENTATION_ITEM('density measure',
POSITIVE_RATIO_MEASURE(7850.),#2188);
#2190=PROPERTY_DEFINITION_REPRESENTATION(#2195,#2192);
#2191=PROPERTY_DEFINITION_REPRESENTATION(#2196,#2193);
#2192=REPRESENTATION('material name',(#2194),#3739);
#2193=REPRESENTATION('density',(#2189),#3739);
#2194=DESCRIPTIVE_REPRESENTATION_ITEM('\X2\92FC\X0\','\X2\92FC\X0\');
#2195=PROPERTY_DEFINITION('material property','material name',#3749);
#2196=PROPERTY_DEFINITION('material property','density of part',#3749);
#2197=AXIS2_PLACEMENT_3D('',#3103,#2432,#2433);
#2198=AXIS2_PLACEMENT_3D('',#3104,#2434,#2435);
#2199=AXIS2_PLACEMENT_3D('',#3113,#2440,#2441);
#2200=AXIS2_PLACEMENT_3D('',#3115,#2442,#2443);
#2201=AXIS2_PLACEMENT_3D('',#3118,#2445,#2446);
#2202=AXIS2_PLACEMENT_3D('',#3119,#2447,#2448);
#2203=AXIS2_PLACEMENT_3D('',#3125,#2452,#2453);
#2204=AXIS2_PLACEMENT_3D('',#3127,#2454,#2455);
#2205=AXIS2_PLACEMENT_3D('',#3130,#2457,#2458);
#2206=AXIS2_PLACEMENT_3D('',#3131,#2459,#2460);
#2207=AXIS2_PLACEMENT_3D('',#3137,#2464,#2465);
#2208=AXIS2_PLACEMENT_3D('',#3139,#2466,#2467);
#2209=AXIS2_PLACEMENT_3D('',#3142,#2469,#2470);
#2210=AXIS2_PLACEMENT_3D('',#3143,#2471,#2472);
#2211=AXIS2_PLACEMENT_3D('',#3149,#2476,#2477);
#2212=AXIS2_PLACEMENT_3D('',#3151,#2478,#2479);
#2213=AXIS2_PLACEMENT_3D('',#3154,#2481,#2482);
#2214=AXIS2_PLACEMENT_3D('',#3155,#2483,#2484);
#2215=AXIS2_PLACEMENT_3D('',#3161,#2488,#2489);
#2216=AXIS2_PLACEMENT_3D('',#3163,#2490,#2491);
#2217=AXIS2_PLACEMENT_3D('',#3166,#2493,#2494);
#2218=AXIS2_PLACEMENT_3D('',#3167,#2495,#2496);
#2219=AXIS2_PLACEMENT_3D('',#3173,#2500,#2501);
#2220=AXIS2_PLACEMENT_3D('',#3175,#2502,#2503);
#2221=AXIS2_PLACEMENT_3D('',#3178,#2505,#2506);
#2222=AXIS2_PLACEMENT_3D('',#3179,#2507,#2508);
#2223=AXIS2_PLACEMENT_3D('',#3185,#2512,#2513);
#2224=AXIS2_PLACEMENT_3D('',#3187,#2514,#2515);
#2225=AXIS2_PLACEMENT_3D('',#3190,#2517,#2518);
#2226=AXIS2_PLACEMENT_3D('',#3191,#2519,#2520);
#2227=AXIS2_PLACEMENT_3D('',#3197,#2524,#2525);
#2228=AXIS2_PLACEMENT_3D('',#3198,#2526,#2527);
#2229=AXIS2_PLACEMENT_3D('',#3199,#2528,#2529);
#2230=AXIS2_PLACEMENT_3D('',#3200,#2530,#2531);
#2231=AXIS2_PLACEMENT_3D('',#3204,#2533,#2534);
#2232=AXIS2_PLACEMENT_3D('',#3206,#2536,#2537);
#2233=AXIS2_PLACEMENT_3D('',#3210,#2540,#2541);
#2234=AXIS2_PLACEMENT_3D('',#3213,#2543,#2544);
#2235=AXIS2_PLACEMENT_3D('',#3214,#2545,#2546);
#2236=AXIS2_PLACEMENT_3D('',#3218,#2549,#2550);
#2237=AXIS2_PLACEMENT_3D('',#3221,#2552,#2553);
#2238=AXIS2_PLACEMENT_3D('',#3222,#2554,#2555);
#2239=AXIS2_PLACEMENT_3D('',#3226,#2558,#2559);
#2240=AXIS2_PLACEMENT_3D('',#3229,#2561,#2562);
#2241=AXIS2_PLACEMENT_3D('',#3230,#2563,#2564);
#2242=AXIS2_PLACEMENT_3D('',#3235,#2567,#2568);
#2243=AXIS2_PLACEMENT_3D('',#3237,#2569,#2570);
#2244=AXIS2_PLACEMENT_3D('',#3238,#2571,#2572);
#2245=AXIS2_PLACEMENT_3D('',#3241,#2573,#2574);
#2246=AXIS2_PLACEMENT_3D('',#3245,#2576,#2577);
#2247=AXIS2_PLACEMENT_3D('',#3249,#2579,#2580);
#2248=AXIS2_PLACEMENT_3D('',#3253,#2582,#2583);
#2249=AXIS2_PLACEMENT_3D('',#3257,#2585,#2586);
#2250=AXIS2_PLACEMENT_3D('',#3261,#2588,#2589);
#2251=AXIS2_PLACEMENT_3D('',#3265,#2591,#2592);
#2252=AXIS2_PLACEMENT_3D('',#3269,#2594,#2595);
#2253=AXIS2_PLACEMENT_3D('',#3271,#2597,#2598);
#2254=AXIS2_PLACEMENT_3D('',#3277,#2602,#2603);
#2255=AXIS2_PLACEMENT_3D('',#3279,#2604,#2605);
#2256=AXIS2_PLACEMENT_3D('',#3282,#2607,#2608);
#2257=AXIS2_PLACEMENT_3D('',#3283,#2609,#2610);
#2258=AXIS2_PLACEMENT_3D('',#3289,#2614,#2615);
#2259=AXIS2_PLACEMENT_3D('',#3291,#2616,#2617);
#2260=AXIS2_PLACEMENT_3D('',#3294,#2619,#2620);
#2261=AXIS2_PLACEMENT_3D('',#3295,#2621,#2622);
#2262=AXIS2_PLACEMENT_3D('',#3301,#2626,#2627);
#2263=AXIS2_PLACEMENT_3D('',#3303,#2628,#2629);
#2264=AXIS2_PLACEMENT_3D('',#3306,#2631,#2632);
#2265=AXIS2_PLACEMENT_3D('',#3307,#2633,#2634);
#2266=AXIS2_PLACEMENT_3D('',#3313,#2638,#2639);
#2267=AXIS2_PLACEMENT_3D('',#3315,#2640,#2641);
#2268=AXIS2_PLACEMENT_3D('',#3318,#2643,#2644);
#2269=AXIS2_PLACEMENT_3D('',#3319,#2645,#2646);
#2270=AXIS2_PLACEMENT_3D('',#3324,#2650,#2651);
#2271=AXIS2_PLACEMENT_3D('',#3327,#2653,#2654);
#2272=AXIS2_PLACEMENT_3D('',#3328,#2655,#2656);
#2273=AXIS2_PLACEMENT_3D('',#3332,#2659,#2660);
#2274=AXIS2_PLACEMENT_3D('',#3335,#2662,#2663);
#2275=AXIS2_PLACEMENT_3D('',#3336,#2664,#2665);
#2276=AXIS2_PLACEMENT_3D('',#3340,#2668,#2669);
#2277=AXIS2_PLACEMENT_3D('',#3343,#2671,#2672);
#2278=AXIS2_PLACEMENT_3D('',#3344,#2673,#2674);
#2279=AXIS2_PLACEMENT_3D('',#3348,#2677,#2678);
#2280=AXIS2_PLACEMENT_3D('',#3349,#2679,#2680);
#2281=AXIS2_PLACEMENT_3D('',#3350,#2681,#2682);
#2282=AXIS2_PLACEMENT_3D('',#3353,#2685,#2686);
#2283=AXIS2_PLACEMENT_3D('',#3355,#2688,#2689);
#2284=AXIS2_PLACEMENT_3D('',#3357,#2691,#2692);
#2285=AXIS2_PLACEMENT_3D('',#3360,#2694,#2695);
#2286=AXIS2_PLACEMENT_3D('',#3362,#2696,#2697);
#2287=AXIS2_PLACEMENT_3D('',#3363,#2698,#2699);
#2288=AXIS2_PLACEMENT_3D('',#3365,#2701,#2702);
#2289=AXIS2_PLACEMENT_3D('',#3367,#2704,#2705);
#2290=AXIS2_PLACEMENT_3D('',#3368,#2706,#2707);
#2291=AXIS2_PLACEMENT_3D('',#3371,#2708,#2709);
#2292=AXIS2_PLACEMENT_3D('',#3373,#2710,#2711);
#2293=AXIS2_PLACEMENT_3D('',#3377,#2713,#2714);
#2294=AXIS2_PLACEMENT_3D('',#3379,#2715,#2716);
#2295=AXIS2_PLACEMENT_3D('',#3383,#2718,#2719);
#2296=AXIS2_PLACEMENT_3D('',#3387,#2721,#2722);
#2297=AXIS2_PLACEMENT_3D('',#3391,#2724,#2725);
#2298=AXIS2_PLACEMENT_3D('',#3395,#2727,#2728);
#2299=AXIS2_PLACEMENT_3D('',#3399,#2730,#2731);
#2300=AXIS2_PLACEMENT_3D('',#3403,#2733,#2734);
#2301=AXIS2_PLACEMENT_3D('',#3407,#2736,#2737);
#2302=AXIS2_PLACEMENT_3D('',#3409,#2738,#2739);
#2303=AXIS2_PLACEMENT_3D('',#3413,#2741,#2742);
#2304=AXIS2_PLACEMENT_3D('',#3415,#2743,#2744);
#2305=AXIS2_PLACEMENT_3D('',#3419,#2746,#2747);
#2306=AXIS2_PLACEMENT_3D('',#3421,#2748,#2749);
#2307=AXIS2_PLACEMENT_3D('',#3425,#2751,#2752);
#2308=AXIS2_PLACEMENT_3D('',#3429,#2754,#2755);
#2309=AXIS2_PLACEMENT_3D('',#3433,#2757,#2758);
#2310=AXIS2_PLACEMENT_3D('',#3437,#2760,#2761);
#2311=AXIS2_PLACEMENT_3D('',#3441,#2763,#2764);
#2312=AXIS2_PLACEMENT_3D('',#3445,#2766,#2767);
#2313=AXIS2_PLACEMENT_3D('',#3449,#2769,#2770);
#2314=AXIS2_PLACEMENT_3D('',#3453,#2772,#2773);
#2315=AXIS2_PLACEMENT_3D('',#3455,#2775,#2776);
#2316=AXIS2_PLACEMENT_3D('',#3459,#2778,#2779);
#2317=AXIS2_PLACEMENT_3D('',#3461,#2781,#2782);
#2318=AXIS2_PLACEMENT_3D('',#3465,#2785,#2786);
#2319=AXIS2_PLACEMENT_3D('',#3467,#2787,#2788);
#2320=AXIS2_PLACEMENT_3D('',#3469,#2790,#2791);
#2321=AXIS2_PLACEMENT_3D('',#3472,#2792,#2793);
#2322=AXIS2_PLACEMENT_3D('',#3475,#2796,#2797);
#2323=AXIS2_PLACEMENT_3D('',#3479,#2799,#2800);
#2324=AXIS2_PLACEMENT_3D('',#3483,#2802,#2803);
#2325=AXIS2_PLACEMENT_3D('',#3487,#2805,#2806);
#2326=AXIS2_PLACEMENT_3D('',#3492,#2809,#2810);
#2327=AXIS2_PLACEMENT_3D('',#3496,#2812,#2813);
#2328=AXIS2_PLACEMENT_3D('',#3500,#2815,#2816);
#2329=AXIS2_PLACEMENT_3D('',#3504,#2818,#2819);
#2330=AXIS2_PLACEMENT_3D('',#3508,#2821,#2822);
#2331=AXIS2_PLACEMENT_3D('',#3512,#2824,#2825);
#2332=AXIS2_PLACEMENT_3D('',#3516,#2827,#2828);
#2333=AXIS2_PLACEMENT_3D('',#3520,#2830,#2831);
#2334=AXIS2_PLACEMENT_3D('',#3524,#2833,#2834);
#2335=AXIS2_PLACEMENT_3D('',#3528,#2836,#2837);
#2336=AXIS2_PLACEMENT_3D('',#3532,#2839,#2840);
#2337=AXIS2_PLACEMENT_3D('',#3536,#2842,#2843);
#2338=AXIS2_PLACEMENT_3D('',#3538,#2844,#2845);
#2339=AXIS2_PLACEMENT_3D('',#3542,#2847,#2848);
#2340=AXIS2_PLACEMENT_3D('',#3544,#2849,#2850);
#2341=AXIS2_PLACEMENT_3D('',#3548,#2852,#2853);
#2342=AXIS2_PLACEMENT_3D('',#3550,#2854,#2855);
#2343=AXIS2_PLACEMENT_3D('',#3554,#2857,#2858);
#2344=AXIS2_PLACEMENT_3D('',#3558,#2860,#2861);
#2345=AXIS2_PLACEMENT_3D('',#3562,#2863,#2864);
#2346=AXIS2_PLACEMENT_3D('',#3566,#2866,#2867);
#2347=AXIS2_PLACEMENT_3D('',#3570,#2869,#2870);
#2348=AXIS2_PLACEMENT_3D('',#3574,#2872,#2873);
#2349=AXIS2_PLACEMENT_3D('',#3578,#2875,#2876);
#2350=AXIS2_PLACEMENT_3D('',#3580,#2877,#2878);
#2351=AXIS2_PLACEMENT_3D('',#3583,#2880,#2881);
#2352=AXIS2_PLACEMENT_3D('',#3584,#2882,#2883);
#2353=AXIS2_PLACEMENT_3D('',#3586,#2885,#2886);
#2354=AXIS2_PLACEMENT_3D('',#3588,#2888,#2889);
#2355=AXIS2_PLACEMENT_3D('',#3591,#2892,#2893);
#2356=AXIS2_PLACEMENT_3D('',#3593,#2895,#2896);
#2357=AXIS2_PLACEMENT_3D('',#3595,#2898,#2899);
#2358=AXIS2_PLACEMENT_3D('',#3598,#2902,#2903);
#2359=AXIS2_PLACEMENT_3D('',#3600,#2905,#2906);
#2360=AXIS2_PLACEMENT_3D('',#3602,#2908,#2909);
#2361=AXIS2_PLACEMENT_3D('',#3603,#2910,#2911);
#2362=AXIS2_PLACEMENT_3D('',#3606,#2914,#2915);
#2363=AXIS2_PLACEMENT_3D('',#3608,#2917,#2918);
#2364=AXIS2_PLACEMENT_3D('',#3611,#2921,#2922);
#2365=AXIS2_PLACEMENT_3D('',#3613,#2924,#2925);
#2366=AXIS2_PLACEMENT_3D('',#3616,#2928,#2929);
#2367=AXIS2_PLACEMENT_3D('',#3618,#2931,#2932);
#2368=AXIS2_PLACEMENT_3D('',#3621,#2935,#2936);
#2369=AXIS2_PLACEMENT_3D('',#3623,#2938,#2939);
#2370=AXIS2_PLACEMENT_3D('',#3626,#2942,#2943);
#2371=AXIS2_PLACEMENT_3D('',#3627,#2944,#2945);
#2372=AXIS2_PLACEMENT_3D('',#3630,#2948,#2949);
#2373=AXIS2_PLACEMENT_3D('',#3632,#2951,#2952);
#2374=AXIS2_PLACEMENT_3D('',#3634,#2954,#2955);
#2375=AXIS2_PLACEMENT_3D('',#3636,#2957,#2958);
#2376=AXIS2_PLACEMENT_3D('',#3637,#2959,#2960);
#2377=AXIS2_PLACEMENT_3D('',#3640,#2963,#2964);
#2378=AXIS2_PLACEMENT_3D('',#3642,#2966,#2967);
#2379=AXIS2_PLACEMENT_3D('',#3644,#2969,#2970);
#2380=AXIS2_PLACEMENT_3D('',#3647,#2973,#2974);
#2381=AXIS2_PLACEMENT_3D('',#3649,#2976,#2977);
#2382=AXIS2_PLACEMENT_3D('',#3651,#2979,#2980);
#2383=AXIS2_PLACEMENT_3D('',#3654,#2983,#2984);
#2384=AXIS2_PLACEMENT_3D('',#3655,#2985,#2986);
#2385=AXIS2_PLACEMENT_3D('',#3658,#2989,#2990);
#2386=AXIS2_PLACEMENT_3D('',#3659,#2991,#2992);
#2387=AXIS2_PLACEMENT_3D('',#3662,#2995,#2996);
#2388=AXIS2_PLACEMENT_3D('',#3664,#2998,#2999);
#2389=AXIS2_PLACEMENT_3D('',#3666,#3001,#3002);
#2390=AXIS2_PLACEMENT_3D('',#3668,#3004,#3005);
#2391=AXIS2_PLACEMENT_3D('',#3669,#3006,#3007);
#2392=AXIS2_PLACEMENT_3D('',#3671,#3009,#3010);
#2393=AXIS2_PLACEMENT_3D('',#3673,#3012,#3013);
#2394=AXIS2_PLACEMENT_3D('',#3675,#3015,#3016);
#2395=AXIS2_PLACEMENT_3D('',#3677,#3018,#3019);
#2396=AXIS2_PLACEMENT_3D('',#3680,#3022,#3023);
#2397=AXIS2_PLACEMENT_3D('',#3681,#3024,#3025);
#2398=AXIS2_PLACEMENT_3D('',#3683,#3027,#3028);
#2399=AXIS2_PLACEMENT_3D('',#3684,#3029,#3030);
#2400=AXIS2_PLACEMENT_3D('',#3687,#3032,#3033);
#2401=AXIS2_PLACEMENT_3D('',#3688,#3034,#3035);
#2402=AXIS2_PLACEMENT_3D('',#3690,#3036,#3037);
#2403=AXIS2_PLACEMENT_3D('',#3691,#3038,#3039);
#2404=AXIS2_PLACEMENT_3D('',#3694,#3041,#3042);
#2405=AXIS2_PLACEMENT_3D('',#3695,#3043,#3044);
#2406=AXIS2_PLACEMENT_3D('',#3697,#3045,#3046);
#2407=AXIS2_PLACEMENT_3D('',#3698,#3047,#3048);
#2408=AXIS2_PLACEMENT_3D('',#3701,#3050,#3051);
#2409=AXIS2_PLACEMENT_3D('',#3702,#3052,#3053);
#2410=AXIS2_PLACEMENT_3D('',#3704,#3054,#3055);
#2411=AXIS2_PLACEMENT_3D('',#3705,#3056,#3057);
#2412=AXIS2_PLACEMENT_3D('',#3708,#3059,#3060);
#2413=AXIS2_PLACEMENT_3D('',#3709,#3061,#3062);
#2414=AXIS2_PLACEMENT_3D('',#3711,#3063,#3064);
#2415=AXIS2_PLACEMENT_3D('',#3712,#3065,#3066);
#2416=AXIS2_PLACEMENT_3D('',#3714,#3067,#3068);
#2417=AXIS2_PLACEMENT_3D('',#3716,#3070,#3071);
#2418=AXIS2_PLACEMENT_3D('',#3718,#3072,#3073);
#2419=AXIS2_PLACEMENT_3D('',#3720,#3075,#3076);
#2420=AXIS2_PLACEMENT_3D('',#3722,#3077,#3078);
#2421=AXIS2_PLACEMENT_3D('',#3724,#3080,#3081);
#2422=AXIS2_PLACEMENT_3D('',#3726,#3082,#3083);
#2423=AXIS2_PLACEMENT_3D('',#3728,#3085,#3086);
#2424=AXIS2_PLACEMENT_3D('',#3729,#3087,#3088);
#2425=AXIS2_PLACEMENT_3D('',#3730,#3089,#3090);
#2426=AXIS2_PLACEMENT_3D('',#3731,#3091,#3092);
#2427=AXIS2_PLACEMENT_3D('',#3732,#3093,#3094);
#2428=AXIS2_PLACEMENT_3D('',#3733,#3095,#3096);
#2429=AXIS2_PLACEMENT_3D('',#3734,#3097,#3098);
#2430=AXIS2_PLACEMENT_3D('',#3735,#3099,#3100);
#2431=AXIS2_PLACEMENT_3D('',#3736,#3101,#3102);
#2432=DIRECTION('axis',(0.,0.,1.));
#2433=DIRECTION('refdir',(1.,0.,0.));
#2434=DIRECTION('center_axis',(0.707106781186548,-1.86260631388747E-16,
-0.707106781186548));
#2435=DIRECTION('ref_axis',(-0.707106781186548,0.,-0.707106781186548));
#2436=DIRECTION('',(-0.707106781186546,0.,-0.707106781186549));
#2437=DIRECTION('',(2.63412311046141E-16,1.,0.));
#2438=DIRECTION('',(0.707106781186546,-3.14018491736755E-15,0.707106781186549));
#2439=DIRECTION('',(-2.63412311046141E-16,-1.,0.));
#2440=DIRECTION('center_axis',(0.,0.,1.));
#2441=DIRECTION('ref_axis',(0.707106781186547,-0.707106781186547,0.));
#2442=DIRECTION('center_axis',(0.,0.,-1.));
#2443=DIRECTION('ref_axis',(0.707106781186547,-0.707106781186547,0.));
#2444=DIRECTION('',(0.,0.707106781186546,-0.707106781186549));
#2445=DIRECTION('center_axis',(0.,0.,1.));
#2446=DIRECTION('ref_axis',(0.707106781186547,-0.707106781186547,0.));
#2447=DIRECTION('center_axis',(-2.78508640121291E-16,-0.707106781186549,
-0.707106781186546));
#2448=DIRECTION('ref_axis',(-1.,0.,3.93870696097618E-16));
#2449=DIRECTION('',(0.,0.70710678118654,-0.707106781186555));
#2450=DIRECTION('',(1.,-3.93870696097617E-16,0.));
#2451=DIRECTION('',(-1.,3.93870696097617E-16,0.));
#2452=DIRECTION('center_axis',(0.,0.,1.));
#2453=DIRECTION('ref_axis',(-0.707106781186547,-0.707106781186547,0.));
#2454=DIRECTION('center_axis',(0.,0.,-1.));
#2455=DIRECTION('ref_axis',(-0.707106781186547,-0.707106781186547,0.));
#2456=DIRECTION('',(0.707106781186546,-1.25607396694702E-14,-0.707106781186549));
#2457=DIRECTION('center_axis',(0.,0.,1.));
#2458=DIRECTION('ref_axis',(-0.707106781186548,-0.707106781186548,0.));
#2459=DIRECTION('center_axis',(-0.707106781186549,2.58571142390412E-16,
-0.707106781186546));
#2460=DIRECTION('ref_axis',(-0.707106781186546,0.,0.707106781186549));
#2461=DIRECTION('',(0.707106781186546,0.,-0.707106781186549));
#2462=DIRECTION('',(-3.65674816406825E-16,-1.,0.));
#2463=DIRECTION('',(3.65674816406825E-16,1.,0.));
#2464=DIRECTION('center_axis',(0.,0.,-1.));
#2465=DIRECTION('ref_axis',(0.707106781186548,0.707106781186548,0.));
#2466=DIRECTION('center_axis',(0.,0.,1.));
#2467=DIRECTION('ref_axis',(0.707106781186548,0.707106781186548,0.));
#2468=DIRECTION('',(0.,0.70710678118654,-0.707106781186555));
#2469=DIRECTION('center_axis',(0.,0.,-1.));
#2470=DIRECTION('ref_axis',(0.707106781186547,0.707106781186547,0.));
#2471=DIRECTION('center_axis',(-2.50463403179865E-16,-0.707106781186549,
-0.707106781186546));
#2472=DIRECTION('ref_axis',(-1.,0.,3.54208741655086E-16));
#2473=DIRECTION('',(0.,0.707106781186546,-0.707106781186549));
#2474=DIRECTION('',(1.,-3.54208741655085E-16,0.));
#2475=DIRECTION('',(-1.,3.54208741655085E-16,0.));
#2476=DIRECTION('center_axis',(0.,0.,-1.));
#2477=DIRECTION('ref_axis',(-0.707106781186548,0.707106781186548,0.));
#2478=DIRECTION('center_axis',(0.,0.,1.));
#2479=DIRECTION('ref_axis',(-0.707106781186548,0.707106781186548,0.));
#2480=DIRECTION('',(-0.70710678118654,0.,-0.707106781186555));
#2481=DIRECTION('center_axis',(0.,0.,-1.));
#2482=DIRECTION('ref_axis',(-0.707106781186547,0.707106781186547,0.));
#2483=DIRECTION('center_axis',(0.707106781186543,0.,-0.707106781186552));
#2484=DIRECTION('ref_axis',(-0.707106781186552,0.,-0.707106781186543));
#2485=DIRECTION('',(-0.707106781186552,0.,-0.707106781186543));
#2486=DIRECTION('',(0.,1.,0.));
#2487=DIRECTION('',(0.,-1.,0.));
#2488=DIRECTION('center_axis',(0.,0.,1.));
#2489=DIRECTION('ref_axis',(0.707106781186547,-0.707106781186547,0.));
#2490=DIRECTION('center_axis',(0.,0.,-1.));
#2491=DIRECTION('ref_axis',(0.707106781186547,-0.707106781186547,0.));
#2492=DIRECTION('',(0.,0.707106781186558,-0.707106781186536));
#2493=DIRECTION('center_axis',(0.,0.,1.));
#2494=DIRECTION('ref_axis',(0.707106781186548,-0.707106781186548,0.));
#2495=DIRECTION('center_axis',(-2.41089053156818E-16,-0.707106781186549,
-0.707106781186546));
#2496=DIRECTION('ref_axis',(-1.,0.,3.40951408714061E-16));
#2497=DIRECTION('',(0.,0.707106781186546,-0.707106781186549));
#2498=DIRECTION('',(1.,-3.4095140871406E-16,0.));
#2499=DIRECTION('',(-1.,3.4095140871406E-16,0.));
#2500=DIRECTION('center_axis',(0.,0.,1.));
#2501=DIRECTION('ref_axis',(-0.707106781186547,-0.707106781186547,0.));
#2502=DIRECTION('center_axis',(0.,0.,-1.));
#2503=DIRECTION('ref_axis',(-0.707106781186547,-0.707106781186547,0.));
#2504=DIRECTION('',(0.707106781186552,0.,-0.707106781186543));
#2505=DIRECTION('center_axis',(0.,0.,1.));
#2506=DIRECTION('ref_axis',(-0.707106781186548,-0.707106781186548,0.));
#2507=DIRECTION('center_axis',(-0.707106781186543,4.06386832120899E-16,
-0.707106781186552));
#2508=DIRECTION('ref_axis',(-0.707106781186552,0.,0.707106781186543));
#2509=DIRECTION('',(0.707106781186552,0.,-0.707106781186543));
#2510=DIRECTION('',(-5.74717769555217E-16,-1.,0.));
#2511=DIRECTION('',(5.74717769555217E-16,1.,0.));
#2512=DIRECTION('center_axis',(0.,0.,1.));
#2513=DIRECTION('ref_axis',(-0.707106781186547,0.707106781186547,0.));
#2514=DIRECTION('center_axis',(0.,0.,-1.));
#2515=DIRECTION('ref_axis',(-0.707106781186547,0.707106781186547,0.));
#2516=DIRECTION('',(0.,-0.707106781186546,-0.707106781186549));
#2517=DIRECTION('center_axis',(0.,0.,1.));
#2518=DIRECTION('ref_axis',(-0.707106781186548,0.707106781186548,0.));
#2519=DIRECTION('center_axis',(2.32989812500479E-16,0.707106781186552,-0.707106781186543));
#2520=DIRECTION('ref_axis',(-1.,0.,-3.29497352732944E-16));
#2521=DIRECTION('',(-1.57009245868378E-15,-0.707106781186543,-0.707106781186552));
#2522=DIRECTION('',(-1.,3.2949735273294E-16,0.));
#2523=DIRECTION('',(1.,-3.2949735273294E-16,0.));
#2524=DIRECTION('center_axis',(0.,0.,1.));
#2525=DIRECTION('ref_axis',(0.707106781186547,0.707106781186547,0.));
#2526=DIRECTION('center_axis',(0.,0.,-1.));
#2527=DIRECTION('ref_axis',(0.707106781186547,0.707106781186547,0.));
#2528=DIRECTION('center_axis',(0.,0.,1.));
#2529=DIRECTION('ref_axis',(0.707106781186547,0.707106781186547,0.));
#2530=DIRECTION('center_axis',(0.,0.,1.));
#2531=DIRECTION('ref_axis',(-0.707106781186548,0.707106781186548,0.));
#2532=DIRECTION('',(0.,0.,1.));
#2533=DIRECTION('center_axis',(0.,0.,-1.));
#2534=DIRECTION('ref_axis',(-0.707106781186548,0.707106781186548,0.));
#2535=DIRECTION('',(0.,0.,-1.));
#2536=DIRECTION('center_axis',(-3.54208741655085E-16,-1.,0.));
#2537=DIRECTION('ref_axis',(1.,-3.54208741655085E-16,0.));
#2538=DIRECTION('',(0.,0.,-1.));
#2539=DIRECTION('',(1.,-3.54208741655085E-16,0.));
#2540=DIRECTION('center_axis',(0.,0.,1.));
#2541=DIRECTION('ref_axis',(0.707106781186548,0.707106781186548,0.));
#2542=DIRECTION('',(0.,0.,1.));
#2543=DIRECTION('center_axis',(0.,0.,-1.));
#2544=DIRECTION('ref_axis',(0.707106781186548,0.707106781186548,0.));
#2545=DIRECTION('center_axis',(-1.,3.65674816406825E-16,0.));
#2546=DIRECTION('ref_axis',(-3.65674816406825E-16,-1.,0.));
#2547=DIRECTION('',(0.,0.,-1.));
#2548=DIRECTION('',(-3.65674816406825E-16,-1.,0.));
#2549=DIRECTION('center_axis',(0.,0.,1.));
#2550=DIRECTION('ref_axis',(-0.707106781186547,-0.707106781186547,0.));
#2551=DIRECTION('',(0.,0.,1.));
#2552=DIRECTION('center_axis',(0.,0.,1.));
#2553=DIRECTION('ref_axis',(-0.707106781186547,-0.707106781186547,0.));
#2554=DIRECTION('center_axis',(-3.93870696097617E-16,-1.,0.));
#2555=DIRECTION('ref_axis',(1.,-3.93870696097617E-16,0.));
#2556=DIRECTION('',(0.,0.,-1.));
#2557=DIRECTION('',(1.,-3.93870696097617E-16,0.));
#2558=DIRECTION('center_axis',(0.,0.,1.));
#2559=DIRECTION('ref_axis',(0.707106781186547,-0.707106781186547,0.));
#2560=DIRECTION('',(0.,0.,1.));
#2561=DIRECTION('center_axis',(0.,0.,1.));
#2562=DIRECTION('ref_axis',(0.707106781186547,-0.707106781186547,0.));
#2563=DIRECTION('center_axis',(1.,-2.63412311046141E-16,0.));
#2564=DIRECTION('ref_axis',(2.63412311046141E-16,1.,0.));
#2565=DIRECTION('',(0.,0.,-1.));
#2566=DIRECTION('',(2.63412311046141E-16,1.,0.));
#2567=DIRECTION('center_axis',(-1.,2.63412311046141E-16,0.));
#2568=DIRECTION('ref_axis',(0.,1.,0.));
#2569=DIRECTION('center_axis',(-1.,2.63412311046141E-16,0.));
#2570=DIRECTION('ref_axis',(0.,1.,0.));
#2571=DIRECTION('center_axis',(0.,0.,-1.));
#2572=DIRECTION('ref_axis',(-1.,0.,0.));
#2573=DIRECTION('center_axis',(0.,0.,1.));
#2574=DIRECTION('ref_axis',(-0.707106781186547,0.707106781186547,0.));
#2575=DIRECTION('',(1.,-3.406245137872E-16,0.));
#2576=DIRECTION('center_axis',(0.,0.,1.));
#2577=DIRECTION('ref_axis',(0.707106781186548,0.707106781186547,0.));
#2578=DIRECTION('',(-5.48512224610237E-16,-1.,0.));
#2579=DIRECTION('center_axis',(0.,0.,-1.));
#2580=DIRECTION('ref_axis',(-0.707106781186547,-0.707106781186548,0.));
#2581=DIRECTION('',(1.,0.,0.));
#2582=DIRECTION('center_axis',(0.,0.,-1.));
#2583=DIRECTION('ref_axis',(0.707106781186547,-0.707106781186548,0.));
#2584=DIRECTION('',(3.42642542733584E-16,1.,0.));
#2585=DIRECTION('center_axis',(0.,0.,-1.));
#2586=DIRECTION('ref_axis',(0.707106781186548,0.707106781186547,0.));
#2587=DIRECTION('',(-1.,3.35021197707507E-16,0.));
#2588=DIRECTION('center_axis',(0.,0.,-1.));
#2589=DIRECTION('ref_axis',(-0.707106781186546,0.707106781186549,0.));
#2590=DIRECTION('',(-5.87387216114715E-16,-1.,0.));
#2591=DIRECTION('center_axis',(0.,0.,-1.));
#2592=DIRECTION('ref_axis',(-0.707106781186549,-0.707106781186546,0.));
#2593=DIRECTION('',(1.,-3.69304956216268E-16,0.));
#2594=DIRECTION('center_axis',(0.,0.,-1.));
#2595=DIRECTION('ref_axis',(0.707106781186549,-0.707106781186546,0.));
#2596=DIRECTION('',(0.,1.,0.));
#2597=DIRECTION('center_axis',(0.707106781186547,-1.86260631388747E-16,
0.707106781186548));
#2598=DIRECTION('ref_axis',(0.707106781186548,0.,-0.707106781186547));
#2599=DIRECTION('',(-0.707106781186546,3.14018491736756E-15,0.707106781186549));
#2600=DIRECTION('',(-2.63412311046141E-16,-1.,0.));
#2601=DIRECTION('',(0.707106781186546,0.,-0.707106781186549));
#2602=DIRECTION('center_axis',(0.,0.,-1.));
#2603=DIRECTION('ref_axis',(0.707106781186547,0.707106781186547,0.));
#2604=DIRECTION('center_axis',(0.,0.,1.));
#2605=DIRECTION('ref_axis',(0.707106781186547,0.707106781186547,0.));
#2606=DIRECTION('',(-1.57009245868377E-15,-0.707106781186549,0.707106781186546));
#2607=DIRECTION('center_axis',(0.,0.,-1.));
#2608=DIRECTION('ref_axis',(0.707106781186547,0.707106781186547,0.));
#2609=DIRECTION('center_axis',(2.32989812500479E-16,0.707106781186552,0.707106781186543));
#2610=DIRECTION('ref_axis',(1.,0.,-3.29497352732944E-16));
#2611=DIRECTION('',(0.,-0.707106781186546,0.707106781186549));
#2612=DIRECTION('',(1.,-3.2949735273294E-16,0.));
#2613=DIRECTION('',(-1.,3.2949735273294E-16,0.));
#2614=DIRECTION('center_axis',(0.,0.,-1.));
#2615=DIRECTION('ref_axis',(-0.707106781186547,0.707106781186547,0.));
#2616=DIRECTION('center_axis',(0.,0.,1.));
#2617=DIRECTION('ref_axis',(-0.707106781186547,0.707106781186547,0.));
#2618=DIRECTION('',(0.707106781186553,-3.14018491736753E-15,0.707106781186542));
#2619=DIRECTION('center_axis',(0.,0.,-1.));
#2620=DIRECTION('ref_axis',(-0.707106781186548,0.707106781186548,0.));
#2621=DIRECTION('center_axis',(-0.707106781186542,4.06386832120899E-16,
0.707106781186553));
#2622=DIRECTION('ref_axis',(0.707106781186553,0.,0.707106781186542));
#2623=DIRECTION('',(0.707106781186553,0.,0.707106781186542));
#2624=DIRECTION('',(5.74717769555217E-16,1.,0.));
#2625=DIRECTION('',(-5.74717769555217E-16,-1.,0.));
#2626=DIRECTION('center_axis',(0.,0.,-1.));
#2627=DIRECTION('ref_axis',(-0.707106781186547,-0.707106781186547,0.));
#2628=DIRECTION('center_axis',(0.,0.,1.));
#2629=DIRECTION('ref_axis',(-0.707106781186547,-0.707106781186547,0.));
#2630=DIRECTION('',(0.,0.707106781186553,0.707106781186542));
#2631=DIRECTION('center_axis',(0.,0.,-1.));
#2632=DIRECTION('ref_axis',(-0.707106781186548,-0.707106781186548,0.));
#2633=DIRECTION('center_axis',(-2.41089053156818E-16,-0.707106781186549,
0.707106781186546));
#2634=DIRECTION('ref_axis',(1.,0.,3.40951408714061E-16));
#2635=DIRECTION('',(0.,0.707106781186546,0.707106781186549));
#2636=DIRECTION('',(-1.,3.4095140871406E-16,0.));
#2637=DIRECTION('',(1.,-3.4095140871406E-16,0.));
#2638=DIRECTION('center_axis',(0.,0.,-1.));
#2639=DIRECTION('ref_axis',(0.707106781186547,-0.707106781186547,0.));
#2640=DIRECTION('center_axis',(0.,0.,1.));
#2641=DIRECTION('ref_axis',(0.707106781186547,-0.707106781186547,0.));
#2642=DIRECTION('',(-0.707106781186553,0.,0.707106781186542));
#2643=DIRECTION('center_axis',(0.,0.,-1.));
#2644=DIRECTION('ref_axis',(0.707106781186548,-0.707106781186548,0.));
#2645=DIRECTION('center_axis',(0.707106781186542,0.,0.707106781186553));
#2646=DIRECTION('ref_axis',(0.707106781186553,0.,-0.707106781186542));
#2647=DIRECTION('',(-0.707106781186553,0.,0.707106781186542));
#2648=DIRECTION('',(0.,-1.,0.));
#2649=DIRECTION('',(0.,1.,0.));
#2650=DIRECTION('center_axis',(0.,0.,1.));
#2651=DIRECTION('ref_axis',(-0.707106781186548,0.707106781186548,0.));
#2652=DIRECTION('',(-1.25607396694703E-14,0.70710678118654,0.707106781186555));
#2653=DIRECTION('center_axis',(0.,0.,1.));
#2654=DIRECTION('ref_axis',(-0.707106781186547,0.707106781186547,0.));
#2655=DIRECTION('center_axis',(-2.50463403179865E-16,-0.707106781186549,
0.707106781186546));
#2656=DIRECTION('ref_axis',(1.,0.,3.54208741655086E-16));
#2657=DIRECTION('',(0.,0.707106781186546,0.707106781186549));
#2658=DIRECTION('',(-1.,3.54208741655085E-16,0.));
#2659=DIRECTION('center_axis',(0.,0.,1.));
#2660=DIRECTION('ref_axis',(0.707106781186548,0.707106781186548,0.));
#2661=DIRECTION('',(0.707106781186549,0.,0.707106781186546));
#2662=DIRECTION('center_axis',(0.,0.,1.));
#2663=DIRECTION('ref_axis',(0.707106781186547,0.707106781186547,0.));
#2664=DIRECTION('center_axis',(-0.707106781186549,2.58571142390412E-16,
0.707106781186546));
#2665=DIRECTION('ref_axis',(0.707106781186546,0.,0.707106781186549));
#2666=DIRECTION('',(0.707106781186549,0.,0.707106781186546));
#2667=DIRECTION('',(3.65674816406825E-16,1.,0.));
#2668=DIRECTION('center_axis',(0.,0.,-1.));
#2669=DIRECTION('ref_axis',(-0.707106781186547,-0.707106781186547,0.));
#2670=DIRECTION('',(0.,0.707106781186546,0.707106781186549));
#2671=DIRECTION('center_axis',(0.,0.,-1.));
#2672=DIRECTION('ref_axis',(-0.707106781186548,-0.707106781186548,0.));
#2673=DIRECTION('center_axis',(-2.78508640121291E-16,-0.707106781186549,
0.707106781186546));
#2674=DIRECTION('ref_axis',(1.,0.,3.93870696097618E-16));
#2675=DIRECTION('',(3.14018491736756E-15,0.707106781186546,0.707106781186549));
#2676=DIRECTION('',(-1.,3.93870696097617E-16,0.));
#2677=DIRECTION('center_axis',(0.,0.,-1.));
#2678=DIRECTION('ref_axis',(0.707106781186547,-0.707106781186547,0.));
#2679=DIRECTION('center_axis',(0.,0.,-1.));
#2680=DIRECTION('ref_axis',(0.707106781186547,-0.707106781186547,0.));
#2681=DIRECTION('center_axis',(0.,0.,1.));
#2682=DIRECTION('ref_axis',(0.707106781186547,-0.707106781186547,0.));
#2683=DIRECTION('',(0.,0.,1.));
#2684=DIRECTION('',(0.,0.,-1.));
#2685=DIRECTION('center_axis',(-3.4095140871406E-16,-1.,0.));
#2686=DIRECTION('ref_axis',(1.,-3.4095140871406E-16,0.));
#2687=DIRECTION('',(0.,0.,1.));
#2688=DIRECTION('center_axis',(0.,0.,-1.));
#2689=DIRECTION('ref_axis',(-0.707106781186547,-0.707106781186547,0.));
#2690=DIRECTION('',(0.,0.,-1.));
#2691=DIRECTION('center_axis',(-1.,5.74717769555217E-16,0.));
#2692=DIRECTION('ref_axis',(-5.74717769555217E-16,-1.,0.));
#2693=DIRECTION('',(0.,0.,1.));
#2694=DIRECTION('center_axis',(1.,-5.74717769555217E-16,0.));
#2695=DIRECTION('ref_axis',(0.,1.,0.));
#2696=DIRECTION('center_axis',(1.,-5.74717769555217E-16,0.));
#2697=DIRECTION('ref_axis',(0.,1.,0.));
#2698=DIRECTION('center_axis',(0.,0.,1.));
#2699=DIRECTION('ref_axis',(-0.707106781186547,0.707106781186547,0.));
#2700=DIRECTION('',(0.,0.,-1.));
#2701=DIRECTION('center_axis',(3.2949735273294E-16,1.,0.));
#2702=DIRECTION('ref_axis',(-1.,3.2949735273294E-16,0.));
#2703=DIRECTION('',(0.,0.,1.));
#2704=DIRECTION('center_axis',(0.,0.,1.));
#2705=DIRECTION('ref_axis',(0.707106781186547,0.707106781186547,0.));
#2706=DIRECTION('center_axis',(0.,0.,1.));
#2707=DIRECTION('ref_axis',(1.,0.,0.));
#2708=DIRECTION('center_axis',(0.,0.,-1.));
#2709=DIRECTION('ref_axis',(-0.345054343546055,0.938582708129657,0.));
#2710=DIRECTION('center_axis',(0.,0.,1.));
#2711=DIRECTION('ref_axis',(0.851872019437193,-0.523749999999998,0.));
#2712=DIRECTION('',(-1.,2.33117695459351E-16,0.));
#2713=DIRECTION('center_axis',(0.,0.,-1.));
#2714=DIRECTION('ref_axis',(-0.707106781186548,0.707106781186548,0.));
#2715=DIRECTION('center_axis',(0.,0.,1.));
#2716=DIRECTION('ref_axis',(0.,1.,0.));
#2717=DIRECTION('',(-1.,0.,0.));
#2718=DIRECTION('center_axis',(0.,0.,-1.));
#2719=DIRECTION('ref_axis',(-0.707106781186548,0.707106781186548,0.));
#2720=DIRECTION('',(0.,-1.,0.));
#2721=DIRECTION('center_axis',(0.,0.,1.));
#2722=DIRECTION('ref_axis',(0.707106781186544,-0.707106781186551,0.));
#2723=DIRECTION('',(-1.,4.42981755461408E-16,0.));
#2724=DIRECTION('center_axis',(0.,0.,1.));
#2725=DIRECTION('ref_axis',(-0.707106781186548,-0.707106781186548,0.));
#2726=DIRECTION('',(0.,1.,0.));
#2727=DIRECTION('center_axis',(0.,0.,1.));
#2728=DIRECTION('ref_axis',(-0.707106781186546,0.707106781186549,0.));
#2729=DIRECTION('',(1.,0.,0.));
#2730=DIRECTION('center_axis',(0.,0.,-1.));
#2731=DIRECTION('ref_axis',(0.707106781186546,-0.707106781186549,0.));
#2732=DIRECTION('',(0.,1.,0.));
#2733=DIRECTION('center_axis',(0.,0.,1.));
#2734=DIRECTION('ref_axis',(-0.707106781186547,0.707106781186548,0.));
#2735=DIRECTION('',(1.,-3.49676543189025E-16,0.));
#2736=DIRECTION('center_axis',(0.,0.,-1.));
#2737=DIRECTION('ref_axis',(0.707106781186553,-0.707106781186542,0.));
#2738=DIRECTION('center_axis',(0.,0.,1.));
#2739=DIRECTION('ref_axis',(0.,-1.,0.));
#2740=DIRECTION('',(1.,-2.3311769545935E-16,0.));
#2741=DIRECTION('center_axis',(0.,0.,-1.));
#2742=DIRECTION('ref_axis',(0.345054343546055,-0.938582708129657,0.));
#2743=DIRECTION('center_axis',(0.,0.,1.));
#2744=DIRECTION('ref_axis',(-0.85187201943719,0.523750000000003,0.));
#2745=DIRECTION('',(1.,-9.96708949788171E-16,0.));
#2746=DIRECTION('center_axis',(0.,0.,1.));
#2747=DIRECTION('ref_axis',(0.,-1.,0.));
#2748=DIRECTION('center_axis',(0.,0.,-1.));
#2749=DIRECTION('ref_axis',(-0.707106781186548,-0.707106781186548,0.));
#2750=DIRECTION('',(1.,0.,0.));
#2751=DIRECTION('center_axis',(0.,0.,1.));
#2752=DIRECTION('ref_axis',(0.707106781186548,0.707106781186548,0.));
#2753=DIRECTION('',(1.554117969729E-16,-1.,0.));
#2754=DIRECTION('center_axis',(0.,0.,-1.));
#2755=DIRECTION('ref_axis',(-0.707106781186547,-0.707106781186548,0.));
#2756=DIRECTION('',(1.,1.16558847729675E-16,0.));
#2757=DIRECTION('center_axis',(0.,0.,1.));
#2758=DIRECTION('ref_axis',(0.707106781186548,0.707106781186548,0.));
#2759=DIRECTION('',(0.,-1.,0.));
#2760=DIRECTION('center_axis',(0.,0.,1.));
#2761=DIRECTION('ref_axis',(0.707106781186549,-0.707106781186546,0.));
#2762=DIRECTION('',(-1.,0.,0.));
#2763=DIRECTION('center_axis',(0.,0.,1.));
#2764=DIRECTION('ref_axis',(-0.707106781186549,-0.707106781186546,0.));
#2765=DIRECTION('',(-3.10823593945801E-16,1.,0.));
#2766=DIRECTION('center_axis',(0.,0.,-1.));
#2767=DIRECTION('ref_axis',(0.707106781186545,0.70710678118655,0.));
#2768=DIRECTION('',(-1.,0.,0.));
#2769=DIRECTION('center_axis',(0.,0.,1.));
#2770=DIRECTION('ref_axis',(-0.707106781186549,-0.707106781186546,0.));
#2771=DIRECTION('',(0.,1.,0.));
#2772=DIRECTION('center_axis',(0.,0.,-1.));
#2773=DIRECTION('ref_axis',(0.707106781186548,0.707106781186548,0.));
#2774=DIRECTION('',(-1.,0.,0.));
#2775=DIRECTION('center_axis',(0.,0.,-1.));
#2776=DIRECTION('ref_axis',(-0.707106781186547,0.707106781186547,0.));
#2777=DIRECTION('',(0.,0.,1.));
#2778=DIRECTION('center_axis',(0.,0.,1.));
#2779=DIRECTION('ref_axis',(-0.707106781186547,0.707106781186547,0.));
#2780=DIRECTION('',(0.,0.,-1.));
#2781=DIRECTION('center_axis',(3.406245137872E-16,1.,0.));
#2782=DIRECTION('ref_axis',(1.,-3.406245137872E-16,0.));
#2783=DIRECTION('',(-1.,3.406245137872E-16,0.));
#2784=DIRECTION('',(0.,0.,1.));
#2785=DIRECTION('center_axis',(0.,0.,-1.));
#2786=DIRECTION('ref_axis',(0.707106781186548,0.707106781186547,0.));
#2787=DIRECTION('center_axis',(0.,0.,1.));
#2788=DIRECTION('ref_axis',(0.707106781186548,0.707106781186547,0.));
#2789=DIRECTION('',(0.,0.,-1.));
#2790=DIRECTION('center_axis',(0.,0.,-1.));
#2791=DIRECTION('ref_axis',(-0.707106781186546,0.707106781186549,0.));
#2792=DIRECTION('center_axis',(0.,0.,-1.));
#2793=DIRECTION('ref_axis',(-0.707106781186546,0.707106781186549,0.));
#2794=DIRECTION('',(0.,0.,-1.));
#2795=DIRECTION('',(0.,0.,1.));
#2796=DIRECTION('center_axis',(0.,0.,1.));
#2797=DIRECTION('ref_axis',(1.,0.,0.));
#2798=DIRECTION('',(1.,-3.35021197707507E-16,0.));
#2799=DIRECTION('center_axis',(0.,0.,-1.));
#2800=DIRECTION('ref_axis',(0.707106781186548,0.707106781186547,0.));
#2801=DIRECTION('',(-3.42642542733584E-16,-1.,0.));
#2802=DIRECTION('center_axis',(0.,0.,-1.));
#2803=DIRECTION('ref_axis',(0.707106781186547,-0.707106781186548,0.));
#2804=DIRECTION('',(-1.,0.,0.));
#2805=DIRECTION('center_axis',(0.,0.,-1.));
#2806=DIRECTION('ref_axis',(-0.707106781186547,-0.707106781186548,0.));
#2807=DIRECTION('',(5.48512224610237E-16,1.,0.));
#2808=DIRECTION('',(0.,-1.,0.));
#2809=DIRECTION('center_axis',(0.,0.,-1.));
#2810=DIRECTION('ref_axis',(0.707106781186549,-0.707106781186546,0.));
#2811=DIRECTION('',(-1.,3.69304956216268E-16,0.));
#2812=DIRECTION('center_axis',(0.,0.,-1.));
#2813=DIRECTION('ref_axis',(-0.707106781186549,-0.707106781186546,0.));
#2814=DIRECTION('',(5.87387216114715E-16,1.,0.));
#2815=DIRECTION('center_axis',(0.,0.,1.));
#2816=DIRECTION('ref_axis',(-0.345054343546055,0.938582708129657,0.));
#2817=DIRECTION('',(-1.,0.,0.));
#2818=DIRECTION('center_axis',(0.,0.,1.));
#2819=DIRECTION('ref_axis',(0.707106781186548,0.707106781186548,0.));
#2820=DIRECTION('',(0.,1.,0.));
#2821=DIRECTION('center_axis',(0.,0.,-1.));
#2822=DIRECTION('ref_axis',(-0.707106781186549,-0.707106781186546,0.));
#2823=DIRECTION('',(-1.,0.,0.));
#2824=DIRECTION('center_axis',(0.,0.,1.));
#2825=DIRECTION('ref_axis',(0.707106781186545,0.70710678118655,0.));
#2826=DIRECTION('',(-3.10823593945801E-16,1.,0.));
#2827=DIRECTION('center_axis',(0.,0.,-1.));
#2828=DIRECTION('ref_axis',(-0.707106781186549,-0.707106781186546,0.));
#2829=DIRECTION('',(-1.,0.,0.));
#2830=DIRECTION('center_axis',(0.,0.,-1.));
#2831=DIRECTION('ref_axis',(0.707106781186549,-0.707106781186546,0.));
#2832=DIRECTION('',(0.,-1.,0.));
#2833=DIRECTION('center_axis',(0.,0.,-1.));
#2834=DIRECTION('ref_axis',(0.707106781186548,0.707106781186548,0.));
#2835=DIRECTION('',(1.,1.16558847729675E-16,0.));
#2836=DIRECTION('center_axis',(0.,0.,1.));
#2837=DIRECTION('ref_axis',(-0.707106781186547,-0.707106781186548,0.));
#2838=DIRECTION('',(1.554117969729E-16,-1.,0.));
#2839=DIRECTION('center_axis',(0.,0.,-1.));
#2840=DIRECTION('ref_axis',(0.707106781186548,0.707106781186548,0.));
#2841=DIRECTION('',(1.,0.,0.));
#2842=DIRECTION('center_axis',(0.,0.,1.));
#2843=DIRECTION('ref_axis',(-0.707106781186548,-0.707106781186548,0.));
#2844=DIRECTION('center_axis',(0.,0.,-1.));
#2845=DIRECTION('ref_axis',(0.,-1.,0.));
#2846=DIRECTION('',(1.,-9.96708949788171E-16,0.));
#2847=DIRECTION('center_axis',(0.,0.,-1.));
#2848=DIRECTION('ref_axis',(-0.85187201943719,0.523750000000003,0.));
#2849=DIRECTION('center_axis',(0.,0.,1.));
#2850=DIRECTION('ref_axis',(0.345054343546055,-0.938582708129657,0.));
#2851=DIRECTION('',(1.,-2.3311769545935E-16,0.));
#2852=DIRECTION('center_axis',(0.,0.,-1.));
#2853=DIRECTION('ref_axis',(0.,-1.,0.));
#2854=DIRECTION('center_axis',(0.,0.,1.));
#2855=DIRECTION('ref_axis',(0.707106781186553,-0.707106781186542,0.));
#2856=DIRECTION('',(1.,-3.49676543189025E-16,0.));
#2857=DIRECTION('center_axis',(0.,0.,-1.));
#2858=DIRECTION('ref_axis',(-0.707106781186547,0.707106781186548,0.));
#2859=DIRECTION('',(0.,1.,0.));
#2860=DIRECTION('center_axis',(0.,0.,1.));
#2861=DIRECTION('ref_axis',(0.707106781186546,-0.707106781186549,0.));
#2862=DIRECTION('',(1.,0.,0.));
#2863=DIRECTION('center_axis',(0.,0.,-1.));
#2864=DIRECTION('ref_axis',(-0.707106781186546,0.707106781186549,0.));
#2865=DIRECTION('',(0.,1.,0.));
#2866=DIRECTION('center_axis',(0.,0.,-1.));
#2867=DIRECTION('ref_axis',(-0.707106781186548,-0.707106781186548,0.));
#2868=DIRECTION('',(-1.,4.42981755461408E-16,0.));
#2869=DIRECTION('center_axis',(0.,0.,-1.));
#2870=DIRECTION('ref_axis',(0.707106781186544,-0.707106781186551,0.));
#2871=DIRECTION('',(0.,-1.,0.));
#2872=DIRECTION('center_axis',(0.,0.,1.));
#2873=DIRECTION('ref_axis',(-0.707106781186548,0.707106781186548,0.));
#2874=DIRECTION('',(-1.,0.,0.));
#2875=DIRECTION('center_axis',(0.,0.,-1.));
#2876=DIRECTION('ref_axis',(0.,1.,0.));
#2877=DIRECTION('center_axis',(0.,0.,1.));
#2878=DIRECTION('ref_axis',(-0.707106781186548,0.707106781186548,0.));
#2879=DIRECTION('',(-1.,2.33117695459351E-16,0.));
#2880=DIRECTION('center_axis',(0.,0.,-1.));
#2881=DIRECTION('ref_axis',(0.851872019437193,-0.523749999999998,0.));
#2882=DIRECTION('center_axis',(-3.35021197707507E-16,-1.,0.));
#2883=DIRECTION('ref_axis',(-1.,3.35021197707507E-16,0.));
#2884=DIRECTION('',(0.,0.,-1.));
#2885=DIRECTION('center_axis',(0.,0.,-1.));
#2886=DIRECTION('ref_axis',(0.707106781186548,0.707106781186547,0.));
#2887=DIRECTION('',(0.,0.,1.));
#2888=DIRECTION('center_axis',(0.,0.,-1.));
#2889=DIRECTION('ref_axis',(0.707106781186547,-0.707106781186548,0.));
#2890=DIRECTION('',(0.,0.,-1.));
#2891=DIRECTION('',(0.,0.,1.));
#2892=DIRECTION('center_axis',(0.,1.,0.));
#2893=DIRECTION('ref_axis',(1.,0.,0.));
#2894=DIRECTION('',(0.,0.,-1.));
#2895=DIRECTION('center_axis',(0.,0.,-1.));
#2896=DIRECTION('ref_axis',(-0.707106781186547,-0.707106781186548,0.));
#2897=DIRECTION('',(0.,0.,1.));
#2898=DIRECTION('center_axis',(0.,0.,-1.));
#2899=DIRECTION('ref_axis',(-0.707106781186549,-0.707106781186546,0.));
#2900=DIRECTION('',(0.,0.,-1.));
#2901=DIRECTION('',(0.,0.,1.));
#2902=DIRECTION('center_axis',(3.69304956216268E-16,1.,0.));
#2903=DIRECTION('ref_axis',(1.,-3.69304956216268E-16,0.));
#2904=DIRECTION('',(0.,0.,1.));
#2905=DIRECTION('center_axis',(0.,0.,-1.));
#2906=DIRECTION('ref_axis',(0.707106781186549,-0.707106781186546,0.));
#2907=DIRECTION('',(0.,0.,-1.));
#2908=DIRECTION('center_axis',(-1.,0.,0.));
#2909=DIRECTION('ref_axis',(0.,1.,0.));
#2910=DIRECTION('center_axis',(0.,0.,1.));
#2911=DIRECTION('ref_axis',(-0.345054343546055,0.938582708129657,0.));
#2912=DIRECTION('',(0.,0.,-1.));
#2913=DIRECTION('',(0.,0.,1.));
#2914=DIRECTION('center_axis',(0.,0.,-1.));
#2915=DIRECTION('ref_axis',(0.851872019437193,-0.523749999999998,0.));
#2916=DIRECTION('',(0.,0.,1.));
#2917=DIRECTION('center_axis',(0.,0.,-1.));
#2918=DIRECTION('ref_axis',(0.,-1.,0.));
#2919=DIRECTION('',(0.,0.,1.));
#2920=DIRECTION('',(0.,0.,-1.));
#2921=DIRECTION('center_axis',(-9.96708949788171E-16,-1.,0.));
#2922=DIRECTION('ref_axis',(1.,-9.96708949788171E-16,0.));
#2923=DIRECTION('',(0.,0.,1.));
#2924=DIRECTION('center_axis',(0.,0.,1.));
#2925=DIRECTION('ref_axis',(0.345054343546055,-0.938582708129657,0.));
#2926=DIRECTION('',(0.,0.,-1.));
#2927=DIRECTION('',(0.,0.,1.));
#2928=DIRECTION('center_axis',(-2.3311769545935E-16,-1.,0.));
#2929=DIRECTION('ref_axis',(1.,-2.3311769545935E-16,0.));
#2930=DIRECTION('',(0.,0.,1.));
#2931=DIRECTION('center_axis',(0.,0.,1.));
#2932=DIRECTION('ref_axis',(-0.707106781186548,-0.707106781186548,0.));
#2933=DIRECTION('',(0.,0.,1.));
#2934=DIRECTION('',(0.,0.,-1.));
#2935=DIRECTION('center_axis',(1.,0.,0.));
#2936=DIRECTION('ref_axis',(0.,1.,0.));
#2937=DIRECTION('',(0.,0.,-1.));
#2938=DIRECTION('center_axis',(0.,0.,1.));
#2939=DIRECTION('ref_axis',(0.707106781186544,-0.707106781186551,0.));
#2940=DIRECTION('',(0.,0.,1.));
#2941=DIRECTION('',(0.,0.,-1.));
#2942=DIRECTION('center_axis',(4.42981755461409E-16,1.,0.));
#2943=DIRECTION('ref_axis',(-1.,4.42981755461408E-16,0.));
#2944=DIRECTION('center_axis',(0.,0.,1.));
#2945=DIRECTION('ref_axis',(-0.707106781186548,0.707106781186548,0.));
#2946=DIRECTION('',(0.,0.,-1.));
#2947=DIRECTION('',(0.,0.,1.));
#2948=DIRECTION('center_axis',(0.,1.,0.));
#2949=DIRECTION('ref_axis',(-1.,0.,0.));
#2950=DIRECTION('',(0.,0.,1.));
#2951=DIRECTION('center_axis',(0.,0.,1.));
#2952=DIRECTION('ref_axis',(0.,1.,0.));
#2953=DIRECTION('',(0.,0.,-1.));
#2954=DIRECTION('center_axis',(0.,0.,1.));
#2955=DIRECTION('ref_axis',(-0.707106781186548,0.707106781186548,0.));
#2956=DIRECTION('',(0.,0.,-1.));
#2957=DIRECTION('center_axis',(2.33117695459351E-16,1.,0.));
#2958=DIRECTION('ref_axis',(-1.,2.33117695459351E-16,0.));
#2959=DIRECTION('center_axis',(0.,0.,1.));
#2960=DIRECTION('ref_axis',(0.707106781186548,0.707106781186548,0.));
#2961=DIRECTION('',(0.,0.,-1.));
#2962=DIRECTION('',(0.,0.,1.));
#2963=DIRECTION('center_axis',(1.,0.,0.));
#2964=DIRECTION('ref_axis',(0.,1.,0.));
#2965=DIRECTION('',(0.,0.,1.));
#2966=DIRECTION('center_axis',(0.,0.,1.));
#2967=DIRECTION('ref_axis',(-0.707106781186549,-0.707106781186546,0.));
#2968=DIRECTION('',(0.,0.,-1.));
#2969=DIRECTION('center_axis',(0.,0.,1.));
#2970=DIRECTION('ref_axis',(0.707106781186545,0.70710678118655,0.));
#2971=DIRECTION('',(0.,0.,-1.));
#2972=DIRECTION('',(0.,0.,1.));
#2973=DIRECTION('center_axis',(1.,3.10823593945801E-16,0.));
#2974=DIRECTION('ref_axis',(-3.10823593945801E-16,1.,0.));
#2975=DIRECTION('',(0.,0.,1.));
#2976=DIRECTION('center_axis',(0.,0.,1.));
#2977=DIRECTION('ref_axis',(-0.707106781186549,-0.707106781186546,0.));
#2978=DIRECTION('',(0.,0.,-1.));
#2979=DIRECTION('center_axis',(0.,0.,1.));
#2980=DIRECTION('ref_axis',(0.707106781186549,-0.707106781186546,0.));
#2981=DIRECTION('',(0.,0.,1.));
#2982=DIRECTION('',(0.,0.,-1.));
#2983=DIRECTION('center_axis',(0.,1.,0.));
#2984=DIRECTION('ref_axis',(-1.,0.,0.));
#2985=DIRECTION('center_axis',(0.,0.,1.));
#2986=DIRECTION('ref_axis',(0.707106781186548,0.707106781186548,0.));
#2987=DIRECTION('',(0.,0.,1.));
#2988=DIRECTION('',(0.,0.,-1.));
#2989=DIRECTION('center_axis',(-1.,0.,0.));
#2990=DIRECTION('ref_axis',(0.,-1.,0.));
#2991=DIRECTION('center_axis',(0.,0.,1.));
#2992=DIRECTION('ref_axis',(-0.707106781186547,-0.707106781186548,0.));
#2993=DIRECTION('',(0.,0.,-1.));
#2994=DIRECTION('',(0.,0.,1.));
#2995=DIRECTION('center_axis',(-1.,-1.554117969729E-16,0.));
#2996=DIRECTION('ref_axis',(1.554117969729E-16,-1.,0.));
#2997=DIRECTION('',(0.,0.,1.));
#2998=DIRECTION('center_axis',(0.,0.,1.));
#2999=DIRECTION('ref_axis',(0.707106781186548,0.707106781186548,0.));
#3000=DIRECTION('',(0.,0.,-1.));
#3001=DIRECTION('center_axis',(0.,0.,1.));
#3002=DIRECTION('ref_axis',(-0.707106781186548,-0.707106781186548,0.));
#3003=DIRECTION('',(0.,0.,1.));
#3004=DIRECTION('center_axis',(0.,0.,-1.));
#3005=DIRECTION('ref_axis',(-0.85187201943719,0.523750000000003,0.));
#3006=DIRECTION('center_axis',(0.,0.,1.));
#3007=DIRECTION('ref_axis',(0.,-1.,0.));
#3008=DIRECTION('',(0.,0.,-1.));
#3009=DIRECTION('center_axis',(0.,0.,1.));
#3010=DIRECTION('ref_axis',(0.707106781186553,-0.707106781186542,0.));
#3011=DIRECTION('',(0.,0.,-1.));
#3012=DIRECTION('center_axis',(-3.49676543189025E-16,-1.,0.));
#3013=DIRECTION('ref_axis',(1.,-3.49676543189025E-16,0.));
#3014=DIRECTION('',(0.,0.,1.));
#3015=DIRECTION('center_axis',(0.,0.,1.));
#3016=DIRECTION('ref_axis',(-0.707106781186547,0.707106781186548,0.));
#3017=DIRECTION('',(0.,0.,-1.));
#3018=DIRECTION('center_axis',(0.,0.,1.));
#3019=DIRECTION('ref_axis',(0.707106781186546,-0.707106781186549,0.));
#3020=DIRECTION('',(0.,0.,-1.));
#3021=DIRECTION('',(0.,0.,1.));
#3022=DIRECTION('center_axis',(1.,0.,0.));
#3023=DIRECTION('ref_axis',(0.,1.,0.));
#3024=DIRECTION('center_axis',(0.,0.,1.));
#3025=DIRECTION('ref_axis',(-0.707106781186546,0.707106781186549,0.));
#3026=DIRECTION('',(0.,0.,1.));
#3027=DIRECTION('center_axis',(0.,-1.,0.));
#3028=DIRECTION('ref_axis',(1.,0.,0.));
#3029=DIRECTION('center_axis',(1.,0.,0.));
#3030=DIRECTION('ref_axis',(0.,1.,0.));
#3031=DIRECTION('',(1.,0.,0.));
#3032=DIRECTION('center_axis',(1.,-5.74717769555217E-16,0.));
#3033=DIRECTION('ref_axis',(0.,1.,0.));
#3034=DIRECTION('center_axis',(-1.,5.74717769555217E-16,0.));
#3035=DIRECTION('ref_axis',(0.,0.,1.));
#3036=DIRECTION('center_axis',(-1.,5.74717769555217E-16,0.));
#3037=DIRECTION('ref_axis',(0.,1.,0.));
#3038=DIRECTION('center_axis',(1.,0.,0.));
#3039=DIRECTION('ref_axis',(0.,1.,0.));
#3040=DIRECTION('',(1.,0.,0.));
#3041=DIRECTION('center_axis',(1.,-5.74717769555217E-16,0.));
#3042=DIRECTION('ref_axis',(0.,1.,0.));
#3043=DIRECTION('center_axis',(-1.,5.74717769555217E-16,0.));
#3044=DIRECTION('ref_axis',(0.,0.,1.));
#3045=DIRECTION('center_axis',(-1.,5.74717769555217E-16,0.));
#3046=DIRECTION('ref_axis',(0.,1.,0.));
#3047=DIRECTION('center_axis',(-1.,0.,0.));
#3048=DIRECTION('ref_axis',(0.,1.,0.));
#3049=DIRECTION('',(-1.,0.,0.));
#3050=DIRECTION('center_axis',(-1.,2.63412311046141E-16,0.));
#3051=DIRECTION('ref_axis',(0.,1.,0.));
#3052=DIRECTION('center_axis',(1.,-2.63412311046141E-16,0.));
#3053=DIRECTION('ref_axis',(0.,0.,-1.));
#3054=DIRECTION('center_axis',(1.,-2.63412311046141E-16,0.));
#3055=DIRECTION('ref_axis',(0.,1.,0.));
#3056=DIRECTION('center_axis',(-1.,0.,0.));
#3057=DIRECTION('ref_axis',(0.,1.,0.));
#3058=DIRECTION('',(-1.,0.,0.));
#3059=DIRECTION('center_axis',(-1.,2.63412311046141E-16,0.));
#3060=DIRECTION('ref_axis',(0.,1.,0.));
#3061=DIRECTION('center_axis',(1.,-2.63412311046141E-16,0.));
#3062=DIRECTION('ref_axis',(0.,0.,-1.));
#3063=DIRECTION('center_axis',(1.,-2.63412311046141E-16,0.));
#3064=DIRECTION('ref_axis',(0.,1.,0.));
#3065=DIRECTION('center_axis',(-1.,0.,0.));
#3066=DIRECTION('ref_axis',(0.,1.,0.));
#3067=DIRECTION('center_axis',(-1.,5.87387216114715E-16,0.));
#3068=DIRECTION('ref_axis',(0.,1.,0.));
#3069=DIRECTION('',(-1.,0.,0.));
#3070=DIRECTION('center_axis',(-1.,0.,0.));
#3071=DIRECTION('ref_axis',(0.,1.,0.));
#3072=DIRECTION('center_axis',(-1.,5.87387216114715E-16,0.));
#3073=DIRECTION('ref_axis',(0.,1.,0.));
#3074=DIRECTION('',(-1.,0.,0.));
#3075=DIRECTION('center_axis',(1.,0.,0.));
#3076=DIRECTION('ref_axis',(0.,1.,0.));
#3077=DIRECTION('center_axis',(1.,-3.42642542733584E-16,0.));
#3078=DIRECTION('ref_axis',(0.,1.,0.));
#3079=DIRECTION('',(1.,0.,0.));
#3080=DIRECTION('center_axis',(1.,0.,0.));
#3081=DIRECTION('ref_axis',(0.,1.,0.));
#3082=DIRECTION('center_axis',(1.,-3.42642542733584E-16,0.));
#3083=DIRECTION('ref_axis',(0.,1.,0.));
#3084=DIRECTION('',(1.,0.,0.));
#3085=DIRECTION('center_axis',(1.,-5.87387216114715E-16,0.));
#3086=DIRECTION('ref_axis',(-5.87387216114715E-16,-1.,0.));
#3087=DIRECTION('center_axis',(-1.,3.42642542733584E-16,0.));
#3088=DIRECTION('ref_axis',(3.42642542733584E-16,1.,0.));
#3089=DIRECTION('center_axis',(1.,-5.48512224610237E-16,0.));
#3090=DIRECTION('ref_axis',(-5.48512224610237E-16,-1.,0.));
#3091=DIRECTION('center_axis',(-1.,0.,0.));
#3092=DIRECTION('ref_axis',(0.,-1.,0.));
#3093=DIRECTION('center_axis',(0.,1.,0.));
#3094=DIRECTION('ref_axis',(-1.,0.,0.));
#3095=DIRECTION('center_axis',(0.,1.,0.));
#3096=DIRECTION('ref_axis',(-1.,0.,0.));
#3097=DIRECTION('center_axis',(1.16558847729675E-16,-1.,0.));
#3098=DIRECTION('ref_axis',(1.,1.16558847729675E-16,0.));
#3099=DIRECTION('center_axis',(0.,-1.,0.));
#3100=DIRECTION('ref_axis',(1.,0.,0.));
#3101=DIRECTION('center_axis',(1.,0.,0.));
#3102=DIRECTION('ref_axis',(0.,1.,0.));
#3103=CARTESIAN_POINT('',(0.,0.,0.));
#3104=CARTESIAN_POINT('Origin',(12.775,-46.99375,-5.75));
#3105=CARTESIAN_POINT('',(13.025,-65.175,-5.5));
#3106=CARTESIAN_POINT('',(12.525,-65.175,-6.));
#3107=CARTESIAN_POINT('',(13.025,-65.175,-5.5));
#3108=CARTESIAN_POINT('',(12.525,17.55,-6.));
#3109=CARTESIAN_POINT('',(12.525,-46.99375,-6.));
#3110=CARTESIAN_POINT('',(13.025,17.55,-5.5));
#3111=CARTESIAN_POINT('',(12.525,17.55,-6.));
#3112=CARTESIAN_POINT('',(13.025,-46.99375,-5.5));
#3113=CARTESIAN_POINT('Origin',(8.02499999999999,-65.175,-5.75));
#3114=CARTESIAN_POINT('',(8.02499999999999,-70.175,-5.5));
#3115=CARTESIAN_POINT('Origin',(8.02499999999999,-65.175,-5.5));
#3116=CARTESIAN_POINT('',(8.02499999999999,-69.675,-6.));
#3117=CARTESIAN_POINT('',(8.02499999999999,-70.175,-5.5));
#3118=CARTESIAN_POINT('Origin',(8.02499999999999,-65.175,-6.));
#3119=CARTESIAN_POINT('Origin',(-39.85,-69.925,-5.75));
#3120=CARTESIAN_POINT('',(-27.075,-70.175,-5.5));
#3121=CARTESIAN_POINT('',(-27.075,-69.675,-6.));
#3122=CARTESIAN_POINT('',(-27.075,-70.175,-5.5));
#3123=CARTESIAN_POINT('',(-39.85,-69.675,-6.));
#3124=CARTESIAN_POINT('',(-39.85,-70.175,-5.5));
#3125=CARTESIAN_POINT('Origin',(-27.075,-65.175,-5.75));
#3126=CARTESIAN_POINT('',(-32.075,-65.175,-5.5));
#3127=CARTESIAN_POINT('Origin',(-27.075,-65.175,-5.5));
#3128=CARTESIAN_POINT('',(-31.575,-65.175,-6.));
#3129=CARTESIAN_POINT('',(-32.075,-65.175,-5.5));
#3130=CARTESIAN_POINT('Origin',(-27.075,-65.175,-6.));
#3131=CARTESIAN_POINT('Origin',(-31.825,-34.849375,-5.75));
#3132=CARTESIAN_POINT('',(-32.075,-49.88625,-5.5));
#3133=CARTESIAN_POINT('',(-31.575,-49.88625,-6.));
#3134=CARTESIAN_POINT('',(-32.075,-49.88625,-5.5));
#3135=CARTESIAN_POINT('',(-31.575,-34.849375,-6.));
#3136=CARTESIAN_POINT('',(-32.075,-34.849375,-5.5));
#3137=CARTESIAN_POINT('Origin',(-36.075,-49.88625,-5.75));
#3138=CARTESIAN_POINT('',(-36.075,-45.88625,-5.5));
#3139=CARTESIAN_POINT('Origin',(-36.075,-49.88625,-5.5));
#3140=CARTESIAN_POINT('',(-36.075,-45.38625,-6.));
#3141=CARTESIAN_POINT('',(-36.075,-45.88625,-5.5));
#3142=CARTESIAN_POINT('Origin',(-36.075,-49.88625,-6.));
#3143=CARTESIAN_POINT('Origin',(-64.925,-45.63625,-5.75));
#3144=CARTESIAN_POINT('',(-78.225,-45.88625,-5.5));
#3145=CARTESIAN_POINT('',(-78.225,-45.38625,-6.));
#3146=CARTESIAN_POINT('',(-78.225,-45.88625,-5.5));
#3147=CARTESIAN_POINT('',(-64.925,-45.38625,-6.));
#3148=CARTESIAN_POINT('',(-64.925,-45.88625,-5.5));
#3149=CARTESIAN_POINT('Origin',(-78.225,-49.88625,-5.75));
#3150=CARTESIAN_POINT('',(-82.225,-49.88625,-5.5));
#3151=CARTESIAN_POINT('Origin',(-78.225,-49.88625,-5.5));
#3152=CARTESIAN_POINT('',(-82.725,-49.88625,-6.));
#3153=CARTESIAN_POINT('',(-82.225,-49.88625,-5.5));
#3154=CARTESIAN_POINT('Origin',(-78.225,-49.88625,-6.));
#3155=CARTESIAN_POINT('Origin',(-82.475,-46.99375,-5.75));
#3156=CARTESIAN_POINT('',(-82.225,-65.175,-5.5));
#3157=CARTESIAN_POINT('',(-82.725,-65.175,-6.));
#3158=CARTESIAN_POINT('',(-82.225,-65.175,-5.5));
#3159=CARTESIAN_POINT('',(-82.725,-46.99375,-6.));
#3160=CARTESIAN_POINT('',(-82.225,-46.99375,-5.5));
#3161=CARTESIAN_POINT('Origin',(-87.225,-65.175,-5.75));
#3162=CARTESIAN_POINT('',(-87.225,-70.175,-5.5));
#3163=CARTESIAN_POINT('Origin',(-87.225,-65.175,-5.5));
#3164=CARTESIAN_POINT('',(-87.225,-69.675,-6.));
#3165=CARTESIAN_POINT('',(-87.225,-70.175,-5.5));
#3166=CARTESIAN_POINT('Origin',(-87.225,-65.175,-6.));
#3167=CARTESIAN_POINT('Origin',(-77.95,-69.925,-5.75));
#3168=CARTESIAN_POINT('',(-103.275,-70.175,-5.5));
#3169=CARTESIAN_POINT('',(-103.275,-69.675,-6.));
#3170=CARTESIAN_POINT('',(-103.275,-70.175,-5.5));
#3171=CARTESIAN_POINT('',(-77.95,-69.675,-6.));
#3172=CARTESIAN_POINT('',(-77.95,-70.175,-5.5));
#3173=CARTESIAN_POINT('Origin',(-103.275,-65.175,-5.75));
#3174=CARTESIAN_POINT('',(-108.275,-65.175,-5.5));
#3175=CARTESIAN_POINT('Origin',(-103.275,-65.175,-5.5));
#3176=CARTESIAN_POINT('',(-107.775,-65.175,-6.));
#3177=CARTESIAN_POINT('',(-108.275,-65.175,-5.5));
#3178=CARTESIAN_POINT('Origin',(-103.275,-65.175,-6.));
#3179=CARTESIAN_POINT('Origin',(-108.025,-0.631249999999963,-5.75));
#3180=CARTESIAN_POINT('',(-108.275,17.55,-5.5));
#3181=CARTESIAN_POINT('',(-107.775,17.55,-6.));
#3182=CARTESIAN_POINT('',(-108.275,17.55,-5.5));
#3183=CARTESIAN_POINT('',(-107.775,-0.631249999999964,-6.));
#3184=CARTESIAN_POINT('',(-108.275,-0.631249999999963,-5.5));
#3185=CARTESIAN_POINT('Origin',(-103.275,17.55,-5.75));
#3186=CARTESIAN_POINT('',(-103.275,22.55,-5.5));
#3187=CARTESIAN_POINT('Origin',(-103.275,17.55,-5.5));
#3188=CARTESIAN_POINT('',(-103.275,22.05,-6.));
#3189=CARTESIAN_POINT('',(-103.275,22.55,-5.5));
#3190=CARTESIAN_POINT('Origin',(-103.275,17.55,-6.));
#3191=CARTESIAN_POINT('Origin',(-17.3,22.3,-5.75));
#3192=CARTESIAN_POINT('',(8.02500000000002,22.55,-5.5));
#3193=CARTESIAN_POINT('',(8.02500000000002,22.05,-6.));
#3194=CARTESIAN_POINT('',(8.02500000000002,22.55,-5.5));
#3195=CARTESIAN_POINT('',(-17.3,22.05,-6.));
#3196=CARTESIAN_POINT('',(-17.3,22.55,-5.5));
#3197=CARTESIAN_POINT('Origin',(8.02500000000002,17.55,-5.75));
#3198=CARTESIAN_POINT('Origin',(8.02500000000002,17.55,-5.5));
#3199=CARTESIAN_POINT('Origin',(8.02500000000002,17.55,-6.));
#3200=CARTESIAN_POINT('Origin',(-78.225,-49.88625,0.));
#3201=CARTESIAN_POINT('',(-78.225,-45.88625,3.4));
#3202=CARTESIAN_POINT('',(-78.225,-45.88625,0.));
#3203=CARTESIAN_POINT('',(-82.225,-49.88625,3.4));
#3204=CARTESIAN_POINT('Origin',(-78.225,-49.88625,3.4));
#3205=CARTESIAN_POINT('',(-82.225,-49.88625,0.));
#3206=CARTESIAN_POINT('Origin',(-82.225,-45.88625,0.));
#3207=CARTESIAN_POINT('',(-36.075,-45.88625,3.4));
#3208=CARTESIAN_POINT('',(-36.075,-45.88625,0.));
#3209=CARTESIAN_POINT('',(-64.925,-45.88625,3.4));
#3210=CARTESIAN_POINT('Origin',(-36.075,-49.88625,0.));
#3211=CARTESIAN_POINT('',(-32.075,-49.88625,3.4));
#3212=CARTESIAN_POINT('',(-32.075,-49.88625,0.));
#3213=CARTESIAN_POINT('Origin',(-36.075,-49.88625,3.4));
#3214=CARTESIAN_POINT('Origin',(-32.075,-45.88625,0.));
#3215=CARTESIAN_POINT('',(-32.075,-65.175,3.4));
#3216=CARTESIAN_POINT('',(-32.075,-65.175,0.));
#3217=CARTESIAN_POINT('',(-32.075,-34.849375,3.4));
#3218=CARTESIAN_POINT('Origin',(-27.075,-65.175,0.));
#3219=CARTESIAN_POINT('',(-27.075,-70.175,3.4));
#3220=CARTESIAN_POINT('',(-27.075,-70.175,0.));
#3221=CARTESIAN_POINT('Origin',(-27.075,-65.175,3.4));
#3222=CARTESIAN_POINT('Origin',(-32.075,-70.175,0.));
#3223=CARTESIAN_POINT('',(8.02499999999999,-70.175,3.4));
#3224=CARTESIAN_POINT('',(8.02499999999999,-70.175,0.));
#3225=CARTESIAN_POINT('',(-39.85,-70.175,3.4));
#3226=CARTESIAN_POINT('Origin',(8.02499999999999,-65.175,0.));
#3227=CARTESIAN_POINT('',(13.025,-65.175,3.4));
#3228=CARTESIAN_POINT('',(13.025,-65.175,0.));
#3229=CARTESIAN_POINT('Origin',(8.02499999999999,-65.175,3.4));
#3230=CARTESIAN_POINT('Origin',(13.025,-70.175,0.));
#3231=CARTESIAN_POINT('',(13.025,17.55,3.4));
#3232=CARTESIAN_POINT('',(13.025,17.55,0.));
#3233=CARTESIAN_POINT('',(13.025,-46.99375,3.4));
#3234=CARTESIAN_POINT('',(13.025,-52.9125,-3.2));
#3235=CARTESIAN_POINT('Origin',(13.025,-50.8125,-3.2));
#3236=CARTESIAN_POINT('',(13.025,1.08749999999999,-3.2));
#3237=CARTESIAN_POINT('Origin',(13.025,3.18749999999999,-3.2));
#3238=CARTESIAN_POINT('Origin',(-47.625,-23.8125,-6.));
#3239=CARTESIAN_POINT('',(-78.225,-44.88625,-6.));
#3240=CARTESIAN_POINT('',(-83.225,-49.88625,-6.));
#3241=CARTESIAN_POINT('Origin',(-78.225,-49.88625,-6.));
#3242=CARTESIAN_POINT('',(-36.075,-44.88625,-6.));
#3243=CARTESIAN_POINT('',(-31.075,-44.88625,-6.));
#3244=CARTESIAN_POINT('',(-31.075,-49.88625,-6.));
#3245=CARTESIAN_POINT('Origin',(-36.075,-49.88625,-6.));
#3246=CARTESIAN_POINT('',(-31.075,-65.175,-6.));
#3247=CARTESIAN_POINT('',(-31.075,-69.175,-6.));
#3248=CARTESIAN_POINT('',(-27.075,-69.175,-6.));
#3249=CARTESIAN_POINT('Origin',(-27.075,-65.175,-6.));
#3250=CARTESIAN_POINT('',(8.02499999999999,-69.175,-6.));
#3251=CARTESIAN_POINT('',(12.025,-69.175,-6.));
#3252=CARTESIAN_POINT('',(12.025,-65.175,-6.));
#3253=CARTESIAN_POINT('Origin',(8.02499999999999,-65.175,-6.));
#3254=CARTESIAN_POINT('',(12.025,17.55,-6.));
#3255=CARTESIAN_POINT('',(12.025,21.55,-6.));
#3256=CARTESIAN_POINT('',(8.02500000000002,21.55,-6.));
#3257=CARTESIAN_POINT('Origin',(8.02500000000002,17.55,-6.));
#3258=CARTESIAN_POINT('',(-103.275,21.55,-6.));
#3259=CARTESIAN_POINT('',(-107.275,21.55,-6.));
#3260=CARTESIAN_POINT('',(-107.275,17.55,-6.));
#3261=CARTESIAN_POINT('Origin',(-103.275,17.55,-6.));
#3262=CARTESIAN_POINT('',(-107.275,-65.175,-6.));
#3263=CARTESIAN_POINT('',(-107.275,-69.175,-6.));
#3264=CARTESIAN_POINT('',(-103.275,-69.175,-6.));
#3265=CARTESIAN_POINT('Origin',(-103.275,-65.175,-6.));
#3266=CARTESIAN_POINT('',(-87.225,-69.175,-6.));
#3267=CARTESIAN_POINT('',(-83.225,-69.175,-6.));
#3268=CARTESIAN_POINT('',(-83.225,-65.175,-6.));
#3269=CARTESIAN_POINT('Origin',(-87.225,-65.175,-6.));
#3270=CARTESIAN_POINT('',(-83.225,-44.88625,-6.));
#3271=CARTESIAN_POINT('Origin',(12.775,-46.99375,3.65));
#3272=CARTESIAN_POINT('',(12.525,17.55,3.9));
#3273=CARTESIAN_POINT('',(13.025,17.55,3.4));
#3274=CARTESIAN_POINT('',(12.525,-65.175,3.9));
#3275=CARTESIAN_POINT('',(12.525,-46.99375,3.9));
#3276=CARTESIAN_POINT('',(12.525,-65.175,3.9));
#3277=CARTESIAN_POINT('Origin',(8.02500000000002,17.55,3.65));
#3278=CARTESIAN_POINT('',(8.02500000000002,22.55,3.4));
#3279=CARTESIAN_POINT('Origin',(8.02500000000002,17.55,3.4));
#3280=CARTESIAN_POINT('',(8.02500000000002,22.05,3.9));
#3281=CARTESIAN_POINT('',(8.02500000000002,22.55,3.4));
#3282=CARTESIAN_POINT('Origin',(8.02500000000002,17.55,3.9));
#3283=CARTESIAN_POINT('Origin',(-17.3,22.3,3.65));
#3284=CARTESIAN_POINT('',(-103.275,22.55,3.4));
#3285=CARTESIAN_POINT('',(-103.275,22.05,3.9));
#3286=CARTESIAN_POINT('',(-103.275,22.55,3.4));
#3287=CARTESIAN_POINT('',(-17.3,22.05,3.9));
#3288=CARTESIAN_POINT('',(-17.3,22.55,3.4));
#3289=CARTESIAN_POINT('Origin',(-103.275,17.55,3.65));
#3290=CARTESIAN_POINT('',(-108.275,17.55,3.4));
#3291=CARTESIAN_POINT('Origin',(-103.275,17.55,3.4));
#3292=CARTESIAN_POINT('',(-107.775,17.55,3.9));
#3293=CARTESIAN_POINT('',(-108.275,17.55,3.4));
#3294=CARTESIAN_POINT('Origin',(-103.275,17.55,3.9));
#3295=CARTESIAN_POINT('Origin',(-108.025,-0.631249999999963,3.65));
#3296=CARTESIAN_POINT('',(-108.275,-65.175,3.4));
#3297=CARTESIAN_POINT('',(-107.775,-65.175,3.9));
#3298=CARTESIAN_POINT('',(-108.275,-65.175,3.4));
#3299=CARTESIAN_POINT('',(-107.775,-0.631249999999964,3.9));
#3300=CARTESIAN_POINT('',(-108.275,-0.631249999999963,3.4));
#3301=CARTESIAN_POINT('Origin',(-103.275,-65.175,3.65));
#3302=CARTESIAN_POINT('',(-103.275,-70.175,3.4));
#3303=CARTESIAN_POINT('Origin',(-103.275,-65.175,3.4));
#3304=CARTESIAN_POINT('',(-103.275,-69.675,3.9));
#3305=CARTESIAN_POINT('',(-103.275,-70.175,3.4));
#3306=CARTESIAN_POINT('Origin',(-103.275,-65.175,3.9));
#3307=CARTESIAN_POINT('Origin',(-77.95,-69.925,3.65));
#3308=CARTESIAN_POINT('',(-87.225,-70.175,3.4));
#3309=CARTESIAN_POINT('',(-87.225,-69.675,3.9));
#3310=CARTESIAN_POINT('',(-87.225,-70.175,3.4));
#3311=CARTESIAN_POINT('',(-77.95,-69.675,3.9));
#3312=CARTESIAN_POINT('',(-77.95,-70.175,3.4));
#3313=CARTESIAN_POINT('Origin',(-87.225,-65.175,3.65));
#3314=CARTESIAN_POINT('',(-82.225,-65.175,3.4));
#3315=CARTESIAN_POINT('Origin',(-87.225,-65.175,3.4));
#3316=CARTESIAN_POINT('',(-82.725,-65.175,3.9));
#3317=CARTESIAN_POINT('',(-82.225,-65.175,3.4));
#3318=CARTESIAN_POINT('Origin',(-87.225,-65.175,3.9));
#3319=CARTESIAN_POINT('Origin',(-82.475,-46.99375,3.65));
#3320=CARTESIAN_POINT('',(-82.725,-49.88625,3.9));
#3321=CARTESIAN_POINT('',(-82.225,-49.88625,3.4));
#3322=CARTESIAN_POINT('',(-82.725,-46.99375,3.9));
#3323=CARTESIAN_POINT('',(-82.225,-46.99375,3.4));
#3324=CARTESIAN_POINT('Origin',(-78.225,-49.88625,3.65));
#3325=CARTESIAN_POINT('',(-78.225,-45.38625,3.9));
#3326=CARTESIAN_POINT('',(-78.225,-45.88625,3.4));
#3327=CARTESIAN_POINT('Origin',(-78.225,-49.88625,3.9));
#3328=CARTESIAN_POINT('Origin',(-64.925,-45.63625,3.65));
#3329=CARTESIAN_POINT('',(-36.075,-45.38625,3.9));
#3330=CARTESIAN_POINT('',(-36.075,-45.88625,3.4));
#3331=CARTESIAN_POINT('',(-64.925,-45.38625,3.9));
#3332=CARTESIAN_POINT('Origin',(-36.075,-49.88625,3.65));
#3333=CARTESIAN_POINT('',(-31.575,-49.88625,3.9));
#3334=CARTESIAN_POINT('',(-32.075,-49.88625,3.4));
#3335=CARTESIAN_POINT('Origin',(-36.075,-49.88625,3.9));
#3336=CARTESIAN_POINT('Origin',(-31.825,-34.849375,3.65));
#3337=CARTESIAN_POINT('',(-31.575,-65.175,3.9));
#3338=CARTESIAN_POINT('',(-32.075,-65.175,3.4));
#3339=CARTESIAN_POINT('',(-31.575,-34.849375,3.9));
#3340=CARTESIAN_POINT('Origin',(-27.075,-65.175,3.65));
#3341=CARTESIAN_POINT('',(-27.075,-69.675,3.9));
#3342=CARTESIAN_POINT('',(-27.075,-70.175,3.4));
#3343=CARTESIAN_POINT('Origin',(-27.075,-65.175,3.9));
#3344=CARTESIAN_POINT('Origin',(-39.85,-69.925,3.65));
#3345=CARTESIAN_POINT('',(8.02499999999999,-69.675,3.9));
#3346=CARTESIAN_POINT('',(8.02499999999999,-70.175,3.4));
#3347=CARTESIAN_POINT('',(-39.85,-69.675,3.9));
#3348=CARTESIAN_POINT('Origin',(8.02499999999999,-65.175,3.65));
#3349=CARTESIAN_POINT('Origin',(8.02499999999999,-65.175,3.9));
#3350=CARTESIAN_POINT('Origin',(-87.225,-65.175,0.));
#3351=CARTESIAN_POINT('',(-82.225,-65.175,0.));
#3352=CARTESIAN_POINT('',(-87.225,-70.175,0.));
#3353=CARTESIAN_POINT('Origin',(-108.275,-70.175,0.));
#3354=CARTESIAN_POINT('',(-103.275,-70.175,0.));
#3355=CARTESIAN_POINT('Origin',(-103.275,-65.175,0.));
#3356=CARTESIAN_POINT('',(-108.275,-65.175,0.));
#3357=CARTESIAN_POINT('Origin',(-108.275,22.55,0.));
#3358=CARTESIAN_POINT('',(-108.275,17.55,0.));
#3359=CARTESIAN_POINT('',(-108.275,-52.9125,-3.2));
#3360=CARTESIAN_POINT('Origin',(-108.275,-50.8125,-3.2));
#3361=CARTESIAN_POINT('',(-108.275,1.08749999999999,-3.2));
#3362=CARTESIAN_POINT('Origin',(-108.275,3.18749999999999,-3.2));
#3363=CARTESIAN_POINT('Origin',(-103.275,17.55,0.));
#3364=CARTESIAN_POINT('',(-103.275,22.55,0.));
#3365=CARTESIAN_POINT('Origin',(13.025,22.55,0.));
#3366=CARTESIAN_POINT('',(8.02500000000002,22.55,0.));
#3367=CARTESIAN_POINT('Origin',(8.02500000000002,17.55,0.));
#3368=CARTESIAN_POINT('Origin',(-47.625,-23.8125,3.9));
#3369=CARTESIAN_POINT('',(-47.533295878005,-39.07625,3.9));
#3370=CARTESIAN_POINT('',(-46.2378477171355,-38.6,3.9));
#3371=CARTESIAN_POINT('Origin',(-46.2378477171355,-40.6,3.9));
#3372=CARTESIAN_POINT('',(-48.8287440388744,-39.5525,3.9));
#3373=CARTESIAN_POINT('Origin',(-48.8287440388744,-37.5525,3.9));
#3374=CARTESIAN_POINT('',(-64.175,-39.5525,3.9));
#3375=CARTESIAN_POINT('',(-66.175,-39.5525,3.9));
#3376=CARTESIAN_POINT('',(-66.1470617978083,-41.219375,3.9));
#3377=CARTESIAN_POINT('Origin',(-64.175,-41.5525,3.9));
#3378=CARTESIAN_POINT('',(-68.1191235956167,-42.88625,3.9));
#3379=CARTESIAN_POINT('Origin',(-68.1191235956167,-40.88625,3.9));
#3380=CARTESIAN_POINT('',(-83.225,-42.88625,3.9));
#3381=CARTESIAN_POINT('',(-85.225,-42.88625,3.9));
#3382=CARTESIAN_POINT('',(-85.225,-44.88625,3.9));
#3383=CARTESIAN_POINT('Origin',(-83.225,-44.88625,3.9));
#3384=CARTESIAN_POINT('',(-85.225,-65.175,3.9));
#3385=CARTESIAN_POINT('',(-85.225,-67.175,3.9));
#3386=CARTESIAN_POINT('',(-87.225,-67.175,3.9));
#3387=CARTESIAN_POINT('Origin',(-87.225,-65.175,3.9));
#3388=CARTESIAN_POINT('',(-103.275,-67.175,3.9));
#3389=CARTESIAN_POINT('',(-105.275,-67.175,3.9));
#3390=CARTESIAN_POINT('',(-105.275,-65.175,3.9));
#3391=CARTESIAN_POINT('Origin',(-103.275,-65.175,3.9));
#3392=CARTESIAN_POINT('',(-105.275,8.025,3.9));
#3393=CARTESIAN_POINT('',(-105.275,10.025,3.9));
#3394=CARTESIAN_POINT('',(-103.275,10.025,3.9));
#3395=CARTESIAN_POINT('Origin',(-103.275,8.025,3.9));
#3396=CARTESIAN_POINT('',(-88.225,10.025,3.9));
#3397=CARTESIAN_POINT('',(-86.225,10.025,3.9));
#3398=CARTESIAN_POINT('',(-86.225,12.025,3.9));
#3399=CARTESIAN_POINT('Origin',(-88.225,12.025,3.9));
#3400=CARTESIAN_POINT('',(-86.225,13.26375,3.9));
#3401=CARTESIAN_POINT('',(-86.225,15.26375,3.9));
#3402=CARTESIAN_POINT('',(-84.225,15.26375,3.9));
#3403=CARTESIAN_POINT('Origin',(-84.225,13.26375,3.9));
#3404=CARTESIAN_POINT('',(-69.175,15.26375,3.9));
#3405=CARTESIAN_POINT('',(-67.175,15.26375,3.9));
#3406=CARTESIAN_POINT('',(-67.2029382021917,16.930625,3.9));
#3407=CARTESIAN_POINT('Origin',(-69.175,17.26375,3.9));
#3408=CARTESIAN_POINT('',(-65.2308764043834,18.5975,3.9));
#3409=CARTESIAN_POINT('Origin',(-65.2308764043834,16.5975,3.9));
#3410=CARTESIAN_POINT('',(-49.0121522828645,18.5975,3.9));
#3411=CARTESIAN_POINT('',(-48.125,18.5975,3.9));
#3412=CARTESIAN_POINT('',(-47.7167041219951,19.07375,3.9));
#3413=CARTESIAN_POINT('Origin',(-49.0121522828645,20.5975,3.9));
#3414=CARTESIAN_POINT('',(-46.4212559611256,19.55,3.9));
#3415=CARTESIAN_POINT('Origin',(-46.4212559611256,17.55,3.9));
#3416=CARTESIAN_POINT('',(-29.7328201756647,19.55,3.9));
#3417=CARTESIAN_POINT('',(-28.075,19.55,3.9));
#3418=CARTESIAN_POINT('',(-27.9039100878324,18.359375,3.9));
#3419=CARTESIAN_POINT('Origin',(-29.7328201756647,17.55,3.9));
#3420=CARTESIAN_POINT('',(-26.075,17.16875,3.9));
#3421=CARTESIAN_POINT('Origin',(-26.075,19.16875,3.9));
#3422=CARTESIAN_POINT('',(-11.025,17.16875,3.9));
#3423=CARTESIAN_POINT('',(-9.025,17.16875,3.9));
#3424=CARTESIAN_POINT('',(-9.025,15.16875,3.9));
#3425=CARTESIAN_POINT('Origin',(-11.025,15.16875,3.9));
#3426=CARTESIAN_POINT('',(-9.025,12.025,3.9));
#3427=CARTESIAN_POINT('',(-9.025,10.025,3.9));
#3428=CARTESIAN_POINT('',(-7.025,10.025,3.9));
#3429=CARTESIAN_POINT('Origin',(-7.025,12.025,3.9));
#3430=CARTESIAN_POINT('',(8.025,10.025,3.9));
#3431=CARTESIAN_POINT('',(10.025,10.025,3.9));
#3432=CARTESIAN_POINT('',(10.025,8.025,3.9));
#3433=CARTESIAN_POINT('Origin',(8.025,8.025,3.9));
#3434=CARTESIAN_POINT('',(10.025,-65.175,3.9));
#3435=CARTESIAN_POINT('',(10.025,-67.175,3.9));
#3436=CARTESIAN_POINT('',(8.025,-67.175,3.9));
#3437=CARTESIAN_POINT('Origin',(8.025,-65.175,3.9));
#3438=CARTESIAN_POINT('',(-8.025,-67.175,3.9));
#3439=CARTESIAN_POINT('',(-10.025,-67.175,3.9));
#3440=CARTESIAN_POINT('',(-10.025,-65.175,3.9));
#3441=CARTESIAN_POINT('Origin',(-8.025,-65.175,3.9));
#3442=CARTESIAN_POINT('',(-10.025,-62.03125,3.9));
#3443=CARTESIAN_POINT('',(-10.025,-60.03125,3.9));
#3444=CARTESIAN_POINT('',(-12.025,-60.03125,3.9));
#3445=CARTESIAN_POINT('Origin',(-12.025,-62.03125,3.9));
#3446=CARTESIAN_POINT('',(-27.075,-60.03125,3.9));
#3447=CARTESIAN_POINT('',(-29.075,-60.03125,3.9));
#3448=CARTESIAN_POINT('',(-29.075,-58.03125,3.9));
#3449=CARTESIAN_POINT('Origin',(-27.075,-58.03125,3.9));
#3450=CARTESIAN_POINT('',(-29.075,-40.6,3.9));
#3451=CARTESIAN_POINT('',(-29.075,-38.6,3.9));
#3452=CARTESIAN_POINT('',(-31.075,-38.6,3.9));
#3453=CARTESIAN_POINT('Origin',(-31.075,-40.6,3.9));
#3454=CARTESIAN_POINT('',(-47.125,-38.6,3.9));
#3455=CARTESIAN_POINT('Origin',(-78.225,-49.88625,0.));
#3456=CARTESIAN_POINT('',(-83.225,-49.88625,0.));
#3457=CARTESIAN_POINT('',(-83.225,-49.88625,0.));
#3458=CARTESIAN_POINT('',(-78.225,-44.88625,0.));
#3459=CARTESIAN_POINT('Origin',(-78.225,-49.88625,0.));
#3460=CARTESIAN_POINT('',(-78.225,-44.88625,0.));
#3461=CARTESIAN_POINT('Origin',(-83.225,-44.88625,0.));
#3462=CARTESIAN_POINT('',(-36.075,-44.88625,0.));
#3463=CARTESIAN_POINT('',(-65.425,-44.88625,0.));
#3464=CARTESIAN_POINT('',(-36.075,-44.88625,0.));
#3465=CARTESIAN_POINT('Origin',(-36.075,-49.88625,0.));
#3466=CARTESIAN_POINT('',(-31.075,-49.88625,0.));
#3467=CARTESIAN_POINT('Origin',(-36.075,-49.88625,0.));
#3468=CARTESIAN_POINT('',(-31.075,-49.88625,0.));
#3469=CARTESIAN_POINT('Origin',(-103.275,17.55,0.));
#3470=CARTESIAN_POINT('',(-107.275,17.55,0.));
#3471=CARTESIAN_POINT('',(-103.275,21.55,0.));
#3472=CARTESIAN_POINT('Origin',(-103.275,17.55,0.));
#3473=CARTESIAN_POINT('',(-107.275,17.55,0.));
#3474=CARTESIAN_POINT('',(-103.275,21.55,0.));
#3475=CARTESIAN_POINT('Origin',(-47.625,-23.8125,0.));
#3476=CARTESIAN_POINT('',(8.02500000000002,21.55,0.));
#3477=CARTESIAN_POINT('',(-17.8,21.55,0.));
#3478=CARTESIAN_POINT('',(12.025,17.55,0.));
#3479=CARTESIAN_POINT('Origin',(8.02500000000002,17.55,0.));
#3480=CARTESIAN_POINT('',(12.025,-65.175,0.));
#3481=CARTESIAN_POINT('',(12.025,-46.49375,0.));
#3482=CARTESIAN_POINT('',(8.02499999999999,-69.175,0.));
#3483=CARTESIAN_POINT('Origin',(8.02499999999999,-65.175,0.));
#3484=CARTESIAN_POINT('',(-27.075,-69.175,0.));
#3485=CARTESIAN_POINT('',(-39.35,-69.175,0.));
#3486=CARTESIAN_POINT('',(-31.075,-65.175,0.));
#3487=CARTESIAN_POINT('Origin',(-27.075,-65.175,0.));
#3488=CARTESIAN_POINT('',(-31.075,-34.349375,0.));
#3489=CARTESIAN_POINT('',(-83.225,-65.175,0.));
#3490=CARTESIAN_POINT('',(-83.225,-46.49375,0.));
#3491=CARTESIAN_POINT('',(-87.225,-69.175,0.));
#3492=CARTESIAN_POINT('Origin',(-87.225,-65.175,0.));
#3493=CARTESIAN_POINT('',(-103.275,-69.175,0.));
#3494=CARTESIAN_POINT('',(-77.45,-69.175,0.));
#3495=CARTESIAN_POINT('',(-107.275,-65.175,0.));
#3496=CARTESIAN_POINT('Origin',(-103.275,-65.175,0.));
#3497=CARTESIAN_POINT('',(-107.275,-1.13124999999996,0.));
#3498=CARTESIAN_POINT('',(-46.2378477171355,-38.6,0.));
#3499=CARTESIAN_POINT('',(-47.533295878005,-39.07625,0.));
#3500=CARTESIAN_POINT('Origin',(-46.2378477171355,-40.6,0.));
#3501=CARTESIAN_POINT('',(-31.075,-38.6,0.));
#3502=CARTESIAN_POINT('',(-47.125,-38.6,0.));
#3503=CARTESIAN_POINT('',(-29.075,-40.6,0.));
#3504=CARTESIAN_POINT('Origin',(-31.075,-40.6,0.));
#3505=CARTESIAN_POINT('',(-29.075,-58.03125,0.));
#3506=CARTESIAN_POINT('',(-29.075,-38.6,0.));
#3507=CARTESIAN_POINT('',(-27.075,-60.03125,0.));
#3508=CARTESIAN_POINT('Origin',(-27.075,-58.03125,0.));
#3509=CARTESIAN_POINT('',(-12.025,-60.03125,0.));
#3510=CARTESIAN_POINT('',(-29.075,-60.03125,0.));
#3511=CARTESIAN_POINT('',(-10.025,-62.03125,0.));
#3512=CARTESIAN_POINT('Origin',(-12.025,-62.03125,0.));
#3513=CARTESIAN_POINT('',(-10.025,-65.175,0.));
#3514=CARTESIAN_POINT('',(-10.025,-60.03125,0.));
#3515=CARTESIAN_POINT('',(-8.025,-67.175,0.));
#3516=CARTESIAN_POINT('Origin',(-8.025,-65.175,0.));
#3517=CARTESIAN_POINT('',(8.025,-67.175,0.));
#3518=CARTESIAN_POINT('',(-10.025,-67.175,0.));
#3519=CARTESIAN_POINT('',(10.025,-65.175,0.));
#3520=CARTESIAN_POINT('Origin',(8.025,-65.175,0.));
#3521=CARTESIAN_POINT('',(10.025,8.025,0.));
#3522=CARTESIAN_POINT('',(10.025,-67.175,0.));
#3523=CARTESIAN_POINT('',(8.025,10.025,0.));
#3524=CARTESIAN_POINT('Origin',(8.025,8.025,0.));
#3525=CARTESIAN_POINT('',(-7.025,10.025,0.));
#3526=CARTESIAN_POINT('',(10.025,10.025,0.));
#3527=CARTESIAN_POINT('',(-9.025,12.025,0.));
#3528=CARTESIAN_POINT('Origin',(-7.025,12.025,0.));
#3529=CARTESIAN_POINT('',(-9.025,15.16875,0.));
#3530=CARTESIAN_POINT('',(-9.025,10.025,0.));
#3531=CARTESIAN_POINT('',(-11.025,17.16875,0.));
#3532=CARTESIAN_POINT('Origin',(-11.025,15.16875,0.));
#3533=CARTESIAN_POINT('',(-26.075,17.16875,0.));
#3534=CARTESIAN_POINT('',(-9.025,17.16875,0.));
#3535=CARTESIAN_POINT('',(-27.9039100878324,18.359375,0.));
#3536=CARTESIAN_POINT('Origin',(-26.075,19.16875,0.));
#3537=CARTESIAN_POINT('',(-29.7328201756647,19.55,0.));
#3538=CARTESIAN_POINT('Origin',(-29.7328201756647,17.55,0.));
#3539=CARTESIAN_POINT('',(-46.4212559611256,19.55,0.));
#3540=CARTESIAN_POINT('',(-28.075,19.55,0.));
#3541=CARTESIAN_POINT('',(-47.7167041219951,19.07375,0.));
#3542=CARTESIAN_POINT('Origin',(-46.4212559611256,17.55,0.));
#3543=CARTESIAN_POINT('',(-49.0121522828645,18.5975,0.));
#3544=CARTESIAN_POINT('Origin',(-49.0121522828645,20.5975,0.));
#3545=CARTESIAN_POINT('',(-65.2308764043834,18.5975,0.));
#3546=CARTESIAN_POINT('',(-48.125,18.5975,0.));
#3547=CARTESIAN_POINT('',(-67.2029382021917,16.930625,0.));
#3548=CARTESIAN_POINT('Origin',(-65.2308764043834,16.5975,0.));
#3549=CARTESIAN_POINT('',(-69.175,15.26375,0.));
#3550=CARTESIAN_POINT('Origin',(-69.175,17.26375,0.));
#3551=CARTESIAN_POINT('',(-84.225,15.26375,0.));
#3552=CARTESIAN_POINT('',(-67.175,15.26375,0.));
#3553=CARTESIAN_POINT('',(-86.225,13.26375,0.));
#3554=CARTESIAN_POINT('Origin',(-84.225,13.26375,0.));
#3555=CARTESIAN_POINT('',(-86.225,12.025,0.));
#3556=CARTESIAN_POINT('',(-86.225,15.26375,0.));
#3557=CARTESIAN_POINT('',(-88.225,10.025,0.));
#3558=CARTESIAN_POINT('Origin',(-88.225,12.025,0.));
#3559=CARTESIAN_POINT('',(-103.275,10.025,0.));
#3560=CARTESIAN_POINT('',(-86.225,10.025,0.));
#3561=CARTESIAN_POINT('',(-105.275,8.025,0.));
#3562=CARTESIAN_POINT('Origin',(-103.275,8.025,0.));
#3563=CARTESIAN_POINT('',(-105.275,-65.175,0.));
#3564=CARTESIAN_POINT('',(-105.275,10.025,0.));
#3565=CARTESIAN_POINT('',(-103.275,-67.175,0.));
#3566=CARTESIAN_POINT('Origin',(-103.275,-65.175,0.));
#3567=CARTESIAN_POINT('',(-87.225,-67.175,0.));
#3568=CARTESIAN_POINT('',(-105.275,-67.175,0.));
#3569=CARTESIAN_POINT('',(-85.225,-65.175,0.));
#3570=CARTESIAN_POINT('Origin',(-87.225,-65.175,0.));
#3571=CARTESIAN_POINT('',(-85.225,-44.88625,0.));
#3572=CARTESIAN_POINT('',(-85.225,-67.175,0.));
#3573=CARTESIAN_POINT('',(-83.225,-42.88625,0.));
#3574=CARTESIAN_POINT('Origin',(-83.225,-44.88625,0.));
#3575=CARTESIAN_POINT('',(-68.1191235956167,-42.88625,0.));
#3576=CARTESIAN_POINT('',(-85.225,-42.88625,0.));
#3577=CARTESIAN_POINT('',(-66.1470617978083,-41.219375,0.));
#3578=CARTESIAN_POINT('Origin',(-68.1191235956167,-40.88625,0.));
#3579=CARTESIAN_POINT('',(-64.175,-39.5525,0.));
#3580=CARTESIAN_POINT('Origin',(-64.175,-41.5525,0.));
#3581=CARTESIAN_POINT('',(-48.8287440388744,-39.5525,0.));
#3582=CARTESIAN_POINT('',(-66.175,-39.5525,0.));
#3583=CARTESIAN_POINT('Origin',(-48.8287440388744,-37.5525,0.));
#3584=CARTESIAN_POINT('Origin',(12.025,21.55,0.));
#3585=CARTESIAN_POINT('',(8.02500000000002,21.55,0.));
#3586=CARTESIAN_POINT('Origin',(8.02500000000002,17.55,0.));
#3587=CARTESIAN_POINT('',(12.025,17.55,0.));
#3588=CARTESIAN_POINT('Origin',(8.02499999999999,-65.175,0.));
#3589=CARTESIAN_POINT('',(12.025,-65.175,0.));
#3590=CARTESIAN_POINT('',(8.02499999999999,-69.175,0.));
#3591=CARTESIAN_POINT('Origin',(-31.075,-69.175,0.));
#3592=CARTESIAN_POINT('',(-27.075,-69.175,0.));
#3593=CARTESIAN_POINT('Origin',(-27.075,-65.175,0.));
#3594=CARTESIAN_POINT('',(-31.075,-65.175,0.));
#3595=CARTESIAN_POINT('Origin',(-103.275,-65.175,0.));
#3596=CARTESIAN_POINT('',(-103.275,-69.175,0.));
#3597=CARTESIAN_POINT('',(-107.275,-65.175,0.));
#3598=CARTESIAN_POINT('Origin',(-107.275,-69.175,0.));
#3599=CARTESIAN_POINT('',(-87.225,-69.175,0.));
#3600=CARTESIAN_POINT('Origin',(-87.225,-65.175,0.));
#3601=CARTESIAN_POINT('',(-83.225,-65.175,0.));
#3602=CARTESIAN_POINT('Origin',(-83.225,-69.175,0.));
#3603=CARTESIAN_POINT('Origin',(-46.2378477171355,-40.6,0.));
#3604=CARTESIAN_POINT('',(-46.2378477171355,-38.6,0.));
#3605=CARTESIAN_POINT('',(-47.533295878005,-39.07625,0.));
#3606=CARTESIAN_POINT('Origin',(-48.8287440388744,-37.5525,0.));
#3607=CARTESIAN_POINT('',(-48.8287440388744,-39.5525,0.));
#3608=CARTESIAN_POINT('Origin',(-29.7328201756647,17.55,0.));
#3609=CARTESIAN_POINT('',(-27.9039100878324,18.359375,0.));
#3610=CARTESIAN_POINT('',(-29.7328201756647,19.55,0.));
#3611=CARTESIAN_POINT('Origin',(-48.125,19.55,0.));
#3612=CARTESIAN_POINT('',(-46.4212559611256,19.55,0.));
#3613=CARTESIAN_POINT('Origin',(-49.0121522828645,20.5975,0.));
#3614=CARTESIAN_POINT('',(-49.0121522828645,18.5975,0.));
#3615=CARTESIAN_POINT('',(-47.7167041219951,19.07375,0.));
#3616=CARTESIAN_POINT('Origin',(-67.175,18.5975,0.));
#3617=CARTESIAN_POINT('',(-65.2308764043834,18.5975,0.));
#3618=CARTESIAN_POINT('Origin',(-103.275,-65.175,0.));
#3619=CARTESIAN_POINT('',(-105.275,-65.175,0.));
#3620=CARTESIAN_POINT('',(-103.275,-67.175,0.));
#3621=CARTESIAN_POINT('Origin',(-105.275,-67.175,0.));
#3622=CARTESIAN_POINT('',(-105.275,8.025,0.));
#3623=CARTESIAN_POINT('Origin',(-87.225,-65.175,0.));
#3624=CARTESIAN_POINT('',(-87.225,-67.175,0.));
#3625=CARTESIAN_POINT('',(-85.225,-65.175,0.));
#3626=CARTESIAN_POINT('Origin',(-85.225,-67.175,0.));
#3627=CARTESIAN_POINT('Origin',(-83.225,-44.88625,0.));
#3628=CARTESIAN_POINT('',(-83.225,-42.88625,0.));
#3629=CARTESIAN_POINT('',(-85.225,-44.88625,0.));
#3630=CARTESIAN_POINT('Origin',(-66.175,-42.88625,0.));
#3631=CARTESIAN_POINT('',(-68.1191235956167,-42.88625,0.));
#3632=CARTESIAN_POINT('Origin',(-68.1191235956167,-40.88625,0.));
#3633=CARTESIAN_POINT('',(-66.1470617978083,-41.219375,0.));
#3634=CARTESIAN_POINT('Origin',(-64.175,-41.5525,0.));
#3635=CARTESIAN_POINT('',(-64.175,-39.5525,0.));
#3636=CARTESIAN_POINT('Origin',(-47.125,-39.5525,0.));
#3637=CARTESIAN_POINT('Origin',(-31.075,-40.6,0.));
#3638=CARTESIAN_POINT('',(-29.075,-40.6,0.));
#3639=CARTESIAN_POINT('',(-31.075,-38.6,0.));
#3640=CARTESIAN_POINT('Origin',(-29.075,-60.03125,0.));
#3641=CARTESIAN_POINT('',(-29.075,-58.03125,0.));
#3642=CARTESIAN_POINT('Origin',(-27.075,-58.03125,0.));
#3643=CARTESIAN_POINT('',(-27.075,-60.03125,0.));
#3644=CARTESIAN_POINT('Origin',(-12.025,-62.03125,0.));
#3645=CARTESIAN_POINT('',(-10.025,-62.03125,0.));
#3646=CARTESIAN_POINT('',(-12.025,-60.03125,0.));
#3647=CARTESIAN_POINT('Origin',(-10.025,-67.175,0.));
#3648=CARTESIAN_POINT('',(-10.025,-65.175,0.));
#3649=CARTESIAN_POINT('Origin',(-8.025,-65.175,0.));
#3650=CARTESIAN_POINT('',(-8.025,-67.175,0.));
#3651=CARTESIAN_POINT('Origin',(8.025,-65.175,0.));
#3652=CARTESIAN_POINT('',(8.025,-67.175,0.));
#3653=CARTESIAN_POINT('',(10.025,-65.175,0.));
#3654=CARTESIAN_POINT('Origin',(10.025,-67.175,0.));
#3655=CARTESIAN_POINT('Origin',(8.025,8.025,0.));
#3656=CARTESIAN_POINT('',(10.025,8.025,0.));
#3657=CARTESIAN_POINT('',(8.025,10.025,0.));
#3658=CARTESIAN_POINT('Origin',(10.025,10.025,0.));
#3659=CARTESIAN_POINT('Origin',(-7.025,12.025,0.));
#3660=CARTESIAN_POINT('',(-9.025,12.025,0.));
#3661=CARTESIAN_POINT('',(-7.025,10.025,0.));
#3662=CARTESIAN_POINT('Origin',(-9.025,17.16875,0.));
#3663=CARTESIAN_POINT('',(-9.025,15.16875,0.));
#3664=CARTESIAN_POINT('Origin',(-11.025,15.16875,0.));
#3665=CARTESIAN_POINT('',(-11.025,17.16875,0.));
#3666=CARTESIAN_POINT('Origin',(-26.075,19.16875,0.));
#3667=CARTESIAN_POINT('',(-26.075,17.16875,0.));
#3668=CARTESIAN_POINT('Origin',(-46.4212559611256,17.55,0.));
#3669=CARTESIAN_POINT('Origin',(-65.2308764043834,16.5975,0.));
#3670=CARTESIAN_POINT('',(-67.2029382021917,16.930625,0.));
#3671=CARTESIAN_POINT('Origin',(-69.175,17.26375,0.));
#3672=CARTESIAN_POINT('',(-69.175,15.26375,0.));
#3673=CARTESIAN_POINT('Origin',(-86.225,15.26375,0.));
#3674=CARTESIAN_POINT('',(-84.225,15.26375,0.));
#3675=CARTESIAN_POINT('Origin',(-84.225,13.26375,0.));
#3676=CARTESIAN_POINT('',(-86.225,13.26375,0.));
#3677=CARTESIAN_POINT('Origin',(-88.225,12.025,0.));
#3678=CARTESIAN_POINT('',(-88.225,10.025,0.));
#3679=CARTESIAN_POINT('',(-86.225,12.025,0.));
#3680=CARTESIAN_POINT('Origin',(-86.225,10.025,0.));
#3681=CARTESIAN_POINT('Origin',(-103.275,8.025,0.));
#3682=CARTESIAN_POINT('',(-103.275,10.025,0.));
#3683=CARTESIAN_POINT('Origin',(-105.275,10.025,0.));
#3684=CARTESIAN_POINT('Origin',(-108.275,-50.8125,-3.2));
#3685=CARTESIAN_POINT('',(-108.075,-52.9125,-3.2));
#3686=CARTESIAN_POINT('',(-108.275,-52.9125,-3.2));
#3687=CARTESIAN_POINT('Origin',(-108.075,-50.8125,-3.2));
#3688=CARTESIAN_POINT('Origin',(-108.075,-23.8125,-3.2));
#3689=CARTESIAN_POINT('',(-108.075,-51.9125,-3.2));
#3690=CARTESIAN_POINT('Origin',(-108.075,-50.8125,-3.2));
#3691=CARTESIAN_POINT('Origin',(-108.275,3.18749999999999,-3.2));
#3692=CARTESIAN_POINT('',(-108.075,1.08749999999999,-3.2));
#3693=CARTESIAN_POINT('',(-108.275,1.08749999999999,-3.2));
#3694=CARTESIAN_POINT('Origin',(-108.075,3.18749999999999,-3.2));
#3695=CARTESIAN_POINT('Origin',(-108.075,-23.8125,-3.2));
#3696=CARTESIAN_POINT('',(-108.075,2.08749999999998,-3.2));
#3697=CARTESIAN_POINT('Origin',(-108.075,3.18749999999999,-3.2));
#3698=CARTESIAN_POINT('Origin',(13.025,-50.8125,-3.2));
#3699=CARTESIAN_POINT('',(12.825,-52.9125,-3.2));
#3700=CARTESIAN_POINT('',(13.025,-52.9125,-3.2));
#3701=CARTESIAN_POINT('Origin',(12.825,-50.8125,-3.2));
#3702=CARTESIAN_POINT('Origin',(12.825,-23.8125,-3.2));
#3703=CARTESIAN_POINT('',(12.825,-51.9125,-3.2));
#3704=CARTESIAN_POINT('Origin',(12.825,-50.8125,-3.2));
#3705=CARTESIAN_POINT('Origin',(13.025,3.18749999999999,-3.2));
#3706=CARTESIAN_POINT('',(12.825,1.08749999999999,-3.2));
#3707=CARTESIAN_POINT('',(13.025,1.08749999999999,-3.2));
#3708=CARTESIAN_POINT('Origin',(12.825,3.18749999999999,-3.2));
#3709=CARTESIAN_POINT('Origin',(12.825,-23.8125,-3.2));
#3710=CARTESIAN_POINT('',(12.825,2.08749999999998,-3.2));
#3711=CARTESIAN_POINT('Origin',(12.825,3.18749999999999,-3.2));
#3712=CARTESIAN_POINT('Origin',(-107.275,3.18749999999999,-3.2));
#3713=CARTESIAN_POINT('',(-107.275,2.08749999999998,-3.2));
#3714=CARTESIAN_POINT('Origin',(-107.275,3.18749999999999,-3.2));
#3715=CARTESIAN_POINT('',(-107.275,2.08749999999998,-3.2));
#3716=CARTESIAN_POINT('Origin',(-107.275,-50.8125,-3.2));
#3717=CARTESIAN_POINT('',(-107.275,-51.9125,-3.2));
#3718=CARTESIAN_POINT('Origin',(-107.275,-50.8125,-3.2));
#3719=CARTESIAN_POINT('',(-107.275,-51.9125,-3.2));
#3720=CARTESIAN_POINT('Origin',(12.025,-50.8125,-3.2));
#3721=CARTESIAN_POINT('',(12.025,-51.9125,-3.2));
#3722=CARTESIAN_POINT('Origin',(12.025,-50.8125,-3.2));
#3723=CARTESIAN_POINT('',(12.025,-51.9125,-3.2));
#3724=CARTESIAN_POINT('Origin',(12.025,3.18749999999999,-3.2));
#3725=CARTESIAN_POINT('',(12.025,2.08749999999998,-3.2));
#3726=CARTESIAN_POINT('Origin',(12.025,3.18749999999999,-3.2));
#3727=CARTESIAN_POINT('',(12.025,2.08749999999998,-3.2));
#3728=CARTESIAN_POINT('Origin',(-107.275,21.55,0.));
#3729=CARTESIAN_POINT('Origin',(12.025,-69.175,0.));
#3730=CARTESIAN_POINT('Origin',(-31.075,-44.88625,0.));
#3731=CARTESIAN_POINT('Origin',(-85.225,-42.88625,0.));
#3732=CARTESIAN_POINT('Origin',(-29.075,-38.6,0.));
#3733=CARTESIAN_POINT('Origin',(-10.025,-60.03125,0.));
#3734=CARTESIAN_POINT('Origin',(-9.025,10.025,0.));
#3735=CARTESIAN_POINT('Origin',(-28.075,17.16875,0.));
#3736=CARTESIAN_POINT('Origin',(-82.225,-70.175,0.));
#3737=UNCERTAINTY_MEASURE_WITH_UNIT(LENGTH_MEASURE(0.01),#3741,
'DISTANCE_ACCURACY_VALUE',
'Maximum model space distance between geometric entities at asserted c
onnectivities');
#3738=UNCERTAINTY_MEASURE_WITH_UNIT(LENGTH_MEASURE(0.01),#3741,
'DISTANCE_ACCURACY_VALUE',
'Maximum model space distance between geometric entities at asserted c
onnectivities');
#3739=(
GEOMETRIC_REPRESENTATION_CONTEXT(3)
GLOBAL_UNCERTAINTY_ASSIGNED_CONTEXT((#3737))
GLOBAL_UNIT_ASSIGNED_CONTEXT((#3741,#3743,#3744))
REPRESENTATION_CONTEXT('','3D')
);
#3740=(
GEOMETRIC_REPRESENTATION_CONTEXT(3)
GLOBAL_UNCERTAINTY_ASSIGNED_CONTEXT((#3738))
GLOBAL_UNIT_ASSIGNED_CONTEXT((#3741,#3743,#3744))
REPRESENTATION_CONTEXT('','3D')
);
#3741=(
LENGTH_UNIT()
NAMED_UNIT(*)
SI_UNIT(.MILLI.,.METRE.)
);
#3742=(
LENGTH_UNIT()
NAMED_UNIT(*)
SI_UNIT($,.METRE.)
);
#3743=(
NAMED_UNIT(*)
PLANE_ANGLE_UNIT()
SI_UNIT($,.RADIAN.)
);
#3744=(
NAMED_UNIT(*)
SI_UNIT($,.STERADIAN.)
SOLID_ANGLE_UNIT()
);
#3745=SHAPE_DEFINITION_REPRESENTATION(#3746,#3747);
#3746=PRODUCT_DEFINITION_SHAPE('',$,#3749);
#3747=SHAPE_REPRESENTATION('',(#2197),#3739);
#3748=PRODUCT_DEFINITION_CONTEXT('part definition',#3753,'design');
#3749=PRODUCT_DEFINITION('2026-07-20-01-37-01-741','Modey45_R2_TOP',#3750,
#3748);
#3750=PRODUCT_DEFINITION_FORMATION('',$,#3755);
#3751=PRODUCT_RELATED_PRODUCT_CATEGORY('Modey45_R2_TOP',
'Modey45_R2_TOP',(#3755));
#3752=APPLICATION_PROTOCOL_DEFINITION('international standard',
'automotive_design',2009,#3753);
#3753=APPLICATION_CONTEXT(
'Core Data for Automotive Mechanical Design Process');
#3754=PRODUCT_CONTEXT('part definition',#3753,'mechanical');
#3755=PRODUCT('2026-07-20-01-37-01-741','Modey45_R2_TOP',$,(#3754));
#3756=PRESENTATION_STYLE_ASSIGNMENT((#3757));
#3757=SURFACE_STYLE_USAGE(.BOTH.,#3758);
#3758=SURFACE_SIDE_STYLE('',(#3759));
#3759=SURFACE_STYLE_FILL_AREA(#3760);
#3760=FILL_AREA_STYLE('\X2\92FC\X0\ - \X2\30B530C630F3\X0\',(#3761));
#3761=FILL_AREA_STYLE_COLOUR('\X2\92FC\X0\ - \X2\30B530C630F3\X0\',#3762);
#3762=COLOUR_RGB('\X2\92FC\X0\ - \X2\30B530C630F3\X0\',0.627450980392157,
0.627450980392157,0.627450980392157);
ENDSEC;
END-ISO-10303-21;
