ISO-10303-21;
HEADER;
/* Generated by software containing ST-Developer
 * from STEP Tools, Inc. (www.steptools.com) 
 */

FILE_DESCRIPTION(
/* description */ (''),
/* implementation_level */ '2;1');

FILE_NAME(
/* name */ 'Modey45_R2_PLATE.step',
/* time_stamp */ '2026-07-22T00:34:22+09:00',
/* author */ (''),
/* organization */ (''),
/* preprocessor_version */ 'ST-DEVELOPER v20.1',
/* originating_system */ 'Autodesk Translation Framework v15.8.0.0',
/* authorisation */ '');

FILE_SCHEMA (('AUTOMOTIVE_DESIGN { 1 0 10303 214 3 1 1 }'));
ENDSEC;

DATA;
#10=MECHANICAL_DESIGN_GEOMETRIC_PRESENTATION_REPRESENTATION('',(#13),#6223);
#11=SHAPE_REPRESENTATION_RELATIONSHIP('SRR','None',#6230,#12);
#12=ADVANCED_BREP_SHAPE_REPRESENTATION('',(#14),#6222);
#13=STYLED_ITEM('',(#6239),#14);
#14=MANIFOLD_SOLID_BREP('\X2\30DC30C730A3\X0\1',#3955);
#15=FACE_BOUND('',#428,.T.);
#16=FACE_BOUND('',#429,.T.);
#17=FACE_BOUND('',#430,.T.);
#18=FACE_BOUND('',#431,.T.);
#19=FACE_BOUND('',#432,.T.);
#20=FACE_BOUND('',#433,.T.);
#21=FACE_BOUND('',#434,.T.);
#22=FACE_BOUND('',#435,.T.);
#23=FACE_BOUND('',#436,.T.);
#24=FACE_BOUND('',#437,.T.);
#25=FACE_BOUND('',#438,.T.);
#26=FACE_BOUND('',#439,.T.);
#27=FACE_BOUND('',#440,.T.);
#28=FACE_BOUND('',#441,.T.);
#29=FACE_BOUND('',#442,.T.);
#30=FACE_BOUND('',#443,.T.);
#31=FACE_BOUND('',#444,.T.);
#32=FACE_BOUND('',#445,.T.);
#33=FACE_BOUND('',#446,.T.);
#34=FACE_BOUND('',#447,.T.);
#35=FACE_BOUND('',#448,.T.);
#36=FACE_BOUND('',#628,.T.);
#37=FACE_BOUND('',#629,.T.);
#38=FACE_BOUND('',#630,.T.);
#39=FACE_BOUND('',#631,.T.);
#40=FACE_BOUND('',#632,.T.);
#41=FACE_BOUND('',#633,.T.);
#42=FACE_BOUND('',#634,.T.);
#43=FACE_BOUND('',#635,.T.);
#44=FACE_BOUND('',#636,.T.);
#45=FACE_BOUND('',#637,.T.);
#46=FACE_BOUND('',#638,.T.);
#47=FACE_BOUND('',#639,.T.);
#48=FACE_BOUND('',#640,.T.);
#49=FACE_BOUND('',#641,.T.);
#50=FACE_BOUND('',#642,.T.);
#51=FACE_BOUND('',#643,.T.);
#52=FACE_BOUND('',#644,.T.);
#53=FACE_BOUND('',#645,.T.);
#54=FACE_BOUND('',#646,.T.);
#55=FACE_BOUND('',#647,.T.);
#56=FACE_BOUND('',#648,.T.);
#57=PLANE('',#3972);
#58=PLANE('',#3976);
#59=PLANE('',#3980);
#60=PLANE('',#3981);
#61=PLANE('',#3989);
#62=PLANE('',#3994);
#63=PLANE('',#3997);
#64=PLANE('',#4000);
#65=PLANE('',#4001);
#66=PLANE('',#4002);
#67=PLANE('',#4003);
#68=PLANE('',#4004);
#69=PLANE('',#4005);
#70=PLANE('',#4006);
#71=PLANE('',#4007);
#72=PLANE('',#4008);
#73=PLANE('',#4009);
#74=PLANE('',#4010);
#75=PLANE('',#4011);
#76=PLANE('',#4012);
#77=PLANE('',#4013);
#78=PLANE('',#4014);
#79=PLANE('',#4015);
#80=PLANE('',#4016);
#81=PLANE('',#4017);
#82=PLANE('',#4018);
#83=PLANE('',#4019);
#84=PLANE('',#4020);
#85=PLANE('',#4021);
#86=PLANE('',#4022);
#87=PLANE('',#4023);
#88=PLANE('',#4024);
#89=PLANE('',#4025);
#90=PLANE('',#4026);
#91=PLANE('',#4027);
#92=PLANE('',#4028);
#93=PLANE('',#4029);
#94=PLANE('',#4030);
#95=PLANE('',#4031);
#96=PLANE('',#4032);
#97=PLANE('',#4033);
#98=PLANE('',#4034);
#99=PLANE('',#4035);
#100=PLANE('',#4036);
#101=PLANE('',#4037);
#102=PLANE('',#4038);
#103=PLANE('',#4039);
#104=PLANE('',#4040);
#105=PLANE('',#4041);
#106=PLANE('',#4042);
#107=PLANE('',#4043);
#108=PLANE('',#4044);
#109=PLANE('',#4045);
#110=PLANE('',#4046);
#111=PLANE('',#4047);
#112=PLANE('',#4048);
#113=PLANE('',#4049);
#114=PLANE('',#4050);
#115=PLANE('',#4051);
#116=PLANE('',#4052);
#117=PLANE('',#4053);
#118=PLANE('',#4054);
#119=PLANE('',#4055);
#120=PLANE('',#4056);
#121=PLANE('',#4057);
#122=PLANE('',#4058);
#123=PLANE('',#4059);
#124=PLANE('',#4060);
#125=PLANE('',#4061);
#126=PLANE('',#4062);
#127=PLANE('',#4063);
#128=PLANE('',#4064);
#129=PLANE('',#4065);
#130=PLANE('',#4066);
#131=PLANE('',#4067);
#132=PLANE('',#4068);
#133=PLANE('',#4069);
#134=PLANE('',#4070);
#135=PLANE('',#4071);
#136=PLANE('',#4072);
#137=PLANE('',#4073);
#138=PLANE('',#4074);
#139=PLANE('',#4075);
#140=PLANE('',#4076);
#141=PLANE('',#4077);
#142=PLANE('',#4078);
#143=PLANE('',#4079);
#144=PLANE('',#4080);
#145=PLANE('',#4081);
#146=PLANE('',#4082);
#147=PLANE('',#4083);
#148=PLANE('',#4084);
#149=PLANE('',#4085);
#150=PLANE('',#4086);
#151=PLANE('',#4087);
#152=PLANE('',#4088);
#153=PLANE('',#4089);
#154=PLANE('',#4090);
#155=PLANE('',#4091);
#156=PLANE('',#4092);
#157=PLANE('',#4093);
#158=PLANE('',#4094);
#159=PLANE('',#4095);
#160=PLANE('',#4096);
#161=PLANE('',#4097);
#162=PLANE('',#4098);
#163=PLANE('',#4099);
#164=PLANE('',#4100);
#165=PLANE('',#4101);
#166=PLANE('',#4102);
#167=PLANE('',#4103);
#168=PLANE('',#4104);
#169=PLANE('',#4105);
#170=PLANE('',#4106);
#171=PLANE('',#4107);
#172=PLANE('',#4108);
#173=PLANE('',#4109);
#174=PLANE('',#4110);
#175=PLANE('',#4111);
#176=PLANE('',#4112);
#177=PLANE('',#4113);
#178=PLANE('',#4114);
#179=PLANE('',#4115);
#180=PLANE('',#4116);
#181=PLANE('',#4117);
#182=PLANE('',#4118);
#183=PLANE('',#4119);
#184=PLANE('',#4120);
#185=PLANE('',#4121);
#186=PLANE('',#4122);
#187=PLANE('',#4123);
#188=PLANE('',#4124);
#189=PLANE('',#4125);
#190=PLANE('',#4126);
#191=PLANE('',#4127);
#192=PLANE('',#4128);
#193=PLANE('',#4129);
#194=PLANE('',#4130);
#195=PLANE('',#4131);
#196=PLANE('',#4132);
#197=PLANE('',#4133);
#198=PLANE('',#4134);
#199=PLANE('',#4135);
#200=PLANE('',#4136);
#201=PLANE('',#4137);
#202=PLANE('',#4138);
#203=PLANE('',#4139);
#204=PLANE('',#4140);
#205=PLANE('',#4141);
#206=PLANE('',#4142);
#207=PLANE('',#4143);
#208=PLANE('',#4144);
#209=PLANE('',#4145);
#210=PLANE('',#4146);
#211=PLANE('',#4147);
#212=PLANE('',#4148);
#213=PLANE('',#4149);
#214=PLANE('',#4150);
#215=PLANE('',#4151);
#216=PLANE('',#4152);
#217=PLANE('',#4153);
#218=PLANE('',#4154);
#219=PLANE('',#4155);
#220=PLANE('',#4156);
#221=PLANE('',#4157);
#222=PLANE('',#4158);
#223=PLANE('',#4159);
#224=PLANE('',#4160);
#225=PLANE('',#4161);
#226=PLANE('',#4162);
#227=PLANE('',#4163);
#228=PLANE('',#4164);
#229=PLANE('',#4165);
#230=PLANE('',#4166);
#231=PLANE('',#4167);
#232=PLANE('',#4168);
#233=PLANE('',#4169);
#234=PLANE('',#4170);
#235=FACE_OUTER_BOUND('',#421,.T.);
#236=FACE_OUTER_BOUND('',#422,.T.);
#237=FACE_OUTER_BOUND('',#423,.T.);
#238=FACE_OUTER_BOUND('',#424,.T.);
#239=FACE_OUTER_BOUND('',#425,.T.);
#240=FACE_OUTER_BOUND('',#426,.T.);
#241=FACE_OUTER_BOUND('',#427,.T.);
#242=FACE_OUTER_BOUND('',#449,.T.);
#243=FACE_OUTER_BOUND('',#450,.T.);
#244=FACE_OUTER_BOUND('',#451,.T.);
#245=FACE_OUTER_BOUND('',#452,.T.);
#246=FACE_OUTER_BOUND('',#453,.T.);
#247=FACE_OUTER_BOUND('',#454,.T.);
#248=FACE_OUTER_BOUND('',#455,.T.);
#249=FACE_OUTER_BOUND('',#456,.T.);
#250=FACE_OUTER_BOUND('',#457,.T.);
#251=FACE_OUTER_BOUND('',#458,.T.);
#252=FACE_OUTER_BOUND('',#459,.T.);
#253=FACE_OUTER_BOUND('',#460,.T.);
#254=FACE_OUTER_BOUND('',#461,.T.);
#255=FACE_OUTER_BOUND('',#462,.T.);
#256=FACE_OUTER_BOUND('',#463,.T.);
#257=FACE_OUTER_BOUND('',#464,.T.);
#258=FACE_OUTER_BOUND('',#465,.T.);
#259=FACE_OUTER_BOUND('',#466,.T.);
#260=FACE_OUTER_BOUND('',#467,.T.);
#261=FACE_OUTER_BOUND('',#468,.T.);
#262=FACE_OUTER_BOUND('',#469,.T.);
#263=FACE_OUTER_BOUND('',#470,.T.);
#264=FACE_OUTER_BOUND('',#471,.T.);
#265=FACE_OUTER_BOUND('',#472,.T.);
#266=FACE_OUTER_BOUND('',#473,.T.);
#267=FACE_OUTER_BOUND('',#474,.T.);
#268=FACE_OUTER_BOUND('',#475,.T.);
#269=FACE_OUTER_BOUND('',#476,.T.);
#270=FACE_OUTER_BOUND('',#477,.T.);
#271=FACE_OUTER_BOUND('',#478,.T.);
#272=FACE_OUTER_BOUND('',#479,.T.);
#273=FACE_OUTER_BOUND('',#480,.T.);
#274=FACE_OUTER_BOUND('',#481,.T.);
#275=FACE_OUTER_BOUND('',#482,.T.);
#276=FACE_OUTER_BOUND('',#483,.T.);
#277=FACE_OUTER_BOUND('',#484,.T.);
#278=FACE_OUTER_BOUND('',#485,.T.);
#279=FACE_OUTER_BOUND('',#486,.T.);
#280=FACE_OUTER_BOUND('',#487,.T.);
#281=FACE_OUTER_BOUND('',#488,.T.);
#282=FACE_OUTER_BOUND('',#489,.T.);
#283=FACE_OUTER_BOUND('',#490,.T.);
#284=FACE_OUTER_BOUND('',#491,.T.);
#285=FACE_OUTER_BOUND('',#492,.T.);
#286=FACE_OUTER_BOUND('',#493,.T.);
#287=FACE_OUTER_BOUND('',#494,.T.);
#288=FACE_OUTER_BOUND('',#495,.T.);
#289=FACE_OUTER_BOUND('',#496,.T.);
#290=FACE_OUTER_BOUND('',#497,.T.);
#291=FACE_OUTER_BOUND('',#498,.T.);
#292=FACE_OUTER_BOUND('',#499,.T.);
#293=FACE_OUTER_BOUND('',#500,.T.);
#294=FACE_OUTER_BOUND('',#501,.T.);
#295=FACE_OUTER_BOUND('',#502,.T.);
#296=FACE_OUTER_BOUND('',#503,.T.);
#297=FACE_OUTER_BOUND('',#504,.T.);
#298=FACE_OUTER_BOUND('',#505,.T.);
#299=FACE_OUTER_BOUND('',#506,.T.);
#300=FACE_OUTER_BOUND('',#507,.T.);
#301=FACE_OUTER_BOUND('',#508,.T.);
#302=FACE_OUTER_BOUND('',#509,.T.);
#303=FACE_OUTER_BOUND('',#510,.T.);
#304=FACE_OUTER_BOUND('',#511,.T.);
#305=FACE_OUTER_BOUND('',#512,.T.);
#306=FACE_OUTER_BOUND('',#513,.T.);
#307=FACE_OUTER_BOUND('',#514,.T.);
#308=FACE_OUTER_BOUND('',#515,.T.);
#309=FACE_OUTER_BOUND('',#516,.T.);
#310=FACE_OUTER_BOUND('',#517,.T.);
#311=FACE_OUTER_BOUND('',#518,.T.);
#312=FACE_OUTER_BOUND('',#519,.T.);
#313=FACE_OUTER_BOUND('',#520,.T.);
#314=FACE_OUTER_BOUND('',#521,.T.);
#315=FACE_OUTER_BOUND('',#522,.T.);
#316=FACE_OUTER_BOUND('',#523,.T.);
#317=FACE_OUTER_BOUND('',#524,.T.);
#318=FACE_OUTER_BOUND('',#525,.T.);
#319=FACE_OUTER_BOUND('',#526,.T.);
#320=FACE_OUTER_BOUND('',#527,.T.);
#321=FACE_OUTER_BOUND('',#528,.T.);
#322=FACE_OUTER_BOUND('',#529,.T.);
#323=FACE_OUTER_BOUND('',#530,.T.);
#324=FACE_OUTER_BOUND('',#531,.T.);
#325=FACE_OUTER_BOUND('',#532,.T.);
#326=FACE_OUTER_BOUND('',#533,.T.);
#327=FACE_OUTER_BOUND('',#534,.T.);
#328=FACE_OUTER_BOUND('',#535,.T.);
#329=FACE_OUTER_BOUND('',#536,.T.);
#330=FACE_OUTER_BOUND('',#537,.T.);
#331=FACE_OUTER_BOUND('',#538,.T.);
#332=FACE_OUTER_BOUND('',#539,.T.);
#333=FACE_OUTER_BOUND('',#540,.T.);
#334=FACE_OUTER_BOUND('',#541,.T.);
#335=FACE_OUTER_BOUND('',#542,.T.);
#336=FACE_OUTER_BOUND('',#543,.T.);
#337=FACE_OUTER_BOUND('',#544,.T.);
#338=FACE_OUTER_BOUND('',#545,.T.);
#339=FACE_OUTER_BOUND('',#546,.T.);
#340=FACE_OUTER_BOUND('',#547,.T.);
#341=FACE_OUTER_BOUND('',#548,.T.);
#342=FACE_OUTER_BOUND('',#549,.T.);
#343=FACE_OUTER_BOUND('',#550,.T.);
#344=FACE_OUTER_BOUND('',#551,.T.);
#345=FACE_OUTER_BOUND('',#552,.T.);
#346=FACE_OUTER_BOUND('',#553,.T.);
#347=FACE_OUTER_BOUND('',#554,.T.);
#348=FACE_OUTER_BOUND('',#555,.T.);
#349=FACE_OUTER_BOUND('',#556,.T.);
#350=FACE_OUTER_BOUND('',#557,.T.);
#351=FACE_OUTER_BOUND('',#558,.T.);
#352=FACE_OUTER_BOUND('',#559,.T.);
#353=FACE_OUTER_BOUND('',#560,.T.);
#354=FACE_OUTER_BOUND('',#561,.T.);
#355=FACE_OUTER_BOUND('',#562,.T.);
#356=FACE_OUTER_BOUND('',#563,.T.);
#357=FACE_OUTER_BOUND('',#564,.T.);
#358=FACE_OUTER_BOUND('',#565,.T.);
#359=FACE_OUTER_BOUND('',#566,.T.);
#360=FACE_OUTER_BOUND('',#567,.T.);
#361=FACE_OUTER_BOUND('',#568,.T.);
#362=FACE_OUTER_BOUND('',#569,.T.);
#363=FACE_OUTER_BOUND('',#570,.T.);
#364=FACE_OUTER_BOUND('',#571,.T.);
#365=FACE_OUTER_BOUND('',#572,.T.);
#366=FACE_OUTER_BOUND('',#573,.T.);
#367=FACE_OUTER_BOUND('',#574,.T.);
#368=FACE_OUTER_BOUND('',#575,.T.);
#369=FACE_OUTER_BOUND('',#576,.T.);
#370=FACE_OUTER_BOUND('',#577,.T.);
#371=FACE_OUTER_BOUND('',#578,.T.);
#372=FACE_OUTER_BOUND('',#579,.T.);
#373=FACE_OUTER_BOUND('',#580,.T.);
#374=FACE_OUTER_BOUND('',#581,.T.);
#375=FACE_OUTER_BOUND('',#582,.T.);
#376=FACE_OUTER_BOUND('',#583,.T.);
#377=FACE_OUTER_BOUND('',#584,.T.);
#378=FACE_OUTER_BOUND('',#585,.T.);
#379=FACE_OUTER_BOUND('',#586,.T.);
#380=FACE_OUTER_BOUND('',#587,.T.);
#381=FACE_OUTER_BOUND('',#588,.T.);
#382=FACE_OUTER_BOUND('',#589,.T.);
#383=FACE_OUTER_BOUND('',#590,.T.);
#384=FACE_OUTER_BOUND('',#591,.T.);
#385=FACE_OUTER_BOUND('',#592,.T.);
#386=FACE_OUTER_BOUND('',#593,.T.);
#387=FACE_OUTER_BOUND('',#594,.T.);
#388=FACE_OUTER_BOUND('',#595,.T.);
#389=FACE_OUTER_BOUND('',#596,.T.);
#390=FACE_OUTER_BOUND('',#597,.T.);
#391=FACE_OUTER_BOUND('',#598,.T.);
#392=FACE_OUTER_BOUND('',#599,.T.);
#393=FACE_OUTER_BOUND('',#600,.T.);
#394=FACE_OUTER_BOUND('',#601,.T.);
#395=FACE_OUTER_BOUND('',#602,.T.);
#396=FACE_OUTER_BOUND('',#603,.T.);
#397=FACE_OUTER_BOUND('',#604,.T.);
#398=FACE_OUTER_BOUND('',#605,.T.);
#399=FACE_OUTER_BOUND('',#606,.T.);
#400=FACE_OUTER_BOUND('',#607,.T.);
#401=FACE_OUTER_BOUND('',#608,.T.);
#402=FACE_OUTER_BOUND('',#609,.T.);
#403=FACE_OUTER_BOUND('',#610,.T.);
#404=FACE_OUTER_BOUND('',#611,.T.);
#405=FACE_OUTER_BOUND('',#612,.T.);
#406=FACE_OUTER_BOUND('',#613,.T.);
#407=FACE_OUTER_BOUND('',#614,.T.);
#408=FACE_OUTER_BOUND('',#615,.T.);
#409=FACE_OUTER_BOUND('',#616,.T.);
#410=FACE_OUTER_BOUND('',#617,.T.);
#411=FACE_OUTER_BOUND('',#618,.T.);
#412=FACE_OUTER_BOUND('',#619,.T.);
#413=FACE_OUTER_BOUND('',#620,.T.);
#414=FACE_OUTER_BOUND('',#621,.T.);
#415=FACE_OUTER_BOUND('',#622,.T.);
#416=FACE_OUTER_BOUND('',#623,.T.);
#417=FACE_OUTER_BOUND('',#624,.T.);
#418=FACE_OUTER_BOUND('',#625,.T.);
#419=FACE_OUTER_BOUND('',#626,.T.);
#420=FACE_OUTER_BOUND('',#627,.T.);
#421=EDGE_LOOP('',(#2657,#2658,#2659,#2660));
#422=EDGE_LOOP('',(#2661,#2662,#2663,#2664));
#423=EDGE_LOOP('',(#2665,#2666,#2667,#2668));
#424=EDGE_LOOP('',(#2669,#2670,#2671,#2672));
#425=EDGE_LOOP('',(#2673,#2674,#2675,#2676));
#426=EDGE_LOOP('',(#2677,#2678,#2679,#2680));
#427=EDGE_LOOP('',(#2681,#2682,#2683,#2684,#2685,#2686,#2687,#2688,#2689,
#2690,#2691,#2692,#2693,#2694,#2695,#2696));
#428=EDGE_LOOP('',(#2697,#2698,#2699,#2700));
#429=EDGE_LOOP('',(#2701,#2702,#2703,#2704));
#430=EDGE_LOOP('',(#2705,#2706,#2707,#2708));
#431=EDGE_LOOP('',(#2709,#2710,#2711,#2712));
#432=EDGE_LOOP('',(#2713,#2714,#2715,#2716));
#433=EDGE_LOOP('',(#2717,#2718,#2719,#2720));
#434=EDGE_LOOP('',(#2721,#2722,#2723,#2724));
#435=EDGE_LOOP('',(#2725,#2726,#2727,#2728));
#436=EDGE_LOOP('',(#2729,#2730,#2731,#2732));
#437=EDGE_LOOP('',(#2733,#2734,#2735,#2736));
#438=EDGE_LOOP('',(#2737,#2738,#2739,#2740));
#439=EDGE_LOOP('',(#2741,#2742,#2743,#2744));
#440=EDGE_LOOP('',(#2745,#2746,#2747,#2748));
#441=EDGE_LOOP('',(#2749,#2750,#2751,#2752));
#442=EDGE_LOOP('',(#2753,#2754,#2755,#2756));
#443=EDGE_LOOP('',(#2757,#2758,#2759,#2760));
#444=EDGE_LOOP('',(#2761,#2762,#2763,#2764));
#445=EDGE_LOOP('',(#2765,#2766,#2767,#2768));
#446=EDGE_LOOP('',(#2769,#2770,#2771,#2772));
#447=EDGE_LOOP('',(#2773,#2774,#2775,#2776));
#448=EDGE_LOOP('',(#2777,#2778,#2779,#2780));
#449=EDGE_LOOP('',(#2781,#2782,#2783,#2784));
#450=EDGE_LOOP('',(#2785,#2786,#2787,#2788));
#451=EDGE_LOOP('',(#2789,#2790,#2791,#2792));
#452=EDGE_LOOP('',(#2793,#2794,#2795,#2796));
#453=EDGE_LOOP('',(#2797,#2798,#2799,#2800));
#454=EDGE_LOOP('',(#2801,#2802,#2803,#2804));
#455=EDGE_LOOP('',(#2805,#2806,#2807,#2808));
#456=EDGE_LOOP('',(#2809,#2810,#2811,#2812));
#457=EDGE_LOOP('',(#2813,#2814,#2815,#2816));
#458=EDGE_LOOP('',(#2817,#2818,#2819,#2820));
#459=EDGE_LOOP('',(#2821,#2822,#2823,#2824,#2825,#2826,#2827,#2828));
#460=EDGE_LOOP('',(#2829,#2830,#2831,#2832));
#461=EDGE_LOOP('',(#2833,#2834,#2835,#2836));
#462=EDGE_LOOP('',(#2837,#2838,#2839,#2840));
#463=EDGE_LOOP('',(#2841,#2842,#2843,#2844,#2845,#2846,#2847,#2848));
#464=EDGE_LOOP('',(#2849,#2850,#2851,#2852));
#465=EDGE_LOOP('',(#2853,#2854,#2855,#2856));
#466=EDGE_LOOP('',(#2857,#2858,#2859,#2860));
#467=EDGE_LOOP('',(#2861,#2862,#2863,#2864));
#468=EDGE_LOOP('',(#2865,#2866,#2867,#2868));
#469=EDGE_LOOP('',(#2869,#2870,#2871,#2872));
#470=EDGE_LOOP('',(#2873,#2874,#2875,#2876,#2877,#2878,#2879,#2880));
#471=EDGE_LOOP('',(#2881,#2882,#2883,#2884));
#472=EDGE_LOOP('',(#2885,#2886,#2887,#2888));
#473=EDGE_LOOP('',(#2889,#2890,#2891,#2892));
#474=EDGE_LOOP('',(#2893,#2894,#2895,#2896));
#475=EDGE_LOOP('',(#2897,#2898,#2899,#2900));
#476=EDGE_LOOP('',(#2901,#2902,#2903,#2904));
#477=EDGE_LOOP('',(#2905,#2906,#2907,#2908));
#478=EDGE_LOOP('',(#2909,#2910,#2911,#2912));
#479=EDGE_LOOP('',(#2913,#2914,#2915,#2916));
#480=EDGE_LOOP('',(#2917,#2918,#2919,#2920));
#481=EDGE_LOOP('',(#2921,#2922,#2923,#2924));
#482=EDGE_LOOP('',(#2925,#2926,#2927,#2928));
#483=EDGE_LOOP('',(#2929,#2930,#2931,#2932));
#484=EDGE_LOOP('',(#2933,#2934,#2935,#2936,#2937,#2938,#2939,#2940));
#485=EDGE_LOOP('',(#2941,#2942,#2943,#2944));
#486=EDGE_LOOP('',(#2945,#2946,#2947,#2948));
#487=EDGE_LOOP('',(#2949,#2950,#2951,#2952));
#488=EDGE_LOOP('',(#2953,#2954,#2955,#2956));
#489=EDGE_LOOP('',(#2957,#2958,#2959,#2960));
#490=EDGE_LOOP('',(#2961,#2962,#2963,#2964));
#491=EDGE_LOOP('',(#2965,#2966,#2967,#2968,#2969,#2970,#2971,#2972));
#492=EDGE_LOOP('',(#2973,#2974,#2975,#2976));
#493=EDGE_LOOP('',(#2977,#2978,#2979,#2980));
#494=EDGE_LOOP('',(#2981,#2982,#2983,#2984));
#495=EDGE_LOOP('',(#2985,#2986,#2987,#2988));
#496=EDGE_LOOP('',(#2989,#2990,#2991,#2992));
#497=EDGE_LOOP('',(#2993,#2994,#2995,#2996));
#498=EDGE_LOOP('',(#2997,#2998,#2999,#3000));
#499=EDGE_LOOP('',(#3001,#3002,#3003,#3004,#3005,#3006,#3007,#3008));
#500=EDGE_LOOP('',(#3009,#3010,#3011,#3012));
#501=EDGE_LOOP('',(#3013,#3014,#3015,#3016));
#502=EDGE_LOOP('',(#3017,#3018,#3019,#3020));
#503=EDGE_LOOP('',(#3021,#3022,#3023,#3024));
#504=EDGE_LOOP('',(#3025,#3026,#3027,#3028));
#505=EDGE_LOOP('',(#3029,#3030,#3031,#3032));
#506=EDGE_LOOP('',(#3033,#3034,#3035,#3036));
#507=EDGE_LOOP('',(#3037,#3038,#3039,#3040,#3041,#3042,#3043,#3044));
#508=EDGE_LOOP('',(#3045,#3046,#3047,#3048));
#509=EDGE_LOOP('',(#3049,#3050,#3051,#3052));
#510=EDGE_LOOP('',(#3053,#3054,#3055,#3056));
#511=EDGE_LOOP('',(#3057,#3058,#3059,#3060,#3061,#3062,#3063,#3064));
#512=EDGE_LOOP('',(#3065,#3066,#3067,#3068));
#513=EDGE_LOOP('',(#3069,#3070,#3071,#3072));
#514=EDGE_LOOP('',(#3073,#3074,#3075,#3076));
#515=EDGE_LOOP('',(#3077,#3078,#3079,#3080,#3081,#3082,#3083,#3084));
#516=EDGE_LOOP('',(#3085,#3086,#3087,#3088));
#517=EDGE_LOOP('',(#3089,#3090,#3091,#3092));
#518=EDGE_LOOP('',(#3093,#3094,#3095,#3096,#3097,#3098,#3099,#3100));
#519=EDGE_LOOP('',(#3101,#3102,#3103,#3104));
#520=EDGE_LOOP('',(#3105,#3106,#3107,#3108));
#521=EDGE_LOOP('',(#3109,#3110,#3111,#3112));
#522=EDGE_LOOP('',(#3113,#3114,#3115,#3116,#3117,#3118,#3119,#3120));
#523=EDGE_LOOP('',(#3121,#3122,#3123,#3124));
#524=EDGE_LOOP('',(#3125,#3126,#3127,#3128));
#525=EDGE_LOOP('',(#3129,#3130,#3131,#3132));
#526=EDGE_LOOP('',(#3133,#3134,#3135,#3136,#3137,#3138,#3139,#3140));
#527=EDGE_LOOP('',(#3141,#3142,#3143,#3144));
#528=EDGE_LOOP('',(#3145,#3146,#3147,#3148));
#529=EDGE_LOOP('',(#3149,#3150,#3151,#3152));
#530=EDGE_LOOP('',(#3153,#3154,#3155,#3156));
#531=EDGE_LOOP('',(#3157,#3158,#3159,#3160));
#532=EDGE_LOOP('',(#3161,#3162,#3163,#3164,#3165,#3166,#3167,#3168));
#533=EDGE_LOOP('',(#3169,#3170,#3171,#3172));
#534=EDGE_LOOP('',(#3173,#3174,#3175,#3176));
#535=EDGE_LOOP('',(#3177,#3178,#3179,#3180));
#536=EDGE_LOOP('',(#3181,#3182,#3183,#3184,#3185,#3186,#3187,#3188));
#537=EDGE_LOOP('',(#3189,#3190,#3191,#3192));
#538=EDGE_LOOP('',(#3193,#3194,#3195,#3196));
#539=EDGE_LOOP('',(#3197,#3198,#3199,#3200));
#540=EDGE_LOOP('',(#3201,#3202,#3203,#3204,#3205,#3206,#3207,#3208));
#541=EDGE_LOOP('',(#3209,#3210,#3211,#3212));
#542=EDGE_LOOP('',(#3213,#3214,#3215,#3216));
#543=EDGE_LOOP('',(#3217,#3218,#3219,#3220));
#544=EDGE_LOOP('',(#3221,#3222,#3223,#3224,#3225,#3226,#3227,#3228));
#545=EDGE_LOOP('',(#3229,#3230,#3231,#3232));
#546=EDGE_LOOP('',(#3233,#3234,#3235,#3236));
#547=EDGE_LOOP('',(#3237,#3238,#3239,#3240));
#548=EDGE_LOOP('',(#3241,#3242,#3243,#3244,#3245,#3246,#3247,#3248));
#549=EDGE_LOOP('',(#3249,#3250,#3251,#3252));
#550=EDGE_LOOP('',(#3253,#3254,#3255,#3256));
#551=EDGE_LOOP('',(#3257,#3258,#3259,#3260));
#552=EDGE_LOOP('',(#3261,#3262,#3263,#3264));
#553=EDGE_LOOP('',(#3265,#3266,#3267,#3268,#3269,#3270,#3271,#3272));
#554=EDGE_LOOP('',(#3273,#3274,#3275,#3276));
#555=EDGE_LOOP('',(#3277,#3278,#3279,#3280));
#556=EDGE_LOOP('',(#3281,#3282,#3283,#3284,#3285,#3286,#3287,#3288));
#557=EDGE_LOOP('',(#3289,#3290,#3291,#3292));
#558=EDGE_LOOP('',(#3293,#3294,#3295,#3296));
#559=EDGE_LOOP('',(#3297,#3298,#3299,#3300));
#560=EDGE_LOOP('',(#3301,#3302,#3303,#3304));
#561=EDGE_LOOP('',(#3305,#3306,#3307,#3308));
#562=EDGE_LOOP('',(#3309,#3310,#3311,#3312,#3313,#3314,#3315,#3316));
#563=EDGE_LOOP('',(#3317,#3318,#3319,#3320));
#564=EDGE_LOOP('',(#3321,#3322,#3323,#3324));
#565=EDGE_LOOP('',(#3325,#3326,#3327,#3328));
#566=EDGE_LOOP('',(#3329,#3330,#3331,#3332,#3333,#3334,#3335,#3336));
#567=EDGE_LOOP('',(#3337,#3338,#3339,#3340));
#568=EDGE_LOOP('',(#3341,#3342,#3343,#3344));
#569=EDGE_LOOP('',(#3345,#3346,#3347,#3348));
#570=EDGE_LOOP('',(#3349,#3350,#3351,#3352));
#571=EDGE_LOOP('',(#3353,#3354,#3355,#3356));
#572=EDGE_LOOP('',(#3357,#3358,#3359,#3360,#3361,#3362,#3363,#3364));
#573=EDGE_LOOP('',(#3365,#3366,#3367,#3368));
#574=EDGE_LOOP('',(#3369,#3370,#3371,#3372));
#575=EDGE_LOOP('',(#3373,#3374,#3375,#3376));
#576=EDGE_LOOP('',(#3377,#3378,#3379,#3380,#3381,#3382,#3383,#3384));
#577=EDGE_LOOP('',(#3385,#3386,#3387,#3388));
#578=EDGE_LOOP('',(#3389,#3390,#3391,#3392));
#579=EDGE_LOOP('',(#3393,#3394,#3395,#3396));
#580=EDGE_LOOP('',(#3397,#3398,#3399,#3400,#3401,#3402,#3403,#3404));
#581=EDGE_LOOP('',(#3405,#3406,#3407,#3408));
#582=EDGE_LOOP('',(#3409,#3410,#3411,#3412));
#583=EDGE_LOOP('',(#3413,#3414,#3415,#3416,#3417,#3418,#3419,#3420));
#584=EDGE_LOOP('',(#3421,#3422,#3423,#3424));
#585=EDGE_LOOP('',(#3425,#3426,#3427,#3428,#3429,#3430,#3431,#3432));
#586=EDGE_LOOP('',(#3433,#3434,#3435,#3436,#3437,#3438,#3439,#3440));
#587=EDGE_LOOP('',(#3441,#3442,#3443,#3444));
#588=EDGE_LOOP('',(#3445,#3446,#3447,#3448));
#589=EDGE_LOOP('',(#3449,#3450,#3451,#3452,#3453,#3454,#3455,#3456));
#590=EDGE_LOOP('',(#3457,#3458,#3459,#3460));
#591=EDGE_LOOP('',(#3461,#3462,#3463,#3464,#3465,#3466,#3467,#3468));
#592=EDGE_LOOP('',(#3469,#3470,#3471,#3472));
#593=EDGE_LOOP('',(#3473,#3474,#3475,#3476,#3477,#3478,#3479,#3480));
#594=EDGE_LOOP('',(#3481,#3482,#3483,#3484));
#595=EDGE_LOOP('',(#3485,#3486,#3487,#3488,#3489,#3490,#3491,#3492));
#596=EDGE_LOOP('',(#3493,#3494,#3495,#3496,#3497,#3498,#3499,#3500));
#597=EDGE_LOOP('',(#3501,#3502,#3503,#3504));
#598=EDGE_LOOP('',(#3505,#3506,#3507,#3508));
#599=EDGE_LOOP('',(#3509,#3510,#3511,#3512,#3513,#3514,#3515,#3516));
#600=EDGE_LOOP('',(#3517,#3518,#3519,#3520));
#601=EDGE_LOOP('',(#3521,#3522,#3523,#3524));
#602=EDGE_LOOP('',(#3525,#3526,#3527,#3528,#3529,#3530,#3531,#3532));
#603=EDGE_LOOP('',(#3533,#3534,#3535,#3536));
#604=EDGE_LOOP('',(#3537,#3538,#3539,#3540,#3541,#3542,#3543,#3544));
#605=EDGE_LOOP('',(#3545,#3546,#3547,#3548));
#606=EDGE_LOOP('',(#3549,#3550,#3551,#3552,#3553,#3554,#3555,#3556));
#607=EDGE_LOOP('',(#3557,#3558,#3559,#3560));
#608=EDGE_LOOP('',(#3561,#3562,#3563,#3564,#3565,#3566,#3567,#3568));
#609=EDGE_LOOP('',(#3569,#3570,#3571,#3572));
#610=EDGE_LOOP('',(#3573,#3574,#3575,#3576));
#611=EDGE_LOOP('',(#3577,#3578,#3579,#3580,#3581,#3582,#3583,#3584));
#612=EDGE_LOOP('',(#3585,#3586,#3587,#3588));
#613=EDGE_LOOP('',(#3589,#3590,#3591,#3592,#3593,#3594,#3595,#3596));
#614=EDGE_LOOP('',(#3597,#3598,#3599,#3600));
#615=EDGE_LOOP('',(#3601,#3602,#3603,#3604));
#616=EDGE_LOOP('',(#3605,#3606,#3607,#3608,#3609,#3610,#3611,#3612));
#617=EDGE_LOOP('',(#3613,#3614,#3615,#3616));
#618=EDGE_LOOP('',(#3617,#3618,#3619,#3620));
#619=EDGE_LOOP('',(#3621,#3622,#3623,#3624,#3625,#3626,#3627,#3628));
#620=EDGE_LOOP('',(#3629,#3630,#3631,#3632));
#621=EDGE_LOOP('',(#3633,#3634,#3635,#3636));
#622=EDGE_LOOP('',(#3637,#3638,#3639,#3640,#3641,#3642,#3643,#3644));
#623=EDGE_LOOP('',(#3645,#3646,#3647,#3648));
#624=EDGE_LOOP('',(#3649,#3650,#3651,#3652));
#625=EDGE_LOOP('',(#3653,#3654,#3655,#3656));
#626=EDGE_LOOP('',(#3657,#3658,#3659,#3660));
#627=EDGE_LOOP('',(#3661,#3662,#3663,#3664,#3665,#3666,#3667,#3668,#3669,
#3670,#3671,#3672,#3673,#3674,#3675,#3676));
#628=EDGE_LOOP('',(#3677,#3678,#3679,#3680));
#629=EDGE_LOOP('',(#3681,#3682,#3683,#3684));
#630=EDGE_LOOP('',(#3685,#3686,#3687,#3688));
#631=EDGE_LOOP('',(#3689,#3690,#3691,#3692));
#632=EDGE_LOOP('',(#3693,#3694,#3695,#3696));
#633=EDGE_LOOP('',(#3697,#3698,#3699,#3700));
#634=EDGE_LOOP('',(#3701,#3702,#3703,#3704));
#635=EDGE_LOOP('',(#3705,#3706,#3707,#3708));
#636=EDGE_LOOP('',(#3709,#3710,#3711,#3712));
#637=EDGE_LOOP('',(#3713,#3714,#3715,#3716));
#638=EDGE_LOOP('',(#3717,#3718,#3719,#3720));
#639=EDGE_LOOP('',(#3721,#3722,#3723,#3724));
#640=EDGE_LOOP('',(#3725,#3726,#3727,#3728));
#641=EDGE_LOOP('',(#3729,#3730,#3731,#3732));
#642=EDGE_LOOP('',(#3733,#3734,#3735,#3736));
#643=EDGE_LOOP('',(#3737,#3738,#3739,#3740));
#644=EDGE_LOOP('',(#3741,#3742,#3743,#3744));
#645=EDGE_LOOP('',(#3745,#3746,#3747,#3748));
#646=EDGE_LOOP('',(#3749,#3750,#3751,#3752));
#647=EDGE_LOOP('',(#3753,#3754,#3755,#3756));
#648=EDGE_LOOP('',(#3757,#3758,#3759,#3760));
#649=LINE('',#5119,#1185);
#650=LINE('',#5122,#1186);
#651=LINE('',#5125,#1187);
#652=LINE('',#5127,#1188);
#653=LINE('',#5128,#1189);
#654=LINE('',#5133,#1190);
#655=LINE('',#5137,#1191);
#656=LINE('',#5139,#1192);
#657=LINE('',#5140,#1193);
#658=LINE('',#5146,#1194);
#659=LINE('',#5149,#1195);
#660=LINE('',#5152,#1196);
#661=LINE('',#5154,#1197);
#662=LINE('',#5155,#1198);
#663=LINE('',#5158,#1199);
#664=LINE('',#5162,#1200);
#665=LINE('',#5165,#1201);
#666=LINE('',#5169,#1202);
#667=LINE('',#5173,#1203);
#668=LINE('',#5177,#1204);
#669=LINE('',#5179,#1205);
#670=LINE('',#5181,#1206);
#671=LINE('',#5182,#1207);
#672=LINE('',#5185,#1208);
#673=LINE('',#5187,#1209);
#674=LINE('',#5189,#1210);
#675=LINE('',#5190,#1211);
#676=LINE('',#5193,#1212);
#677=LINE('',#5195,#1213);
#678=LINE('',#5197,#1214);
#679=LINE('',#5198,#1215);
#680=LINE('',#5201,#1216);
#681=LINE('',#5203,#1217);
#682=LINE('',#5205,#1218);
#683=LINE('',#5206,#1219);
#684=LINE('',#5209,#1220);
#685=LINE('',#5211,#1221);
#686=LINE('',#5213,#1222);
#687=LINE('',#5214,#1223);
#688=LINE('',#5217,#1224);
#689=LINE('',#5219,#1225);
#690=LINE('',#5221,#1226);
#691=LINE('',#5222,#1227);
#692=LINE('',#5225,#1228);
#693=LINE('',#5227,#1229);
#694=LINE('',#5229,#1230);
#695=LINE('',#5230,#1231);
#696=LINE('',#5233,#1232);
#697=LINE('',#5235,#1233);
#698=LINE('',#5237,#1234);
#699=LINE('',#5238,#1235);
#700=LINE('',#5241,#1236);
#701=LINE('',#5243,#1237);
#702=LINE('',#5245,#1238);
#703=LINE('',#5246,#1239);
#704=LINE('',#5249,#1240);
#705=LINE('',#5251,#1241);
#706=LINE('',#5253,#1242);
#707=LINE('',#5254,#1243);
#708=LINE('',#5257,#1244);
#709=LINE('',#5259,#1245);
#710=LINE('',#5261,#1246);
#711=LINE('',#5262,#1247);
#712=LINE('',#5265,#1248);
#713=LINE('',#5267,#1249);
#714=LINE('',#5269,#1250);
#715=LINE('',#5270,#1251);
#716=LINE('',#5273,#1252);
#717=LINE('',#5275,#1253);
#718=LINE('',#5277,#1254);
#719=LINE('',#5278,#1255);
#720=LINE('',#5281,#1256);
#721=LINE('',#5283,#1257);
#722=LINE('',#5285,#1258);
#723=LINE('',#5286,#1259);
#724=LINE('',#5289,#1260);
#725=LINE('',#5291,#1261);
#726=LINE('',#5293,#1262);
#727=LINE('',#5294,#1263);
#728=LINE('',#5297,#1264);
#729=LINE('',#5299,#1265);
#730=LINE('',#5301,#1266);
#731=LINE('',#5302,#1267);
#732=LINE('',#5305,#1268);
#733=LINE('',#5307,#1269);
#734=LINE('',#5309,#1270);
#735=LINE('',#5310,#1271);
#736=LINE('',#5313,#1272);
#737=LINE('',#5315,#1273);
#738=LINE('',#5317,#1274);
#739=LINE('',#5318,#1275);
#740=LINE('',#5321,#1276);
#741=LINE('',#5323,#1277);
#742=LINE('',#5325,#1278);
#743=LINE('',#5326,#1279);
#744=LINE('',#5329,#1280);
#745=LINE('',#5331,#1281);
#746=LINE('',#5333,#1282);
#747=LINE('',#5334,#1283);
#748=LINE('',#5337,#1284);
#749=LINE('',#5339,#1285);
#750=LINE('',#5341,#1286);
#751=LINE('',#5342,#1287);
#752=LINE('',#5347,#1288);
#753=LINE('',#5348,#1289);
#754=LINE('',#5351,#1290);
#755=LINE('',#5352,#1291);
#756=LINE('',#5359,#1292);
#757=LINE('',#5360,#1293);
#758=LINE('',#5362,#1294);
#759=LINE('',#5366,#1295);
#760=LINE('',#5369,#1296);
#761=LINE('',#5370,#1297);
#762=LINE('',#5374,#1298);
#763=LINE('',#5377,#1299);
#764=LINE('',#5379,#1300);
#765=LINE('',#5380,#1301);
#766=LINE('',#5383,#1302);
#767=LINE('',#5385,#1303);
#768=LINE('',#5386,#1304);
#769=LINE('',#5389,#1305);
#770=LINE('',#5391,#1306);
#771=LINE('',#5393,#1307);
#772=LINE('',#5395,#1308);
#773=LINE('',#5396,#1309);
#774=LINE('',#5399,#1310);
#775=LINE('',#5400,#1311);
#776=LINE('',#5403,#1312);
#777=LINE('',#5405,#1313);
#778=LINE('',#5406,#1314);
#779=LINE('',#5410,#1315);
#780=LINE('',#5411,#1316);
#781=LINE('',#5412,#1317);
#782=LINE('',#5415,#1318);
#783=LINE('',#5417,#1319);
#784=LINE('',#5419,#1320);
#785=LINE('',#5421,#1321);
#786=LINE('',#5422,#1322);
#787=LINE('',#5425,#1323);
#788=LINE('',#5427,#1324);
#789=LINE('',#5428,#1325);
#790=LINE('',#5431,#1326);
#791=LINE('',#5433,#1327);
#792=LINE('',#5434,#1328);
#793=LINE('',#5437,#1329);
#794=LINE('',#5439,#1330);
#795=LINE('',#5440,#1331);
#796=LINE('',#5443,#1332);
#797=LINE('',#5445,#1333);
#798=LINE('',#5446,#1334);
#799=LINE('',#5449,#1335);
#800=LINE('',#5451,#1336);
#801=LINE('',#5452,#1337);
#802=LINE('',#5455,#1338);
#803=LINE('',#5457,#1339);
#804=LINE('',#5458,#1340);
#805=LINE('',#5461,#1341);
#806=LINE('',#5463,#1342);
#807=LINE('',#5465,#1343);
#808=LINE('',#5467,#1344);
#809=LINE('',#5468,#1345);
#810=LINE('',#5471,#1346);
#811=LINE('',#5472,#1347);
#812=LINE('',#5475,#1348);
#813=LINE('',#5477,#1349);
#814=LINE('',#5478,#1350);
#815=LINE('',#5481,#1351);
#816=LINE('',#5483,#1352);
#817=LINE('',#5484,#1353);
#818=LINE('',#5487,#1354);
#819=LINE('',#5489,#1355);
#820=LINE('',#5490,#1356);
#821=LINE('',#5493,#1357);
#822=LINE('',#5495,#1358);
#823=LINE('',#5496,#1359);
#824=LINE('',#5499,#1360);
#825=LINE('',#5501,#1361);
#826=LINE('',#5502,#1362);
#827=LINE('',#5505,#1363);
#828=LINE('',#5507,#1364);
#829=LINE('',#5508,#1365);
#830=LINE('',#5511,#1366);
#831=LINE('',#5513,#1367);
#832=LINE('',#5514,#1368);
#833=LINE('',#5517,#1369);
#834=LINE('',#5519,#1370);
#835=LINE('',#5520,#1371);
#836=LINE('',#5523,#1372);
#837=LINE('',#5525,#1373);
#838=LINE('',#5526,#1374);
#839=LINE('',#5529,#1375);
#840=LINE('',#5531,#1376);
#841=LINE('',#5532,#1377);
#842=LINE('',#5535,#1378);
#843=LINE('',#5537,#1379);
#844=LINE('',#5538,#1380);
#845=LINE('',#5542,#1381);
#846=LINE('',#5543,#1382);
#847=LINE('',#5544,#1383);
#848=LINE('',#5547,#1384);
#849=LINE('',#5549,#1385);
#850=LINE('',#5551,#1386);
#851=LINE('',#5553,#1387);
#852=LINE('',#5554,#1388);
#853=LINE('',#5557,#1389);
#854=LINE('',#5559,#1390);
#855=LINE('',#5560,#1391);
#856=LINE('',#5563,#1392);
#857=LINE('',#5565,#1393);
#858=LINE('',#5566,#1394);
#859=LINE('',#5569,#1395);
#860=LINE('',#5571,#1396);
#861=LINE('',#5572,#1397);
#862=LINE('',#5575,#1398);
#863=LINE('',#5577,#1399);
#864=LINE('',#5578,#1400);
#865=LINE('',#5581,#1401);
#866=LINE('',#5583,#1402);
#867=LINE('',#5584,#1403);
#868=LINE('',#5587,#1404);
#869=LINE('',#5589,#1405);
#870=LINE('',#5590,#1406);
#871=LINE('',#5593,#1407);
#872=LINE('',#5595,#1408);
#873=LINE('',#5597,#1409);
#874=LINE('',#5599,#1410);
#875=LINE('',#5600,#1411);
#876=LINE('',#5603,#1412);
#877=LINE('',#5604,#1413);
#878=LINE('',#5607,#1414);
#879=LINE('',#5609,#1415);
#880=LINE('',#5610,#1416);
#881=LINE('',#5613,#1417);
#882=LINE('',#5615,#1418);
#883=LINE('',#5616,#1419);
#884=LINE('',#5619,#1420);
#885=LINE('',#5621,#1421);
#886=LINE('',#5622,#1422);
#887=LINE('',#5625,#1423);
#888=LINE('',#5627,#1424);
#889=LINE('',#5628,#1425);
#890=LINE('',#5631,#1426);
#891=LINE('',#5633,#1427);
#892=LINE('',#5634,#1428);
#893=LINE('',#5637,#1429);
#894=LINE('',#5639,#1430);
#895=LINE('',#5640,#1431);
#896=LINE('',#5643,#1432);
#897=LINE('',#5645,#1433);
#898=LINE('',#5647,#1434);
#899=LINE('',#5649,#1435);
#900=LINE('',#5650,#1436);
#901=LINE('',#5653,#1437);
#902=LINE('',#5654,#1438);
#903=LINE('',#5657,#1439);
#904=LINE('',#5659,#1440);
#905=LINE('',#5660,#1441);
#906=LINE('',#5663,#1442);
#907=LINE('',#5665,#1443);
#908=LINE('',#5666,#1444);
#909=LINE('',#5669,#1445);
#910=LINE('',#5671,#1446);
#911=LINE('',#5672,#1447);
#912=LINE('',#5675,#1448);
#913=LINE('',#5677,#1449);
#914=LINE('',#5678,#1450);
#915=LINE('',#5681,#1451);
#916=LINE('',#5683,#1452);
#917=LINE('',#5684,#1453);
#918=LINE('',#5687,#1454);
#919=LINE('',#5689,#1455);
#920=LINE('',#5690,#1456);
#921=LINE('',#5693,#1457);
#922=LINE('',#5695,#1458);
#923=LINE('',#5697,#1459);
#924=LINE('',#5699,#1460);
#925=LINE('',#5700,#1461);
#926=LINE('',#5703,#1462);
#927=LINE('',#5704,#1463);
#928=LINE('',#5707,#1464);
#929=LINE('',#5709,#1465);
#930=LINE('',#5710,#1466);
#931=LINE('',#5713,#1467);
#932=LINE('',#5715,#1468);
#933=LINE('',#5716,#1469);
#934=LINE('',#5719,#1470);
#935=LINE('',#5721,#1471);
#936=LINE('',#5723,#1472);
#937=LINE('',#5725,#1473);
#938=LINE('',#5726,#1474);
#939=LINE('',#5729,#1475);
#940=LINE('',#5730,#1476);
#941=LINE('',#5733,#1477);
#942=LINE('',#5734,#1478);
#943=LINE('',#5737,#1479);
#944=LINE('',#5738,#1480);
#945=LINE('',#5741,#1481);
#946=LINE('',#5742,#1482);
#947=LINE('',#5745,#1483);
#948=LINE('',#5746,#1484);
#949=LINE('',#5749,#1485);
#950=LINE('',#5750,#1486);
#951=LINE('',#5753,#1487);
#952=LINE('',#5755,#1488);
#953=LINE('',#5756,#1489);
#954=LINE('',#5758,#1490);
#955=LINE('',#5761,#1491);
#956=LINE('',#5763,#1492);
#957=LINE('',#5764,#1493);
#958=LINE('',#5767,#1494);
#959=LINE('',#5769,#1495);
#960=LINE('',#5770,#1496);
#961=LINE('',#5773,#1497);
#962=LINE('',#5775,#1498);
#963=LINE('',#5776,#1499);
#964=LINE('',#5779,#1500);
#965=LINE('',#5780,#1501);
#966=LINE('',#5783,#1502);
#967=LINE('',#5785,#1503);
#968=LINE('',#5786,#1504);
#969=LINE('',#5789,#1505);
#970=LINE('',#5791,#1506);
#971=LINE('',#5792,#1507);
#972=LINE('',#5795,#1508);
#973=LINE('',#5797,#1509);
#974=LINE('',#5798,#1510);
#975=LINE('',#5801,#1511);
#976=LINE('',#5802,#1512);
#977=LINE('',#5805,#1513);
#978=LINE('',#5806,#1514);
#979=LINE('',#5809,#1515);
#980=LINE('',#5810,#1516);
#981=LINE('',#5813,#1517);
#982=LINE('',#5815,#1518);
#983=LINE('',#5816,#1519);
#984=LINE('',#5819,#1520);
#985=LINE('',#5821,#1521);
#986=LINE('',#5822,#1522);
#987=LINE('',#5825,#1523);
#988=LINE('',#5827,#1524);
#989=LINE('',#5828,#1525);
#990=LINE('',#5831,#1526);
#991=LINE('',#5832,#1527);
#992=LINE('',#5835,#1528);
#993=LINE('',#5837,#1529);
#994=LINE('',#5838,#1530);
#995=LINE('',#5841,#1531);
#996=LINE('',#5843,#1532);
#997=LINE('',#5844,#1533);
#998=LINE('',#5847,#1534);
#999=LINE('',#5849,#1535);
#1000=LINE('',#5850,#1536);
#1001=LINE('',#5853,#1537);
#1002=LINE('',#5854,#1538);
#1003=LINE('',#5857,#1539);
#1004=LINE('',#5859,#1540);
#1005=LINE('',#5860,#1541);
#1006=LINE('',#5863,#1542);
#1007=LINE('',#5865,#1543);
#1008=LINE('',#5866,#1544);
#1009=LINE('',#5869,#1545);
#1010=LINE('',#5871,#1546);
#1011=LINE('',#5872,#1547);
#1012=LINE('',#5875,#1548);
#1013=LINE('',#5876,#1549);
#1014=LINE('',#5879,#1550);
#1015=LINE('',#5881,#1551);
#1016=LINE('',#5882,#1552);
#1017=LINE('',#5885,#1553);
#1018=LINE('',#5887,#1554);
#1019=LINE('',#5888,#1555);
#1020=LINE('',#5891,#1556);
#1021=LINE('',#5893,#1557);
#1022=LINE('',#5894,#1558);
#1023=LINE('',#5897,#1559);
#1024=LINE('',#5898,#1560);
#1025=LINE('',#5901,#1561);
#1026=LINE('',#5903,#1562);
#1027=LINE('',#5904,#1563);
#1028=LINE('',#5908,#1564);
#1029=LINE('',#5909,#1565);
#1030=LINE('',#5910,#1566);
#1031=LINE('',#5913,#1567);
#1032=LINE('',#5915,#1568);
#1033=LINE('',#5916,#1569);
#1034=LINE('',#5919,#1570);
#1035=LINE('',#5920,#1571);
#1036=LINE('',#5923,#1572);
#1037=LINE('',#5924,#1573);
#1038=LINE('',#5927,#1574);
#1039=LINE('',#5929,#1575);
#1040=LINE('',#5930,#1576);
#1041=LINE('',#5934,#1577);
#1042=LINE('',#5935,#1578);
#1043=LINE('',#5936,#1579);
#1044=LINE('',#5939,#1580);
#1045=LINE('',#5941,#1581);
#1046=LINE('',#5942,#1582);
#1047=LINE('',#5945,#1583);
#1048=LINE('',#5947,#1584);
#1049=LINE('',#5948,#1585);
#1050=LINE('',#5951,#1586);
#1051=LINE('',#5953,#1587);
#1052=LINE('',#5954,#1588);
#1053=LINE('',#5957,#1589);
#1054=LINE('',#5959,#1590);
#1055=LINE('',#5960,#1591);
#1056=LINE('',#5963,#1592);
#1057=LINE('',#5964,#1593);
#1058=LINE('',#5967,#1594);
#1059=LINE('',#5968,#1595);
#1060=LINE('',#5971,#1596);
#1061=LINE('',#5972,#1597);
#1062=LINE('',#5975,#1598);
#1063=LINE('',#5977,#1599);
#1064=LINE('',#5978,#1600);
#1065=LINE('',#5981,#1601);
#1066=LINE('',#5983,#1602);
#1067=LINE('',#5984,#1603);
#1068=LINE('',#5987,#1604);
#1069=LINE('',#5989,#1605);
#1070=LINE('',#5990,#1606);
#1071=LINE('',#5993,#1607);
#1072=LINE('',#5994,#1608);
#1073=LINE('',#5997,#1609);
#1074=LINE('',#5999,#1610);
#1075=LINE('',#6000,#1611);
#1076=LINE('',#6003,#1612);
#1077=LINE('',#6005,#1613);
#1078=LINE('',#6006,#1614);
#1079=LINE('',#6009,#1615);
#1080=LINE('',#6011,#1616);
#1081=LINE('',#6012,#1617);
#1082=LINE('',#6015,#1618);
#1083=LINE('',#6016,#1619);
#1084=LINE('',#6019,#1620);
#1085=LINE('',#6020,#1621);
#1086=LINE('',#6023,#1622);
#1087=LINE('',#6024,#1623);
#1088=LINE('',#6027,#1624);
#1089=LINE('',#6029,#1625);
#1090=LINE('',#6030,#1626);
#1091=LINE('',#6033,#1627);
#1092=LINE('',#6035,#1628);
#1093=LINE('',#6036,#1629);
#1094=LINE('',#6039,#1630);
#1095=LINE('',#6041,#1631);
#1096=LINE('',#6042,#1632);
#1097=LINE('',#6045,#1633);
#1098=LINE('',#6046,#1634);
#1099=LINE('',#6049,#1635);
#1100=LINE('',#6051,#1636);
#1101=LINE('',#6052,#1637);
#1102=LINE('',#6055,#1638);
#1103=LINE('',#6057,#1639);
#1104=LINE('',#6058,#1640);
#1105=LINE('',#6061,#1641);
#1106=LINE('',#6063,#1642);
#1107=LINE('',#6064,#1643);
#1108=LINE('',#6067,#1644);
#1109=LINE('',#6068,#1645);
#1110=LINE('',#6071,#1646);
#1111=LINE('',#6072,#1647);
#1112=LINE('',#6075,#1648);
#1113=LINE('',#6076,#1649);
#1114=LINE('',#6079,#1650);
#1115=LINE('',#6080,#1651);
#1116=LINE('',#6083,#1652);
#1117=LINE('',#6084,#1653);
#1118=LINE('',#6087,#1654);
#1119=LINE('',#6088,#1655);
#1120=LINE('',#6091,#1656);
#1121=LINE('',#6092,#1657);
#1122=LINE('',#6095,#1658);
#1123=LINE('',#6096,#1659);
#1124=LINE('',#6098,#1660);
#1125=LINE('',#6101,#1661);
#1126=LINE('',#6102,#1662);
#1127=LINE('',#6104,#1663);
#1128=LINE('',#6107,#1664);
#1129=LINE('',#6108,#1665);
#1130=LINE('',#6110,#1666);
#1131=LINE('',#6113,#1667);
#1132=LINE('',#6114,#1668);
#1133=LINE('',#6116,#1669);
#1134=LINE('',#6119,#1670);
#1135=LINE('',#6120,#1671);
#1136=LINE('',#6122,#1672);
#1137=LINE('',#6125,#1673);
#1138=LINE('',#6126,#1674);
#1139=LINE('',#6128,#1675);
#1140=LINE('',#6131,#1676);
#1141=LINE('',#6132,#1677);
#1142=LINE('',#6134,#1678);
#1143=LINE('',#6137,#1679);
#1144=LINE('',#6138,#1680);
#1145=LINE('',#6140,#1681);
#1146=LINE('',#6142,#1682);
#1147=LINE('',#6145,#1683);
#1148=LINE('',#6146,#1684);
#1149=LINE('',#6148,#1685);
#1150=LINE('',#6151,#1686);
#1151=LINE('',#6152,#1687);
#1152=LINE('',#6154,#1688);
#1153=LINE('',#6157,#1689);
#1154=LINE('',#6158,#1690);
#1155=LINE('',#6160,#1691);
#1156=LINE('',#6163,#1692);
#1157=LINE('',#6164,#1693);
#1158=LINE('',#6166,#1694);
#1159=LINE('',#6168,#1695);
#1160=LINE('',#6171,#1696);
#1161=LINE('',#6172,#1697);
#1162=LINE('',#6174,#1698);
#1163=LINE('',#6177,#1699);
#1164=LINE('',#6178,#1700);
#1165=LINE('',#6181,#1701);
#1166=LINE('',#6182,#1702);
#1167=LINE('',#6184,#1703);
#1168=LINE('',#6187,#1704);
#1169=LINE('',#6188,#1705);
#1170=LINE('',#6191,#1706);
#1171=LINE('',#6192,#1707);
#1172=LINE('',#6194,#1708);
#1173=LINE('',#6197,#1709);
#1174=LINE('',#6198,#1710);
#1175=LINE('',#6201,#1711);
#1176=LINE('',#6202,#1712);
#1177=LINE('',#6204,#1713);
#1178=LINE('',#6207,#1714);
#1179=LINE('',#6208,#1715);
#1180=LINE('',#6210,#1716);
#1181=LINE('',#6212,#1717);
#1182=LINE('',#6214,#1718);
#1183=LINE('',#6216,#1719);
#1184=LINE('',#6218,#1720);
#1185=VECTOR('',#4177,10.);
#1186=VECTOR('',#4180,10.);
#1187=VECTOR('',#4183,10.);
#1188=VECTOR('',#4184,10.);
#1189=VECTOR('',#4185,10.);
#1190=VECTOR('',#4190,10.);
#1191=VECTOR('',#4195,10.);
#1192=VECTOR('',#4196,10.);
#1193=VECTOR('',#4197,10.);
#1194=VECTOR('',#4202,10.);
#1195=VECTOR('',#4205,10.);
#1196=VECTOR('',#4208,10.);
#1197=VECTOR('',#4209,10.);
#1198=VECTOR('',#4210,10.);
#1199=VECTOR('',#4213,10.);
#1200=VECTOR('',#4216,10.);
#1201=VECTOR('',#4219,10.);
#1202=VECTOR('',#4222,10.);
#1203=VECTOR('',#4225,10.);
#1204=VECTOR('',#4228,10.);
#1205=VECTOR('',#4229,10.);
#1206=VECTOR('',#4230,10.);
#1207=VECTOR('',#4231,10.);
#1208=VECTOR('',#4232,10.);
#1209=VECTOR('',#4233,10.);
#1210=VECTOR('',#4234,10.);
#1211=VECTOR('',#4235,10.);
#1212=VECTOR('',#4236,10.);
#1213=VECTOR('',#4237,10.);
#1214=VECTOR('',#4238,10.);
#1215=VECTOR('',#4239,10.);
#1216=VECTOR('',#4240,10.);
#1217=VECTOR('',#4241,10.);
#1218=VECTOR('',#4242,10.);
#1219=VECTOR('',#4243,10.);
#1220=VECTOR('',#4244,10.);
#1221=VECTOR('',#4245,10.);
#1222=VECTOR('',#4246,10.);
#1223=VECTOR('',#4247,10.);
#1224=VECTOR('',#4248,10.);
#1225=VECTOR('',#4249,10.);
#1226=VECTOR('',#4250,10.);
#1227=VECTOR('',#4251,10.);
#1228=VECTOR('',#4252,10.);
#1229=VECTOR('',#4253,10.);
#1230=VECTOR('',#4254,10.);
#1231=VECTOR('',#4255,10.);
#1232=VECTOR('',#4256,10.);
#1233=VECTOR('',#4257,10.);
#1234=VECTOR('',#4258,10.);
#1235=VECTOR('',#4259,10.);
#1236=VECTOR('',#4260,10.);
#1237=VECTOR('',#4261,10.);
#1238=VECTOR('',#4262,10.);
#1239=VECTOR('',#4263,10.);
#1240=VECTOR('',#4264,10.);
#1241=VECTOR('',#4265,10.);
#1242=VECTOR('',#4266,10.);
#1243=VECTOR('',#4267,10.);
#1244=VECTOR('',#4268,10.);
#1245=VECTOR('',#4269,10.);
#1246=VECTOR('',#4270,10.);
#1247=VECTOR('',#4271,10.);
#1248=VECTOR('',#4272,10.);
#1249=VECTOR('',#4273,10.);
#1250=VECTOR('',#4274,10.);
#1251=VECTOR('',#4275,10.);
#1252=VECTOR('',#4276,10.);
#1253=VECTOR('',#4277,10.);
#1254=VECTOR('',#4278,10.);
#1255=VECTOR('',#4279,10.);
#1256=VECTOR('',#4280,10.);
#1257=VECTOR('',#4281,10.);
#1258=VECTOR('',#4282,10.);
#1259=VECTOR('',#4283,10.);
#1260=VECTOR('',#4284,10.);
#1261=VECTOR('',#4285,10.);
#1262=VECTOR('',#4286,10.);
#1263=VECTOR('',#4287,10.);
#1264=VECTOR('',#4288,10.);
#1265=VECTOR('',#4289,10.);
#1266=VECTOR('',#4290,10.);
#1267=VECTOR('',#4291,10.);
#1268=VECTOR('',#4292,10.);
#1269=VECTOR('',#4293,10.);
#1270=VECTOR('',#4294,10.);
#1271=VECTOR('',#4295,10.);
#1272=VECTOR('',#4296,10.);
#1273=VECTOR('',#4297,10.);
#1274=VECTOR('',#4298,10.);
#1275=VECTOR('',#4299,10.);
#1276=VECTOR('',#4300,10.);
#1277=VECTOR('',#4301,10.);
#1278=VECTOR('',#4302,10.);
#1279=VECTOR('',#4303,10.);
#1280=VECTOR('',#4304,10.);
#1281=VECTOR('',#4305,10.);
#1282=VECTOR('',#4306,10.);
#1283=VECTOR('',#4307,10.);
#1284=VECTOR('',#4308,10.);
#1285=VECTOR('',#4309,10.);
#1286=VECTOR('',#4310,10.);
#1287=VECTOR('',#4311,10.);
#1288=VECTOR('',#4316,10.);
#1289=VECTOR('',#4317,10.);
#1290=VECTOR('',#4320,10.);
#1291=VECTOR('',#4321,10.);
#1292=VECTOR('',#4330,10.);
#1293=VECTOR('',#4331,10.);
#1294=VECTOR('',#4334,10.);
#1295=VECTOR('',#4339,10.);
#1296=VECTOR('',#4342,10.);
#1297=VECTOR('',#4343,10.);
#1298=VECTOR('',#4348,10.);
#1299=VECTOR('',#4351,10.);
#1300=VECTOR('',#4352,10.);
#1301=VECTOR('',#4353,10.);
#1302=VECTOR('',#4356,10.);
#1303=VECTOR('',#4357,10.);
#1304=VECTOR('',#4358,10.);
#1305=VECTOR('',#4361,10.);
#1306=VECTOR('',#4362,10.);
#1307=VECTOR('',#4363,10.);
#1308=VECTOR('',#4364,10.);
#1309=VECTOR('',#4365,10.);
#1310=VECTOR('',#4368,10.);
#1311=VECTOR('',#4369,10.);
#1312=VECTOR('',#4372,10.);
#1313=VECTOR('',#4373,10.);
#1314=VECTOR('',#4374,10.);
#1315=VECTOR('',#4377,10.);
#1316=VECTOR('',#4378,10.);
#1317=VECTOR('',#4379,10.);
#1318=VECTOR('',#4382,10.);
#1319=VECTOR('',#4383,10.);
#1320=VECTOR('',#4384,10.);
#1321=VECTOR('',#4385,10.);
#1322=VECTOR('',#4386,10.);
#1323=VECTOR('',#4389,10.);
#1324=VECTOR('',#4390,10.);
#1325=VECTOR('',#4391,10.);
#1326=VECTOR('',#4394,10.);
#1327=VECTOR('',#4395,10.);
#1328=VECTOR('',#4396,10.);
#1329=VECTOR('',#4399,10.);
#1330=VECTOR('',#4400,10.);
#1331=VECTOR('',#4401,10.);
#1332=VECTOR('',#4404,10.);
#1333=VECTOR('',#4405,10.);
#1334=VECTOR('',#4406,10.);
#1335=VECTOR('',#4409,10.);
#1336=VECTOR('',#4410,10.);
#1337=VECTOR('',#4411,10.);
#1338=VECTOR('',#4414,10.);
#1339=VECTOR('',#4415,10.);
#1340=VECTOR('',#4416,10.);
#1341=VECTOR('',#4419,10.);
#1342=VECTOR('',#4420,10.);
#1343=VECTOR('',#4421,10.);
#1344=VECTOR('',#4422,10.);
#1345=VECTOR('',#4423,10.);
#1346=VECTOR('',#4426,10.);
#1347=VECTOR('',#4427,10.);
#1348=VECTOR('',#4430,10.);
#1349=VECTOR('',#4431,10.);
#1350=VECTOR('',#4432,10.);
#1351=VECTOR('',#4435,10.);
#1352=VECTOR('',#4436,10.);
#1353=VECTOR('',#4437,10.);
#1354=VECTOR('',#4440,10.);
#1355=VECTOR('',#4441,10.);
#1356=VECTOR('',#4442,10.);
#1357=VECTOR('',#4445,10.);
#1358=VECTOR('',#4446,10.);
#1359=VECTOR('',#4447,10.);
#1360=VECTOR('',#4450,10.);
#1361=VECTOR('',#4451,10.);
#1362=VECTOR('',#4452,10.);
#1363=VECTOR('',#4455,10.);
#1364=VECTOR('',#4456,10.);
#1365=VECTOR('',#4457,10.);
#1366=VECTOR('',#4460,10.);
#1367=VECTOR('',#4461,10.);
#1368=VECTOR('',#4462,10.);
#1369=VECTOR('',#4465,10.);
#1370=VECTOR('',#4466,10.);
#1371=VECTOR('',#4467,10.);
#1372=VECTOR('',#4470,10.);
#1373=VECTOR('',#4471,10.);
#1374=VECTOR('',#4472,10.);
#1375=VECTOR('',#4475,10.);
#1376=VECTOR('',#4476,10.);
#1377=VECTOR('',#4477,10.);
#1378=VECTOR('',#4480,10.);
#1379=VECTOR('',#4481,10.);
#1380=VECTOR('',#4482,10.);
#1381=VECTOR('',#4485,10.);
#1382=VECTOR('',#4486,10.);
#1383=VECTOR('',#4487,10.);
#1384=VECTOR('',#4490,10.);
#1385=VECTOR('',#4491,10.);
#1386=VECTOR('',#4492,10.);
#1387=VECTOR('',#4493,10.);
#1388=VECTOR('',#4494,10.);
#1389=VECTOR('',#4497,10.);
#1390=VECTOR('',#4498,10.);
#1391=VECTOR('',#4499,10.);
#1392=VECTOR('',#4502,10.);
#1393=VECTOR('',#4503,10.);
#1394=VECTOR('',#4504,10.);
#1395=VECTOR('',#4507,10.);
#1396=VECTOR('',#4508,10.);
#1397=VECTOR('',#4509,10.);
#1398=VECTOR('',#4512,10.);
#1399=VECTOR('',#4513,10.);
#1400=VECTOR('',#4514,10.);
#1401=VECTOR('',#4517,10.);
#1402=VECTOR('',#4518,10.);
#1403=VECTOR('',#4519,10.);
#1404=VECTOR('',#4522,10.);
#1405=VECTOR('',#4523,10.);
#1406=VECTOR('',#4524,10.);
#1407=VECTOR('',#4527,10.);
#1408=VECTOR('',#4528,10.);
#1409=VECTOR('',#4529,10.);
#1410=VECTOR('',#4530,10.);
#1411=VECTOR('',#4531,10.);
#1412=VECTOR('',#4534,10.);
#1413=VECTOR('',#4535,10.);
#1414=VECTOR('',#4538,10.);
#1415=VECTOR('',#4539,10.);
#1416=VECTOR('',#4540,10.);
#1417=VECTOR('',#4543,10.);
#1418=VECTOR('',#4544,10.);
#1419=VECTOR('',#4545,10.);
#1420=VECTOR('',#4548,10.);
#1421=VECTOR('',#4549,10.);
#1422=VECTOR('',#4550,10.);
#1423=VECTOR('',#4553,10.);
#1424=VECTOR('',#4554,10.);
#1425=VECTOR('',#4555,10.);
#1426=VECTOR('',#4558,10.);
#1427=VECTOR('',#4559,10.);
#1428=VECTOR('',#4560,10.);
#1429=VECTOR('',#4563,10.);
#1430=VECTOR('',#4564,10.);
#1431=VECTOR('',#4565,10.);
#1432=VECTOR('',#4568,10.);
#1433=VECTOR('',#4569,10.);
#1434=VECTOR('',#4570,10.);
#1435=VECTOR('',#4571,10.);
#1436=VECTOR('',#4572,10.);
#1437=VECTOR('',#4575,10.);
#1438=VECTOR('',#4576,10.);
#1439=VECTOR('',#4579,10.);
#1440=VECTOR('',#4580,10.);
#1441=VECTOR('',#4581,10.);
#1442=VECTOR('',#4584,10.);
#1443=VECTOR('',#4585,10.);
#1444=VECTOR('',#4586,10.);
#1445=VECTOR('',#4589,10.);
#1446=VECTOR('',#4590,10.);
#1447=VECTOR('',#4591,10.);
#1448=VECTOR('',#4594,10.);
#1449=VECTOR('',#4595,10.);
#1450=VECTOR('',#4596,10.);
#1451=VECTOR('',#4599,10.);
#1452=VECTOR('',#4600,10.);
#1453=VECTOR('',#4601,10.);
#1454=VECTOR('',#4604,10.);
#1455=VECTOR('',#4605,10.);
#1456=VECTOR('',#4606,10.);
#1457=VECTOR('',#4609,10.);
#1458=VECTOR('',#4610,10.);
#1459=VECTOR('',#4611,10.);
#1460=VECTOR('',#4612,10.);
#1461=VECTOR('',#4613,10.);
#1462=VECTOR('',#4616,10.);
#1463=VECTOR('',#4617,10.);
#1464=VECTOR('',#4620,10.);
#1465=VECTOR('',#4621,10.);
#1466=VECTOR('',#4622,10.);
#1467=VECTOR('',#4625,10.);
#1468=VECTOR('',#4626,10.);
#1469=VECTOR('',#4627,10.);
#1470=VECTOR('',#4630,10.);
#1471=VECTOR('',#4631,10.);
#1472=VECTOR('',#4632,10.);
#1473=VECTOR('',#4633,10.);
#1474=VECTOR('',#4634,10.);
#1475=VECTOR('',#4637,10.);
#1476=VECTOR('',#4638,10.);
#1477=VECTOR('',#4641,10.);
#1478=VECTOR('',#4642,10.);
#1479=VECTOR('',#4645,10.);
#1480=VECTOR('',#4646,10.);
#1481=VECTOR('',#4649,10.);
#1482=VECTOR('',#4650,10.);
#1483=VECTOR('',#4653,10.);
#1484=VECTOR('',#4654,10.);
#1485=VECTOR('',#4657,10.);
#1486=VECTOR('',#4658,10.);
#1487=VECTOR('',#4661,10.);
#1488=VECTOR('',#4662,10.);
#1489=VECTOR('',#4663,10.);
#1490=VECTOR('',#4666,10.);
#1491=VECTOR('',#4669,10.);
#1492=VECTOR('',#4670,10.);
#1493=VECTOR('',#4671,10.);
#1494=VECTOR('',#4674,10.);
#1495=VECTOR('',#4675,10.);
#1496=VECTOR('',#4676,10.);
#1497=VECTOR('',#4679,10.);
#1498=VECTOR('',#4680,10.);
#1499=VECTOR('',#4681,10.);
#1500=VECTOR('',#4684,10.);
#1501=VECTOR('',#4685,10.);
#1502=VECTOR('',#4688,10.);
#1503=VECTOR('',#4689,10.);
#1504=VECTOR('',#4690,10.);
#1505=VECTOR('',#4693,10.);
#1506=VECTOR('',#4694,10.);
#1507=VECTOR('',#4695,10.);
#1508=VECTOR('',#4698,10.);
#1509=VECTOR('',#4699,10.);
#1510=VECTOR('',#4700,10.);
#1511=VECTOR('',#4703,10.);
#1512=VECTOR('',#4704,10.);
#1513=VECTOR('',#4707,10.);
#1514=VECTOR('',#4708,10.);
#1515=VECTOR('',#4711,10.);
#1516=VECTOR('',#4712,10.);
#1517=VECTOR('',#4715,10.);
#1518=VECTOR('',#4716,10.);
#1519=VECTOR('',#4717,10.);
#1520=VECTOR('',#4720,10.);
#1521=VECTOR('',#4721,10.);
#1522=VECTOR('',#4722,10.);
#1523=VECTOR('',#4725,10.);
#1524=VECTOR('',#4726,10.);
#1525=VECTOR('',#4727,10.);
#1526=VECTOR('',#4730,10.);
#1527=VECTOR('',#4731,10.);
#1528=VECTOR('',#4734,10.);
#1529=VECTOR('',#4735,10.);
#1530=VECTOR('',#4736,10.);
#1531=VECTOR('',#4739,10.);
#1532=VECTOR('',#4740,10.);
#1533=VECTOR('',#4741,10.);
#1534=VECTOR('',#4744,10.);
#1535=VECTOR('',#4745,10.);
#1536=VECTOR('',#4746,10.);
#1537=VECTOR('',#4749,10.);
#1538=VECTOR('',#4750,10.);
#1539=VECTOR('',#4753,10.);
#1540=VECTOR('',#4754,10.);
#1541=VECTOR('',#4755,10.);
#1542=VECTOR('',#4758,10.);
#1543=VECTOR('',#4759,10.);
#1544=VECTOR('',#4760,10.);
#1545=VECTOR('',#4763,10.);
#1546=VECTOR('',#4764,10.);
#1547=VECTOR('',#4765,10.);
#1548=VECTOR('',#4768,10.);
#1549=VECTOR('',#4769,10.);
#1550=VECTOR('',#4772,10.);
#1551=VECTOR('',#4773,10.);
#1552=VECTOR('',#4774,10.);
#1553=VECTOR('',#4777,10.);
#1554=VECTOR('',#4778,10.);
#1555=VECTOR('',#4779,10.);
#1556=VECTOR('',#4782,10.);
#1557=VECTOR('',#4783,10.);
#1558=VECTOR('',#4784,10.);
#1559=VECTOR('',#4787,10.);
#1560=VECTOR('',#4788,10.);
#1561=VECTOR('',#4791,10.);
#1562=VECTOR('',#4792,10.);
#1563=VECTOR('',#4793,10.);
#1564=VECTOR('',#4796,10.);
#1565=VECTOR('',#4797,10.);
#1566=VECTOR('',#4798,10.);
#1567=VECTOR('',#4801,10.);
#1568=VECTOR('',#4802,10.);
#1569=VECTOR('',#4803,10.);
#1570=VECTOR('',#4806,10.);
#1571=VECTOR('',#4807,10.);
#1572=VECTOR('',#4810,10.);
#1573=VECTOR('',#4811,10.);
#1574=VECTOR('',#4814,10.);
#1575=VECTOR('',#4815,10.);
#1576=VECTOR('',#4816,10.);
#1577=VECTOR('',#4819,10.);
#1578=VECTOR('',#4820,10.);
#1579=VECTOR('',#4821,10.);
#1580=VECTOR('',#4824,10.);
#1581=VECTOR('',#4825,10.);
#1582=VECTOR('',#4826,10.);
#1583=VECTOR('',#4829,10.);
#1584=VECTOR('',#4830,10.);
#1585=VECTOR('',#4831,10.);
#1586=VECTOR('',#4834,10.);
#1587=VECTOR('',#4835,10.);
#1588=VECTOR('',#4836,10.);
#1589=VECTOR('',#4839,10.);
#1590=VECTOR('',#4840,10.);
#1591=VECTOR('',#4841,10.);
#1592=VECTOR('',#4844,10.);
#1593=VECTOR('',#4845,10.);
#1594=VECTOR('',#4848,10.);
#1595=VECTOR('',#4849,10.);
#1596=VECTOR('',#4852,10.);
#1597=VECTOR('',#4853,10.);
#1598=VECTOR('',#4856,10.);
#1599=VECTOR('',#4857,10.);
#1600=VECTOR('',#4858,10.);
#1601=VECTOR('',#4861,10.);
#1602=VECTOR('',#4862,10.);
#1603=VECTOR('',#4863,10.);
#1604=VECTOR('',#4866,10.);
#1605=VECTOR('',#4867,10.);
#1606=VECTOR('',#4868,10.);
#1607=VECTOR('',#4871,10.);
#1608=VECTOR('',#4872,10.);
#1609=VECTOR('',#4875,10.);
#1610=VECTOR('',#4876,10.);
#1611=VECTOR('',#4877,10.);
#1612=VECTOR('',#4880,10.);
#1613=VECTOR('',#4881,10.);
#1614=VECTOR('',#4882,10.);
#1615=VECTOR('',#4885,10.);
#1616=VECTOR('',#4886,10.);
#1617=VECTOR('',#4887,10.);
#1618=VECTOR('',#4890,10.);
#1619=VECTOR('',#4891,10.);
#1620=VECTOR('',#4894,10.);
#1621=VECTOR('',#4895,10.);
#1622=VECTOR('',#4898,10.);
#1623=VECTOR('',#4899,10.);
#1624=VECTOR('',#4902,10.);
#1625=VECTOR('',#4903,10.);
#1626=VECTOR('',#4904,10.);
#1627=VECTOR('',#4907,10.);
#1628=VECTOR('',#4908,10.);
#1629=VECTOR('',#4909,10.);
#1630=VECTOR('',#4912,10.);
#1631=VECTOR('',#4913,10.);
#1632=VECTOR('',#4914,10.);
#1633=VECTOR('',#4917,10.);
#1634=VECTOR('',#4918,10.);
#1635=VECTOR('',#4921,10.);
#1636=VECTOR('',#4922,10.);
#1637=VECTOR('',#4923,10.);
#1638=VECTOR('',#4926,10.);
#1639=VECTOR('',#4927,10.);
#1640=VECTOR('',#4928,10.);
#1641=VECTOR('',#4931,10.);
#1642=VECTOR('',#4932,10.);
#1643=VECTOR('',#4933,10.);
#1644=VECTOR('',#4936,10.);
#1645=VECTOR('',#4937,10.);
#1646=VECTOR('',#4940,10.);
#1647=VECTOR('',#4941,10.);
#1648=VECTOR('',#4944,10.);
#1649=VECTOR('',#4945,10.);
#1650=VECTOR('',#4948,10.);
#1651=VECTOR('',#4949,10.);
#1652=VECTOR('',#4952,10.);
#1653=VECTOR('',#4953,10.);
#1654=VECTOR('',#4956,10.);
#1655=VECTOR('',#4957,10.);
#1656=VECTOR('',#4960,10.);
#1657=VECTOR('',#4961,10.);
#1658=VECTOR('',#4964,10.);
#1659=VECTOR('',#4965,10.);
#1660=VECTOR('',#4968,10.);
#1661=VECTOR('',#4971,10.);
#1662=VECTOR('',#4972,10.);
#1663=VECTOR('',#4975,10.);
#1664=VECTOR('',#4978,10.);
#1665=VECTOR('',#4979,10.);
#1666=VECTOR('',#4982,10.);
#1667=VECTOR('',#4985,10.);
#1668=VECTOR('',#4986,10.);
#1669=VECTOR('',#4989,10.);
#1670=VECTOR('',#4992,10.);
#1671=VECTOR('',#4993,10.);
#1672=VECTOR('',#4996,10.);
#1673=VECTOR('',#4999,10.);
#1674=VECTOR('',#5000,10.);
#1675=VECTOR('',#5003,10.);
#1676=VECTOR('',#5006,10.);
#1677=VECTOR('',#5007,10.);
#1678=VECTOR('',#5010,10.);
#1679=VECTOR('',#5013,10.);
#1680=VECTOR('',#5014,10.);
#1681=VECTOR('',#5017,10.);
#1682=VECTOR('',#5020,10.);
#1683=VECTOR('',#5023,10.);
#1684=VECTOR('',#5024,10.);
#1685=VECTOR('',#5027,10.);
#1686=VECTOR('',#5030,10.);
#1687=VECTOR('',#5031,10.);
#1688=VECTOR('',#5034,10.);
#1689=VECTOR('',#5037,10.);
#1690=VECTOR('',#5038,10.);
#1691=VECTOR('',#5041,10.);
#1692=VECTOR('',#5044,10.);
#1693=VECTOR('',#5045,10.);
#1694=VECTOR('',#5048,10.);
#1695=VECTOR('',#5051,10.);
#1696=VECTOR('',#5054,10.);
#1697=VECTOR('',#5055,10.);
#1698=VECTOR('',#5058,10.);
#1699=VECTOR('',#5061,10.);
#1700=VECTOR('',#5062,10.);
#1701=VECTOR('',#5065,10.);
#1702=VECTOR('',#5066,10.);
#1703=VECTOR('',#5069,10.);
#1704=VECTOR('',#5072,10.);
#1705=VECTOR('',#5073,10.);
#1706=VECTOR('',#5076,10.);
#1707=VECTOR('',#5077,10.);
#1708=VECTOR('',#5080,10.);
#1709=VECTOR('',#5083,10.);
#1710=VECTOR('',#5084,10.);
#1711=VECTOR('',#5087,10.);
#1712=VECTOR('',#5088,10.);
#1713=VECTOR('',#5091,10.);
#1714=VECTOR('',#5094,10.);
#1715=VECTOR('',#5095,10.);
#1716=VECTOR('',#5098,10.);
#1717=VECTOR('',#5101,10.);
#1718=VECTOR('',#5104,10.);
#1719=VECTOR('',#5107,10.);
#1720=VECTOR('',#5110,10.);
#1721=CIRCLE('',#3970,5.1);
#1722=CIRCLE('',#3971,5.1);
#1723=CIRCLE('',#3974,5.1);
#1724=CIRCLE('',#3975,5.1);
#1725=CIRCLE('',#3978,3.9);
#1726=CIRCLE('',#3979,3.9);
#1727=CIRCLE('',#3982,3.9);
#1728=CIRCLE('',#3983,3.9);
#1729=CIRCLE('',#3984,3.9);
#1730=CIRCLE('',#3985,3.9);
#1731=CIRCLE('',#3986,3.9);
#1732=CIRCLE('',#3988,3.9);
#1733=CIRCLE('',#3991,3.9);
#1734=CIRCLE('',#3993,3.9);
#1735=CIRCLE('',#3996,3.9);
#1736=CIRCLE('',#3999,3.9);
#1737=VERTEX_POINT('',#5115);
#1738=VERTEX_POINT('',#5116);
#1739=VERTEX_POINT('',#5118);
#1740=VERTEX_POINT('',#5120);
#1741=VERTEX_POINT('',#5124);
#1742=VERTEX_POINT('',#5126);
#1743=VERTEX_POINT('',#5130);
#1744=VERTEX_POINT('',#5132);
#1745=VERTEX_POINT('',#5136);
#1746=VERTEX_POINT('',#5138);
#1747=VERTEX_POINT('',#5142);
#1748=VERTEX_POINT('',#5143);
#1749=VERTEX_POINT('',#5145);
#1750=VERTEX_POINT('',#5147);
#1751=VERTEX_POINT('',#5151);
#1752=VERTEX_POINT('',#5153);
#1753=VERTEX_POINT('',#5157);
#1754=VERTEX_POINT('',#5159);
#1755=VERTEX_POINT('',#5161);
#1756=VERTEX_POINT('',#5164);
#1757=VERTEX_POINT('',#5166);
#1758=VERTEX_POINT('',#5168);
#1759=VERTEX_POINT('',#5170);
#1760=VERTEX_POINT('',#5172);
#1761=VERTEX_POINT('',#5175);
#1762=VERTEX_POINT('',#5176);
#1763=VERTEX_POINT('',#5178);
#1764=VERTEX_POINT('',#5180);
#1765=VERTEX_POINT('',#5183);
#1766=VERTEX_POINT('',#5184);
#1767=VERTEX_POINT('',#5186);
#1768=VERTEX_POINT('',#5188);
#1769=VERTEX_POINT('',#5191);
#1770=VERTEX_POINT('',#5192);
#1771=VERTEX_POINT('',#5194);
#1772=VERTEX_POINT('',#5196);
#1773=VERTEX_POINT('',#5199);
#1774=VERTEX_POINT('',#5200);
#1775=VERTEX_POINT('',#5202);
#1776=VERTEX_POINT('',#5204);
#1777=VERTEX_POINT('',#5207);
#1778=VERTEX_POINT('',#5208);
#1779=VERTEX_POINT('',#5210);
#1780=VERTEX_POINT('',#5212);
#1781=VERTEX_POINT('',#5215);
#1782=VERTEX_POINT('',#5216);
#1783=VERTEX_POINT('',#5218);
#1784=VERTEX_POINT('',#5220);
#1785=VERTEX_POINT('',#5223);
#1786=VERTEX_POINT('',#5224);
#1787=VERTEX_POINT('',#5226);
#1788=VERTEX_POINT('',#5228);
#1789=VERTEX_POINT('',#5231);
#1790=VERTEX_POINT('',#5232);
#1791=VERTEX_POINT('',#5234);
#1792=VERTEX_POINT('',#5236);
#1793=VERTEX_POINT('',#5239);
#1794=VERTEX_POINT('',#5240);
#1795=VERTEX_POINT('',#5242);
#1796=VERTEX_POINT('',#5244);
#1797=VERTEX_POINT('',#5247);
#1798=VERTEX_POINT('',#5248);
#1799=VERTEX_POINT('',#5250);
#1800=VERTEX_POINT('',#5252);
#1801=VERTEX_POINT('',#5255);
#1802=VERTEX_POINT('',#5256);
#1803=VERTEX_POINT('',#5258);
#1804=VERTEX_POINT('',#5260);
#1805=VERTEX_POINT('',#5263);
#1806=VERTEX_POINT('',#5264);
#1807=VERTEX_POINT('',#5266);
#1808=VERTEX_POINT('',#5268);
#1809=VERTEX_POINT('',#5271);
#1810=VERTEX_POINT('',#5272);
#1811=VERTEX_POINT('',#5274);
#1812=VERTEX_POINT('',#5276);
#1813=VERTEX_POINT('',#5279);
#1814=VERTEX_POINT('',#5280);
#1815=VERTEX_POINT('',#5282);
#1816=VERTEX_POINT('',#5284);
#1817=VERTEX_POINT('',#5287);
#1818=VERTEX_POINT('',#5288);
#1819=VERTEX_POINT('',#5290);
#1820=VERTEX_POINT('',#5292);
#1821=VERTEX_POINT('',#5295);
#1822=VERTEX_POINT('',#5296);
#1823=VERTEX_POINT('',#5298);
#1824=VERTEX_POINT('',#5300);
#1825=VERTEX_POINT('',#5303);
#1826=VERTEX_POINT('',#5304);
#1827=VERTEX_POINT('',#5306);
#1828=VERTEX_POINT('',#5308);
#1829=VERTEX_POINT('',#5311);
#1830=VERTEX_POINT('',#5312);
#1831=VERTEX_POINT('',#5314);
#1832=VERTEX_POINT('',#5316);
#1833=VERTEX_POINT('',#5319);
#1834=VERTEX_POINT('',#5320);
#1835=VERTEX_POINT('',#5322);
#1836=VERTEX_POINT('',#5324);
#1837=VERTEX_POINT('',#5327);
#1838=VERTEX_POINT('',#5328);
#1839=VERTEX_POINT('',#5330);
#1840=VERTEX_POINT('',#5332);
#1841=VERTEX_POINT('',#5335);
#1842=VERTEX_POINT('',#5336);
#1843=VERTEX_POINT('',#5338);
#1844=VERTEX_POINT('',#5340);
#1845=VERTEX_POINT('',#5344);
#1846=VERTEX_POINT('',#5345);
#1847=VERTEX_POINT('',#5350);
#1848=VERTEX_POINT('',#5356);
#1849=VERTEX_POINT('',#5357);
#1850=VERTEX_POINT('',#5364);
#1851=VERTEX_POINT('',#5368);
#1852=VERTEX_POINT('',#5372);
#1853=VERTEX_POINT('',#5376);
#1854=VERTEX_POINT('',#5378);
#1855=VERTEX_POINT('',#5382);
#1856=VERTEX_POINT('',#5384);
#1857=VERTEX_POINT('',#5388);
#1858=VERTEX_POINT('',#5390);
#1859=VERTEX_POINT('',#5392);
#1860=VERTEX_POINT('',#5394);
#1861=VERTEX_POINT('',#5398);
#1862=VERTEX_POINT('',#5402);
#1863=VERTEX_POINT('',#5404);
#1864=VERTEX_POINT('',#5408);
#1865=VERTEX_POINT('',#5409);
#1866=VERTEX_POINT('',#5414);
#1867=VERTEX_POINT('',#5416);
#1868=VERTEX_POINT('',#5418);
#1869=VERTEX_POINT('',#5420);
#1870=VERTEX_POINT('',#5424);
#1871=VERTEX_POINT('',#5426);
#1872=VERTEX_POINT('',#5430);
#1873=VERTEX_POINT('',#5432);
#1874=VERTEX_POINT('',#5436);
#1875=VERTEX_POINT('',#5438);
#1876=VERTEX_POINT('',#5442);
#1877=VERTEX_POINT('',#5444);
#1878=VERTEX_POINT('',#5448);
#1879=VERTEX_POINT('',#5450);
#1880=VERTEX_POINT('',#5454);
#1881=VERTEX_POINT('',#5456);
#1882=VERTEX_POINT('',#5460);
#1883=VERTEX_POINT('',#5462);
#1884=VERTEX_POINT('',#5464);
#1885=VERTEX_POINT('',#5466);
#1886=VERTEX_POINT('',#5470);
#1887=VERTEX_POINT('',#5474);
#1888=VERTEX_POINT('',#5476);
#1889=VERTEX_POINT('',#5480);
#1890=VERTEX_POINT('',#5482);
#1891=VERTEX_POINT('',#5486);
#1892=VERTEX_POINT('',#5488);
#1893=VERTEX_POINT('',#5492);
#1894=VERTEX_POINT('',#5494);
#1895=VERTEX_POINT('',#5498);
#1896=VERTEX_POINT('',#5500);
#1897=VERTEX_POINT('',#5504);
#1898=VERTEX_POINT('',#5506);
#1899=VERTEX_POINT('',#5510);
#1900=VERTEX_POINT('',#5512);
#1901=VERTEX_POINT('',#5516);
#1902=VERTEX_POINT('',#5518);
#1903=VERTEX_POINT('',#5522);
#1904=VERTEX_POINT('',#5524);
#1905=VERTEX_POINT('',#5528);
#1906=VERTEX_POINT('',#5530);
#1907=VERTEX_POINT('',#5534);
#1908=VERTEX_POINT('',#5536);
#1909=VERTEX_POINT('',#5540);
#1910=VERTEX_POINT('',#5541);
#1911=VERTEX_POINT('',#5546);
#1912=VERTEX_POINT('',#5548);
#1913=VERTEX_POINT('',#5550);
#1914=VERTEX_POINT('',#5552);
#1915=VERTEX_POINT('',#5556);
#1916=VERTEX_POINT('',#5558);
#1917=VERTEX_POINT('',#5562);
#1918=VERTEX_POINT('',#5564);
#1919=VERTEX_POINT('',#5568);
#1920=VERTEX_POINT('',#5570);
#1921=VERTEX_POINT('',#5574);
#1922=VERTEX_POINT('',#5576);
#1923=VERTEX_POINT('',#5580);
#1924=VERTEX_POINT('',#5582);
#1925=VERTEX_POINT('',#5586);
#1926=VERTEX_POINT('',#5588);
#1927=VERTEX_POINT('',#5592);
#1928=VERTEX_POINT('',#5594);
#1929=VERTEX_POINT('',#5596);
#1930=VERTEX_POINT('',#5598);
#1931=VERTEX_POINT('',#5602);
#1932=VERTEX_POINT('',#5606);
#1933=VERTEX_POINT('',#5608);
#1934=VERTEX_POINT('',#5612);
#1935=VERTEX_POINT('',#5614);
#1936=VERTEX_POINT('',#5618);
#1937=VERTEX_POINT('',#5620);
#1938=VERTEX_POINT('',#5624);
#1939=VERTEX_POINT('',#5626);
#1940=VERTEX_POINT('',#5630);
#1941=VERTEX_POINT('',#5632);
#1942=VERTEX_POINT('',#5636);
#1943=VERTEX_POINT('',#5638);
#1944=VERTEX_POINT('',#5642);
#1945=VERTEX_POINT('',#5644);
#1946=VERTEX_POINT('',#5646);
#1947=VERTEX_POINT('',#5648);
#1948=VERTEX_POINT('',#5652);
#1949=VERTEX_POINT('',#5656);
#1950=VERTEX_POINT('',#5658);
#1951=VERTEX_POINT('',#5662);
#1952=VERTEX_POINT('',#5664);
#1953=VERTEX_POINT('',#5668);
#1954=VERTEX_POINT('',#5670);
#1955=VERTEX_POINT('',#5674);
#1956=VERTEX_POINT('',#5676);
#1957=VERTEX_POINT('',#5680);
#1958=VERTEX_POINT('',#5682);
#1959=VERTEX_POINT('',#5686);
#1960=VERTEX_POINT('',#5688);
#1961=VERTEX_POINT('',#5692);
#1962=VERTEX_POINT('',#5694);
#1963=VERTEX_POINT('',#5696);
#1964=VERTEX_POINT('',#5698);
#1965=VERTEX_POINT('',#5702);
#1966=VERTEX_POINT('',#5706);
#1967=VERTEX_POINT('',#5708);
#1968=VERTEX_POINT('',#5712);
#1969=VERTEX_POINT('',#5714);
#1970=VERTEX_POINT('',#5718);
#1971=VERTEX_POINT('',#5720);
#1972=VERTEX_POINT('',#5722);
#1973=VERTEX_POINT('',#5724);
#1974=VERTEX_POINT('',#5728);
#1975=VERTEX_POINT('',#5732);
#1976=VERTEX_POINT('',#5736);
#1977=VERTEX_POINT('',#5740);
#1978=VERTEX_POINT('',#5744);
#1979=VERTEX_POINT('',#5748);
#1980=VERTEX_POINT('',#5752);
#1981=VERTEX_POINT('',#5754);
#1982=VERTEX_POINT('',#5760);
#1983=VERTEX_POINT('',#5762);
#1984=VERTEX_POINT('',#5766);
#1985=VERTEX_POINT('',#5768);
#1986=VERTEX_POINT('',#5772);
#1987=VERTEX_POINT('',#5774);
#1988=VERTEX_POINT('',#5778);
#1989=VERTEX_POINT('',#5782);
#1990=VERTEX_POINT('',#5784);
#1991=VERTEX_POINT('',#5788);
#1992=VERTEX_POINT('',#5790);
#1993=VERTEX_POINT('',#5794);
#1994=VERTEX_POINT('',#5796);
#1995=VERTEX_POINT('',#5800);
#1996=VERTEX_POINT('',#5804);
#1997=VERTEX_POINT('',#5808);
#1998=VERTEX_POINT('',#5812);
#1999=VERTEX_POINT('',#5814);
#2000=VERTEX_POINT('',#5818);
#2001=VERTEX_POINT('',#5820);
#2002=VERTEX_POINT('',#5824);
#2003=VERTEX_POINT('',#5826);
#2004=VERTEX_POINT('',#5830);
#2005=VERTEX_POINT('',#5834);
#2006=VERTEX_POINT('',#5836);
#2007=VERTEX_POINT('',#5840);
#2008=VERTEX_POINT('',#5842);
#2009=VERTEX_POINT('',#5846);
#2010=VERTEX_POINT('',#5848);
#2011=VERTEX_POINT('',#5852);
#2012=VERTEX_POINT('',#5856);
#2013=VERTEX_POINT('',#5858);
#2014=VERTEX_POINT('',#5862);
#2015=VERTEX_POINT('',#5864);
#2016=VERTEX_POINT('',#5868);
#2017=VERTEX_POINT('',#5870);
#2018=VERTEX_POINT('',#5874);
#2019=VERTEX_POINT('',#5878);
#2020=VERTEX_POINT('',#5880);
#2021=VERTEX_POINT('',#5884);
#2022=VERTEX_POINT('',#5886);
#2023=VERTEX_POINT('',#5890);
#2024=VERTEX_POINT('',#5892);
#2025=VERTEX_POINT('',#5896);
#2026=VERTEX_POINT('',#5900);
#2027=VERTEX_POINT('',#5902);
#2028=VERTEX_POINT('',#5906);
#2029=VERTEX_POINT('',#5907);
#2030=VERTEX_POINT('',#5912);
#2031=VERTEX_POINT('',#5914);
#2032=VERTEX_POINT('',#5918);
#2033=VERTEX_POINT('',#5922);
#2034=VERTEX_POINT('',#5926);
#2035=VERTEX_POINT('',#5928);
#2036=VERTEX_POINT('',#5932);
#2037=VERTEX_POINT('',#5933);
#2038=VERTEX_POINT('',#5938);
#2039=VERTEX_POINT('',#5940);
#2040=VERTEX_POINT('',#5944);
#2041=VERTEX_POINT('',#5946);
#2042=VERTEX_POINT('',#5950);
#2043=VERTEX_POINT('',#5952);
#2044=VERTEX_POINT('',#5956);
#2045=VERTEX_POINT('',#5958);
#2046=VERTEX_POINT('',#5962);
#2047=VERTEX_POINT('',#5966);
#2048=VERTEX_POINT('',#5970);
#2049=VERTEX_POINT('',#5974);
#2050=VERTEX_POINT('',#5976);
#2051=VERTEX_POINT('',#5980);
#2052=VERTEX_POINT('',#5982);
#2053=VERTEX_POINT('',#5986);
#2054=VERTEX_POINT('',#5988);
#2055=VERTEX_POINT('',#5992);
#2056=VERTEX_POINT('',#5996);
#2057=VERTEX_POINT('',#5998);
#2058=VERTEX_POINT('',#6002);
#2059=VERTEX_POINT('',#6004);
#2060=VERTEX_POINT('',#6008);
#2061=VERTEX_POINT('',#6010);
#2062=VERTEX_POINT('',#6014);
#2063=VERTEX_POINT('',#6018);
#2064=VERTEX_POINT('',#6022);
#2065=VERTEX_POINT('',#6026);
#2066=VERTEX_POINT('',#6028);
#2067=VERTEX_POINT('',#6032);
#2068=VERTEX_POINT('',#6034);
#2069=VERTEX_POINT('',#6038);
#2070=VERTEX_POINT('',#6040);
#2071=VERTEX_POINT('',#6044);
#2072=VERTEX_POINT('',#6048);
#2073=VERTEX_POINT('',#6050);
#2074=VERTEX_POINT('',#6054);
#2075=VERTEX_POINT('',#6056);
#2076=VERTEX_POINT('',#6060);
#2077=VERTEX_POINT('',#6062);
#2078=VERTEX_POINT('',#6066);
#2079=VERTEX_POINT('',#6070);
#2080=VERTEX_POINT('',#6074);
#2081=VERTEX_POINT('',#6078);
#2082=VERTEX_POINT('',#6082);
#2083=VERTEX_POINT('',#6086);
#2084=VERTEX_POINT('',#6090);
#2085=VERTEX_POINT('',#6094);
#2086=VERTEX_POINT('',#6100);
#2087=VERTEX_POINT('',#6106);
#2088=VERTEX_POINT('',#6112);
#2089=VERTEX_POINT('',#6118);
#2090=VERTEX_POINT('',#6124);
#2091=VERTEX_POINT('',#6130);
#2092=VERTEX_POINT('',#6136);
#2093=VERTEX_POINT('',#6144);
#2094=VERTEX_POINT('',#6150);
#2095=VERTEX_POINT('',#6156);
#2096=VERTEX_POINT('',#6162);
#2097=VERTEX_POINT('',#6170);
#2098=VERTEX_POINT('',#6176);
#2099=VERTEX_POINT('',#6180);
#2100=VERTEX_POINT('',#6186);
#2101=VERTEX_POINT('',#6190);
#2102=VERTEX_POINT('',#6196);
#2103=VERTEX_POINT('',#6200);
#2104=VERTEX_POINT('',#6206);
#2105=EDGE_CURVE('',#1737,#1738,#1721,.T.);
#2106=EDGE_CURVE('',#1738,#1739,#649,.T.);
#2107=EDGE_CURVE('',#1739,#1740,#1722,.T.);
#2108=EDGE_CURVE('',#1740,#1737,#650,.T.);
#2109=EDGE_CURVE('',#1741,#1738,#651,.T.);
#2110=EDGE_CURVE('',#1742,#1741,#652,.T.);
#2111=EDGE_CURVE('',#1739,#1742,#653,.T.);
#2112=EDGE_CURVE('',#1741,#1743,#1723,.T.);
#2113=EDGE_CURVE('',#1743,#1744,#654,.T.);
#2114=EDGE_CURVE('',#1744,#1742,#1724,.T.);
#2115=EDGE_CURVE('',#1745,#1743,#655,.T.);
#2116=EDGE_CURVE('',#1746,#1745,#656,.T.);
#2117=EDGE_CURVE('',#1744,#1746,#657,.T.);
#2118=EDGE_CURVE('',#1747,#1748,#1725,.T.);
#2119=EDGE_CURVE('',#1748,#1749,#658,.T.);
#2120=EDGE_CURVE('',#1749,#1750,#1726,.T.);
#2121=EDGE_CURVE('',#1750,#1747,#659,.T.);
#2122=EDGE_CURVE('',#1751,#1750,#660,.T.);
#2123=EDGE_CURVE('',#1752,#1751,#661,.T.);
#2124=EDGE_CURVE('',#1747,#1752,#662,.T.);
#2125=EDGE_CURVE('',#1749,#1753,#663,.T.);
#2126=EDGE_CURVE('',#1754,#1753,#1727,.T.);
#2127=EDGE_CURVE('',#1754,#1755,#664,.T.);
#2128=EDGE_CURVE('',#1745,#1755,#1728,.T.);
#2129=EDGE_CURVE('',#1737,#1756,#665,.T.);
#2130=EDGE_CURVE('',#1757,#1756,#1729,.T.);
#2131=EDGE_CURVE('',#1757,#1758,#666,.T.);
#2132=EDGE_CURVE('',#1759,#1758,#1730,.T.);
#2133=EDGE_CURVE('',#1759,#1760,#667,.T.);
#2134=EDGE_CURVE('',#1751,#1760,#1731,.T.);
#2135=EDGE_CURVE('',#1761,#1762,#668,.T.);
#2136=EDGE_CURVE('',#1762,#1763,#669,.T.);
#2137=EDGE_CURVE('',#1763,#1764,#670,.T.);
#2138=EDGE_CURVE('',#1761,#1764,#671,.T.);
#2139=EDGE_CURVE('',#1765,#1766,#672,.T.);
#2140=EDGE_CURVE('',#1767,#1766,#673,.T.);
#2141=EDGE_CURVE('',#1767,#1768,#674,.T.);
#2142=EDGE_CURVE('',#1768,#1765,#675,.T.);
#2143=EDGE_CURVE('',#1769,#1770,#676,.T.);
#2144=EDGE_CURVE('',#1771,#1770,#677,.T.);
#2145=EDGE_CURVE('',#1771,#1772,#678,.T.);
#2146=EDGE_CURVE('',#1772,#1769,#679,.T.);
#2147=EDGE_CURVE('',#1773,#1774,#680,.T.);
#2148=EDGE_CURVE('',#1775,#1774,#681,.T.);
#2149=EDGE_CURVE('',#1775,#1776,#682,.T.);
#2150=EDGE_CURVE('',#1776,#1773,#683,.T.);
#2151=EDGE_CURVE('',#1777,#1778,#684,.T.);
#2152=EDGE_CURVE('',#1779,#1778,#685,.T.);
#2153=EDGE_CURVE('',#1779,#1780,#686,.T.);
#2154=EDGE_CURVE('',#1780,#1777,#687,.T.);
#2155=EDGE_CURVE('',#1781,#1782,#688,.T.);
#2156=EDGE_CURVE('',#1783,#1782,#689,.T.);
#2157=EDGE_CURVE('',#1783,#1784,#690,.T.);
#2158=EDGE_CURVE('',#1784,#1781,#691,.T.);
#2159=EDGE_CURVE('',#1785,#1786,#692,.T.);
#2160=EDGE_CURVE('',#1787,#1786,#693,.T.);
#2161=EDGE_CURVE('',#1787,#1788,#694,.T.);
#2162=EDGE_CURVE('',#1788,#1785,#695,.T.);
#2163=EDGE_CURVE('',#1789,#1790,#696,.T.);
#2164=EDGE_CURVE('',#1790,#1791,#697,.T.);
#2165=EDGE_CURVE('',#1791,#1792,#698,.T.);
#2166=EDGE_CURVE('',#1789,#1792,#699,.T.);
#2167=EDGE_CURVE('',#1793,#1794,#700,.T.);
#2168=EDGE_CURVE('',#1795,#1794,#701,.T.);
#2169=EDGE_CURVE('',#1795,#1796,#702,.T.);
#2170=EDGE_CURVE('',#1796,#1793,#703,.T.);
#2171=EDGE_CURVE('',#1797,#1798,#704,.T.);
#2172=EDGE_CURVE('',#1799,#1798,#705,.T.);
#2173=EDGE_CURVE('',#1799,#1800,#706,.T.);
#2174=EDGE_CURVE('',#1800,#1797,#707,.T.);
#2175=EDGE_CURVE('',#1801,#1802,#708,.T.);
#2176=EDGE_CURVE('',#1803,#1802,#709,.T.);
#2177=EDGE_CURVE('',#1803,#1804,#710,.T.);
#2178=EDGE_CURVE('',#1804,#1801,#711,.T.);
#2179=EDGE_CURVE('',#1805,#1806,#712,.T.);
#2180=EDGE_CURVE('',#1807,#1806,#713,.T.);
#2181=EDGE_CURVE('',#1807,#1808,#714,.T.);
#2182=EDGE_CURVE('',#1808,#1805,#715,.T.);
#2183=EDGE_CURVE('',#1809,#1810,#716,.T.);
#2184=EDGE_CURVE('',#1810,#1811,#717,.T.);
#2185=EDGE_CURVE('',#1811,#1812,#718,.T.);
#2186=EDGE_CURVE('',#1809,#1812,#719,.T.);
#2187=EDGE_CURVE('',#1813,#1814,#720,.T.);
#2188=EDGE_CURVE('',#1815,#1814,#721,.T.);
#2189=EDGE_CURVE('',#1815,#1816,#722,.T.);
#2190=EDGE_CURVE('',#1816,#1813,#723,.T.);
#2191=EDGE_CURVE('',#1817,#1818,#724,.T.);
#2192=EDGE_CURVE('',#1817,#1819,#725,.T.);
#2193=EDGE_CURVE('',#1819,#1820,#726,.T.);
#2194=EDGE_CURVE('',#1820,#1818,#727,.T.);
#2195=EDGE_CURVE('',#1821,#1822,#728,.T.);
#2196=EDGE_CURVE('',#1823,#1822,#729,.T.);
#2197=EDGE_CURVE('',#1823,#1824,#730,.T.);
#2198=EDGE_CURVE('',#1824,#1821,#731,.T.);
#2199=EDGE_CURVE('',#1825,#1826,#732,.T.);
#2200=EDGE_CURVE('',#1827,#1826,#733,.T.);
#2201=EDGE_CURVE('',#1827,#1828,#734,.T.);
#2202=EDGE_CURVE('',#1828,#1825,#735,.T.);
#2203=EDGE_CURVE('',#1829,#1830,#736,.T.);
#2204=EDGE_CURVE('',#1831,#1830,#737,.T.);
#2205=EDGE_CURVE('',#1831,#1832,#738,.T.);
#2206=EDGE_CURVE('',#1832,#1829,#739,.T.);
#2207=EDGE_CURVE('',#1833,#1834,#740,.T.);
#2208=EDGE_CURVE('',#1835,#1834,#741,.T.);
#2209=EDGE_CURVE('',#1835,#1836,#742,.T.);
#2210=EDGE_CURVE('',#1836,#1833,#743,.T.);
#2211=EDGE_CURVE('',#1837,#1838,#744,.T.);
#2212=EDGE_CURVE('',#1837,#1839,#745,.T.);
#2213=EDGE_CURVE('',#1839,#1840,#746,.T.);
#2214=EDGE_CURVE('',#1840,#1838,#747,.T.);
#2215=EDGE_CURVE('',#1841,#1842,#748,.T.);
#2216=EDGE_CURVE('',#1843,#1842,#749,.T.);
#2217=EDGE_CURVE('',#1843,#1844,#750,.T.);
#2218=EDGE_CURVE('',#1844,#1841,#751,.T.);
#2219=EDGE_CURVE('',#1845,#1846,#1732,.T.);
#2220=EDGE_CURVE('',#1846,#1754,#752,.T.);
#2221=EDGE_CURVE('',#1753,#1845,#753,.T.);
#2222=EDGE_CURVE('',#1847,#1846,#754,.T.);
#2223=EDGE_CURVE('',#1755,#1847,#755,.T.);
#2224=EDGE_CURVE('',#1847,#1746,#1733,.T.);
#2225=EDGE_CURVE('',#1848,#1849,#1734,.T.);
#2226=EDGE_CURVE('',#1849,#1757,#756,.T.);
#2227=EDGE_CURVE('',#1756,#1848,#757,.T.);
#2228=EDGE_CURVE('',#1848,#1740,#758,.T.);
#2229=EDGE_CURVE('',#1850,#1752,#1735,.T.);
#2230=EDGE_CURVE('',#1760,#1850,#759,.T.);
#2231=EDGE_CURVE('',#1851,#1759,#760,.T.);
#2232=EDGE_CURVE('',#1850,#1851,#761,.T.);
#2233=EDGE_CURVE('',#1852,#1851,#1736,.T.);
#2234=EDGE_CURVE('',#1758,#1852,#762,.T.);
#2235=EDGE_CURVE('',#1853,#1790,#763,.T.);
#2236=EDGE_CURVE('',#1854,#1853,#764,.T.);
#2237=EDGE_CURVE('',#1791,#1854,#765,.T.);
#2238=EDGE_CURVE('',#1855,#1853,#766,.T.);
#2239=EDGE_CURVE('',#1856,#1855,#767,.T.);
#2240=EDGE_CURVE('',#1854,#1856,#768,.T.);
#2241=EDGE_CURVE('',#1856,#1857,#769,.T.);
#2242=EDGE_CURVE('',#1858,#1857,#770,.T.);
#2243=EDGE_CURVE('',#1859,#1858,#771,.T.);
#2244=EDGE_CURVE('',#1859,#1860,#772,.T.);
#2245=EDGE_CURVE('',#1860,#1792,#773,.T.);
#2246=EDGE_CURVE('',#1855,#1861,#774,.T.);
#2247=EDGE_CURVE('',#1857,#1861,#775,.T.);
#2248=EDGE_CURVE('',#1862,#1766,#776,.T.);
#2249=EDGE_CURVE('',#1863,#1862,#777,.T.);
#2250=EDGE_CURVE('',#1767,#1863,#778,.T.);
#2251=EDGE_CURVE('',#1864,#1865,#779,.T.);
#2252=EDGE_CURVE('',#1863,#1864,#780,.T.);
#2253=EDGE_CURVE('',#1865,#1862,#781,.T.);
#2254=EDGE_CURVE('',#1864,#1866,#782,.T.);
#2255=EDGE_CURVE('',#1867,#1866,#783,.T.);
#2256=EDGE_CURVE('',#1868,#1867,#784,.T.);
#2257=EDGE_CURVE('',#1868,#1869,#785,.T.);
#2258=EDGE_CURVE('',#1869,#1768,#786,.T.);
#2259=EDGE_CURVE('',#1870,#1794,#787,.T.);
#2260=EDGE_CURVE('',#1871,#1870,#788,.T.);
#2261=EDGE_CURVE('',#1795,#1871,#789,.T.);
#2262=EDGE_CURVE('',#1871,#1872,#790,.T.);
#2263=EDGE_CURVE('',#1873,#1870,#791,.T.);
#2264=EDGE_CURVE('',#1872,#1873,#792,.T.);
#2265=EDGE_CURVE('',#1874,#1822,#793,.T.);
#2266=EDGE_CURVE('',#1875,#1874,#794,.T.);
#2267=EDGE_CURVE('',#1823,#1875,#795,.T.);
#2268=EDGE_CURVE('',#1875,#1876,#796,.T.);
#2269=EDGE_CURVE('',#1877,#1874,#797,.T.);
#2270=EDGE_CURVE('',#1876,#1877,#798,.T.);
#2271=EDGE_CURVE('',#1878,#1844,#799,.T.);
#2272=EDGE_CURVE('',#1879,#1878,#800,.T.);
#2273=EDGE_CURVE('',#1841,#1879,#801,.T.);
#2274=EDGE_CURVE('',#1880,#1878,#802,.T.);
#2275=EDGE_CURVE('',#1881,#1880,#803,.T.);
#2276=EDGE_CURVE('',#1879,#1881,#804,.T.);
#2277=EDGE_CURVE('',#1881,#1882,#805,.T.);
#2278=EDGE_CURVE('',#1883,#1882,#806,.T.);
#2279=EDGE_CURVE('',#1884,#1883,#807,.T.);
#2280=EDGE_CURVE('',#1884,#1885,#808,.T.);
#2281=EDGE_CURVE('',#1885,#1842,#809,.T.);
#2282=EDGE_CURVE('',#1880,#1886,#810,.T.);
#2283=EDGE_CURVE('',#1882,#1886,#811,.T.);
#2284=EDGE_CURVE('',#1887,#1814,#812,.T.);
#2285=EDGE_CURVE('',#1888,#1887,#813,.T.);
#2286=EDGE_CURVE('',#1815,#1888,#814,.T.);
#2287=EDGE_CURVE('',#1888,#1889,#815,.T.);
#2288=EDGE_CURVE('',#1890,#1887,#816,.T.);
#2289=EDGE_CURVE('',#1889,#1890,#817,.T.);
#2290=EDGE_CURVE('',#1891,#1818,#818,.T.);
#2291=EDGE_CURVE('',#1892,#1891,#819,.T.);
#2292=EDGE_CURVE('',#1817,#1892,#820,.T.);
#2293=EDGE_CURVE('',#1892,#1893,#821,.T.);
#2294=EDGE_CURVE('',#1894,#1891,#822,.T.);
#2295=EDGE_CURVE('',#1893,#1894,#823,.T.);
#2296=EDGE_CURVE('',#1895,#1826,#824,.T.);
#2297=EDGE_CURVE('',#1896,#1895,#825,.T.);
#2298=EDGE_CURVE('',#1827,#1896,#826,.T.);
#2299=EDGE_CURVE('',#1896,#1897,#827,.T.);
#2300=EDGE_CURVE('',#1898,#1895,#828,.T.);
#2301=EDGE_CURVE('',#1897,#1898,#829,.T.);
#2302=EDGE_CURVE('',#1899,#1786,#830,.T.);
#2303=EDGE_CURVE('',#1900,#1899,#831,.T.);
#2304=EDGE_CURVE('',#1787,#1900,#832,.T.);
#2305=EDGE_CURVE('',#1900,#1901,#833,.T.);
#2306=EDGE_CURVE('',#1902,#1899,#834,.T.);
#2307=EDGE_CURVE('',#1901,#1902,#835,.T.);
#2308=EDGE_CURVE('',#1903,#1778,#836,.T.);
#2309=EDGE_CURVE('',#1904,#1903,#837,.T.);
#2310=EDGE_CURVE('',#1779,#1904,#838,.T.);
#2311=EDGE_CURVE('',#1904,#1905,#839,.T.);
#2312=EDGE_CURVE('',#1906,#1903,#840,.T.);
#2313=EDGE_CURVE('',#1905,#1906,#841,.T.);
#2314=EDGE_CURVE('',#1907,#1784,#842,.T.);
#2315=EDGE_CURVE('',#1908,#1907,#843,.T.);
#2316=EDGE_CURVE('',#1781,#1908,#844,.T.);
#2317=EDGE_CURVE('',#1909,#1910,#845,.T.);
#2318=EDGE_CURVE('',#1908,#1909,#846,.T.);
#2319=EDGE_CURVE('',#1910,#1907,#847,.T.);
#2320=EDGE_CURVE('',#1909,#1911,#848,.T.);
#2321=EDGE_CURVE('',#1912,#1911,#849,.T.);
#2322=EDGE_CURVE('',#1913,#1912,#850,.T.);
#2323=EDGE_CURVE('',#1913,#1914,#851,.T.);
#2324=EDGE_CURVE('',#1914,#1782,#852,.T.);
#2325=EDGE_CURVE('',#1915,#1774,#853,.T.);
#2326=EDGE_CURVE('',#1916,#1915,#854,.T.);
#2327=EDGE_CURVE('',#1775,#1916,#855,.T.);
#2328=EDGE_CURVE('',#1916,#1917,#856,.T.);
#2329=EDGE_CURVE('',#1918,#1915,#857,.T.);
#2330=EDGE_CURVE('',#1917,#1918,#858,.T.);
#2331=EDGE_CURVE('',#1919,#1830,#859,.T.);
#2332=EDGE_CURVE('',#1920,#1919,#860,.T.);
#2333=EDGE_CURVE('',#1831,#1920,#861,.T.);
#2334=EDGE_CURVE('',#1920,#1921,#862,.T.);
#2335=EDGE_CURVE('',#1922,#1919,#863,.T.);
#2336=EDGE_CURVE('',#1921,#1922,#864,.T.);
#2337=EDGE_CURVE('',#1923,#1772,#865,.T.);
#2338=EDGE_CURVE('',#1924,#1923,#866,.T.);
#2339=EDGE_CURVE('',#1769,#1924,#867,.T.);
#2340=EDGE_CURVE('',#1925,#1923,#868,.T.);
#2341=EDGE_CURVE('',#1926,#1925,#869,.T.);
#2342=EDGE_CURVE('',#1924,#1926,#870,.T.);
#2343=EDGE_CURVE('',#1926,#1927,#871,.T.);
#2344=EDGE_CURVE('',#1928,#1927,#872,.T.);
#2345=EDGE_CURVE('',#1929,#1928,#873,.T.);
#2346=EDGE_CURVE('',#1929,#1930,#874,.T.);
#2347=EDGE_CURVE('',#1930,#1770,#875,.T.);
#2348=EDGE_CURVE('',#1925,#1931,#876,.T.);
#2349=EDGE_CURVE('',#1927,#1931,#877,.T.);
#2350=EDGE_CURVE('',#1932,#1838,#878,.T.);
#2351=EDGE_CURVE('',#1933,#1932,#879,.T.);
#2352=EDGE_CURVE('',#1837,#1933,#880,.T.);
#2353=EDGE_CURVE('',#1933,#1934,#881,.T.);
#2354=EDGE_CURVE('',#1935,#1932,#882,.T.);
#2355=EDGE_CURVE('',#1934,#1935,#883,.T.);
#2356=EDGE_CURVE('',#1936,#1806,#884,.T.);
#2357=EDGE_CURVE('',#1937,#1936,#885,.T.);
#2358=EDGE_CURVE('',#1807,#1937,#886,.T.);
#2359=EDGE_CURVE('',#1937,#1938,#887,.T.);
#2360=EDGE_CURVE('',#1939,#1936,#888,.T.);
#2361=EDGE_CURVE('',#1938,#1939,#889,.T.);
#2362=EDGE_CURVE('',#1940,#1836,#890,.T.);
#2363=EDGE_CURVE('',#1941,#1940,#891,.T.);
#2364=EDGE_CURVE('',#1833,#1941,#892,.T.);
#2365=EDGE_CURVE('',#1942,#1940,#893,.T.);
#2366=EDGE_CURVE('',#1943,#1942,#894,.T.);
#2367=EDGE_CURVE('',#1941,#1943,#895,.T.);
#2368=EDGE_CURVE('',#1943,#1944,#896,.T.);
#2369=EDGE_CURVE('',#1945,#1944,#897,.T.);
#2370=EDGE_CURVE('',#1946,#1945,#898,.T.);
#2371=EDGE_CURVE('',#1946,#1947,#899,.T.);
#2372=EDGE_CURVE('',#1947,#1834,#900,.T.);
#2373=EDGE_CURVE('',#1942,#1948,#901,.T.);
#2374=EDGE_CURVE('',#1944,#1948,#902,.T.);
#2375=EDGE_CURVE('',#1949,#1802,#903,.T.);
#2376=EDGE_CURVE('',#1950,#1949,#904,.T.);
#2377=EDGE_CURVE('',#1803,#1950,#905,.T.);
#2378=EDGE_CURVE('',#1950,#1951,#906,.T.);
#2379=EDGE_CURVE('',#1952,#1949,#907,.T.);
#2380=EDGE_CURVE('',#1951,#1952,#908,.T.);
#2381=EDGE_CURVE('',#1953,#1798,#909,.T.);
#2382=EDGE_CURVE('',#1954,#1953,#910,.T.);
#2383=EDGE_CURVE('',#1799,#1954,#911,.T.);
#2384=EDGE_CURVE('',#1954,#1955,#912,.T.);
#2385=EDGE_CURVE('',#1956,#1953,#913,.T.);
#2386=EDGE_CURVE('',#1955,#1956,#914,.T.);
#2387=EDGE_CURVE('',#1957,#1762,#915,.T.);
#2388=EDGE_CURVE('',#1958,#1957,#916,.T.);
#2389=EDGE_CURVE('',#1763,#1958,#917,.T.);
#2390=EDGE_CURVE('',#1959,#1957,#918,.T.);
#2391=EDGE_CURVE('',#1960,#1959,#919,.T.);
#2392=EDGE_CURVE('',#1958,#1960,#920,.T.);
#2393=EDGE_CURVE('',#1960,#1961,#921,.T.);
#2394=EDGE_CURVE('',#1962,#1961,#922,.T.);
#2395=EDGE_CURVE('',#1963,#1962,#923,.T.);
#2396=EDGE_CURVE('',#1963,#1964,#924,.T.);
#2397=EDGE_CURVE('',#1964,#1764,#925,.T.);
#2398=EDGE_CURVE('',#1959,#1965,#926,.T.);
#2399=EDGE_CURVE('',#1961,#1965,#927,.T.);
#2400=EDGE_CURVE('',#1966,#1810,#928,.T.);
#2401=EDGE_CURVE('',#1967,#1966,#929,.T.);
#2402=EDGE_CURVE('',#1811,#1967,#930,.T.);
#2403=EDGE_CURVE('',#1968,#1966,#931,.T.);
#2404=EDGE_CURVE('',#1969,#1968,#932,.T.);
#2405=EDGE_CURVE('',#1967,#1969,#933,.T.);
#2406=EDGE_CURVE('',#1969,#1970,#934,.T.);
#2407=EDGE_CURVE('',#1971,#1970,#935,.T.);
#2408=EDGE_CURVE('',#1972,#1971,#936,.T.);
#2409=EDGE_CURVE('',#1972,#1973,#937,.T.);
#2410=EDGE_CURVE('',#1973,#1812,#938,.T.);
#2411=EDGE_CURVE('',#1968,#1974,#939,.T.);
#2412=EDGE_CURVE('',#1970,#1974,#940,.T.);
#2413=EDGE_CURVE('',#1975,#1860,#941,.T.);
#2414=EDGE_CURVE('',#1789,#1975,#942,.T.);
#2415=EDGE_CURVE('',#1976,#1859,#943,.T.);
#2416=EDGE_CURVE('',#1975,#1976,#944,.T.);
#2417=EDGE_CURVE('',#1976,#1977,#945,.T.);
#2418=EDGE_CURVE('',#1861,#1977,#946,.T.);
#2419=EDGE_CURVE('',#1978,#1869,#947,.T.);
#2420=EDGE_CURVE('',#1765,#1978,#948,.T.);
#2421=EDGE_CURVE('',#1979,#1868,#949,.T.);
#2422=EDGE_CURVE('',#1978,#1979,#950,.T.);
#2423=EDGE_CURVE('',#1979,#1980,#951,.T.);
#2424=EDGE_CURVE('',#1981,#1980,#952,.T.);
#2425=EDGE_CURVE('',#1865,#1981,#953,.T.);
#2426=EDGE_CURVE('',#1980,#1867,#954,.T.);
#2427=EDGE_CURVE('',#1982,#1796,#955,.T.);
#2428=EDGE_CURVE('',#1983,#1982,#956,.T.);
#2429=EDGE_CURVE('',#1793,#1983,#957,.T.);
#2430=EDGE_CURVE('',#1984,#1982,#958,.T.);
#2431=EDGE_CURVE('',#1985,#1984,#959,.T.);
#2432=EDGE_CURVE('',#1983,#1985,#960,.T.);
#2433=EDGE_CURVE('',#1985,#1986,#961,.T.);
#2434=EDGE_CURVE('',#1987,#1986,#962,.T.);
#2435=EDGE_CURVE('',#1873,#1987,#963,.T.);
#2436=EDGE_CURVE('',#1984,#1988,#964,.T.);
#2437=EDGE_CURVE('',#1986,#1988,#965,.T.);
#2438=EDGE_CURVE('',#1989,#1824,#966,.T.);
#2439=EDGE_CURVE('',#1990,#1989,#967,.T.);
#2440=EDGE_CURVE('',#1821,#1990,#968,.T.);
#2441=EDGE_CURVE('',#1991,#1989,#969,.T.);
#2442=EDGE_CURVE('',#1992,#1991,#970,.T.);
#2443=EDGE_CURVE('',#1990,#1992,#971,.T.);
#2444=EDGE_CURVE('',#1992,#1993,#972,.T.);
#2445=EDGE_CURVE('',#1994,#1993,#973,.T.);
#2446=EDGE_CURVE('',#1877,#1994,#974,.T.);
#2447=EDGE_CURVE('',#1991,#1995,#975,.T.);
#2448=EDGE_CURVE('',#1993,#1995,#976,.T.);
#2449=EDGE_CURVE('',#1996,#1885,#977,.T.);
#2450=EDGE_CURVE('',#1843,#1996,#978,.T.);
#2451=EDGE_CURVE('',#1996,#1997,#979,.T.);
#2452=EDGE_CURVE('',#1997,#1884,#980,.T.);
#2453=EDGE_CURVE('',#1998,#1816,#981,.T.);
#2454=EDGE_CURVE('',#1999,#1998,#982,.T.);
#2455=EDGE_CURVE('',#1813,#1999,#983,.T.);
#2456=EDGE_CURVE('',#2000,#1998,#984,.T.);
#2457=EDGE_CURVE('',#2001,#2000,#985,.T.);
#2458=EDGE_CURVE('',#1999,#2001,#986,.T.);
#2459=EDGE_CURVE('',#2001,#2002,#987,.T.);
#2460=EDGE_CURVE('',#2003,#2002,#988,.T.);
#2461=EDGE_CURVE('',#1890,#2003,#989,.T.);
#2462=EDGE_CURVE('',#2000,#2004,#990,.T.);
#2463=EDGE_CURVE('',#2002,#2004,#991,.T.);
#2464=EDGE_CURVE('',#2005,#1819,#992,.T.);
#2465=EDGE_CURVE('',#2006,#2005,#993,.T.);
#2466=EDGE_CURVE('',#1820,#2006,#994,.T.);
#2467=EDGE_CURVE('',#2007,#2005,#995,.T.);
#2468=EDGE_CURVE('',#2008,#2007,#996,.T.);
#2469=EDGE_CURVE('',#2006,#2008,#997,.T.);
#2470=EDGE_CURVE('',#2008,#2009,#998,.T.);
#2471=EDGE_CURVE('',#2010,#2009,#999,.T.);
#2472=EDGE_CURVE('',#1894,#2010,#1000,.T.);
#2473=EDGE_CURVE('',#2007,#2011,#1001,.T.);
#2474=EDGE_CURVE('',#2009,#2011,#1002,.T.);
#2475=EDGE_CURVE('',#2012,#1828,#1003,.T.);
#2476=EDGE_CURVE('',#2013,#2012,#1004,.T.);
#2477=EDGE_CURVE('',#1825,#2013,#1005,.T.);
#2478=EDGE_CURVE('',#2014,#2012,#1006,.T.);
#2479=EDGE_CURVE('',#2015,#2014,#1007,.T.);
#2480=EDGE_CURVE('',#2013,#2015,#1008,.T.);
#2481=EDGE_CURVE('',#2015,#2016,#1009,.T.);
#2482=EDGE_CURVE('',#2017,#2016,#1010,.T.);
#2483=EDGE_CURVE('',#1898,#2017,#1011,.T.);
#2484=EDGE_CURVE('',#2014,#2018,#1012,.T.);
#2485=EDGE_CURVE('',#2016,#2018,#1013,.T.);
#2486=EDGE_CURVE('',#2019,#1788,#1014,.T.);
#2487=EDGE_CURVE('',#2020,#2019,#1015,.T.);
#2488=EDGE_CURVE('',#1785,#2020,#1016,.T.);
#2489=EDGE_CURVE('',#2021,#2019,#1017,.T.);
#2490=EDGE_CURVE('',#2022,#2021,#1018,.T.);
#2491=EDGE_CURVE('',#2020,#2022,#1019,.T.);
#2492=EDGE_CURVE('',#2022,#2023,#1020,.T.);
#2493=EDGE_CURVE('',#2024,#2023,#1021,.T.);
#2494=EDGE_CURVE('',#1902,#2024,#1022,.T.);
#2495=EDGE_CURVE('',#2021,#2025,#1023,.T.);
#2496=EDGE_CURVE('',#2023,#2025,#1024,.T.);
#2497=EDGE_CURVE('',#2026,#1780,#1025,.T.);
#2498=EDGE_CURVE('',#2027,#2026,#1026,.T.);
#2499=EDGE_CURVE('',#1777,#2027,#1027,.T.);
#2500=EDGE_CURVE('',#2028,#2029,#1028,.T.);
#2501=EDGE_CURVE('',#2027,#2028,#1029,.T.);
#2502=EDGE_CURVE('',#2029,#2026,#1030,.T.);
#2503=EDGE_CURVE('',#2028,#2030,#1031,.T.);
#2504=EDGE_CURVE('',#2031,#2030,#1032,.T.);
#2505=EDGE_CURVE('',#1906,#2031,#1033,.T.);
#2506=EDGE_CURVE('',#2032,#1914,#1034,.T.);
#2507=EDGE_CURVE('',#1783,#2032,#1035,.T.);
#2508=EDGE_CURVE('',#2032,#2033,#1036,.T.);
#2509=EDGE_CURVE('',#2033,#1913,#1037,.T.);
#2510=EDGE_CURVE('',#2034,#1776,#1038,.T.);
#2511=EDGE_CURVE('',#2035,#2034,#1039,.T.);
#2512=EDGE_CURVE('',#1773,#2035,#1040,.T.);
#2513=EDGE_CURVE('',#2036,#2037,#1041,.T.);
#2514=EDGE_CURVE('',#2035,#2036,#1042,.T.);
#2515=EDGE_CURVE('',#2037,#2034,#1043,.T.);
#2516=EDGE_CURVE('',#2036,#2038,#1044,.T.);
#2517=EDGE_CURVE('',#2039,#2038,#1045,.T.);
#2518=EDGE_CURVE('',#1918,#2039,#1046,.T.);
#2519=EDGE_CURVE('',#2040,#1832,#1047,.T.);
#2520=EDGE_CURVE('',#2041,#2040,#1048,.T.);
#2521=EDGE_CURVE('',#1829,#2041,#1049,.T.);
#2522=EDGE_CURVE('',#2042,#2040,#1050,.T.);
#2523=EDGE_CURVE('',#2043,#2042,#1051,.T.);
#2524=EDGE_CURVE('',#2041,#2043,#1052,.T.);
#2525=EDGE_CURVE('',#2043,#2044,#1053,.T.);
#2526=EDGE_CURVE('',#2045,#2044,#1054,.T.);
#2527=EDGE_CURVE('',#1922,#2045,#1055,.T.);
#2528=EDGE_CURVE('',#2042,#2046,#1056,.T.);
#2529=EDGE_CURVE('',#2044,#2046,#1057,.T.);
#2530=EDGE_CURVE('',#2047,#1930,#1058,.T.);
#2531=EDGE_CURVE('',#1771,#2047,#1059,.T.);
#2532=EDGE_CURVE('',#2047,#2048,#1060,.T.);
#2533=EDGE_CURVE('',#2048,#1929,#1061,.T.);
#2534=EDGE_CURVE('',#2049,#1839,#1062,.T.);
#2535=EDGE_CURVE('',#2050,#2049,#1063,.T.);
#2536=EDGE_CURVE('',#1840,#2050,#1064,.T.);
#2537=EDGE_CURVE('',#2051,#2049,#1065,.T.);
#2538=EDGE_CURVE('',#2052,#2051,#1066,.T.);
#2539=EDGE_CURVE('',#2050,#2052,#1067,.T.);
#2540=EDGE_CURVE('',#2052,#2053,#1068,.T.);
#2541=EDGE_CURVE('',#2054,#2053,#1069,.T.);
#2542=EDGE_CURVE('',#1935,#2054,#1070,.T.);
#2543=EDGE_CURVE('',#2051,#2055,#1071,.T.);
#2544=EDGE_CURVE('',#2053,#2055,#1072,.T.);
#2545=EDGE_CURVE('',#2056,#1808,#1073,.T.);
#2546=EDGE_CURVE('',#2057,#2056,#1074,.T.);
#2547=EDGE_CURVE('',#1805,#2057,#1075,.T.);
#2548=EDGE_CURVE('',#2058,#2056,#1076,.T.);
#2549=EDGE_CURVE('',#2059,#2058,#1077,.T.);
#2550=EDGE_CURVE('',#2057,#2059,#1078,.T.);
#2551=EDGE_CURVE('',#2059,#2060,#1079,.T.);
#2552=EDGE_CURVE('',#2061,#2060,#1080,.T.);
#2553=EDGE_CURVE('',#1939,#2061,#1081,.T.);
#2554=EDGE_CURVE('',#2058,#2062,#1082,.T.);
#2555=EDGE_CURVE('',#2060,#2062,#1083,.T.);
#2556=EDGE_CURVE('',#2063,#1947,#1084,.T.);
#2557=EDGE_CURVE('',#1835,#2063,#1085,.T.);
#2558=EDGE_CURVE('',#2063,#2064,#1086,.T.);
#2559=EDGE_CURVE('',#2064,#1946,#1087,.T.);
#2560=EDGE_CURVE('',#2065,#1804,#1088,.T.);
#2561=EDGE_CURVE('',#2066,#2065,#1089,.T.);
#2562=EDGE_CURVE('',#1801,#2066,#1090,.T.);
#2563=EDGE_CURVE('',#2067,#2065,#1091,.T.);
#2564=EDGE_CURVE('',#2068,#2067,#1092,.T.);
#2565=EDGE_CURVE('',#2066,#2068,#1093,.T.);
#2566=EDGE_CURVE('',#2068,#2069,#1094,.T.);
#2567=EDGE_CURVE('',#2070,#2069,#1095,.T.);
#2568=EDGE_CURVE('',#1952,#2070,#1096,.T.);
#2569=EDGE_CURVE('',#2067,#2071,#1097,.T.);
#2570=EDGE_CURVE('',#2069,#2071,#1098,.T.);
#2571=EDGE_CURVE('',#2072,#1800,#1099,.T.);
#2572=EDGE_CURVE('',#2073,#2072,#1100,.T.);
#2573=EDGE_CURVE('',#1797,#2073,#1101,.T.);
#2574=EDGE_CURVE('',#2074,#2072,#1102,.T.);
#2575=EDGE_CURVE('',#2075,#2074,#1103,.T.);
#2576=EDGE_CURVE('',#2073,#2075,#1104,.T.);
#2577=EDGE_CURVE('',#2075,#2076,#1105,.T.);
#2578=EDGE_CURVE('',#2077,#2076,#1106,.T.);
#2579=EDGE_CURVE('',#1956,#2077,#1107,.T.);
#2580=EDGE_CURVE('',#2074,#2078,#1108,.T.);
#2581=EDGE_CURVE('',#2076,#2078,#1109,.T.);
#2582=EDGE_CURVE('',#2079,#1964,#1110,.T.);
#2583=EDGE_CURVE('',#1761,#2079,#1111,.T.);
#2584=EDGE_CURVE('',#2080,#1963,#1112,.T.);
#2585=EDGE_CURVE('',#2079,#2080,#1113,.T.);
#2586=EDGE_CURVE('',#2080,#2081,#1114,.T.);
#2587=EDGE_CURVE('',#1965,#2081,#1115,.T.);
#2588=EDGE_CURVE('',#2082,#1973,#1116,.T.);
#2589=EDGE_CURVE('',#1809,#2082,#1117,.T.);
#2590=EDGE_CURVE('',#2083,#1972,#1118,.T.);
#2591=EDGE_CURVE('',#2082,#2083,#1119,.T.);
#2592=EDGE_CURVE('',#2083,#2084,#1120,.T.);
#2593=EDGE_CURVE('',#1974,#2084,#1121,.T.);
#2594=EDGE_CURVE('',#2085,#1883,#1122,.T.);
#2595=EDGE_CURVE('',#1997,#2085,#1123,.T.);
#2596=EDGE_CURVE('',#1886,#2085,#1124,.T.);
#2597=EDGE_CURVE('',#1934,#2086,#1125,.T.);
#2598=EDGE_CURVE('',#2055,#2086,#1126,.T.);
#2599=EDGE_CURVE('',#2086,#2054,#1127,.T.);
#2600=EDGE_CURVE('',#2087,#1945,#1128,.T.);
#2601=EDGE_CURVE('',#2064,#2087,#1129,.T.);
#2602=EDGE_CURVE('',#1948,#2087,#1130,.T.);
#2603=EDGE_CURVE('',#2088,#2045,#1131,.T.);
#2604=EDGE_CURVE('',#1921,#2088,#1132,.T.);
#2605=EDGE_CURVE('',#2046,#2088,#1133,.T.);
#2606=EDGE_CURVE('',#2089,#2017,#1134,.T.);
#2607=EDGE_CURVE('',#1897,#2089,#1135,.T.);
#2608=EDGE_CURVE('',#2018,#2089,#1136,.T.);
#2609=EDGE_CURVE('',#2090,#1994,#1137,.T.);
#2610=EDGE_CURVE('',#1876,#2090,#1138,.T.);
#2611=EDGE_CURVE('',#1995,#2090,#1139,.T.);
#2612=EDGE_CURVE('',#1893,#2091,#1140,.T.);
#2613=EDGE_CURVE('',#2011,#2091,#1141,.T.);
#2614=EDGE_CURVE('',#2091,#2010,#1142,.T.);
#2615=EDGE_CURVE('',#2092,#2003,#1143,.T.);
#2616=EDGE_CURVE('',#1889,#2092,#1144,.T.);
#2617=EDGE_CURVE('',#2004,#2092,#1145,.T.);
#2618=EDGE_CURVE('',#2084,#1971,#1146,.T.);
#2619=EDGE_CURVE('',#2093,#2061,#1147,.T.);
#2620=EDGE_CURVE('',#1938,#2093,#1148,.T.);
#2621=EDGE_CURVE('',#2062,#2093,#1149,.T.);
#2622=EDGE_CURVE('',#2094,#2070,#1150,.T.);
#2623=EDGE_CURVE('',#1951,#2094,#1151,.T.);
#2624=EDGE_CURVE('',#2071,#2094,#1152,.T.);
#2625=EDGE_CURVE('',#2095,#2077,#1153,.T.);
#2626=EDGE_CURVE('',#1955,#2095,#1154,.T.);
#2627=EDGE_CURVE('',#2078,#2095,#1155,.T.);
#2628=EDGE_CURVE('',#2096,#1987,#1156,.T.);
#2629=EDGE_CURVE('',#1872,#2096,#1157,.T.);
#2630=EDGE_CURVE('',#1988,#2096,#1158,.T.);
#2631=EDGE_CURVE('',#1977,#1858,#1159,.T.);
#2632=EDGE_CURVE('',#2097,#2024,#1160,.T.);
#2633=EDGE_CURVE('',#1901,#2097,#1161,.T.);
#2634=EDGE_CURVE('',#2025,#2097,#1162,.T.);
#2635=EDGE_CURVE('',#2098,#1912,#1163,.T.);
#2636=EDGE_CURVE('',#2033,#2098,#1164,.T.);
#2637=EDGE_CURVE('',#2099,#2098,#1165,.T.);
#2638=EDGE_CURVE('',#1910,#2099,#1166,.T.);
#2639=EDGE_CURVE('',#1911,#2099,#1167,.T.);
#2640=EDGE_CURVE('',#2100,#2031,#1168,.T.);
#2641=EDGE_CURVE('',#1905,#2100,#1169,.T.);
#2642=EDGE_CURVE('',#2101,#2100,#1170,.T.);
#2643=EDGE_CURVE('',#2029,#2101,#1171,.T.);
#2644=EDGE_CURVE('',#2030,#2101,#1172,.T.);
#2645=EDGE_CURVE('',#2102,#2039,#1173,.T.);
#2646=EDGE_CURVE('',#1917,#2102,#1174,.T.);
#2647=EDGE_CURVE('',#2103,#2102,#1175,.T.);
#2648=EDGE_CURVE('',#2037,#2103,#1176,.T.);
#2649=EDGE_CURVE('',#2038,#2103,#1177,.T.);
#2650=EDGE_CURVE('',#2104,#1928,#1178,.T.);
#2651=EDGE_CURVE('',#2048,#2104,#1179,.T.);
#2652=EDGE_CURVE('',#1931,#2104,#1180,.T.);
#2653=EDGE_CURVE('',#1866,#1981,#1181,.T.);
#2654=EDGE_CURVE('',#2081,#1962,#1182,.T.);
#2655=EDGE_CURVE('',#1845,#1748,#1183,.T.);
#2656=EDGE_CURVE('',#1852,#1849,#1184,.T.);
#2657=ORIENTED_EDGE('',*,*,#2105,.T.);
#2658=ORIENTED_EDGE('',*,*,#2106,.T.);
#2659=ORIENTED_EDGE('',*,*,#2107,.T.);
#2660=ORIENTED_EDGE('',*,*,#2108,.T.);
#2661=ORIENTED_EDGE('',*,*,#2106,.F.);
#2662=ORIENTED_EDGE('',*,*,#2109,.F.);
#2663=ORIENTED_EDGE('',*,*,#2110,.F.);
#2664=ORIENTED_EDGE('',*,*,#2111,.F.);
#2665=ORIENTED_EDGE('',*,*,#2112,.T.);
#2666=ORIENTED_EDGE('',*,*,#2113,.T.);
#2667=ORIENTED_EDGE('',*,*,#2114,.T.);
#2668=ORIENTED_EDGE('',*,*,#2110,.T.);
#2669=ORIENTED_EDGE('',*,*,#2113,.F.);
#2670=ORIENTED_EDGE('',*,*,#2115,.F.);
#2671=ORIENTED_EDGE('',*,*,#2116,.F.);
#2672=ORIENTED_EDGE('',*,*,#2117,.F.);
#2673=ORIENTED_EDGE('',*,*,#2118,.T.);
#2674=ORIENTED_EDGE('',*,*,#2119,.T.);
#2675=ORIENTED_EDGE('',*,*,#2120,.T.);
#2676=ORIENTED_EDGE('',*,*,#2121,.T.);
#2677=ORIENTED_EDGE('',*,*,#2121,.F.);
#2678=ORIENTED_EDGE('',*,*,#2122,.F.);
#2679=ORIENTED_EDGE('',*,*,#2123,.F.);
#2680=ORIENTED_EDGE('',*,*,#2124,.F.);
#2681=ORIENTED_EDGE('',*,*,#2120,.F.);
#2682=ORIENTED_EDGE('',*,*,#2125,.T.);
#2683=ORIENTED_EDGE('',*,*,#2126,.F.);
#2684=ORIENTED_EDGE('',*,*,#2127,.T.);
#2685=ORIENTED_EDGE('',*,*,#2128,.F.);
#2686=ORIENTED_EDGE('',*,*,#2115,.T.);
#2687=ORIENTED_EDGE('',*,*,#2112,.F.);
#2688=ORIENTED_EDGE('',*,*,#2109,.T.);
#2689=ORIENTED_EDGE('',*,*,#2105,.F.);
#2690=ORIENTED_EDGE('',*,*,#2129,.T.);
#2691=ORIENTED_EDGE('',*,*,#2130,.F.);
#2692=ORIENTED_EDGE('',*,*,#2131,.T.);
#2693=ORIENTED_EDGE('',*,*,#2132,.F.);
#2694=ORIENTED_EDGE('',*,*,#2133,.T.);
#2695=ORIENTED_EDGE('',*,*,#2134,.F.);
#2696=ORIENTED_EDGE('',*,*,#2122,.T.);
#2697=ORIENTED_EDGE('',*,*,#2135,.T.);
#2698=ORIENTED_EDGE('',*,*,#2136,.T.);
#2699=ORIENTED_EDGE('',*,*,#2137,.T.);
#2700=ORIENTED_EDGE('',*,*,#2138,.F.);
#2701=ORIENTED_EDGE('',*,*,#2139,.T.);
#2702=ORIENTED_EDGE('',*,*,#2140,.F.);
#2703=ORIENTED_EDGE('',*,*,#2141,.T.);
#2704=ORIENTED_EDGE('',*,*,#2142,.T.);
#2705=ORIENTED_EDGE('',*,*,#2143,.T.);
#2706=ORIENTED_EDGE('',*,*,#2144,.F.);
#2707=ORIENTED_EDGE('',*,*,#2145,.T.);
#2708=ORIENTED_EDGE('',*,*,#2146,.T.);
#2709=ORIENTED_EDGE('',*,*,#2147,.T.);
#2710=ORIENTED_EDGE('',*,*,#2148,.F.);
#2711=ORIENTED_EDGE('',*,*,#2149,.T.);
#2712=ORIENTED_EDGE('',*,*,#2150,.T.);
#2713=ORIENTED_EDGE('',*,*,#2151,.T.);
#2714=ORIENTED_EDGE('',*,*,#2152,.F.);
#2715=ORIENTED_EDGE('',*,*,#2153,.T.);
#2716=ORIENTED_EDGE('',*,*,#2154,.T.);
#2717=ORIENTED_EDGE('',*,*,#2155,.T.);
#2718=ORIENTED_EDGE('',*,*,#2156,.F.);
#2719=ORIENTED_EDGE('',*,*,#2157,.T.);
#2720=ORIENTED_EDGE('',*,*,#2158,.T.);
#2721=ORIENTED_EDGE('',*,*,#2159,.T.);
#2722=ORIENTED_EDGE('',*,*,#2160,.F.);
#2723=ORIENTED_EDGE('',*,*,#2161,.T.);
#2724=ORIENTED_EDGE('',*,*,#2162,.T.);
#2725=ORIENTED_EDGE('',*,*,#2163,.T.);
#2726=ORIENTED_EDGE('',*,*,#2164,.T.);
#2727=ORIENTED_EDGE('',*,*,#2165,.T.);
#2728=ORIENTED_EDGE('',*,*,#2166,.F.);
#2729=ORIENTED_EDGE('',*,*,#2167,.T.);
#2730=ORIENTED_EDGE('',*,*,#2168,.F.);
#2731=ORIENTED_EDGE('',*,*,#2169,.T.);
#2732=ORIENTED_EDGE('',*,*,#2170,.T.);
#2733=ORIENTED_EDGE('',*,*,#2171,.T.);
#2734=ORIENTED_EDGE('',*,*,#2172,.F.);
#2735=ORIENTED_EDGE('',*,*,#2173,.T.);
#2736=ORIENTED_EDGE('',*,*,#2174,.T.);
#2737=ORIENTED_EDGE('',*,*,#2175,.T.);
#2738=ORIENTED_EDGE('',*,*,#2176,.F.);
#2739=ORIENTED_EDGE('',*,*,#2177,.T.);
#2740=ORIENTED_EDGE('',*,*,#2178,.T.);
#2741=ORIENTED_EDGE('',*,*,#2179,.T.);
#2742=ORIENTED_EDGE('',*,*,#2180,.F.);
#2743=ORIENTED_EDGE('',*,*,#2181,.T.);
#2744=ORIENTED_EDGE('',*,*,#2182,.T.);
#2745=ORIENTED_EDGE('',*,*,#2183,.T.);
#2746=ORIENTED_EDGE('',*,*,#2184,.T.);
#2747=ORIENTED_EDGE('',*,*,#2185,.T.);
#2748=ORIENTED_EDGE('',*,*,#2186,.F.);
#2749=ORIENTED_EDGE('',*,*,#2187,.T.);
#2750=ORIENTED_EDGE('',*,*,#2188,.F.);
#2751=ORIENTED_EDGE('',*,*,#2189,.T.);
#2752=ORIENTED_EDGE('',*,*,#2190,.T.);
#2753=ORIENTED_EDGE('',*,*,#2191,.F.);
#2754=ORIENTED_EDGE('',*,*,#2192,.T.);
#2755=ORIENTED_EDGE('',*,*,#2193,.T.);
#2756=ORIENTED_EDGE('',*,*,#2194,.T.);
#2757=ORIENTED_EDGE('',*,*,#2195,.T.);
#2758=ORIENTED_EDGE('',*,*,#2196,.F.);
#2759=ORIENTED_EDGE('',*,*,#2197,.T.);
#2760=ORIENTED_EDGE('',*,*,#2198,.T.);
#2761=ORIENTED_EDGE('',*,*,#2199,.T.);
#2762=ORIENTED_EDGE('',*,*,#2200,.F.);
#2763=ORIENTED_EDGE('',*,*,#2201,.T.);
#2764=ORIENTED_EDGE('',*,*,#2202,.T.);
#2765=ORIENTED_EDGE('',*,*,#2203,.T.);
#2766=ORIENTED_EDGE('',*,*,#2204,.F.);
#2767=ORIENTED_EDGE('',*,*,#2205,.T.);
#2768=ORIENTED_EDGE('',*,*,#2206,.T.);
#2769=ORIENTED_EDGE('',*,*,#2207,.T.);
#2770=ORIENTED_EDGE('',*,*,#2208,.F.);
#2771=ORIENTED_EDGE('',*,*,#2209,.T.);
#2772=ORIENTED_EDGE('',*,*,#2210,.T.);
#2773=ORIENTED_EDGE('',*,*,#2211,.F.);
#2774=ORIENTED_EDGE('',*,*,#2212,.T.);
#2775=ORIENTED_EDGE('',*,*,#2213,.T.);
#2776=ORIENTED_EDGE('',*,*,#2214,.T.);
#2777=ORIENTED_EDGE('',*,*,#2215,.T.);
#2778=ORIENTED_EDGE('',*,*,#2216,.F.);
#2779=ORIENTED_EDGE('',*,*,#2217,.T.);
#2780=ORIENTED_EDGE('',*,*,#2218,.T.);
#2781=ORIENTED_EDGE('',*,*,#2219,.T.);
#2782=ORIENTED_EDGE('',*,*,#2220,.T.);
#2783=ORIENTED_EDGE('',*,*,#2126,.T.);
#2784=ORIENTED_EDGE('',*,*,#2221,.T.);
#2785=ORIENTED_EDGE('',*,*,#2220,.F.);
#2786=ORIENTED_EDGE('',*,*,#2222,.F.);
#2787=ORIENTED_EDGE('',*,*,#2223,.F.);
#2788=ORIENTED_EDGE('',*,*,#2127,.F.);
#2789=ORIENTED_EDGE('',*,*,#2224,.T.);
#2790=ORIENTED_EDGE('',*,*,#2116,.T.);
#2791=ORIENTED_EDGE('',*,*,#2128,.T.);
#2792=ORIENTED_EDGE('',*,*,#2223,.T.);
#2793=ORIENTED_EDGE('',*,*,#2225,.T.);
#2794=ORIENTED_EDGE('',*,*,#2226,.T.);
#2795=ORIENTED_EDGE('',*,*,#2130,.T.);
#2796=ORIENTED_EDGE('',*,*,#2227,.T.);
#2797=ORIENTED_EDGE('',*,*,#2108,.F.);
#2798=ORIENTED_EDGE('',*,*,#2228,.F.);
#2799=ORIENTED_EDGE('',*,*,#2227,.F.);
#2800=ORIENTED_EDGE('',*,*,#2129,.F.);
#2801=ORIENTED_EDGE('',*,*,#2229,.T.);
#2802=ORIENTED_EDGE('',*,*,#2123,.T.);
#2803=ORIENTED_EDGE('',*,*,#2134,.T.);
#2804=ORIENTED_EDGE('',*,*,#2230,.T.);
#2805=ORIENTED_EDGE('',*,*,#2230,.F.);
#2806=ORIENTED_EDGE('',*,*,#2133,.F.);
#2807=ORIENTED_EDGE('',*,*,#2231,.F.);
#2808=ORIENTED_EDGE('',*,*,#2232,.F.);
#2809=ORIENTED_EDGE('',*,*,#2233,.T.);
#2810=ORIENTED_EDGE('',*,*,#2231,.T.);
#2811=ORIENTED_EDGE('',*,*,#2132,.T.);
#2812=ORIENTED_EDGE('',*,*,#2234,.T.);
#2813=ORIENTED_EDGE('',*,*,#2164,.F.);
#2814=ORIENTED_EDGE('',*,*,#2235,.F.);
#2815=ORIENTED_EDGE('',*,*,#2236,.F.);
#2816=ORIENTED_EDGE('',*,*,#2237,.F.);
#2817=ORIENTED_EDGE('',*,*,#2238,.F.);
#2818=ORIENTED_EDGE('',*,*,#2239,.F.);
#2819=ORIENTED_EDGE('',*,*,#2240,.F.);
#2820=ORIENTED_EDGE('',*,*,#2236,.T.);
#2821=ORIENTED_EDGE('',*,*,#2237,.T.);
#2822=ORIENTED_EDGE('',*,*,#2240,.T.);
#2823=ORIENTED_EDGE('',*,*,#2241,.T.);
#2824=ORIENTED_EDGE('',*,*,#2242,.F.);
#2825=ORIENTED_EDGE('',*,*,#2243,.F.);
#2826=ORIENTED_EDGE('',*,*,#2244,.T.);
#2827=ORIENTED_EDGE('',*,*,#2245,.T.);
#2828=ORIENTED_EDGE('',*,*,#2165,.F.);
#2829=ORIENTED_EDGE('',*,*,#2239,.T.);
#2830=ORIENTED_EDGE('',*,*,#2246,.T.);
#2831=ORIENTED_EDGE('',*,*,#2247,.F.);
#2832=ORIENTED_EDGE('',*,*,#2241,.F.);
#2833=ORIENTED_EDGE('',*,*,#2140,.T.);
#2834=ORIENTED_EDGE('',*,*,#2248,.F.);
#2835=ORIENTED_EDGE('',*,*,#2249,.F.);
#2836=ORIENTED_EDGE('',*,*,#2250,.F.);
#2837=ORIENTED_EDGE('',*,*,#2251,.F.);
#2838=ORIENTED_EDGE('',*,*,#2252,.F.);
#2839=ORIENTED_EDGE('',*,*,#2249,.T.);
#2840=ORIENTED_EDGE('',*,*,#2253,.F.);
#2841=ORIENTED_EDGE('',*,*,#2250,.T.);
#2842=ORIENTED_EDGE('',*,*,#2252,.T.);
#2843=ORIENTED_EDGE('',*,*,#2254,.T.);
#2844=ORIENTED_EDGE('',*,*,#2255,.F.);
#2845=ORIENTED_EDGE('',*,*,#2256,.F.);
#2846=ORIENTED_EDGE('',*,*,#2257,.T.);
#2847=ORIENTED_EDGE('',*,*,#2258,.T.);
#2848=ORIENTED_EDGE('',*,*,#2141,.F.);
#2849=ORIENTED_EDGE('',*,*,#2168,.T.);
#2850=ORIENTED_EDGE('',*,*,#2259,.F.);
#2851=ORIENTED_EDGE('',*,*,#2260,.F.);
#2852=ORIENTED_EDGE('',*,*,#2261,.F.);
#2853=ORIENTED_EDGE('',*,*,#2262,.F.);
#2854=ORIENTED_EDGE('',*,*,#2260,.T.);
#2855=ORIENTED_EDGE('',*,*,#2263,.F.);
#2856=ORIENTED_EDGE('',*,*,#2264,.F.);
#2857=ORIENTED_EDGE('',*,*,#2196,.T.);
#2858=ORIENTED_EDGE('',*,*,#2265,.F.);
#2859=ORIENTED_EDGE('',*,*,#2266,.F.);
#2860=ORIENTED_EDGE('',*,*,#2267,.F.);
#2861=ORIENTED_EDGE('',*,*,#2268,.F.);
#2862=ORIENTED_EDGE('',*,*,#2266,.T.);
#2863=ORIENTED_EDGE('',*,*,#2269,.F.);
#2864=ORIENTED_EDGE('',*,*,#2270,.F.);
#2865=ORIENTED_EDGE('',*,*,#2218,.F.);
#2866=ORIENTED_EDGE('',*,*,#2271,.F.);
#2867=ORIENTED_EDGE('',*,*,#2272,.F.);
#2868=ORIENTED_EDGE('',*,*,#2273,.F.);
#2869=ORIENTED_EDGE('',*,*,#2272,.T.);
#2870=ORIENTED_EDGE('',*,*,#2274,.F.);
#2871=ORIENTED_EDGE('',*,*,#2275,.F.);
#2872=ORIENTED_EDGE('',*,*,#2276,.F.);
#2873=ORIENTED_EDGE('',*,*,#2273,.T.);
#2874=ORIENTED_EDGE('',*,*,#2276,.T.);
#2875=ORIENTED_EDGE('',*,*,#2277,.T.);
#2876=ORIENTED_EDGE('',*,*,#2278,.F.);
#2877=ORIENTED_EDGE('',*,*,#2279,.F.);
#2878=ORIENTED_EDGE('',*,*,#2280,.T.);
#2879=ORIENTED_EDGE('',*,*,#2281,.T.);
#2880=ORIENTED_EDGE('',*,*,#2215,.F.);
#2881=ORIENTED_EDGE('',*,*,#2275,.T.);
#2882=ORIENTED_EDGE('',*,*,#2282,.T.);
#2883=ORIENTED_EDGE('',*,*,#2283,.F.);
#2884=ORIENTED_EDGE('',*,*,#2277,.F.);
#2885=ORIENTED_EDGE('',*,*,#2188,.T.);
#2886=ORIENTED_EDGE('',*,*,#2284,.F.);
#2887=ORIENTED_EDGE('',*,*,#2285,.F.);
#2888=ORIENTED_EDGE('',*,*,#2286,.F.);
#2889=ORIENTED_EDGE('',*,*,#2287,.F.);
#2890=ORIENTED_EDGE('',*,*,#2285,.T.);
#2891=ORIENTED_EDGE('',*,*,#2288,.F.);
#2892=ORIENTED_EDGE('',*,*,#2289,.F.);
#2893=ORIENTED_EDGE('',*,*,#2191,.T.);
#2894=ORIENTED_EDGE('',*,*,#2290,.F.);
#2895=ORIENTED_EDGE('',*,*,#2291,.F.);
#2896=ORIENTED_EDGE('',*,*,#2292,.F.);
#2897=ORIENTED_EDGE('',*,*,#2293,.F.);
#2898=ORIENTED_EDGE('',*,*,#2291,.T.);
#2899=ORIENTED_EDGE('',*,*,#2294,.F.);
#2900=ORIENTED_EDGE('',*,*,#2295,.F.);
#2901=ORIENTED_EDGE('',*,*,#2200,.T.);
#2902=ORIENTED_EDGE('',*,*,#2296,.F.);
#2903=ORIENTED_EDGE('',*,*,#2297,.F.);
#2904=ORIENTED_EDGE('',*,*,#2298,.F.);
#2905=ORIENTED_EDGE('',*,*,#2299,.F.);
#2906=ORIENTED_EDGE('',*,*,#2297,.T.);
#2907=ORIENTED_EDGE('',*,*,#2300,.F.);
#2908=ORIENTED_EDGE('',*,*,#2301,.F.);
#2909=ORIENTED_EDGE('',*,*,#2160,.T.);
#2910=ORIENTED_EDGE('',*,*,#2302,.F.);
#2911=ORIENTED_EDGE('',*,*,#2303,.F.);
#2912=ORIENTED_EDGE('',*,*,#2304,.F.);
#2913=ORIENTED_EDGE('',*,*,#2305,.F.);
#2914=ORIENTED_EDGE('',*,*,#2303,.T.);
#2915=ORIENTED_EDGE('',*,*,#2306,.F.);
#2916=ORIENTED_EDGE('',*,*,#2307,.F.);
#2917=ORIENTED_EDGE('',*,*,#2152,.T.);
#2918=ORIENTED_EDGE('',*,*,#2308,.F.);
#2919=ORIENTED_EDGE('',*,*,#2309,.F.);
#2920=ORIENTED_EDGE('',*,*,#2310,.F.);
#2921=ORIENTED_EDGE('',*,*,#2311,.F.);
#2922=ORIENTED_EDGE('',*,*,#2309,.T.);
#2923=ORIENTED_EDGE('',*,*,#2312,.F.);
#2924=ORIENTED_EDGE('',*,*,#2313,.F.);
#2925=ORIENTED_EDGE('',*,*,#2158,.F.);
#2926=ORIENTED_EDGE('',*,*,#2314,.F.);
#2927=ORIENTED_EDGE('',*,*,#2315,.F.);
#2928=ORIENTED_EDGE('',*,*,#2316,.F.);
#2929=ORIENTED_EDGE('',*,*,#2317,.F.);
#2930=ORIENTED_EDGE('',*,*,#2318,.F.);
#2931=ORIENTED_EDGE('',*,*,#2315,.T.);
#2932=ORIENTED_EDGE('',*,*,#2319,.F.);
#2933=ORIENTED_EDGE('',*,*,#2316,.T.);
#2934=ORIENTED_EDGE('',*,*,#2318,.T.);
#2935=ORIENTED_EDGE('',*,*,#2320,.T.);
#2936=ORIENTED_EDGE('',*,*,#2321,.F.);
#2937=ORIENTED_EDGE('',*,*,#2322,.F.);
#2938=ORIENTED_EDGE('',*,*,#2323,.T.);
#2939=ORIENTED_EDGE('',*,*,#2324,.T.);
#2940=ORIENTED_EDGE('',*,*,#2155,.F.);
#2941=ORIENTED_EDGE('',*,*,#2148,.T.);
#2942=ORIENTED_EDGE('',*,*,#2325,.F.);
#2943=ORIENTED_EDGE('',*,*,#2326,.F.);
#2944=ORIENTED_EDGE('',*,*,#2327,.F.);
#2945=ORIENTED_EDGE('',*,*,#2328,.F.);
#2946=ORIENTED_EDGE('',*,*,#2326,.T.);
#2947=ORIENTED_EDGE('',*,*,#2329,.F.);
#2948=ORIENTED_EDGE('',*,*,#2330,.F.);
#2949=ORIENTED_EDGE('',*,*,#2204,.T.);
#2950=ORIENTED_EDGE('',*,*,#2331,.F.);
#2951=ORIENTED_EDGE('',*,*,#2332,.F.);
#2952=ORIENTED_EDGE('',*,*,#2333,.F.);
#2953=ORIENTED_EDGE('',*,*,#2334,.F.);
#2954=ORIENTED_EDGE('',*,*,#2332,.T.);
#2955=ORIENTED_EDGE('',*,*,#2335,.F.);
#2956=ORIENTED_EDGE('',*,*,#2336,.F.);
#2957=ORIENTED_EDGE('',*,*,#2146,.F.);
#2958=ORIENTED_EDGE('',*,*,#2337,.F.);
#2959=ORIENTED_EDGE('',*,*,#2338,.F.);
#2960=ORIENTED_EDGE('',*,*,#2339,.F.);
#2961=ORIENTED_EDGE('',*,*,#2338,.T.);
#2962=ORIENTED_EDGE('',*,*,#2340,.F.);
#2963=ORIENTED_EDGE('',*,*,#2341,.F.);
#2964=ORIENTED_EDGE('',*,*,#2342,.F.);
#2965=ORIENTED_EDGE('',*,*,#2339,.T.);
#2966=ORIENTED_EDGE('',*,*,#2342,.T.);
#2967=ORIENTED_EDGE('',*,*,#2343,.T.);
#2968=ORIENTED_EDGE('',*,*,#2344,.F.);
#2969=ORIENTED_EDGE('',*,*,#2345,.F.);
#2970=ORIENTED_EDGE('',*,*,#2346,.T.);
#2971=ORIENTED_EDGE('',*,*,#2347,.T.);
#2972=ORIENTED_EDGE('',*,*,#2143,.F.);
#2973=ORIENTED_EDGE('',*,*,#2341,.T.);
#2974=ORIENTED_EDGE('',*,*,#2348,.T.);
#2975=ORIENTED_EDGE('',*,*,#2349,.F.);
#2976=ORIENTED_EDGE('',*,*,#2343,.F.);
#2977=ORIENTED_EDGE('',*,*,#2211,.T.);
#2978=ORIENTED_EDGE('',*,*,#2350,.F.);
#2979=ORIENTED_EDGE('',*,*,#2351,.F.);
#2980=ORIENTED_EDGE('',*,*,#2352,.F.);
#2981=ORIENTED_EDGE('',*,*,#2353,.F.);
#2982=ORIENTED_EDGE('',*,*,#2351,.T.);
#2983=ORIENTED_EDGE('',*,*,#2354,.F.);
#2984=ORIENTED_EDGE('',*,*,#2355,.F.);
#2985=ORIENTED_EDGE('',*,*,#2180,.T.);
#2986=ORIENTED_EDGE('',*,*,#2356,.F.);
#2987=ORIENTED_EDGE('',*,*,#2357,.F.);
#2988=ORIENTED_EDGE('',*,*,#2358,.F.);
#2989=ORIENTED_EDGE('',*,*,#2359,.F.);
#2990=ORIENTED_EDGE('',*,*,#2357,.T.);
#2991=ORIENTED_EDGE('',*,*,#2360,.F.);
#2992=ORIENTED_EDGE('',*,*,#2361,.F.);
#2993=ORIENTED_EDGE('',*,*,#2210,.F.);
#2994=ORIENTED_EDGE('',*,*,#2362,.F.);
#2995=ORIENTED_EDGE('',*,*,#2363,.F.);
#2996=ORIENTED_EDGE('',*,*,#2364,.F.);
#2997=ORIENTED_EDGE('',*,*,#2363,.T.);
#2998=ORIENTED_EDGE('',*,*,#2365,.F.);
#2999=ORIENTED_EDGE('',*,*,#2366,.F.);
#3000=ORIENTED_EDGE('',*,*,#2367,.F.);
#3001=ORIENTED_EDGE('',*,*,#2364,.T.);
#3002=ORIENTED_EDGE('',*,*,#2367,.T.);
#3003=ORIENTED_EDGE('',*,*,#2368,.T.);
#3004=ORIENTED_EDGE('',*,*,#2369,.F.);
#3005=ORIENTED_EDGE('',*,*,#2370,.F.);
#3006=ORIENTED_EDGE('',*,*,#2371,.T.);
#3007=ORIENTED_EDGE('',*,*,#2372,.T.);
#3008=ORIENTED_EDGE('',*,*,#2207,.F.);
#3009=ORIENTED_EDGE('',*,*,#2366,.T.);
#3010=ORIENTED_EDGE('',*,*,#2373,.T.);
#3011=ORIENTED_EDGE('',*,*,#2374,.F.);
#3012=ORIENTED_EDGE('',*,*,#2368,.F.);
#3013=ORIENTED_EDGE('',*,*,#2176,.T.);
#3014=ORIENTED_EDGE('',*,*,#2375,.F.);
#3015=ORIENTED_EDGE('',*,*,#2376,.F.);
#3016=ORIENTED_EDGE('',*,*,#2377,.F.);
#3017=ORIENTED_EDGE('',*,*,#2378,.F.);
#3018=ORIENTED_EDGE('',*,*,#2376,.T.);
#3019=ORIENTED_EDGE('',*,*,#2379,.F.);
#3020=ORIENTED_EDGE('',*,*,#2380,.F.);
#3021=ORIENTED_EDGE('',*,*,#2172,.T.);
#3022=ORIENTED_EDGE('',*,*,#2381,.F.);
#3023=ORIENTED_EDGE('',*,*,#2382,.F.);
#3024=ORIENTED_EDGE('',*,*,#2383,.F.);
#3025=ORIENTED_EDGE('',*,*,#2384,.F.);
#3026=ORIENTED_EDGE('',*,*,#2382,.T.);
#3027=ORIENTED_EDGE('',*,*,#2385,.F.);
#3028=ORIENTED_EDGE('',*,*,#2386,.F.);
#3029=ORIENTED_EDGE('',*,*,#2136,.F.);
#3030=ORIENTED_EDGE('',*,*,#2387,.F.);
#3031=ORIENTED_EDGE('',*,*,#2388,.F.);
#3032=ORIENTED_EDGE('',*,*,#2389,.F.);
#3033=ORIENTED_EDGE('',*,*,#2390,.F.);
#3034=ORIENTED_EDGE('',*,*,#2391,.F.);
#3035=ORIENTED_EDGE('',*,*,#2392,.F.);
#3036=ORIENTED_EDGE('',*,*,#2388,.T.);
#3037=ORIENTED_EDGE('',*,*,#2389,.T.);
#3038=ORIENTED_EDGE('',*,*,#2392,.T.);
#3039=ORIENTED_EDGE('',*,*,#2393,.T.);
#3040=ORIENTED_EDGE('',*,*,#2394,.F.);
#3041=ORIENTED_EDGE('',*,*,#2395,.F.);
#3042=ORIENTED_EDGE('',*,*,#2396,.T.);
#3043=ORIENTED_EDGE('',*,*,#2397,.T.);
#3044=ORIENTED_EDGE('',*,*,#2137,.F.);
#3045=ORIENTED_EDGE('',*,*,#2391,.T.);
#3046=ORIENTED_EDGE('',*,*,#2398,.T.);
#3047=ORIENTED_EDGE('',*,*,#2399,.F.);
#3048=ORIENTED_EDGE('',*,*,#2393,.F.);
#3049=ORIENTED_EDGE('',*,*,#2184,.F.);
#3050=ORIENTED_EDGE('',*,*,#2400,.F.);
#3051=ORIENTED_EDGE('',*,*,#2401,.F.);
#3052=ORIENTED_EDGE('',*,*,#2402,.F.);
#3053=ORIENTED_EDGE('',*,*,#2403,.F.);
#3054=ORIENTED_EDGE('',*,*,#2404,.F.);
#3055=ORIENTED_EDGE('',*,*,#2405,.F.);
#3056=ORIENTED_EDGE('',*,*,#2401,.T.);
#3057=ORIENTED_EDGE('',*,*,#2402,.T.);
#3058=ORIENTED_EDGE('',*,*,#2405,.T.);
#3059=ORIENTED_EDGE('',*,*,#2406,.T.);
#3060=ORIENTED_EDGE('',*,*,#2407,.F.);
#3061=ORIENTED_EDGE('',*,*,#2408,.F.);
#3062=ORIENTED_EDGE('',*,*,#2409,.T.);
#3063=ORIENTED_EDGE('',*,*,#2410,.T.);
#3064=ORIENTED_EDGE('',*,*,#2185,.F.);
#3065=ORIENTED_EDGE('',*,*,#2404,.T.);
#3066=ORIENTED_EDGE('',*,*,#2411,.T.);
#3067=ORIENTED_EDGE('',*,*,#2412,.F.);
#3068=ORIENTED_EDGE('',*,*,#2406,.F.);
#3069=ORIENTED_EDGE('',*,*,#2166,.T.);
#3070=ORIENTED_EDGE('',*,*,#2245,.F.);
#3071=ORIENTED_EDGE('',*,*,#2413,.F.);
#3072=ORIENTED_EDGE('',*,*,#2414,.F.);
#3073=ORIENTED_EDGE('',*,*,#2415,.F.);
#3074=ORIENTED_EDGE('',*,*,#2416,.F.);
#3075=ORIENTED_EDGE('',*,*,#2413,.T.);
#3076=ORIENTED_EDGE('',*,*,#2244,.F.);
#3077=ORIENTED_EDGE('',*,*,#2235,.T.);
#3078=ORIENTED_EDGE('',*,*,#2163,.F.);
#3079=ORIENTED_EDGE('',*,*,#2414,.T.);
#3080=ORIENTED_EDGE('',*,*,#2416,.T.);
#3081=ORIENTED_EDGE('',*,*,#2417,.T.);
#3082=ORIENTED_EDGE('',*,*,#2418,.F.);
#3083=ORIENTED_EDGE('',*,*,#2246,.F.);
#3084=ORIENTED_EDGE('',*,*,#2238,.T.);
#3085=ORIENTED_EDGE('',*,*,#2142,.F.);
#3086=ORIENTED_EDGE('',*,*,#2258,.F.);
#3087=ORIENTED_EDGE('',*,*,#2419,.F.);
#3088=ORIENTED_EDGE('',*,*,#2420,.F.);
#3089=ORIENTED_EDGE('',*,*,#2419,.T.);
#3090=ORIENTED_EDGE('',*,*,#2257,.F.);
#3091=ORIENTED_EDGE('',*,*,#2421,.F.);
#3092=ORIENTED_EDGE('',*,*,#2422,.F.);
#3093=ORIENTED_EDGE('',*,*,#2248,.T.);
#3094=ORIENTED_EDGE('',*,*,#2139,.F.);
#3095=ORIENTED_EDGE('',*,*,#2420,.T.);
#3096=ORIENTED_EDGE('',*,*,#2422,.T.);
#3097=ORIENTED_EDGE('',*,*,#2423,.T.);
#3098=ORIENTED_EDGE('',*,*,#2424,.F.);
#3099=ORIENTED_EDGE('',*,*,#2425,.F.);
#3100=ORIENTED_EDGE('',*,*,#2253,.T.);
#3101=ORIENTED_EDGE('',*,*,#2421,.T.);
#3102=ORIENTED_EDGE('',*,*,#2256,.T.);
#3103=ORIENTED_EDGE('',*,*,#2426,.F.);
#3104=ORIENTED_EDGE('',*,*,#2423,.F.);
#3105=ORIENTED_EDGE('',*,*,#2170,.F.);
#3106=ORIENTED_EDGE('',*,*,#2427,.F.);
#3107=ORIENTED_EDGE('',*,*,#2428,.F.);
#3108=ORIENTED_EDGE('',*,*,#2429,.F.);
#3109=ORIENTED_EDGE('',*,*,#2428,.T.);
#3110=ORIENTED_EDGE('',*,*,#2430,.F.);
#3111=ORIENTED_EDGE('',*,*,#2431,.F.);
#3112=ORIENTED_EDGE('',*,*,#2432,.F.);
#3113=ORIENTED_EDGE('',*,*,#2259,.T.);
#3114=ORIENTED_EDGE('',*,*,#2167,.F.);
#3115=ORIENTED_EDGE('',*,*,#2429,.T.);
#3116=ORIENTED_EDGE('',*,*,#2432,.T.);
#3117=ORIENTED_EDGE('',*,*,#2433,.T.);
#3118=ORIENTED_EDGE('',*,*,#2434,.F.);
#3119=ORIENTED_EDGE('',*,*,#2435,.F.);
#3120=ORIENTED_EDGE('',*,*,#2263,.T.);
#3121=ORIENTED_EDGE('',*,*,#2431,.T.);
#3122=ORIENTED_EDGE('',*,*,#2436,.T.);
#3123=ORIENTED_EDGE('',*,*,#2437,.F.);
#3124=ORIENTED_EDGE('',*,*,#2433,.F.);
#3125=ORIENTED_EDGE('',*,*,#2198,.F.);
#3126=ORIENTED_EDGE('',*,*,#2438,.F.);
#3127=ORIENTED_EDGE('',*,*,#2439,.F.);
#3128=ORIENTED_EDGE('',*,*,#2440,.F.);
#3129=ORIENTED_EDGE('',*,*,#2439,.T.);
#3130=ORIENTED_EDGE('',*,*,#2441,.F.);
#3131=ORIENTED_EDGE('',*,*,#2442,.F.);
#3132=ORIENTED_EDGE('',*,*,#2443,.F.);
#3133=ORIENTED_EDGE('',*,*,#2265,.T.);
#3134=ORIENTED_EDGE('',*,*,#2195,.F.);
#3135=ORIENTED_EDGE('',*,*,#2440,.T.);
#3136=ORIENTED_EDGE('',*,*,#2443,.T.);
#3137=ORIENTED_EDGE('',*,*,#2444,.T.);
#3138=ORIENTED_EDGE('',*,*,#2445,.F.);
#3139=ORIENTED_EDGE('',*,*,#2446,.F.);
#3140=ORIENTED_EDGE('',*,*,#2269,.T.);
#3141=ORIENTED_EDGE('',*,*,#2442,.T.);
#3142=ORIENTED_EDGE('',*,*,#2447,.T.);
#3143=ORIENTED_EDGE('',*,*,#2448,.F.);
#3144=ORIENTED_EDGE('',*,*,#2444,.F.);
#3145=ORIENTED_EDGE('',*,*,#2216,.T.);
#3146=ORIENTED_EDGE('',*,*,#2281,.F.);
#3147=ORIENTED_EDGE('',*,*,#2449,.F.);
#3148=ORIENTED_EDGE('',*,*,#2450,.F.);
#3149=ORIENTED_EDGE('',*,*,#2451,.F.);
#3150=ORIENTED_EDGE('',*,*,#2449,.T.);
#3151=ORIENTED_EDGE('',*,*,#2280,.F.);
#3152=ORIENTED_EDGE('',*,*,#2452,.F.);
#3153=ORIENTED_EDGE('',*,*,#2190,.F.);
#3154=ORIENTED_EDGE('',*,*,#2453,.F.);
#3155=ORIENTED_EDGE('',*,*,#2454,.F.);
#3156=ORIENTED_EDGE('',*,*,#2455,.F.);
#3157=ORIENTED_EDGE('',*,*,#2454,.T.);
#3158=ORIENTED_EDGE('',*,*,#2456,.F.);
#3159=ORIENTED_EDGE('',*,*,#2457,.F.);
#3160=ORIENTED_EDGE('',*,*,#2458,.F.);
#3161=ORIENTED_EDGE('',*,*,#2284,.T.);
#3162=ORIENTED_EDGE('',*,*,#2187,.F.);
#3163=ORIENTED_EDGE('',*,*,#2455,.T.);
#3164=ORIENTED_EDGE('',*,*,#2458,.T.);
#3165=ORIENTED_EDGE('',*,*,#2459,.T.);
#3166=ORIENTED_EDGE('',*,*,#2460,.F.);
#3167=ORIENTED_EDGE('',*,*,#2461,.F.);
#3168=ORIENTED_EDGE('',*,*,#2288,.T.);
#3169=ORIENTED_EDGE('',*,*,#2457,.T.);
#3170=ORIENTED_EDGE('',*,*,#2462,.T.);
#3171=ORIENTED_EDGE('',*,*,#2463,.F.);
#3172=ORIENTED_EDGE('',*,*,#2459,.F.);
#3173=ORIENTED_EDGE('',*,*,#2193,.F.);
#3174=ORIENTED_EDGE('',*,*,#2464,.F.);
#3175=ORIENTED_EDGE('',*,*,#2465,.F.);
#3176=ORIENTED_EDGE('',*,*,#2466,.F.);
#3177=ORIENTED_EDGE('',*,*,#2465,.T.);
#3178=ORIENTED_EDGE('',*,*,#2467,.F.);
#3179=ORIENTED_EDGE('',*,*,#2468,.F.);
#3180=ORIENTED_EDGE('',*,*,#2469,.F.);
#3181=ORIENTED_EDGE('',*,*,#2290,.T.);
#3182=ORIENTED_EDGE('',*,*,#2194,.F.);
#3183=ORIENTED_EDGE('',*,*,#2466,.T.);
#3184=ORIENTED_EDGE('',*,*,#2469,.T.);
#3185=ORIENTED_EDGE('',*,*,#2470,.T.);
#3186=ORIENTED_EDGE('',*,*,#2471,.F.);
#3187=ORIENTED_EDGE('',*,*,#2472,.F.);
#3188=ORIENTED_EDGE('',*,*,#2294,.T.);
#3189=ORIENTED_EDGE('',*,*,#2468,.T.);
#3190=ORIENTED_EDGE('',*,*,#2473,.T.);
#3191=ORIENTED_EDGE('',*,*,#2474,.F.);
#3192=ORIENTED_EDGE('',*,*,#2470,.F.);
#3193=ORIENTED_EDGE('',*,*,#2202,.F.);
#3194=ORIENTED_EDGE('',*,*,#2475,.F.);
#3195=ORIENTED_EDGE('',*,*,#2476,.F.);
#3196=ORIENTED_EDGE('',*,*,#2477,.F.);
#3197=ORIENTED_EDGE('',*,*,#2476,.T.);
#3198=ORIENTED_EDGE('',*,*,#2478,.F.);
#3199=ORIENTED_EDGE('',*,*,#2479,.F.);
#3200=ORIENTED_EDGE('',*,*,#2480,.F.);
#3201=ORIENTED_EDGE('',*,*,#2296,.T.);
#3202=ORIENTED_EDGE('',*,*,#2199,.F.);
#3203=ORIENTED_EDGE('',*,*,#2477,.T.);
#3204=ORIENTED_EDGE('',*,*,#2480,.T.);
#3205=ORIENTED_EDGE('',*,*,#2481,.T.);
#3206=ORIENTED_EDGE('',*,*,#2482,.F.);
#3207=ORIENTED_EDGE('',*,*,#2483,.F.);
#3208=ORIENTED_EDGE('',*,*,#2300,.T.);
#3209=ORIENTED_EDGE('',*,*,#2479,.T.);
#3210=ORIENTED_EDGE('',*,*,#2484,.T.);
#3211=ORIENTED_EDGE('',*,*,#2485,.F.);
#3212=ORIENTED_EDGE('',*,*,#2481,.F.);
#3213=ORIENTED_EDGE('',*,*,#2162,.F.);
#3214=ORIENTED_EDGE('',*,*,#2486,.F.);
#3215=ORIENTED_EDGE('',*,*,#2487,.F.);
#3216=ORIENTED_EDGE('',*,*,#2488,.F.);
#3217=ORIENTED_EDGE('',*,*,#2487,.T.);
#3218=ORIENTED_EDGE('',*,*,#2489,.F.);
#3219=ORIENTED_EDGE('',*,*,#2490,.F.);
#3220=ORIENTED_EDGE('',*,*,#2491,.F.);
#3221=ORIENTED_EDGE('',*,*,#2302,.T.);
#3222=ORIENTED_EDGE('',*,*,#2159,.F.);
#3223=ORIENTED_EDGE('',*,*,#2488,.T.);
#3224=ORIENTED_EDGE('',*,*,#2491,.T.);
#3225=ORIENTED_EDGE('',*,*,#2492,.T.);
#3226=ORIENTED_EDGE('',*,*,#2493,.F.);
#3227=ORIENTED_EDGE('',*,*,#2494,.F.);
#3228=ORIENTED_EDGE('',*,*,#2306,.T.);
#3229=ORIENTED_EDGE('',*,*,#2490,.T.);
#3230=ORIENTED_EDGE('',*,*,#2495,.T.);
#3231=ORIENTED_EDGE('',*,*,#2496,.F.);
#3232=ORIENTED_EDGE('',*,*,#2492,.F.);
#3233=ORIENTED_EDGE('',*,*,#2154,.F.);
#3234=ORIENTED_EDGE('',*,*,#2497,.F.);
#3235=ORIENTED_EDGE('',*,*,#2498,.F.);
#3236=ORIENTED_EDGE('',*,*,#2499,.F.);
#3237=ORIENTED_EDGE('',*,*,#2500,.F.);
#3238=ORIENTED_EDGE('',*,*,#2501,.F.);
#3239=ORIENTED_EDGE('',*,*,#2498,.T.);
#3240=ORIENTED_EDGE('',*,*,#2502,.F.);
#3241=ORIENTED_EDGE('',*,*,#2308,.T.);
#3242=ORIENTED_EDGE('',*,*,#2151,.F.);
#3243=ORIENTED_EDGE('',*,*,#2499,.T.);
#3244=ORIENTED_EDGE('',*,*,#2501,.T.);
#3245=ORIENTED_EDGE('',*,*,#2503,.T.);
#3246=ORIENTED_EDGE('',*,*,#2504,.F.);
#3247=ORIENTED_EDGE('',*,*,#2505,.F.);
#3248=ORIENTED_EDGE('',*,*,#2312,.T.);
#3249=ORIENTED_EDGE('',*,*,#2156,.T.);
#3250=ORIENTED_EDGE('',*,*,#2324,.F.);
#3251=ORIENTED_EDGE('',*,*,#2506,.F.);
#3252=ORIENTED_EDGE('',*,*,#2507,.F.);
#3253=ORIENTED_EDGE('',*,*,#2508,.F.);
#3254=ORIENTED_EDGE('',*,*,#2506,.T.);
#3255=ORIENTED_EDGE('',*,*,#2323,.F.);
#3256=ORIENTED_EDGE('',*,*,#2509,.F.);
#3257=ORIENTED_EDGE('',*,*,#2150,.F.);
#3258=ORIENTED_EDGE('',*,*,#2510,.F.);
#3259=ORIENTED_EDGE('',*,*,#2511,.F.);
#3260=ORIENTED_EDGE('',*,*,#2512,.F.);
#3261=ORIENTED_EDGE('',*,*,#2513,.F.);
#3262=ORIENTED_EDGE('',*,*,#2514,.F.);
#3263=ORIENTED_EDGE('',*,*,#2511,.T.);
#3264=ORIENTED_EDGE('',*,*,#2515,.F.);
#3265=ORIENTED_EDGE('',*,*,#2325,.T.);
#3266=ORIENTED_EDGE('',*,*,#2147,.F.);
#3267=ORIENTED_EDGE('',*,*,#2512,.T.);
#3268=ORIENTED_EDGE('',*,*,#2514,.T.);
#3269=ORIENTED_EDGE('',*,*,#2516,.T.);
#3270=ORIENTED_EDGE('',*,*,#2517,.F.);
#3271=ORIENTED_EDGE('',*,*,#2518,.F.);
#3272=ORIENTED_EDGE('',*,*,#2329,.T.);
#3273=ORIENTED_EDGE('',*,*,#2206,.F.);
#3274=ORIENTED_EDGE('',*,*,#2519,.F.);
#3275=ORIENTED_EDGE('',*,*,#2520,.F.);
#3276=ORIENTED_EDGE('',*,*,#2521,.F.);
#3277=ORIENTED_EDGE('',*,*,#2520,.T.);
#3278=ORIENTED_EDGE('',*,*,#2522,.F.);
#3279=ORIENTED_EDGE('',*,*,#2523,.F.);
#3280=ORIENTED_EDGE('',*,*,#2524,.F.);
#3281=ORIENTED_EDGE('',*,*,#2331,.T.);
#3282=ORIENTED_EDGE('',*,*,#2203,.F.);
#3283=ORIENTED_EDGE('',*,*,#2521,.T.);
#3284=ORIENTED_EDGE('',*,*,#2524,.T.);
#3285=ORIENTED_EDGE('',*,*,#2525,.T.);
#3286=ORIENTED_EDGE('',*,*,#2526,.F.);
#3287=ORIENTED_EDGE('',*,*,#2527,.F.);
#3288=ORIENTED_EDGE('',*,*,#2335,.T.);
#3289=ORIENTED_EDGE('',*,*,#2523,.T.);
#3290=ORIENTED_EDGE('',*,*,#2528,.T.);
#3291=ORIENTED_EDGE('',*,*,#2529,.F.);
#3292=ORIENTED_EDGE('',*,*,#2525,.F.);
#3293=ORIENTED_EDGE('',*,*,#2144,.T.);
#3294=ORIENTED_EDGE('',*,*,#2347,.F.);
#3295=ORIENTED_EDGE('',*,*,#2530,.F.);
#3296=ORIENTED_EDGE('',*,*,#2531,.F.);
#3297=ORIENTED_EDGE('',*,*,#2532,.F.);
#3298=ORIENTED_EDGE('',*,*,#2530,.T.);
#3299=ORIENTED_EDGE('',*,*,#2346,.F.);
#3300=ORIENTED_EDGE('',*,*,#2533,.F.);
#3301=ORIENTED_EDGE('',*,*,#2213,.F.);
#3302=ORIENTED_EDGE('',*,*,#2534,.F.);
#3303=ORIENTED_EDGE('',*,*,#2535,.F.);
#3304=ORIENTED_EDGE('',*,*,#2536,.F.);
#3305=ORIENTED_EDGE('',*,*,#2535,.T.);
#3306=ORIENTED_EDGE('',*,*,#2537,.F.);
#3307=ORIENTED_EDGE('',*,*,#2538,.F.);
#3308=ORIENTED_EDGE('',*,*,#2539,.F.);
#3309=ORIENTED_EDGE('',*,*,#2350,.T.);
#3310=ORIENTED_EDGE('',*,*,#2214,.F.);
#3311=ORIENTED_EDGE('',*,*,#2536,.T.);
#3312=ORIENTED_EDGE('',*,*,#2539,.T.);
#3313=ORIENTED_EDGE('',*,*,#2540,.T.);
#3314=ORIENTED_EDGE('',*,*,#2541,.F.);
#3315=ORIENTED_EDGE('',*,*,#2542,.F.);
#3316=ORIENTED_EDGE('',*,*,#2354,.T.);
#3317=ORIENTED_EDGE('',*,*,#2538,.T.);
#3318=ORIENTED_EDGE('',*,*,#2543,.T.);
#3319=ORIENTED_EDGE('',*,*,#2544,.F.);
#3320=ORIENTED_EDGE('',*,*,#2540,.F.);
#3321=ORIENTED_EDGE('',*,*,#2182,.F.);
#3322=ORIENTED_EDGE('',*,*,#2545,.F.);
#3323=ORIENTED_EDGE('',*,*,#2546,.F.);
#3324=ORIENTED_EDGE('',*,*,#2547,.F.);
#3325=ORIENTED_EDGE('',*,*,#2546,.T.);
#3326=ORIENTED_EDGE('',*,*,#2548,.F.);
#3327=ORIENTED_EDGE('',*,*,#2549,.F.);
#3328=ORIENTED_EDGE('',*,*,#2550,.F.);
#3329=ORIENTED_EDGE('',*,*,#2356,.T.);
#3330=ORIENTED_EDGE('',*,*,#2179,.F.);
#3331=ORIENTED_EDGE('',*,*,#2547,.T.);
#3332=ORIENTED_EDGE('',*,*,#2550,.T.);
#3333=ORIENTED_EDGE('',*,*,#2551,.T.);
#3334=ORIENTED_EDGE('',*,*,#2552,.F.);
#3335=ORIENTED_EDGE('',*,*,#2553,.F.);
#3336=ORIENTED_EDGE('',*,*,#2360,.T.);
#3337=ORIENTED_EDGE('',*,*,#2549,.T.);
#3338=ORIENTED_EDGE('',*,*,#2554,.T.);
#3339=ORIENTED_EDGE('',*,*,#2555,.F.);
#3340=ORIENTED_EDGE('',*,*,#2551,.F.);
#3341=ORIENTED_EDGE('',*,*,#2208,.T.);
#3342=ORIENTED_EDGE('',*,*,#2372,.F.);
#3343=ORIENTED_EDGE('',*,*,#2556,.F.);
#3344=ORIENTED_EDGE('',*,*,#2557,.F.);
#3345=ORIENTED_EDGE('',*,*,#2558,.F.);
#3346=ORIENTED_EDGE('',*,*,#2556,.T.);
#3347=ORIENTED_EDGE('',*,*,#2371,.F.);
#3348=ORIENTED_EDGE('',*,*,#2559,.F.);
#3349=ORIENTED_EDGE('',*,*,#2178,.F.);
#3350=ORIENTED_EDGE('',*,*,#2560,.F.);
#3351=ORIENTED_EDGE('',*,*,#2561,.F.);
#3352=ORIENTED_EDGE('',*,*,#2562,.F.);
#3353=ORIENTED_EDGE('',*,*,#2561,.T.);
#3354=ORIENTED_EDGE('',*,*,#2563,.F.);
#3355=ORIENTED_EDGE('',*,*,#2564,.F.);
#3356=ORIENTED_EDGE('',*,*,#2565,.F.);
#3357=ORIENTED_EDGE('',*,*,#2375,.T.);
#3358=ORIENTED_EDGE('',*,*,#2175,.F.);
#3359=ORIENTED_EDGE('',*,*,#2562,.T.);
#3360=ORIENTED_EDGE('',*,*,#2565,.T.);
#3361=ORIENTED_EDGE('',*,*,#2566,.T.);
#3362=ORIENTED_EDGE('',*,*,#2567,.F.);
#3363=ORIENTED_EDGE('',*,*,#2568,.F.);
#3364=ORIENTED_EDGE('',*,*,#2379,.T.);
#3365=ORIENTED_EDGE('',*,*,#2564,.T.);
#3366=ORIENTED_EDGE('',*,*,#2569,.T.);
#3367=ORIENTED_EDGE('',*,*,#2570,.F.);
#3368=ORIENTED_EDGE('',*,*,#2566,.F.);
#3369=ORIENTED_EDGE('',*,*,#2174,.F.);
#3370=ORIENTED_EDGE('',*,*,#2571,.F.);
#3371=ORIENTED_EDGE('',*,*,#2572,.F.);
#3372=ORIENTED_EDGE('',*,*,#2573,.F.);
#3373=ORIENTED_EDGE('',*,*,#2572,.T.);
#3374=ORIENTED_EDGE('',*,*,#2574,.F.);
#3375=ORIENTED_EDGE('',*,*,#2575,.F.);
#3376=ORIENTED_EDGE('',*,*,#2576,.F.);
#3377=ORIENTED_EDGE('',*,*,#2381,.T.);
#3378=ORIENTED_EDGE('',*,*,#2171,.F.);
#3379=ORIENTED_EDGE('',*,*,#2573,.T.);
#3380=ORIENTED_EDGE('',*,*,#2576,.T.);
#3381=ORIENTED_EDGE('',*,*,#2577,.T.);
#3382=ORIENTED_EDGE('',*,*,#2578,.F.);
#3383=ORIENTED_EDGE('',*,*,#2579,.F.);
#3384=ORIENTED_EDGE('',*,*,#2385,.T.);
#3385=ORIENTED_EDGE('',*,*,#2575,.T.);
#3386=ORIENTED_EDGE('',*,*,#2580,.T.);
#3387=ORIENTED_EDGE('',*,*,#2581,.F.);
#3388=ORIENTED_EDGE('',*,*,#2577,.F.);
#3389=ORIENTED_EDGE('',*,*,#2138,.T.);
#3390=ORIENTED_EDGE('',*,*,#2397,.F.);
#3391=ORIENTED_EDGE('',*,*,#2582,.F.);
#3392=ORIENTED_EDGE('',*,*,#2583,.F.);
#3393=ORIENTED_EDGE('',*,*,#2584,.F.);
#3394=ORIENTED_EDGE('',*,*,#2585,.F.);
#3395=ORIENTED_EDGE('',*,*,#2582,.T.);
#3396=ORIENTED_EDGE('',*,*,#2396,.F.);
#3397=ORIENTED_EDGE('',*,*,#2387,.T.);
#3398=ORIENTED_EDGE('',*,*,#2135,.F.);
#3399=ORIENTED_EDGE('',*,*,#2583,.T.);
#3400=ORIENTED_EDGE('',*,*,#2585,.T.);
#3401=ORIENTED_EDGE('',*,*,#2586,.T.);
#3402=ORIENTED_EDGE('',*,*,#2587,.F.);
#3403=ORIENTED_EDGE('',*,*,#2398,.F.);
#3404=ORIENTED_EDGE('',*,*,#2390,.T.);
#3405=ORIENTED_EDGE('',*,*,#2186,.T.);
#3406=ORIENTED_EDGE('',*,*,#2410,.F.);
#3407=ORIENTED_EDGE('',*,*,#2588,.F.);
#3408=ORIENTED_EDGE('',*,*,#2589,.F.);
#3409=ORIENTED_EDGE('',*,*,#2590,.F.);
#3410=ORIENTED_EDGE('',*,*,#2591,.F.);
#3411=ORIENTED_EDGE('',*,*,#2588,.T.);
#3412=ORIENTED_EDGE('',*,*,#2409,.F.);
#3413=ORIENTED_EDGE('',*,*,#2400,.T.);
#3414=ORIENTED_EDGE('',*,*,#2183,.F.);
#3415=ORIENTED_EDGE('',*,*,#2589,.T.);
#3416=ORIENTED_EDGE('',*,*,#2591,.T.);
#3417=ORIENTED_EDGE('',*,*,#2592,.T.);
#3418=ORIENTED_EDGE('',*,*,#2593,.F.);
#3419=ORIENTED_EDGE('',*,*,#2411,.F.);
#3420=ORIENTED_EDGE('',*,*,#2403,.T.);
#3421=ORIENTED_EDGE('',*,*,#2452,.T.);
#3422=ORIENTED_EDGE('',*,*,#2279,.T.);
#3423=ORIENTED_EDGE('',*,*,#2594,.F.);
#3424=ORIENTED_EDGE('',*,*,#2595,.F.);
#3425=ORIENTED_EDGE('',*,*,#2271,.T.);
#3426=ORIENTED_EDGE('',*,*,#2217,.F.);
#3427=ORIENTED_EDGE('',*,*,#2450,.T.);
#3428=ORIENTED_EDGE('',*,*,#2451,.T.);
#3429=ORIENTED_EDGE('',*,*,#2595,.T.);
#3430=ORIENTED_EDGE('',*,*,#2596,.F.);
#3431=ORIENTED_EDGE('',*,*,#2282,.F.);
#3432=ORIENTED_EDGE('',*,*,#2274,.T.);
#3433=ORIENTED_EDGE('',*,*,#2353,.T.);
#3434=ORIENTED_EDGE('',*,*,#2597,.T.);
#3435=ORIENTED_EDGE('',*,*,#2598,.F.);
#3436=ORIENTED_EDGE('',*,*,#2543,.F.);
#3437=ORIENTED_EDGE('',*,*,#2537,.T.);
#3438=ORIENTED_EDGE('',*,*,#2534,.T.);
#3439=ORIENTED_EDGE('',*,*,#2212,.F.);
#3440=ORIENTED_EDGE('',*,*,#2352,.T.);
#3441=ORIENTED_EDGE('',*,*,#2355,.T.);
#3442=ORIENTED_EDGE('',*,*,#2542,.T.);
#3443=ORIENTED_EDGE('',*,*,#2599,.F.);
#3444=ORIENTED_EDGE('',*,*,#2597,.F.);
#3445=ORIENTED_EDGE('',*,*,#2559,.T.);
#3446=ORIENTED_EDGE('',*,*,#2370,.T.);
#3447=ORIENTED_EDGE('',*,*,#2600,.F.);
#3448=ORIENTED_EDGE('',*,*,#2601,.F.);
#3449=ORIENTED_EDGE('',*,*,#2362,.T.);
#3450=ORIENTED_EDGE('',*,*,#2209,.F.);
#3451=ORIENTED_EDGE('',*,*,#2557,.T.);
#3452=ORIENTED_EDGE('',*,*,#2558,.T.);
#3453=ORIENTED_EDGE('',*,*,#2601,.T.);
#3454=ORIENTED_EDGE('',*,*,#2602,.F.);
#3455=ORIENTED_EDGE('',*,*,#2373,.F.);
#3456=ORIENTED_EDGE('',*,*,#2365,.T.);
#3457=ORIENTED_EDGE('',*,*,#2336,.T.);
#3458=ORIENTED_EDGE('',*,*,#2527,.T.);
#3459=ORIENTED_EDGE('',*,*,#2603,.F.);
#3460=ORIENTED_EDGE('',*,*,#2604,.F.);
#3461=ORIENTED_EDGE('',*,*,#2334,.T.);
#3462=ORIENTED_EDGE('',*,*,#2604,.T.);
#3463=ORIENTED_EDGE('',*,*,#2605,.F.);
#3464=ORIENTED_EDGE('',*,*,#2528,.F.);
#3465=ORIENTED_EDGE('',*,*,#2522,.T.);
#3466=ORIENTED_EDGE('',*,*,#2519,.T.);
#3467=ORIENTED_EDGE('',*,*,#2205,.F.);
#3468=ORIENTED_EDGE('',*,*,#2333,.T.);
#3469=ORIENTED_EDGE('',*,*,#2301,.T.);
#3470=ORIENTED_EDGE('',*,*,#2483,.T.);
#3471=ORIENTED_EDGE('',*,*,#2606,.F.);
#3472=ORIENTED_EDGE('',*,*,#2607,.F.);
#3473=ORIENTED_EDGE('',*,*,#2299,.T.);
#3474=ORIENTED_EDGE('',*,*,#2607,.T.);
#3475=ORIENTED_EDGE('',*,*,#2608,.F.);
#3476=ORIENTED_EDGE('',*,*,#2484,.F.);
#3477=ORIENTED_EDGE('',*,*,#2478,.T.);
#3478=ORIENTED_EDGE('',*,*,#2475,.T.);
#3479=ORIENTED_EDGE('',*,*,#2201,.F.);
#3480=ORIENTED_EDGE('',*,*,#2298,.T.);
#3481=ORIENTED_EDGE('',*,*,#2270,.T.);
#3482=ORIENTED_EDGE('',*,*,#2446,.T.);
#3483=ORIENTED_EDGE('',*,*,#2609,.F.);
#3484=ORIENTED_EDGE('',*,*,#2610,.F.);
#3485=ORIENTED_EDGE('',*,*,#2268,.T.);
#3486=ORIENTED_EDGE('',*,*,#2610,.T.);
#3487=ORIENTED_EDGE('',*,*,#2611,.F.);
#3488=ORIENTED_EDGE('',*,*,#2447,.F.);
#3489=ORIENTED_EDGE('',*,*,#2441,.T.);
#3490=ORIENTED_EDGE('',*,*,#2438,.T.);
#3491=ORIENTED_EDGE('',*,*,#2197,.F.);
#3492=ORIENTED_EDGE('',*,*,#2267,.T.);
#3493=ORIENTED_EDGE('',*,*,#2293,.T.);
#3494=ORIENTED_EDGE('',*,*,#2612,.T.);
#3495=ORIENTED_EDGE('',*,*,#2613,.F.);
#3496=ORIENTED_EDGE('',*,*,#2473,.F.);
#3497=ORIENTED_EDGE('',*,*,#2467,.T.);
#3498=ORIENTED_EDGE('',*,*,#2464,.T.);
#3499=ORIENTED_EDGE('',*,*,#2192,.F.);
#3500=ORIENTED_EDGE('',*,*,#2292,.T.);
#3501=ORIENTED_EDGE('',*,*,#2295,.T.);
#3502=ORIENTED_EDGE('',*,*,#2472,.T.);
#3503=ORIENTED_EDGE('',*,*,#2614,.F.);
#3504=ORIENTED_EDGE('',*,*,#2612,.F.);
#3505=ORIENTED_EDGE('',*,*,#2289,.T.);
#3506=ORIENTED_EDGE('',*,*,#2461,.T.);
#3507=ORIENTED_EDGE('',*,*,#2615,.F.);
#3508=ORIENTED_EDGE('',*,*,#2616,.F.);
#3509=ORIENTED_EDGE('',*,*,#2287,.T.);
#3510=ORIENTED_EDGE('',*,*,#2616,.T.);
#3511=ORIENTED_EDGE('',*,*,#2617,.F.);
#3512=ORIENTED_EDGE('',*,*,#2462,.F.);
#3513=ORIENTED_EDGE('',*,*,#2456,.T.);
#3514=ORIENTED_EDGE('',*,*,#2453,.T.);
#3515=ORIENTED_EDGE('',*,*,#2189,.F.);
#3516=ORIENTED_EDGE('',*,*,#2286,.T.);
#3517=ORIENTED_EDGE('',*,*,#2590,.T.);
#3518=ORIENTED_EDGE('',*,*,#2408,.T.);
#3519=ORIENTED_EDGE('',*,*,#2618,.F.);
#3520=ORIENTED_EDGE('',*,*,#2592,.F.);
#3521=ORIENTED_EDGE('',*,*,#2361,.T.);
#3522=ORIENTED_EDGE('',*,*,#2553,.T.);
#3523=ORIENTED_EDGE('',*,*,#2619,.F.);
#3524=ORIENTED_EDGE('',*,*,#2620,.F.);
#3525=ORIENTED_EDGE('',*,*,#2359,.T.);
#3526=ORIENTED_EDGE('',*,*,#2620,.T.);
#3527=ORIENTED_EDGE('',*,*,#2621,.F.);
#3528=ORIENTED_EDGE('',*,*,#2554,.F.);
#3529=ORIENTED_EDGE('',*,*,#2548,.T.);
#3530=ORIENTED_EDGE('',*,*,#2545,.T.);
#3531=ORIENTED_EDGE('',*,*,#2181,.F.);
#3532=ORIENTED_EDGE('',*,*,#2358,.T.);
#3533=ORIENTED_EDGE('',*,*,#2380,.T.);
#3534=ORIENTED_EDGE('',*,*,#2568,.T.);
#3535=ORIENTED_EDGE('',*,*,#2622,.F.);
#3536=ORIENTED_EDGE('',*,*,#2623,.F.);
#3537=ORIENTED_EDGE('',*,*,#2378,.T.);
#3538=ORIENTED_EDGE('',*,*,#2623,.T.);
#3539=ORIENTED_EDGE('',*,*,#2624,.F.);
#3540=ORIENTED_EDGE('',*,*,#2569,.F.);
#3541=ORIENTED_EDGE('',*,*,#2563,.T.);
#3542=ORIENTED_EDGE('',*,*,#2560,.T.);
#3543=ORIENTED_EDGE('',*,*,#2177,.F.);
#3544=ORIENTED_EDGE('',*,*,#2377,.T.);
#3545=ORIENTED_EDGE('',*,*,#2386,.T.);
#3546=ORIENTED_EDGE('',*,*,#2579,.T.);
#3547=ORIENTED_EDGE('',*,*,#2625,.F.);
#3548=ORIENTED_EDGE('',*,*,#2626,.F.);
#3549=ORIENTED_EDGE('',*,*,#2384,.T.);
#3550=ORIENTED_EDGE('',*,*,#2626,.T.);
#3551=ORIENTED_EDGE('',*,*,#2627,.F.);
#3552=ORIENTED_EDGE('',*,*,#2580,.F.);
#3553=ORIENTED_EDGE('',*,*,#2574,.T.);
#3554=ORIENTED_EDGE('',*,*,#2571,.T.);
#3555=ORIENTED_EDGE('',*,*,#2173,.F.);
#3556=ORIENTED_EDGE('',*,*,#2383,.T.);
#3557=ORIENTED_EDGE('',*,*,#2264,.T.);
#3558=ORIENTED_EDGE('',*,*,#2435,.T.);
#3559=ORIENTED_EDGE('',*,*,#2628,.F.);
#3560=ORIENTED_EDGE('',*,*,#2629,.F.);
#3561=ORIENTED_EDGE('',*,*,#2262,.T.);
#3562=ORIENTED_EDGE('',*,*,#2629,.T.);
#3563=ORIENTED_EDGE('',*,*,#2630,.F.);
#3564=ORIENTED_EDGE('',*,*,#2436,.F.);
#3565=ORIENTED_EDGE('',*,*,#2430,.T.);
#3566=ORIENTED_EDGE('',*,*,#2427,.T.);
#3567=ORIENTED_EDGE('',*,*,#2169,.F.);
#3568=ORIENTED_EDGE('',*,*,#2261,.T.);
#3569=ORIENTED_EDGE('',*,*,#2415,.T.);
#3570=ORIENTED_EDGE('',*,*,#2243,.T.);
#3571=ORIENTED_EDGE('',*,*,#2631,.F.);
#3572=ORIENTED_EDGE('',*,*,#2417,.F.);
#3573=ORIENTED_EDGE('',*,*,#2307,.T.);
#3574=ORIENTED_EDGE('',*,*,#2494,.T.);
#3575=ORIENTED_EDGE('',*,*,#2632,.F.);
#3576=ORIENTED_EDGE('',*,*,#2633,.F.);
#3577=ORIENTED_EDGE('',*,*,#2305,.T.);
#3578=ORIENTED_EDGE('',*,*,#2633,.T.);
#3579=ORIENTED_EDGE('',*,*,#2634,.F.);
#3580=ORIENTED_EDGE('',*,*,#2495,.F.);
#3581=ORIENTED_EDGE('',*,*,#2489,.T.);
#3582=ORIENTED_EDGE('',*,*,#2486,.T.);
#3583=ORIENTED_EDGE('',*,*,#2161,.F.);
#3584=ORIENTED_EDGE('',*,*,#2304,.T.);
#3585=ORIENTED_EDGE('',*,*,#2509,.T.);
#3586=ORIENTED_EDGE('',*,*,#2322,.T.);
#3587=ORIENTED_EDGE('',*,*,#2635,.F.);
#3588=ORIENTED_EDGE('',*,*,#2636,.F.);
#3589=ORIENTED_EDGE('',*,*,#2314,.T.);
#3590=ORIENTED_EDGE('',*,*,#2157,.F.);
#3591=ORIENTED_EDGE('',*,*,#2507,.T.);
#3592=ORIENTED_EDGE('',*,*,#2508,.T.);
#3593=ORIENTED_EDGE('',*,*,#2636,.T.);
#3594=ORIENTED_EDGE('',*,*,#2637,.F.);
#3595=ORIENTED_EDGE('',*,*,#2638,.F.);
#3596=ORIENTED_EDGE('',*,*,#2319,.T.);
#3597=ORIENTED_EDGE('',*,*,#2317,.T.);
#3598=ORIENTED_EDGE('',*,*,#2638,.T.);
#3599=ORIENTED_EDGE('',*,*,#2639,.F.);
#3600=ORIENTED_EDGE('',*,*,#2320,.F.);
#3601=ORIENTED_EDGE('',*,*,#2313,.T.);
#3602=ORIENTED_EDGE('',*,*,#2505,.T.);
#3603=ORIENTED_EDGE('',*,*,#2640,.F.);
#3604=ORIENTED_EDGE('',*,*,#2641,.F.);
#3605=ORIENTED_EDGE('',*,*,#2311,.T.);
#3606=ORIENTED_EDGE('',*,*,#2641,.T.);
#3607=ORIENTED_EDGE('',*,*,#2642,.F.);
#3608=ORIENTED_EDGE('',*,*,#2643,.F.);
#3609=ORIENTED_EDGE('',*,*,#2502,.T.);
#3610=ORIENTED_EDGE('',*,*,#2497,.T.);
#3611=ORIENTED_EDGE('',*,*,#2153,.F.);
#3612=ORIENTED_EDGE('',*,*,#2310,.T.);
#3613=ORIENTED_EDGE('',*,*,#2500,.T.);
#3614=ORIENTED_EDGE('',*,*,#2643,.T.);
#3615=ORIENTED_EDGE('',*,*,#2644,.F.);
#3616=ORIENTED_EDGE('',*,*,#2503,.F.);
#3617=ORIENTED_EDGE('',*,*,#2330,.T.);
#3618=ORIENTED_EDGE('',*,*,#2518,.T.);
#3619=ORIENTED_EDGE('',*,*,#2645,.F.);
#3620=ORIENTED_EDGE('',*,*,#2646,.F.);
#3621=ORIENTED_EDGE('',*,*,#2328,.T.);
#3622=ORIENTED_EDGE('',*,*,#2646,.T.);
#3623=ORIENTED_EDGE('',*,*,#2647,.F.);
#3624=ORIENTED_EDGE('',*,*,#2648,.F.);
#3625=ORIENTED_EDGE('',*,*,#2515,.T.);
#3626=ORIENTED_EDGE('',*,*,#2510,.T.);
#3627=ORIENTED_EDGE('',*,*,#2149,.F.);
#3628=ORIENTED_EDGE('',*,*,#2327,.T.);
#3629=ORIENTED_EDGE('',*,*,#2513,.T.);
#3630=ORIENTED_EDGE('',*,*,#2648,.T.);
#3631=ORIENTED_EDGE('',*,*,#2649,.F.);
#3632=ORIENTED_EDGE('',*,*,#2516,.F.);
#3633=ORIENTED_EDGE('',*,*,#2533,.T.);
#3634=ORIENTED_EDGE('',*,*,#2345,.T.);
#3635=ORIENTED_EDGE('',*,*,#2650,.F.);
#3636=ORIENTED_EDGE('',*,*,#2651,.F.);
#3637=ORIENTED_EDGE('',*,*,#2337,.T.);
#3638=ORIENTED_EDGE('',*,*,#2145,.F.);
#3639=ORIENTED_EDGE('',*,*,#2531,.T.);
#3640=ORIENTED_EDGE('',*,*,#2532,.T.);
#3641=ORIENTED_EDGE('',*,*,#2651,.T.);
#3642=ORIENTED_EDGE('',*,*,#2652,.F.);
#3643=ORIENTED_EDGE('',*,*,#2348,.F.);
#3644=ORIENTED_EDGE('',*,*,#2340,.T.);
#3645=ORIENTED_EDGE('',*,*,#2251,.T.);
#3646=ORIENTED_EDGE('',*,*,#2425,.T.);
#3647=ORIENTED_EDGE('',*,*,#2653,.F.);
#3648=ORIENTED_EDGE('',*,*,#2254,.F.);
#3649=ORIENTED_EDGE('',*,*,#2584,.T.);
#3650=ORIENTED_EDGE('',*,*,#2395,.T.);
#3651=ORIENTED_EDGE('',*,*,#2654,.F.);
#3652=ORIENTED_EDGE('',*,*,#2586,.F.);
#3653=ORIENTED_EDGE('',*,*,#2119,.F.);
#3654=ORIENTED_EDGE('',*,*,#2655,.F.);
#3655=ORIENTED_EDGE('',*,*,#2221,.F.);
#3656=ORIENTED_EDGE('',*,*,#2125,.F.);
#3657=ORIENTED_EDGE('',*,*,#2226,.F.);
#3658=ORIENTED_EDGE('',*,*,#2656,.F.);
#3659=ORIENTED_EDGE('',*,*,#2234,.F.);
#3660=ORIENTED_EDGE('',*,*,#2131,.F.);
#3661=ORIENTED_EDGE('',*,*,#2118,.F.);
#3662=ORIENTED_EDGE('',*,*,#2124,.T.);
#3663=ORIENTED_EDGE('',*,*,#2229,.F.);
#3664=ORIENTED_EDGE('',*,*,#2232,.T.);
#3665=ORIENTED_EDGE('',*,*,#2233,.F.);
#3666=ORIENTED_EDGE('',*,*,#2656,.T.);
#3667=ORIENTED_EDGE('',*,*,#2225,.F.);
#3668=ORIENTED_EDGE('',*,*,#2228,.T.);
#3669=ORIENTED_EDGE('',*,*,#2107,.F.);
#3670=ORIENTED_EDGE('',*,*,#2111,.T.);
#3671=ORIENTED_EDGE('',*,*,#2114,.F.);
#3672=ORIENTED_EDGE('',*,*,#2117,.T.);
#3673=ORIENTED_EDGE('',*,*,#2224,.F.);
#3674=ORIENTED_EDGE('',*,*,#2222,.T.);
#3675=ORIENTED_EDGE('',*,*,#2219,.F.);
#3676=ORIENTED_EDGE('',*,*,#2655,.T.);
#3677=ORIENTED_EDGE('',*,*,#2587,.T.);
#3678=ORIENTED_EDGE('',*,*,#2654,.T.);
#3679=ORIENTED_EDGE('',*,*,#2394,.T.);
#3680=ORIENTED_EDGE('',*,*,#2399,.T.);
#3681=ORIENTED_EDGE('',*,*,#2426,.T.);
#3682=ORIENTED_EDGE('',*,*,#2255,.T.);
#3683=ORIENTED_EDGE('',*,*,#2653,.T.);
#3684=ORIENTED_EDGE('',*,*,#2424,.T.);
#3685=ORIENTED_EDGE('',*,*,#2344,.T.);
#3686=ORIENTED_EDGE('',*,*,#2349,.T.);
#3687=ORIENTED_EDGE('',*,*,#2652,.T.);
#3688=ORIENTED_EDGE('',*,*,#2650,.T.);
#3689=ORIENTED_EDGE('',*,*,#2649,.T.);
#3690=ORIENTED_EDGE('',*,*,#2647,.T.);
#3691=ORIENTED_EDGE('',*,*,#2645,.T.);
#3692=ORIENTED_EDGE('',*,*,#2517,.T.);
#3693=ORIENTED_EDGE('',*,*,#2644,.T.);
#3694=ORIENTED_EDGE('',*,*,#2642,.T.);
#3695=ORIENTED_EDGE('',*,*,#2640,.T.);
#3696=ORIENTED_EDGE('',*,*,#2504,.T.);
#3697=ORIENTED_EDGE('',*,*,#2639,.T.);
#3698=ORIENTED_EDGE('',*,*,#2637,.T.);
#3699=ORIENTED_EDGE('',*,*,#2635,.T.);
#3700=ORIENTED_EDGE('',*,*,#2321,.T.);
#3701=ORIENTED_EDGE('',*,*,#2493,.T.);
#3702=ORIENTED_EDGE('',*,*,#2496,.T.);
#3703=ORIENTED_EDGE('',*,*,#2634,.T.);
#3704=ORIENTED_EDGE('',*,*,#2632,.T.);
#3705=ORIENTED_EDGE('',*,*,#2418,.T.);
#3706=ORIENTED_EDGE('',*,*,#2631,.T.);
#3707=ORIENTED_EDGE('',*,*,#2242,.T.);
#3708=ORIENTED_EDGE('',*,*,#2247,.T.);
#3709=ORIENTED_EDGE('',*,*,#2434,.T.);
#3710=ORIENTED_EDGE('',*,*,#2437,.T.);
#3711=ORIENTED_EDGE('',*,*,#2630,.T.);
#3712=ORIENTED_EDGE('',*,*,#2628,.T.);
#3713=ORIENTED_EDGE('',*,*,#2578,.T.);
#3714=ORIENTED_EDGE('',*,*,#2581,.T.);
#3715=ORIENTED_EDGE('',*,*,#2627,.T.);
#3716=ORIENTED_EDGE('',*,*,#2625,.T.);
#3717=ORIENTED_EDGE('',*,*,#2567,.T.);
#3718=ORIENTED_EDGE('',*,*,#2570,.T.);
#3719=ORIENTED_EDGE('',*,*,#2624,.T.);
#3720=ORIENTED_EDGE('',*,*,#2622,.T.);
#3721=ORIENTED_EDGE('',*,*,#2552,.T.);
#3722=ORIENTED_EDGE('',*,*,#2555,.T.);
#3723=ORIENTED_EDGE('',*,*,#2621,.T.);
#3724=ORIENTED_EDGE('',*,*,#2619,.T.);
#3725=ORIENTED_EDGE('',*,*,#2593,.T.);
#3726=ORIENTED_EDGE('',*,*,#2618,.T.);
#3727=ORIENTED_EDGE('',*,*,#2407,.T.);
#3728=ORIENTED_EDGE('',*,*,#2412,.T.);
#3729=ORIENTED_EDGE('',*,*,#2460,.T.);
#3730=ORIENTED_EDGE('',*,*,#2463,.T.);
#3731=ORIENTED_EDGE('',*,*,#2617,.T.);
#3732=ORIENTED_EDGE('',*,*,#2615,.T.);
#3733=ORIENTED_EDGE('',*,*,#2614,.T.);
#3734=ORIENTED_EDGE('',*,*,#2471,.T.);
#3735=ORIENTED_EDGE('',*,*,#2474,.T.);
#3736=ORIENTED_EDGE('',*,*,#2613,.T.);
#3737=ORIENTED_EDGE('',*,*,#2445,.T.);
#3738=ORIENTED_EDGE('',*,*,#2448,.T.);
#3739=ORIENTED_EDGE('',*,*,#2611,.T.);
#3740=ORIENTED_EDGE('',*,*,#2609,.T.);
#3741=ORIENTED_EDGE('',*,*,#2482,.T.);
#3742=ORIENTED_EDGE('',*,*,#2485,.T.);
#3743=ORIENTED_EDGE('',*,*,#2608,.T.);
#3744=ORIENTED_EDGE('',*,*,#2606,.T.);
#3745=ORIENTED_EDGE('',*,*,#2526,.T.);
#3746=ORIENTED_EDGE('',*,*,#2529,.T.);
#3747=ORIENTED_EDGE('',*,*,#2605,.T.);
#3748=ORIENTED_EDGE('',*,*,#2603,.T.);
#3749=ORIENTED_EDGE('',*,*,#2374,.T.);
#3750=ORIENTED_EDGE('',*,*,#2602,.T.);
#3751=ORIENTED_EDGE('',*,*,#2600,.T.);
#3752=ORIENTED_EDGE('',*,*,#2369,.T.);
#3753=ORIENTED_EDGE('',*,*,#2599,.T.);
#3754=ORIENTED_EDGE('',*,*,#2541,.T.);
#3755=ORIENTED_EDGE('',*,*,#2544,.T.);
#3756=ORIENTED_EDGE('',*,*,#2598,.T.);
#3757=ORIENTED_EDGE('',*,*,#2283,.T.);
#3758=ORIENTED_EDGE('',*,*,#2596,.T.);
#3759=ORIENTED_EDGE('',*,*,#2594,.T.);
#3760=ORIENTED_EDGE('',*,*,#2278,.T.);
#3761=CYLINDRICAL_SURFACE('',#3969,5.1);
#3762=CYLINDRICAL_SURFACE('',#3973,5.1);
#3763=CYLINDRICAL_SURFACE('',#3977,3.9);
#3764=CYLINDRICAL_SURFACE('',#3987,3.9);
#3765=CYLINDRICAL_SURFACE('',#3990,3.9);
#3766=CYLINDRICAL_SURFACE('',#3992,3.9);
#3767=CYLINDRICAL_SURFACE('',#3995,3.9);
#3768=CYLINDRICAL_SURFACE('',#3998,3.9);
#3769=ADVANCED_FACE('',(#235),#3761,.F.);
#3770=ADVANCED_FACE('',(#236),#57,.T.);
#3771=ADVANCED_FACE('',(#237),#3762,.F.);
#3772=ADVANCED_FACE('',(#238),#58,.T.);
#3773=ADVANCED_FACE('',(#239),#3763,.T.);
#3774=ADVANCED_FACE('',(#240),#59,.T.);
#3775=ADVANCED_FACE('',(#241,#15,#16,#17,#18,#19,#20,#21,#22,#23,#24,#25,
#26,#27,#28,#29,#30,#31,#32,#33,#34,#35),#60,.T.);
#3776=ADVANCED_FACE('',(#242),#3764,.T.);
#3777=ADVANCED_FACE('',(#243),#61,.T.);
#3778=ADVANCED_FACE('',(#244),#3765,.T.);
#3779=ADVANCED_FACE('',(#245),#3766,.T.);
#3780=ADVANCED_FACE('',(#246),#62,.T.);
#3781=ADVANCED_FACE('',(#247),#3767,.T.);
#3782=ADVANCED_FACE('',(#248),#63,.T.);
#3783=ADVANCED_FACE('',(#249),#3768,.T.);
#3784=ADVANCED_FACE('',(#250),#64,.T.);
#3785=ADVANCED_FACE('',(#251),#65,.T.);
#3786=ADVANCED_FACE('',(#252),#66,.T.);
#3787=ADVANCED_FACE('',(#253),#67,.T.);
#3788=ADVANCED_FACE('',(#254),#68,.T.);
#3789=ADVANCED_FACE('',(#255),#69,.T.);
#3790=ADVANCED_FACE('',(#256),#70,.T.);
#3791=ADVANCED_FACE('',(#257),#71,.T.);
#3792=ADVANCED_FACE('',(#258),#72,.T.);
#3793=ADVANCED_FACE('',(#259),#73,.T.);
#3794=ADVANCED_FACE('',(#260),#74,.T.);
#3795=ADVANCED_FACE('',(#261),#75,.T.);
#3796=ADVANCED_FACE('',(#262),#76,.T.);
#3797=ADVANCED_FACE('',(#263),#77,.T.);
#3798=ADVANCED_FACE('',(#264),#78,.T.);
#3799=ADVANCED_FACE('',(#265),#79,.T.);
#3800=ADVANCED_FACE('',(#266),#80,.T.);
#3801=ADVANCED_FACE('',(#267),#81,.T.);
#3802=ADVANCED_FACE('',(#268),#82,.T.);
#3803=ADVANCED_FACE('',(#269),#83,.T.);
#3804=ADVANCED_FACE('',(#270),#84,.T.);
#3805=ADVANCED_FACE('',(#271),#85,.T.);
#3806=ADVANCED_FACE('',(#272),#86,.T.);
#3807=ADVANCED_FACE('',(#273),#87,.T.);
#3808=ADVANCED_FACE('',(#274),#88,.T.);
#3809=ADVANCED_FACE('',(#275),#89,.T.);
#3810=ADVANCED_FACE('',(#276),#90,.T.);
#3811=ADVANCED_FACE('',(#277),#91,.T.);
#3812=ADVANCED_FACE('',(#278),#92,.T.);
#3813=ADVANCED_FACE('',(#279),#93,.T.);
#3814=ADVANCED_FACE('',(#280),#94,.T.);
#3815=ADVANCED_FACE('',(#281),#95,.T.);
#3816=ADVANCED_FACE('',(#282),#96,.T.);
#3817=ADVANCED_FACE('',(#283),#97,.T.);
#3818=ADVANCED_FACE('',(#284),#98,.T.);
#3819=ADVANCED_FACE('',(#285),#99,.T.);
#3820=ADVANCED_FACE('',(#286),#100,.T.);
#3821=ADVANCED_FACE('',(#287),#101,.T.);
#3822=ADVANCED_FACE('',(#288),#102,.T.);
#3823=ADVANCED_FACE('',(#289),#103,.T.);
#3824=ADVANCED_FACE('',(#290),#104,.T.);
#3825=ADVANCED_FACE('',(#291),#105,.T.);
#3826=ADVANCED_FACE('',(#292),#106,.T.);
#3827=ADVANCED_FACE('',(#293),#107,.T.);
#3828=ADVANCED_FACE('',(#294),#108,.T.);
#3829=ADVANCED_FACE('',(#295),#109,.T.);
#3830=ADVANCED_FACE('',(#296),#110,.T.);
#3831=ADVANCED_FACE('',(#297),#111,.T.);
#3832=ADVANCED_FACE('',(#298),#112,.T.);
#3833=ADVANCED_FACE('',(#299),#113,.T.);
#3834=ADVANCED_FACE('',(#300),#114,.T.);
#3835=ADVANCED_FACE('',(#301),#115,.T.);
#3836=ADVANCED_FACE('',(#302),#116,.T.);
#3837=ADVANCED_FACE('',(#303),#117,.T.);
#3838=ADVANCED_FACE('',(#304),#118,.T.);
#3839=ADVANCED_FACE('',(#305),#119,.T.);
#3840=ADVANCED_FACE('',(#306),#120,.T.);
#3841=ADVANCED_FACE('',(#307),#121,.T.);
#3842=ADVANCED_FACE('',(#308),#122,.T.);
#3843=ADVANCED_FACE('',(#309),#123,.T.);
#3844=ADVANCED_FACE('',(#310),#124,.T.);
#3845=ADVANCED_FACE('',(#311),#125,.T.);
#3846=ADVANCED_FACE('',(#312),#126,.T.);
#3847=ADVANCED_FACE('',(#313),#127,.T.);
#3848=ADVANCED_FACE('',(#314),#128,.T.);
#3849=ADVANCED_FACE('',(#315),#129,.T.);
#3850=ADVANCED_FACE('',(#316),#130,.T.);
#3851=ADVANCED_FACE('',(#317),#131,.T.);
#3852=ADVANCED_FACE('',(#318),#132,.T.);
#3853=ADVANCED_FACE('',(#319),#133,.T.);
#3854=ADVANCED_FACE('',(#320),#134,.T.);
#3855=ADVANCED_FACE('',(#321),#135,.T.);
#3856=ADVANCED_FACE('',(#322),#136,.T.);
#3857=ADVANCED_FACE('',(#323),#137,.T.);
#3858=ADVANCED_FACE('',(#324),#138,.T.);
#3859=ADVANCED_FACE('',(#325),#139,.T.);
#3860=ADVANCED_FACE('',(#326),#140,.T.);
#3861=ADVANCED_FACE('',(#327),#141,.T.);
#3862=ADVANCED_FACE('',(#328),#142,.T.);
#3863=ADVANCED_FACE('',(#329),#143,.T.);
#3864=ADVANCED_FACE('',(#330),#144,.T.);
#3865=ADVANCED_FACE('',(#331),#145,.T.);
#3866=ADVANCED_FACE('',(#332),#146,.T.);
#3867=ADVANCED_FACE('',(#333),#147,.T.);
#3868=ADVANCED_FACE('',(#334),#148,.T.);
#3869=ADVANCED_FACE('',(#335),#149,.T.);
#3870=ADVANCED_FACE('',(#336),#150,.T.);
#3871=ADVANCED_FACE('',(#337),#151,.T.);
#3872=ADVANCED_FACE('',(#338),#152,.T.);
#3873=ADVANCED_FACE('',(#339),#153,.T.);
#3874=ADVANCED_FACE('',(#340),#154,.T.);
#3875=ADVANCED_FACE('',(#341),#155,.T.);
#3876=ADVANCED_FACE('',(#342),#156,.T.);
#3877=ADVANCED_FACE('',(#343),#157,.T.);
#3878=ADVANCED_FACE('',(#344),#158,.T.);
#3879=ADVANCED_FACE('',(#345),#159,.T.);
#3880=ADVANCED_FACE('',(#346),#160,.T.);
#3881=ADVANCED_FACE('',(#347),#161,.T.);
#3882=ADVANCED_FACE('',(#348),#162,.T.);
#3883=ADVANCED_FACE('',(#349),#163,.T.);
#3884=ADVANCED_FACE('',(#350),#164,.T.);
#3885=ADVANCED_FACE('',(#351),#165,.T.);
#3886=ADVANCED_FACE('',(#352),#166,.T.);
#3887=ADVANCED_FACE('',(#353),#167,.T.);
#3888=ADVANCED_FACE('',(#354),#168,.T.);
#3889=ADVANCED_FACE('',(#355),#169,.T.);
#3890=ADVANCED_FACE('',(#356),#170,.T.);
#3891=ADVANCED_FACE('',(#357),#171,.T.);
#3892=ADVANCED_FACE('',(#358),#172,.T.);
#3893=ADVANCED_FACE('',(#359),#173,.T.);
#3894=ADVANCED_FACE('',(#360),#174,.T.);
#3895=ADVANCED_FACE('',(#361),#175,.T.);
#3896=ADVANCED_FACE('',(#362),#176,.T.);
#3897=ADVANCED_FACE('',(#363),#177,.T.);
#3898=ADVANCED_FACE('',(#364),#178,.T.);
#3899=ADVANCED_FACE('',(#365),#179,.T.);
#3900=ADVANCED_FACE('',(#366),#180,.T.);
#3901=ADVANCED_FACE('',(#367),#181,.T.);
#3902=ADVANCED_FACE('',(#368),#182,.T.);
#3903=ADVANCED_FACE('',(#369),#183,.T.);
#3904=ADVANCED_FACE('',(#370),#184,.T.);
#3905=ADVANCED_FACE('',(#371),#185,.T.);
#3906=ADVANCED_FACE('',(#372),#186,.T.);
#3907=ADVANCED_FACE('',(#373),#187,.T.);
#3908=ADVANCED_FACE('',(#374),#188,.T.);
#3909=ADVANCED_FACE('',(#375),#189,.T.);
#3910=ADVANCED_FACE('',(#376),#190,.T.);
#3911=ADVANCED_FACE('',(#377),#191,.T.);
#3912=ADVANCED_FACE('',(#378),#192,.T.);
#3913=ADVANCED_FACE('',(#379),#193,.T.);
#3914=ADVANCED_FACE('',(#380),#194,.T.);
#3915=ADVANCED_FACE('',(#381),#195,.T.);
#3916=ADVANCED_FACE('',(#382),#196,.T.);
#3917=ADVANCED_FACE('',(#383),#197,.T.);
#3918=ADVANCED_FACE('',(#384),#198,.T.);
#3919=ADVANCED_FACE('',(#385),#199,.T.);
#3920=ADVANCED_FACE('',(#386),#200,.T.);
#3921=ADVANCED_FACE('',(#387),#201,.T.);
#3922=ADVANCED_FACE('',(#388),#202,.T.);
#3923=ADVANCED_FACE('',(#389),#203,.T.);
#3924=ADVANCED_FACE('',(#390),#204,.T.);
#3925=ADVANCED_FACE('',(#391),#205,.T.);
#3926=ADVANCED_FACE('',(#392),#206,.T.);
#3927=ADVANCED_FACE('',(#393),#207,.T.);
#3928=ADVANCED_FACE('',(#394),#208,.T.);
#3929=ADVANCED_FACE('',(#395),#209,.T.);
#3930=ADVANCED_FACE('',(#396),#210,.T.);
#3931=ADVANCED_FACE('',(#397),#211,.T.);
#3932=ADVANCED_FACE('',(#398),#212,.T.);
#3933=ADVANCED_FACE('',(#399),#213,.T.);
#3934=ADVANCED_FACE('',(#400),#214,.T.);
#3935=ADVANCED_FACE('',(#401),#215,.T.);
#3936=ADVANCED_FACE('',(#402),#216,.T.);
#3937=ADVANCED_FACE('',(#403),#217,.T.);
#3938=ADVANCED_FACE('',(#404),#218,.T.);
#3939=ADVANCED_FACE('',(#405),#219,.T.);
#3940=ADVANCED_FACE('',(#406),#220,.T.);
#3941=ADVANCED_FACE('',(#407),#221,.T.);
#3942=ADVANCED_FACE('',(#408),#222,.T.);
#3943=ADVANCED_FACE('',(#409),#223,.T.);
#3944=ADVANCED_FACE('',(#410),#224,.T.);
#3945=ADVANCED_FACE('',(#411),#225,.T.);
#3946=ADVANCED_FACE('',(#412),#226,.T.);
#3947=ADVANCED_FACE('',(#413),#227,.T.);
#3948=ADVANCED_FACE('',(#414),#228,.T.);
#3949=ADVANCED_FACE('',(#415),#229,.T.);
#3950=ADVANCED_FACE('',(#416),#230,.T.);
#3951=ADVANCED_FACE('',(#417),#231,.T.);
#3952=ADVANCED_FACE('',(#418),#232,.T.);
#3953=ADVANCED_FACE('',(#419),#233,.T.);
#3954=ADVANCED_FACE('',(#420,#36,#37,#38,#39,#40,#41,#42,#43,#44,#45,#46,
#47,#48,#49,#50,#51,#52,#53,#54,#55,#56),#234,.T.);
#3955=CLOSED_SHELL('',(#3769,#3770,#3771,#3772,#3773,#3774,#3775,#3776,
#3777,#3778,#3779,#3780,#3781,#3782,#3783,#3784,#3785,#3786,#3787,#3788,
#3789,#3790,#3791,#3792,#3793,#3794,#3795,#3796,#3797,#3798,#3799,#3800,
#3801,#3802,#3803,#3804,#3805,#3806,#3807,#3808,#3809,#3810,#3811,#3812,
#3813,#3814,#3815,#3816,#3817,#3818,#3819,#3820,#3821,#3822,#3823,#3824,
#3825,#3826,#3827,#3828,#3829,#3830,#3831,#3832,#3833,#3834,#3835,#3836,
#3837,#3838,#3839,#3840,#3841,#3842,#3843,#3844,#3845,#3846,#3847,#3848,
#3849,#3850,#3851,#3852,#3853,#3854,#3855,#3856,#3857,#3858,#3859,#3860,
#3861,#3862,#3863,#3864,#3865,#3866,#3867,#3868,#3869,#3870,#3871,#3872,
#3873,#3874,#3875,#3876,#3877,#3878,#3879,#3880,#3881,#3882,#3883,#3884,
#3885,#3886,#3887,#3888,#3889,#3890,#3891,#3892,#3893,#3894,#3895,#3896,
#3897,#3898,#3899,#3900,#3901,#3902,#3903,#3904,#3905,#3906,#3907,#3908,
#3909,#3910,#3911,#3912,#3913,#3914,#3915,#3916,#3917,#3918,#3919,#3920,
#3921,#3922,#3923,#3924,#3925,#3926,#3927,#3928,#3929,#3930,#3931,#3932,
#3933,#3934,#3935,#3936,#3937,#3938,#3939,#3940,#3941,#3942,#3943,#3944,
#3945,#3946,#3947,#3948,#3949,#3950,#3951,#3952,#3953,#3954));
#3956=DERIVED_UNIT_ELEMENT(#3958,1.);
#3957=DERIVED_UNIT_ELEMENT(#6225,-3.);
#3958=(
MASS_UNIT()
NAMED_UNIT(*)
SI_UNIT(.KILO.,.GRAM.)
);
#3959=DERIVED_UNIT((#3956,#3957));
#3960=MEASURE_REPRESENTATION_ITEM('density measure',
POSITIVE_RATIO_MEASURE(7850.),#3959);
#3961=PROPERTY_DEFINITION_REPRESENTATION(#3966,#3963);
#3962=PROPERTY_DEFINITION_REPRESENTATION(#3967,#3964);
#3963=REPRESENTATION('material name',(#3965),#6222);
#3964=REPRESENTATION('density',(#3960),#6222);
#3965=DESCRIPTIVE_REPRESENTATION_ITEM('\X2\92FC\X0\','\X2\92FC\X0\');
#3966=PROPERTY_DEFINITION('material property','material name',#6232);
#3967=PROPERTY_DEFINITION('material property','density of part',#6232);
#3968=AXIS2_PLACEMENT_3D('',#5113,#4171,#4172);
#3969=AXIS2_PLACEMENT_3D('',#5114,#4173,#4174);
#3970=AXIS2_PLACEMENT_3D('',#5117,#4175,#4176);
#3971=AXIS2_PLACEMENT_3D('',#5121,#4178,#4179);
#3972=AXIS2_PLACEMENT_3D('',#5123,#4181,#4182);
#3973=AXIS2_PLACEMENT_3D('',#5129,#4186,#4187);
#3974=AXIS2_PLACEMENT_3D('',#5131,#4188,#4189);
#3975=AXIS2_PLACEMENT_3D('',#5134,#4191,#4192);
#3976=AXIS2_PLACEMENT_3D('',#5135,#4193,#4194);
#3977=AXIS2_PLACEMENT_3D('',#5141,#4198,#4199);
#3978=AXIS2_PLACEMENT_3D('',#5144,#4200,#4201);
#3979=AXIS2_PLACEMENT_3D('',#5148,#4203,#4204);
#3980=AXIS2_PLACEMENT_3D('',#5150,#4206,#4207);
#3981=AXIS2_PLACEMENT_3D('',#5156,#4211,#4212);
#3982=AXIS2_PLACEMENT_3D('',#5160,#4214,#4215);
#3983=AXIS2_PLACEMENT_3D('',#5163,#4217,#4218);
#3984=AXIS2_PLACEMENT_3D('',#5167,#4220,#4221);
#3985=AXIS2_PLACEMENT_3D('',#5171,#4223,#4224);
#3986=AXIS2_PLACEMENT_3D('',#5174,#4226,#4227);
#3987=AXIS2_PLACEMENT_3D('',#5343,#4312,#4313);
#3988=AXIS2_PLACEMENT_3D('',#5346,#4314,#4315);
#3989=AXIS2_PLACEMENT_3D('',#5349,#4318,#4319);
#3990=AXIS2_PLACEMENT_3D('',#5353,#4322,#4323);
#3991=AXIS2_PLACEMENT_3D('',#5354,#4324,#4325);
#3992=AXIS2_PLACEMENT_3D('',#5355,#4326,#4327);
#3993=AXIS2_PLACEMENT_3D('',#5358,#4328,#4329);
#3994=AXIS2_PLACEMENT_3D('',#5361,#4332,#4333);
#3995=AXIS2_PLACEMENT_3D('',#5363,#4335,#4336);
#3996=AXIS2_PLACEMENT_3D('',#5365,#4337,#4338);
#3997=AXIS2_PLACEMENT_3D('',#5367,#4340,#4341);
#3998=AXIS2_PLACEMENT_3D('',#5371,#4344,#4345);
#3999=AXIS2_PLACEMENT_3D('',#5373,#4346,#4347);
#4000=AXIS2_PLACEMENT_3D('',#5375,#4349,#4350);
#4001=AXIS2_PLACEMENT_3D('',#5381,#4354,#4355);
#4002=AXIS2_PLACEMENT_3D('',#5387,#4359,#4360);
#4003=AXIS2_PLACEMENT_3D('',#5397,#4366,#4367);
#4004=AXIS2_PLACEMENT_3D('',#5401,#4370,#4371);
#4005=AXIS2_PLACEMENT_3D('',#5407,#4375,#4376);
#4006=AXIS2_PLACEMENT_3D('',#5413,#4380,#4381);
#4007=AXIS2_PLACEMENT_3D('',#5423,#4387,#4388);
#4008=AXIS2_PLACEMENT_3D('',#5429,#4392,#4393);
#4009=AXIS2_PLACEMENT_3D('',#5435,#4397,#4398);
#4010=AXIS2_PLACEMENT_3D('',#5441,#4402,#4403);
#4011=AXIS2_PLACEMENT_3D('',#5447,#4407,#4408);
#4012=AXIS2_PLACEMENT_3D('',#5453,#4412,#4413);
#4013=AXIS2_PLACEMENT_3D('',#5459,#4417,#4418);
#4014=AXIS2_PLACEMENT_3D('',#5469,#4424,#4425);
#4015=AXIS2_PLACEMENT_3D('',#5473,#4428,#4429);
#4016=AXIS2_PLACEMENT_3D('',#5479,#4433,#4434);
#4017=AXIS2_PLACEMENT_3D('',#5485,#4438,#4439);
#4018=AXIS2_PLACEMENT_3D('',#5491,#4443,#4444);
#4019=AXIS2_PLACEMENT_3D('',#5497,#4448,#4449);
#4020=AXIS2_PLACEMENT_3D('',#5503,#4453,#4454);
#4021=AXIS2_PLACEMENT_3D('',#5509,#4458,#4459);
#4022=AXIS2_PLACEMENT_3D('',#5515,#4463,#4464);
#4023=AXIS2_PLACEMENT_3D('',#5521,#4468,#4469);
#4024=AXIS2_PLACEMENT_3D('',#5527,#4473,#4474);
#4025=AXIS2_PLACEMENT_3D('',#5533,#4478,#4479);
#4026=AXIS2_PLACEMENT_3D('',#5539,#4483,#4484);
#4027=AXIS2_PLACEMENT_3D('',#5545,#4488,#4489);
#4028=AXIS2_PLACEMENT_3D('',#5555,#4495,#4496);
#4029=AXIS2_PLACEMENT_3D('',#5561,#4500,#4501);
#4030=AXIS2_PLACEMENT_3D('',#5567,#4505,#4506);
#4031=AXIS2_PLACEMENT_3D('',#5573,#4510,#4511);
#4032=AXIS2_PLACEMENT_3D('',#5579,#4515,#4516);
#4033=AXIS2_PLACEMENT_3D('',#5585,#4520,#4521);
#4034=AXIS2_PLACEMENT_3D('',#5591,#4525,#4526);
#4035=AXIS2_PLACEMENT_3D('',#5601,#4532,#4533);
#4036=AXIS2_PLACEMENT_3D('',#5605,#4536,#4537);
#4037=AXIS2_PLACEMENT_3D('',#5611,#4541,#4542);
#4038=AXIS2_PLACEMENT_3D('',#5617,#4546,#4547);
#4039=AXIS2_PLACEMENT_3D('',#5623,#4551,#4552);
#4040=AXIS2_PLACEMENT_3D('',#5629,#4556,#4557);
#4041=AXIS2_PLACEMENT_3D('',#5635,#4561,#4562);
#4042=AXIS2_PLACEMENT_3D('',#5641,#4566,#4567);
#4043=AXIS2_PLACEMENT_3D('',#5651,#4573,#4574);
#4044=AXIS2_PLACEMENT_3D('',#5655,#4577,#4578);
#4045=AXIS2_PLACEMENT_3D('',#5661,#4582,#4583);
#4046=AXIS2_PLACEMENT_3D('',#5667,#4587,#4588);
#4047=AXIS2_PLACEMENT_3D('',#5673,#4592,#4593);
#4048=AXIS2_PLACEMENT_3D('',#5679,#4597,#4598);
#4049=AXIS2_PLACEMENT_3D('',#5685,#4602,#4603);
#4050=AXIS2_PLACEMENT_3D('',#5691,#4607,#4608);
#4051=AXIS2_PLACEMENT_3D('',#5701,#4614,#4615);
#4052=AXIS2_PLACEMENT_3D('',#5705,#4618,#4619);
#4053=AXIS2_PLACEMENT_3D('',#5711,#4623,#4624);
#4054=AXIS2_PLACEMENT_3D('',#5717,#4628,#4629);
#4055=AXIS2_PLACEMENT_3D('',#5727,#4635,#4636);
#4056=AXIS2_PLACEMENT_3D('',#5731,#4639,#4640);
#4057=AXIS2_PLACEMENT_3D('',#5735,#4643,#4644);
#4058=AXIS2_PLACEMENT_3D('',#5739,#4647,#4648);
#4059=AXIS2_PLACEMENT_3D('',#5743,#4651,#4652);
#4060=AXIS2_PLACEMENT_3D('',#5747,#4655,#4656);
#4061=AXIS2_PLACEMENT_3D('',#5751,#4659,#4660);
#4062=AXIS2_PLACEMENT_3D('',#5757,#4664,#4665);
#4063=AXIS2_PLACEMENT_3D('',#5759,#4667,#4668);
#4064=AXIS2_PLACEMENT_3D('',#5765,#4672,#4673);
#4065=AXIS2_PLACEMENT_3D('',#5771,#4677,#4678);
#4066=AXIS2_PLACEMENT_3D('',#5777,#4682,#4683);
#4067=AXIS2_PLACEMENT_3D('',#5781,#4686,#4687);
#4068=AXIS2_PLACEMENT_3D('',#5787,#4691,#4692);
#4069=AXIS2_PLACEMENT_3D('',#5793,#4696,#4697);
#4070=AXIS2_PLACEMENT_3D('',#5799,#4701,#4702);
#4071=AXIS2_PLACEMENT_3D('',#5803,#4705,#4706);
#4072=AXIS2_PLACEMENT_3D('',#5807,#4709,#4710);
#4073=AXIS2_PLACEMENT_3D('',#5811,#4713,#4714);
#4074=AXIS2_PLACEMENT_3D('',#5817,#4718,#4719);
#4075=AXIS2_PLACEMENT_3D('',#5823,#4723,#4724);
#4076=AXIS2_PLACEMENT_3D('',#5829,#4728,#4729);
#4077=AXIS2_PLACEMENT_3D('',#5833,#4732,#4733);
#4078=AXIS2_PLACEMENT_3D('',#5839,#4737,#4738);
#4079=AXIS2_PLACEMENT_3D('',#5845,#4742,#4743);
#4080=AXIS2_PLACEMENT_3D('',#5851,#4747,#4748);
#4081=AXIS2_PLACEMENT_3D('',#5855,#4751,#4752);
#4082=AXIS2_PLACEMENT_3D('',#5861,#4756,#4757);
#4083=AXIS2_PLACEMENT_3D('',#5867,#4761,#4762);
#4084=AXIS2_PLACEMENT_3D('',#5873,#4766,#4767);
#4085=AXIS2_PLACEMENT_3D('',#5877,#4770,#4771);
#4086=AXIS2_PLACEMENT_3D('',#5883,#4775,#4776);
#4087=AXIS2_PLACEMENT_3D('',#5889,#4780,#4781);
#4088=AXIS2_PLACEMENT_3D('',#5895,#4785,#4786);
#4089=AXIS2_PLACEMENT_3D('',#5899,#4789,#4790);
#4090=AXIS2_PLACEMENT_3D('',#5905,#4794,#4795);
#4091=AXIS2_PLACEMENT_3D('',#5911,#4799,#4800);
#4092=AXIS2_PLACEMENT_3D('',#5917,#4804,#4805);
#4093=AXIS2_PLACEMENT_3D('',#5921,#4808,#4809);
#4094=AXIS2_PLACEMENT_3D('',#5925,#4812,#4813);
#4095=AXIS2_PLACEMENT_3D('',#5931,#4817,#4818);
#4096=AXIS2_PLACEMENT_3D('',#5937,#4822,#4823);
#4097=AXIS2_PLACEMENT_3D('',#5943,#4827,#4828);
#4098=AXIS2_PLACEMENT_3D('',#5949,#4832,#4833);
#4099=AXIS2_PLACEMENT_3D('',#5955,#4837,#4838);
#4100=AXIS2_PLACEMENT_3D('',#5961,#4842,#4843);
#4101=AXIS2_PLACEMENT_3D('',#5965,#4846,#4847);
#4102=AXIS2_PLACEMENT_3D('',#5969,#4850,#4851);
#4103=AXIS2_PLACEMENT_3D('',#5973,#4854,#4855);
#4104=AXIS2_PLACEMENT_3D('',#5979,#4859,#4860);
#4105=AXIS2_PLACEMENT_3D('',#5985,#4864,#4865);
#4106=AXIS2_PLACEMENT_3D('',#5991,#4869,#4870);
#4107=AXIS2_PLACEMENT_3D('',#5995,#4873,#4874);
#4108=AXIS2_PLACEMENT_3D('',#6001,#4878,#4879);
#4109=AXIS2_PLACEMENT_3D('',#6007,#4883,#4884);
#4110=AXIS2_PLACEMENT_3D('',#6013,#4888,#4889);
#4111=AXIS2_PLACEMENT_3D('',#6017,#4892,#4893);
#4112=AXIS2_PLACEMENT_3D('',#6021,#4896,#4897);
#4113=AXIS2_PLACEMENT_3D('',#6025,#4900,#4901);
#4114=AXIS2_PLACEMENT_3D('',#6031,#4905,#4906);
#4115=AXIS2_PLACEMENT_3D('',#6037,#4910,#4911);
#4116=AXIS2_PLACEMENT_3D('',#6043,#4915,#4916);
#4117=AXIS2_PLACEMENT_3D('',#6047,#4919,#4920);
#4118=AXIS2_PLACEMENT_3D('',#6053,#4924,#4925);
#4119=AXIS2_PLACEMENT_3D('',#6059,#4929,#4930);
#4120=AXIS2_PLACEMENT_3D('',#6065,#4934,#4935);
#4121=AXIS2_PLACEMENT_3D('',#6069,#4938,#4939);
#4122=AXIS2_PLACEMENT_3D('',#6073,#4942,#4943);
#4123=AXIS2_PLACEMENT_3D('',#6077,#4946,#4947);
#4124=AXIS2_PLACEMENT_3D('',#6081,#4950,#4951);
#4125=AXIS2_PLACEMENT_3D('',#6085,#4954,#4955);
#4126=AXIS2_PLACEMENT_3D('',#6089,#4958,#4959);
#4127=AXIS2_PLACEMENT_3D('',#6093,#4962,#4963);
#4128=AXIS2_PLACEMENT_3D('',#6097,#4966,#4967);
#4129=AXIS2_PLACEMENT_3D('',#6099,#4969,#4970);
#4130=AXIS2_PLACEMENT_3D('',#6103,#4973,#4974);
#4131=AXIS2_PLACEMENT_3D('',#6105,#4976,#4977);
#4132=AXIS2_PLACEMENT_3D('',#6109,#4980,#4981);
#4133=AXIS2_PLACEMENT_3D('',#6111,#4983,#4984);
#4134=AXIS2_PLACEMENT_3D('',#6115,#4987,#4988);
#4135=AXIS2_PLACEMENT_3D('',#6117,#4990,#4991);
#4136=AXIS2_PLACEMENT_3D('',#6121,#4994,#4995);
#4137=AXIS2_PLACEMENT_3D('',#6123,#4997,#4998);
#4138=AXIS2_PLACEMENT_3D('',#6127,#5001,#5002);
#4139=AXIS2_PLACEMENT_3D('',#6129,#5004,#5005);
#4140=AXIS2_PLACEMENT_3D('',#6133,#5008,#5009);
#4141=AXIS2_PLACEMENT_3D('',#6135,#5011,#5012);
#4142=AXIS2_PLACEMENT_3D('',#6139,#5015,#5016);
#4143=AXIS2_PLACEMENT_3D('',#6141,#5018,#5019);
#4144=AXIS2_PLACEMENT_3D('',#6143,#5021,#5022);
#4145=AXIS2_PLACEMENT_3D('',#6147,#5025,#5026);
#4146=AXIS2_PLACEMENT_3D('',#6149,#5028,#5029);
#4147=AXIS2_PLACEMENT_3D('',#6153,#5032,#5033);
#4148=AXIS2_PLACEMENT_3D('',#6155,#5035,#5036);
#4149=AXIS2_PLACEMENT_3D('',#6159,#5039,#5040);
#4150=AXIS2_PLACEMENT_3D('',#6161,#5042,#5043);
#4151=AXIS2_PLACEMENT_3D('',#6165,#5046,#5047);
#4152=AXIS2_PLACEMENT_3D('',#6167,#5049,#5050);
#4153=AXIS2_PLACEMENT_3D('',#6169,#5052,#5053);
#4154=AXIS2_PLACEMENT_3D('',#6173,#5056,#5057);
#4155=AXIS2_PLACEMENT_3D('',#6175,#5059,#5060);
#4156=AXIS2_PLACEMENT_3D('',#6179,#5063,#5064);
#4157=AXIS2_PLACEMENT_3D('',#6183,#5067,#5068);
#4158=AXIS2_PLACEMENT_3D('',#6185,#5070,#5071);
#4159=AXIS2_PLACEMENT_3D('',#6189,#5074,#5075);
#4160=AXIS2_PLACEMENT_3D('',#6193,#5078,#5079);
#4161=AXIS2_PLACEMENT_3D('',#6195,#5081,#5082);
#4162=AXIS2_PLACEMENT_3D('',#6199,#5085,#5086);
#4163=AXIS2_PLACEMENT_3D('',#6203,#5089,#5090);
#4164=AXIS2_PLACEMENT_3D('',#6205,#5092,#5093);
#4165=AXIS2_PLACEMENT_3D('',#6209,#5096,#5097);
#4166=AXIS2_PLACEMENT_3D('',#6211,#5099,#5100);
#4167=AXIS2_PLACEMENT_3D('',#6213,#5102,#5103);
#4168=AXIS2_PLACEMENT_3D('',#6215,#5105,#5106);
#4169=AXIS2_PLACEMENT_3D('',#6217,#5108,#5109);
#4170=AXIS2_PLACEMENT_3D('',#6219,#5111,#5112);
#4171=DIRECTION('axis',(0.,0.,1.));
#4172=DIRECTION('refdir',(1.,0.,0.));
#4173=DIRECTION('center_axis',(0.,0.,-1.));
#4174=DIRECTION('ref_axis',(0.707106781186548,0.707106781186548,0.));
#4175=DIRECTION('center_axis',(0.,0.,1.));
#4176=DIRECTION('ref_axis',(0.707106781186548,0.707106781186548,0.));
#4177=DIRECTION('',(0.,0.,-1.));
#4178=DIRECTION('center_axis',(0.,0.,-1.));
#4179=DIRECTION('ref_axis',(0.707106781186548,0.707106781186548,0.));
#4180=DIRECTION('',(0.,0.,1.));
#4181=DIRECTION('center_axis',(0.,-1.,0.));
#4182=DIRECTION('ref_axis',(-1.,0.,0.));
#4183=DIRECTION('',(1.,0.,0.));
#4184=DIRECTION('',(0.,0.,1.));
#4185=DIRECTION('',(-1.,0.,0.));
#4186=DIRECTION('center_axis',(0.,0.,-1.));
#4187=DIRECTION('ref_axis',(-0.707106781186546,0.707106781186549,0.));
#4188=DIRECTION('center_axis',(0.,0.,1.));
#4189=DIRECTION('ref_axis',(-0.707106781186546,0.707106781186549,0.));
#4190=DIRECTION('',(0.,0.,-1.));
#4191=DIRECTION('center_axis',(0.,0.,-1.));
#4192=DIRECTION('ref_axis',(-0.707106781186546,0.707106781186549,0.));
#4193=DIRECTION('center_axis',(1.,0.,0.));
#4194=DIRECTION('ref_axis',(0.,-1.,0.));
#4195=DIRECTION('',(0.,1.,0.));
#4196=DIRECTION('',(0.,0.,1.));
#4197=DIRECTION('',(0.,-1.,0.));
#4198=DIRECTION('center_axis',(0.,0.,-1.));
#4199=DIRECTION('ref_axis',(-0.707106781186547,0.707106781186547,0.));
#4200=DIRECTION('center_axis',(0.,0.,1.));
#4201=DIRECTION('ref_axis',(-0.707106781186547,0.707106781186547,0.));
#4202=DIRECTION('',(0.,0.,1.));
#4203=DIRECTION('center_axis',(0.,0.,-1.));
#4204=DIRECTION('ref_axis',(-0.707106781186547,0.707106781186547,0.));
#4205=DIRECTION('',(0.,0.,-1.));
#4206=DIRECTION('center_axis',(0.,1.,0.));
#4207=DIRECTION('ref_axis',(1.,0.,0.));
#4208=DIRECTION('',(-1.,0.,0.));
#4209=DIRECTION('',(0.,0.,1.));
#4210=DIRECTION('',(1.,0.,0.));
#4211=DIRECTION('center_axis',(0.,0.,1.));
#4212=DIRECTION('ref_axis',(1.,0.,0.));
#4213=DIRECTION('',(-5.88684950919718E-16,-1.,0.));
#4214=DIRECTION('center_axis',(0.,0.,-1.));
#4215=DIRECTION('ref_axis',(-0.707106781186549,-0.707106781186546,0.));
#4216=DIRECTION('',(1.,-3.72401853123742E-16,0.));
#4217=DIRECTION('center_axis',(0.,0.,-1.));
#4218=DIRECTION('ref_axis',(0.707106781186547,-0.707106781186547,0.));
#4219=DIRECTION('',(0.,-1.,0.));
#4220=DIRECTION('center_axis',(0.,0.,-1.));
#4221=DIRECTION('ref_axis',(-0.707106781186547,-0.707106781186548,0.));
#4222=DIRECTION('',(1.,0.,0.));
#4223=DIRECTION('center_axis',(0.,0.,-1.));
#4224=DIRECTION('ref_axis',(0.707106781186547,-0.707106781186548,0.));
#4225=DIRECTION('',(-9.81141584866197E-17,1.,0.));
#4226=DIRECTION('center_axis',(0.,0.,-1.));
#4227=DIRECTION('ref_axis',(0.707106781186548,0.707106781186548,0.));
#4228=DIRECTION('',(1.,0.,0.));
#4229=DIRECTION('',(7.8739221604621E-17,-1.,0.));
#4230=DIRECTION('',(-1.,0.,0.));
#4231=DIRECTION('',(-7.8739221604621E-17,-1.,0.));
#4232=DIRECTION('',(-1.,0.,0.));
#4233=DIRECTION('',(-7.8739221604621E-17,-1.,0.));
#4234=DIRECTION('',(1.,0.,0.));
#4235=DIRECTION('',(7.8739221604621E-17,-1.,0.));
#4236=DIRECTION('',(-1.,-1.7239487960018E-17,0.));
#4237=DIRECTION('',(0.,-1.,0.));
#4238=DIRECTION('',(1.,0.,0.));
#4239=DIRECTION('',(-1.8897413185109E-15,-1.,0.));
#4240=DIRECTION('',(-1.,0.,0.));
#4241=DIRECTION('',(1.25982754567394E-15,-1.,0.));
#4242=DIRECTION('',(1.,-1.65499084416172E-15,0.));
#4243=DIRECTION('',(-2.51965509134788E-15,-1.,0.));
#4244=DIRECTION('',(-1.,0.,0.));
#4245=DIRECTION('',(1.25982754567394E-15,-1.,0.));
#4246=DIRECTION('',(1.,-1.65499084416172E-15,0.));
#4247=DIRECTION('',(-2.51965509134788E-15,-1.,0.));
#4248=DIRECTION('',(-1.,0.,0.));
#4249=DIRECTION('',(1.25982754567394E-15,-1.,0.));
#4250=DIRECTION('',(1.,-1.65499084416172E-15,0.));
#4251=DIRECTION('',(-2.51965509134788E-15,-1.,0.));
#4252=DIRECTION('',(-1.,0.,0.));
#4253=DIRECTION('',(0.,-1.,0.));
#4254=DIRECTION('',(1.,0.,0.));
#4255=DIRECTION('',(-1.8897413185109E-15,-1.,0.));
#4256=DIRECTION('',(1.,0.,0.));
#4257=DIRECTION('',(7.8739221604621E-17,-1.,0.));
#4258=DIRECTION('',(-1.,0.,0.));
#4259=DIRECTION('',(-7.8739221604621E-17,-1.,0.));
#4260=DIRECTION('',(-1.,0.,0.));
#4261=DIRECTION('',(3.14956886418484E-16,-1.,0.));
#4262=DIRECTION('',(1.,0.,0.));
#4263=DIRECTION('',(-3.14956886418484E-16,-1.,0.));
#4264=DIRECTION('',(-1.,0.,0.));
#4265=DIRECTION('',(3.14956886418484E-16,-1.,0.));
#4266=DIRECTION('',(1.,0.,0.));
#4267=DIRECTION('',(-3.14956886418484E-16,-1.,0.));
#4268=DIRECTION('',(-1.,0.,0.));
#4269=DIRECTION('',(3.14956886418484E-16,-1.,0.));
#4270=DIRECTION('',(1.,0.,0.));
#4271=DIRECTION('',(-3.14956886418484E-16,-1.,0.));
#4272=DIRECTION('',(-1.,-3.44789759200359E-17,0.));
#4273=DIRECTION('',(-1.8897413185109E-15,-1.,0.));
#4274=DIRECTION('',(1.,-2.75831807360287E-16,0.));
#4275=DIRECTION('',(-6.29913772836968E-16,-1.,0.));
#4276=DIRECTION('',(1.,0.,0.));
#4277=DIRECTION('',(7.8739221604621E-17,-1.,0.));
#4278=DIRECTION('',(-1.,0.,0.));
#4279=DIRECTION('',(-7.8739221604621E-17,-1.,0.));
#4280=DIRECTION('',(-1.,0.,0.));
#4281=DIRECTION('',(0.,-1.,0.));
#4282=DIRECTION('',(1.,0.,0.));
#4283=DIRECTION('',(0.,-1.,0.));
#4284=DIRECTION('',(-1.8897413185109E-15,-1.,0.));
#4285=DIRECTION('',(1.,-2.75831807360287E-16,0.));
#4286=DIRECTION('',(-6.29913772836968E-16,-1.,0.));
#4287=DIRECTION('',(-1.,0.,0.));
#4288=DIRECTION('',(-1.,0.,0.));
#4289=DIRECTION('',(3.14956886418484E-16,-1.,0.));
#4290=DIRECTION('',(1.,0.,0.));
#4291=DIRECTION('',(-3.14956886418484E-16,-1.,0.));
#4292=DIRECTION('',(-1.,0.,0.));
#4293=DIRECTION('',(0.,-1.,0.));
#4294=DIRECTION('',(1.,0.,0.));
#4295=DIRECTION('',(-1.8897413185109E-15,-1.,0.));
#4296=DIRECTION('',(-1.,0.,0.));
#4297=DIRECTION('',(1.25982754567394E-15,-1.,0.));
#4298=DIRECTION('',(1.,-1.65499084416172E-15,0.));
#4299=DIRECTION('',(-2.51965509134788E-15,-1.,0.));
#4300=DIRECTION('',(-1.,0.,0.));
#4301=DIRECTION('',(0.,-1.,0.));
#4302=DIRECTION('',(1.,0.,0.));
#4303=DIRECTION('',(0.,-1.,0.));
#4304=DIRECTION('',(-1.8897413185109E-15,-1.,0.));
#4305=DIRECTION('',(1.,-2.75831807360287E-16,0.));
#4306=DIRECTION('',(-6.29913772836968E-16,-1.,0.));
#4307=DIRECTION('',(-1.,0.,0.));
#4308=DIRECTION('',(-1.,0.,0.));
#4309=DIRECTION('',(0.,-1.,0.));
#4310=DIRECTION('',(1.,0.,0.));
#4311=DIRECTION('',(0.,-1.,0.));
#4312=DIRECTION('center_axis',(0.,0.,-1.));
#4313=DIRECTION('ref_axis',(-0.707106781186549,-0.707106781186546,0.));
#4314=DIRECTION('center_axis',(0.,0.,1.));
#4315=DIRECTION('ref_axis',(-0.707106781186549,-0.707106781186546,0.));
#4316=DIRECTION('',(0.,0.,1.));
#4317=DIRECTION('',(0.,0.,-1.));
#4318=DIRECTION('center_axis',(-3.72401853123742E-16,-1.,0.));
#4319=DIRECTION('ref_axis',(-1.,3.72401853123742E-16,0.));
#4320=DIRECTION('',(-1.,3.72401853123742E-16,0.));
#4321=DIRECTION('',(0.,0.,-1.));
#4322=DIRECTION('center_axis',(0.,0.,-1.));
#4323=DIRECTION('ref_axis',(0.707106781186547,-0.707106781186547,0.));
#4324=DIRECTION('center_axis',(0.,0.,1.));
#4325=DIRECTION('ref_axis',(0.707106781186547,-0.707106781186547,0.));
#4326=DIRECTION('center_axis',(0.,0.,-1.));
#4327=DIRECTION('ref_axis',(-0.707106781186547,-0.707106781186548,0.));
#4328=DIRECTION('center_axis',(0.,0.,1.));
#4329=DIRECTION('ref_axis',(-0.707106781186547,-0.707106781186548,0.));
#4330=DIRECTION('',(0.,0.,1.));
#4331=DIRECTION('',(0.,0.,-1.));
#4332=DIRECTION('center_axis',(-1.,0.,0.));
#4333=DIRECTION('ref_axis',(0.,1.,0.));
#4334=DIRECTION('',(0.,1.,0.));
#4335=DIRECTION('center_axis',(0.,0.,-1.));
#4336=DIRECTION('ref_axis',(0.707106781186548,0.707106781186548,0.));
#4337=DIRECTION('center_axis',(0.,0.,1.));
#4338=DIRECTION('ref_axis',(0.707106781186548,0.707106781186548,0.));
#4339=DIRECTION('',(0.,0.,-1.));
#4340=DIRECTION('center_axis',(1.,9.81141584866197E-17,0.));
#4341=DIRECTION('ref_axis',(9.81141584866197E-17,-1.,0.));
#4342=DIRECTION('',(0.,0.,1.));
#4343=DIRECTION('',(9.81141584866197E-17,-1.,0.));
#4344=DIRECTION('center_axis',(0.,0.,-1.));
#4345=DIRECTION('ref_axis',(0.707106781186547,-0.707106781186548,0.));
#4346=DIRECTION('center_axis',(0.,0.,1.));
#4347=DIRECTION('ref_axis',(0.707106781186547,-0.707106781186548,0.));
#4348=DIRECTION('',(0.,0.,-1.));
#4349=DIRECTION('center_axis',(-1.,-7.8739221604621E-17,0.));
#4350=DIRECTION('ref_axis',(-7.8739221604621E-17,1.,0.));
#4351=DIRECTION('',(0.,0.,1.));
#4352=DIRECTION('',(-7.8739221604621E-17,1.,0.));
#4353=DIRECTION('',(0.,0.,-1.));
#4354=DIRECTION('center_axis',(0.,0.,-1.));
#4355=DIRECTION('ref_axis',(-1.,0.,0.));
#4356=DIRECTION('',(-1.,0.,0.));
#4357=DIRECTION('',(0.,1.,0.));
#4358=DIRECTION('',(1.,0.,0.));
#4359=DIRECTION('center_axis',(0.,1.,0.));
#4360=DIRECTION('ref_axis',(1.,0.,0.));
#4361=DIRECTION('',(0.,0.,-1.));
#4362=DIRECTION('',(1.,0.,0.));
#4363=DIRECTION('',(0.,0.,-1.));
#4364=DIRECTION('',(1.,0.,0.));
#4365=DIRECTION('',(0.,0.,1.));
#4366=DIRECTION('center_axis',(-1.,0.,0.));
#4367=DIRECTION('ref_axis',(0.,1.,0.));
#4368=DIRECTION('',(0.,0.,-1.));
#4369=DIRECTION('',(0.,1.,0.));
#4370=DIRECTION('center_axis',(1.,-7.8739221604621E-17,0.));
#4371=DIRECTION('ref_axis',(-7.8739221604621E-17,-1.,0.));
#4372=DIRECTION('',(0.,0.,1.));
#4373=DIRECTION('',(-7.8739221604621E-17,-1.,0.));
#4374=DIRECTION('',(0.,0.,-1.));
#4375=DIRECTION('center_axis',(0.,0.,-1.));
#4376=DIRECTION('ref_axis',(-1.,0.,0.));
#4377=DIRECTION('',(0.,-1.,0.));
#4378=DIRECTION('',(-1.,0.,0.));
#4379=DIRECTION('',(1.,0.,0.));
#4380=DIRECTION('center_axis',(0.,-1.,0.));
#4381=DIRECTION('ref_axis',(-1.,0.,0.));
#4382=DIRECTION('',(0.,0.,-1.));
#4383=DIRECTION('',(-1.,0.,0.));
#4384=DIRECTION('',(0.,0.,-1.));
#4385=DIRECTION('',(-1.,0.,0.));
#4386=DIRECTION('',(0.,0.,1.));
#4387=DIRECTION('center_axis',(1.,3.14956886418484E-16,0.));
#4388=DIRECTION('ref_axis',(3.14956886418484E-16,-1.,0.));
#4389=DIRECTION('',(0.,0.,1.));
#4390=DIRECTION('',(3.14956886418484E-16,-1.,0.));
#4391=DIRECTION('',(0.,0.,-1.));
#4392=DIRECTION('center_axis',(0.,0.,-1.));
#4393=DIRECTION('ref_axis',(-1.,0.,0.));
#4394=DIRECTION('',(-1.,0.,0.));
#4395=DIRECTION('',(1.,0.,0.));
#4396=DIRECTION('',(0.,-1.,0.));
#4397=DIRECTION('center_axis',(1.,3.14956886418484E-16,0.));
#4398=DIRECTION('ref_axis',(3.14956886418484E-16,-1.,0.));
#4399=DIRECTION('',(0.,0.,1.));
#4400=DIRECTION('',(3.14956886418484E-16,-1.,0.));
#4401=DIRECTION('',(0.,0.,-1.));
#4402=DIRECTION('center_axis',(0.,0.,-1.));
#4403=DIRECTION('ref_axis',(-1.,0.,0.));
#4404=DIRECTION('',(-1.,0.,0.));
#4405=DIRECTION('',(1.,0.,0.));
#4406=DIRECTION('',(0.,-1.,0.));
#4407=DIRECTION('center_axis',(-1.,0.,0.));
#4408=DIRECTION('ref_axis',(0.,1.,0.));
#4409=DIRECTION('',(0.,0.,1.));
#4410=DIRECTION('',(0.,1.,0.));
#4411=DIRECTION('',(0.,0.,-1.));
#4412=DIRECTION('center_axis',(0.,0.,-1.));
#4413=DIRECTION('ref_axis',(-1.,0.,0.));
#4414=DIRECTION('',(-1.,0.,0.));
#4415=DIRECTION('',(0.,1.,0.));
#4416=DIRECTION('',(1.,0.,0.));
#4417=DIRECTION('center_axis',(0.,1.,0.));
#4418=DIRECTION('ref_axis',(1.,0.,0.));
#4419=DIRECTION('',(0.,0.,-1.));
#4420=DIRECTION('',(1.,0.,0.));
#4421=DIRECTION('',(0.,0.,-1.));
#4422=DIRECTION('',(1.,0.,0.));
#4423=DIRECTION('',(0.,0.,1.));
#4424=DIRECTION('center_axis',(-1.,0.,0.));
#4425=DIRECTION('ref_axis',(0.,1.,0.));
#4426=DIRECTION('',(0.,0.,-1.));
#4427=DIRECTION('',(0.,1.,0.));
#4428=DIRECTION('center_axis',(1.,0.,0.));
#4429=DIRECTION('ref_axis',(0.,-1.,0.));
#4430=DIRECTION('',(0.,0.,1.));
#4431=DIRECTION('',(0.,-1.,0.));
#4432=DIRECTION('',(0.,0.,-1.));
#4433=DIRECTION('center_axis',(0.,0.,-1.));
#4434=DIRECTION('ref_axis',(-1.,0.,0.));
#4435=DIRECTION('',(-1.,0.,0.));
#4436=DIRECTION('',(1.,0.,0.));
#4437=DIRECTION('',(0.,-1.,0.));
#4438=DIRECTION('center_axis',(1.,-1.8897413185109E-15,0.));
#4439=DIRECTION('ref_axis',(-1.8897413185109E-15,-1.,0.));
#4440=DIRECTION('',(0.,0.,1.));
#4441=DIRECTION('',(-1.8897413185109E-15,-1.,0.));
#4442=DIRECTION('',(0.,0.,-1.));
#4443=DIRECTION('center_axis',(0.,0.,-1.));
#4444=DIRECTION('ref_axis',(-1.,0.,0.));
#4445=DIRECTION('',(-1.,2.75831807360287E-16,0.));
#4446=DIRECTION('',(1.,0.,0.));
#4447=DIRECTION('',(0.,-1.,0.));
#4448=DIRECTION('center_axis',(1.,0.,0.));
#4449=DIRECTION('ref_axis',(0.,-1.,0.));
#4450=DIRECTION('',(0.,0.,1.));
#4451=DIRECTION('',(0.,-1.,0.));
#4452=DIRECTION('',(0.,0.,-1.));
#4453=DIRECTION('center_axis',(0.,0.,-1.));
#4454=DIRECTION('ref_axis',(-1.,0.,0.));
#4455=DIRECTION('',(-1.,0.,0.));
#4456=DIRECTION('',(1.,0.,0.));
#4457=DIRECTION('',(0.,-1.,0.));
#4458=DIRECTION('center_axis',(1.,0.,0.));
#4459=DIRECTION('ref_axis',(0.,-1.,0.));
#4460=DIRECTION('',(0.,0.,1.));
#4461=DIRECTION('',(0.,-1.,0.));
#4462=DIRECTION('',(0.,0.,-1.));
#4463=DIRECTION('center_axis',(0.,0.,-1.));
#4464=DIRECTION('ref_axis',(-1.,0.,0.));
#4465=DIRECTION('',(-1.,0.,0.));
#4466=DIRECTION('',(1.,0.,0.));
#4467=DIRECTION('',(0.,-1.,0.));
#4468=DIRECTION('center_axis',(1.,1.25982754567394E-15,0.));
#4469=DIRECTION('ref_axis',(1.25982754567394E-15,-1.,0.));
#4470=DIRECTION('',(0.,0.,1.));
#4471=DIRECTION('',(1.25982754567394E-15,-1.,0.));
#4472=DIRECTION('',(0.,0.,-1.));
#4473=DIRECTION('center_axis',(0.,0.,-1.));
#4474=DIRECTION('ref_axis',(-1.,0.,0.));
#4475=DIRECTION('',(-1.,1.65499084416172E-15,0.));
#4476=DIRECTION('',(1.,0.,0.));
#4477=DIRECTION('',(0.,-1.,0.));
#4478=DIRECTION('center_axis',(-1.,2.51965509134788E-15,0.));
#4479=DIRECTION('ref_axis',(2.51965509134788E-15,1.,0.));
#4480=DIRECTION('',(0.,0.,1.));
#4481=DIRECTION('',(2.51965509134788E-15,1.,0.));
#4482=DIRECTION('',(0.,0.,-1.));
#4483=DIRECTION('center_axis',(0.,0.,-1.));
#4484=DIRECTION('ref_axis',(-1.,0.,0.));
#4485=DIRECTION('',(0.,1.,0.));
#4486=DIRECTION('',(1.,0.,0.));
#4487=DIRECTION('',(-1.,1.65499084416172E-15,0.));
#4488=DIRECTION('center_axis',(0.,1.,0.));
#4489=DIRECTION('ref_axis',(1.,0.,0.));
#4490=DIRECTION('',(0.,0.,-1.));
#4491=DIRECTION('',(1.,0.,0.));
#4492=DIRECTION('',(0.,0.,-1.));
#4493=DIRECTION('',(1.,0.,0.));
#4494=DIRECTION('',(0.,0.,1.));
#4495=DIRECTION('center_axis',(1.,1.25982754567394E-15,0.));
#4496=DIRECTION('ref_axis',(1.25982754567394E-15,-1.,0.));
#4497=DIRECTION('',(0.,0.,1.));
#4498=DIRECTION('',(1.25982754567394E-15,-1.,0.));
#4499=DIRECTION('',(0.,0.,-1.));
#4500=DIRECTION('center_axis',(0.,0.,-1.));
#4501=DIRECTION('ref_axis',(-1.,0.,0.));
#4502=DIRECTION('',(-1.,1.65499084416172E-15,0.));
#4503=DIRECTION('',(1.,0.,0.));
#4504=DIRECTION('',(0.,-1.,0.));
#4505=DIRECTION('center_axis',(1.,1.25982754567394E-15,0.));
#4506=DIRECTION('ref_axis',(1.25982754567394E-15,-1.,0.));
#4507=DIRECTION('',(0.,0.,1.));
#4508=DIRECTION('',(1.25982754567394E-15,-1.,0.));
#4509=DIRECTION('',(0.,0.,-1.));
#4510=DIRECTION('center_axis',(0.,0.,-1.));
#4511=DIRECTION('ref_axis',(-1.,0.,0.));
#4512=DIRECTION('',(-1.,1.65499084416172E-15,0.));
#4513=DIRECTION('',(1.,0.,0.));
#4514=DIRECTION('',(0.,-1.,0.));
#4515=DIRECTION('center_axis',(-1.,1.8897413185109E-15,0.));
#4516=DIRECTION('ref_axis',(1.8897413185109E-15,1.,0.));
#4517=DIRECTION('',(0.,0.,1.));
#4518=DIRECTION('',(1.8897413185109E-15,1.,0.));
#4519=DIRECTION('',(0.,0.,-1.));
#4520=DIRECTION('center_axis',(0.,0.,-1.));
#4521=DIRECTION('ref_axis',(-1.,0.,0.));
#4522=DIRECTION('',(-1.,0.,0.));
#4523=DIRECTION('',(0.,1.,0.));
#4524=DIRECTION('',(1.,1.7239487960018E-17,0.));
#4525=DIRECTION('center_axis',(-1.7239487960018E-17,1.,0.));
#4526=DIRECTION('ref_axis',(1.,1.7239487960018E-17,0.));
#4527=DIRECTION('',(0.,0.,-1.));
#4528=DIRECTION('',(1.,1.7239487960018E-17,0.));
#4529=DIRECTION('',(0.,0.,-1.));
#4530=DIRECTION('',(1.,1.7239487960018E-17,0.));
#4531=DIRECTION('',(0.,0.,1.));
#4532=DIRECTION('center_axis',(-1.,0.,0.));
#4533=DIRECTION('ref_axis',(0.,1.,0.));
#4534=DIRECTION('',(0.,0.,-1.));
#4535=DIRECTION('',(0.,1.,0.));
#4536=DIRECTION('center_axis',(1.,-1.8897413185109E-15,0.));
#4537=DIRECTION('ref_axis',(-1.8897413185109E-15,-1.,0.));
#4538=DIRECTION('',(0.,0.,1.));
#4539=DIRECTION('',(-1.8897413185109E-15,-1.,0.));
#4540=DIRECTION('',(0.,0.,-1.));
#4541=DIRECTION('center_axis',(0.,0.,-1.));
#4542=DIRECTION('ref_axis',(-1.,0.,0.));
#4543=DIRECTION('',(-1.,2.75831807360287E-16,0.));
#4544=DIRECTION('',(1.,0.,0.));
#4545=DIRECTION('',(0.,-1.,0.));
#4546=DIRECTION('center_axis',(1.,-1.8897413185109E-15,0.));
#4547=DIRECTION('ref_axis',(-1.8897413185109E-15,-1.,0.));
#4548=DIRECTION('',(0.,0.,1.));
#4549=DIRECTION('',(-1.8897413185109E-15,-1.,0.));
#4550=DIRECTION('',(0.,0.,-1.));
#4551=DIRECTION('center_axis',(0.,0.,-1.));
#4552=DIRECTION('ref_axis',(-1.,0.,0.));
#4553=DIRECTION('',(-1.,2.75831807360287E-16,0.));
#4554=DIRECTION('',(1.,3.44789759200359E-17,0.));
#4555=DIRECTION('',(0.,-1.,0.));
#4556=DIRECTION('center_axis',(-1.,0.,0.));
#4557=DIRECTION('ref_axis',(0.,1.,0.));
#4558=DIRECTION('',(0.,0.,1.));
#4559=DIRECTION('',(0.,1.,0.));
#4560=DIRECTION('',(0.,0.,-1.));
#4561=DIRECTION('center_axis',(0.,0.,-1.));
#4562=DIRECTION('ref_axis',(-1.,0.,0.));
#4563=DIRECTION('',(-1.,0.,0.));
#4564=DIRECTION('',(0.,1.,0.));
#4565=DIRECTION('',(1.,0.,0.));
#4566=DIRECTION('center_axis',(0.,1.,0.));
#4567=DIRECTION('ref_axis',(1.,0.,0.));
#4568=DIRECTION('',(0.,0.,-1.));
#4569=DIRECTION('',(1.,0.,0.));
#4570=DIRECTION('',(0.,0.,-1.));
#4571=DIRECTION('',(1.,0.,0.));
#4572=DIRECTION('',(0.,0.,1.));
#4573=DIRECTION('center_axis',(-1.,0.,0.));
#4574=DIRECTION('ref_axis',(0.,1.,0.));
#4575=DIRECTION('',(0.,0.,-1.));
#4576=DIRECTION('',(0.,1.,0.));
#4577=DIRECTION('center_axis',(1.,3.14956886418484E-16,0.));
#4578=DIRECTION('ref_axis',(3.14956886418484E-16,-1.,0.));
#4579=DIRECTION('',(0.,0.,1.));
#4580=DIRECTION('',(3.14956886418484E-16,-1.,0.));
#4581=DIRECTION('',(0.,0.,-1.));
#4582=DIRECTION('center_axis',(0.,0.,-1.));
#4583=DIRECTION('ref_axis',(-1.,0.,0.));
#4584=DIRECTION('',(-1.,0.,0.));
#4585=DIRECTION('',(1.,0.,0.));
#4586=DIRECTION('',(0.,-1.,0.));
#4587=DIRECTION('center_axis',(1.,3.14956886418484E-16,0.));
#4588=DIRECTION('ref_axis',(3.14956886418484E-16,-1.,0.));
#4589=DIRECTION('',(0.,0.,1.));
#4590=DIRECTION('',(3.14956886418484E-16,-1.,0.));
#4591=DIRECTION('',(0.,0.,-1.));
#4592=DIRECTION('center_axis',(0.,0.,-1.));
#4593=DIRECTION('ref_axis',(-1.,0.,0.));
#4594=DIRECTION('',(-1.,0.,0.));
#4595=DIRECTION('',(1.,0.,0.));
#4596=DIRECTION('',(0.,-1.,0.));
#4597=DIRECTION('center_axis',(-1.,-7.8739221604621E-17,0.));
#4598=DIRECTION('ref_axis',(-7.8739221604621E-17,1.,0.));
#4599=DIRECTION('',(0.,0.,1.));
#4600=DIRECTION('',(-7.8739221604621E-17,1.,0.));
#4601=DIRECTION('',(0.,0.,-1.));
#4602=DIRECTION('center_axis',(0.,0.,-1.));
#4603=DIRECTION('ref_axis',(-1.,0.,0.));
#4604=DIRECTION('',(-1.,0.,0.));
#4605=DIRECTION('',(0.,1.,0.));
#4606=DIRECTION('',(1.,0.,0.));
#4607=DIRECTION('center_axis',(0.,1.,0.));
#4608=DIRECTION('ref_axis',(1.,0.,0.));
#4609=DIRECTION('',(0.,0.,-1.));
#4610=DIRECTION('',(1.,0.,0.));
#4611=DIRECTION('',(0.,0.,-1.));
#4612=DIRECTION('',(1.,0.,0.));
#4613=DIRECTION('',(0.,0.,1.));
#4614=DIRECTION('center_axis',(-1.,0.,0.));
#4615=DIRECTION('ref_axis',(0.,1.,0.));
#4616=DIRECTION('',(0.,0.,-1.));
#4617=DIRECTION('',(0.,1.,0.));
#4618=DIRECTION('center_axis',(-1.,-7.8739221604621E-17,0.));
#4619=DIRECTION('ref_axis',(-7.8739221604621E-17,1.,0.));
#4620=DIRECTION('',(0.,0.,1.));
#4621=DIRECTION('',(-7.8739221604621E-17,1.,0.));
#4622=DIRECTION('',(0.,0.,-1.));
#4623=DIRECTION('center_axis',(0.,0.,-1.));
#4624=DIRECTION('ref_axis',(-1.,0.,0.));
#4625=DIRECTION('',(-1.,0.,0.));
#4626=DIRECTION('',(0.,1.,0.));
#4627=DIRECTION('',(1.,0.,0.));
#4628=DIRECTION('center_axis',(0.,1.,0.));
#4629=DIRECTION('ref_axis',(1.,0.,0.));
#4630=DIRECTION('',(0.,0.,-1.));
#4631=DIRECTION('',(1.,0.,0.));
#4632=DIRECTION('',(0.,0.,-1.));
#4633=DIRECTION('',(1.,0.,0.));
#4634=DIRECTION('',(0.,0.,1.));
#4635=DIRECTION('center_axis',(-1.,0.,0.));
#4636=DIRECTION('ref_axis',(0.,1.,0.));
#4637=DIRECTION('',(0.,0.,-1.));
#4638=DIRECTION('',(0.,1.,0.));
#4639=DIRECTION('center_axis',(1.,-7.8739221604621E-17,0.));
#4640=DIRECTION('ref_axis',(-7.8739221604621E-17,-1.,0.));
#4641=DIRECTION('',(-7.8739221604621E-17,-1.,0.));
#4642=DIRECTION('',(0.,0.,-1.));
#4643=DIRECTION('center_axis',(0.,0.,-1.));
#4644=DIRECTION('ref_axis',(-1.,0.,0.));
#4645=DIRECTION('',(0.,-1.,0.));
#4646=DIRECTION('',(-1.,0.,0.));
#4647=DIRECTION('center_axis',(0.,-1.,0.));
#4648=DIRECTION('ref_axis',(-1.,0.,0.));
#4649=DIRECTION('',(0.,0.,-1.));
#4650=DIRECTION('',(-1.,0.,0.));
#4651=DIRECTION('center_axis',(-1.,-7.8739221604621E-17,0.));
#4652=DIRECTION('ref_axis',(-7.8739221604621E-17,1.,0.));
#4653=DIRECTION('',(-7.8739221604621E-17,1.,0.));
#4654=DIRECTION('',(0.,0.,-1.));
#4655=DIRECTION('center_axis',(0.,0.,-1.));
#4656=DIRECTION('ref_axis',(-1.,0.,0.));
#4657=DIRECTION('',(0.,1.,0.));
#4658=DIRECTION('',(1.,0.,0.));
#4659=DIRECTION('center_axis',(0.,1.,0.));
#4660=DIRECTION('ref_axis',(1.,0.,0.));
#4661=DIRECTION('',(0.,0.,-1.));
#4662=DIRECTION('',(1.,0.,0.));
#4663=DIRECTION('',(0.,0.,-1.));
#4664=DIRECTION('center_axis',(-1.,0.,0.));
#4665=DIRECTION('ref_axis',(0.,1.,0.));
#4666=DIRECTION('',(0.,1.,0.));
#4667=DIRECTION('center_axis',(-1.,3.14956886418484E-16,0.));
#4668=DIRECTION('ref_axis',(3.14956886418484E-16,1.,0.));
#4669=DIRECTION('',(0.,0.,1.));
#4670=DIRECTION('',(3.14956886418484E-16,1.,0.));
#4671=DIRECTION('',(0.,0.,-1.));
#4672=DIRECTION('center_axis',(0.,0.,-1.));
#4673=DIRECTION('ref_axis',(-1.,0.,0.));
#4674=DIRECTION('',(-1.,0.,0.));
#4675=DIRECTION('',(0.,1.,0.));
#4676=DIRECTION('',(1.,0.,0.));
#4677=DIRECTION('center_axis',(0.,1.,0.));
#4678=DIRECTION('ref_axis',(1.,0.,0.));
#4679=DIRECTION('',(0.,0.,-1.));
#4680=DIRECTION('',(1.,0.,0.));
#4681=DIRECTION('',(0.,0.,-1.));
#4682=DIRECTION('center_axis',(-1.,0.,0.));
#4683=DIRECTION('ref_axis',(0.,1.,0.));
#4684=DIRECTION('',(0.,0.,-1.));
#4685=DIRECTION('',(0.,1.,0.));
#4686=DIRECTION('center_axis',(-1.,3.14956886418484E-16,0.));
#4687=DIRECTION('ref_axis',(3.14956886418484E-16,1.,0.));
#4688=DIRECTION('',(0.,0.,1.));
#4689=DIRECTION('',(3.14956886418484E-16,1.,0.));
#4690=DIRECTION('',(0.,0.,-1.));
#4691=DIRECTION('center_axis',(0.,0.,-1.));
#4692=DIRECTION('ref_axis',(-1.,0.,0.));
#4693=DIRECTION('',(-1.,0.,0.));
#4694=DIRECTION('',(0.,1.,0.));
#4695=DIRECTION('',(1.,0.,0.));
#4696=DIRECTION('center_axis',(0.,1.,0.));
#4697=DIRECTION('ref_axis',(1.,0.,0.));
#4698=DIRECTION('',(0.,0.,-1.));
#4699=DIRECTION('',(1.,0.,0.));
#4700=DIRECTION('',(0.,0.,-1.));
#4701=DIRECTION('center_axis',(-1.,0.,0.));
#4702=DIRECTION('ref_axis',(0.,1.,0.));
#4703=DIRECTION('',(0.,0.,-1.));
#4704=DIRECTION('',(0.,1.,0.));
#4705=DIRECTION('center_axis',(1.,0.,0.));
#4706=DIRECTION('ref_axis',(0.,-1.,0.));
#4707=DIRECTION('',(0.,-1.,0.));
#4708=DIRECTION('',(0.,0.,-1.));
#4709=DIRECTION('center_axis',(0.,0.,-1.));
#4710=DIRECTION('ref_axis',(-1.,0.,0.));
#4711=DIRECTION('',(-1.,0.,0.));
#4712=DIRECTION('',(0.,-1.,0.));
#4713=DIRECTION('center_axis',(-1.,0.,0.));
#4714=DIRECTION('ref_axis',(0.,1.,0.));
#4715=DIRECTION('',(0.,0.,1.));
#4716=DIRECTION('',(0.,1.,0.));
#4717=DIRECTION('',(0.,0.,-1.));
#4718=DIRECTION('center_axis',(0.,0.,-1.));
#4719=DIRECTION('ref_axis',(-1.,0.,0.));
#4720=DIRECTION('',(-1.,0.,0.));
#4721=DIRECTION('',(0.,1.,0.));
#4722=DIRECTION('',(1.,0.,0.));
#4723=DIRECTION('center_axis',(0.,1.,0.));
#4724=DIRECTION('ref_axis',(1.,0.,0.));
#4725=DIRECTION('',(0.,0.,-1.));
#4726=DIRECTION('',(1.,0.,0.));
#4727=DIRECTION('',(0.,0.,-1.));
#4728=DIRECTION('center_axis',(-1.,0.,0.));
#4729=DIRECTION('ref_axis',(0.,1.,0.));
#4730=DIRECTION('',(0.,0.,-1.));
#4731=DIRECTION('',(0.,1.,0.));
#4732=DIRECTION('center_axis',(-1.,6.29913772836968E-16,0.));
#4733=DIRECTION('ref_axis',(6.29913772836968E-16,1.,0.));
#4734=DIRECTION('',(0.,0.,1.));
#4735=DIRECTION('',(6.29913772836968E-16,1.,0.));
#4736=DIRECTION('',(0.,0.,-1.));
#4737=DIRECTION('center_axis',(0.,0.,-1.));
#4738=DIRECTION('ref_axis',(-1.,0.,0.));
#4739=DIRECTION('',(-1.,2.75831807360287E-16,0.));
#4740=DIRECTION('',(0.,1.,0.));
#4741=DIRECTION('',(1.,0.,0.));
#4742=DIRECTION('center_axis',(0.,1.,0.));
#4743=DIRECTION('ref_axis',(1.,0.,0.));
#4744=DIRECTION('',(0.,0.,-1.));
#4745=DIRECTION('',(1.,0.,0.));
#4746=DIRECTION('',(0.,0.,-1.));
#4747=DIRECTION('center_axis',(-1.,0.,0.));
#4748=DIRECTION('ref_axis',(0.,1.,0.));
#4749=DIRECTION('',(0.,0.,-1.));
#4750=DIRECTION('',(0.,1.,0.));
#4751=DIRECTION('center_axis',(-1.,1.8897413185109E-15,0.));
#4752=DIRECTION('ref_axis',(1.8897413185109E-15,1.,0.));
#4753=DIRECTION('',(0.,0.,1.));
#4754=DIRECTION('',(1.8897413185109E-15,1.,0.));
#4755=DIRECTION('',(0.,0.,-1.));
#4756=DIRECTION('center_axis',(0.,0.,-1.));
#4757=DIRECTION('ref_axis',(-1.,0.,0.));
#4758=DIRECTION('',(-1.,0.,0.));
#4759=DIRECTION('',(0.,1.,0.));
#4760=DIRECTION('',(1.,0.,0.));
#4761=DIRECTION('center_axis',(0.,1.,0.));
#4762=DIRECTION('ref_axis',(1.,0.,0.));
#4763=DIRECTION('',(0.,0.,-1.));
#4764=DIRECTION('',(1.,0.,0.));
#4765=DIRECTION('',(0.,0.,-1.));
#4766=DIRECTION('center_axis',(-1.,0.,0.));
#4767=DIRECTION('ref_axis',(0.,1.,0.));
#4768=DIRECTION('',(0.,0.,-1.));
#4769=DIRECTION('',(0.,1.,0.));
#4770=DIRECTION('center_axis',(-1.,1.8897413185109E-15,0.));
#4771=DIRECTION('ref_axis',(1.8897413185109E-15,1.,0.));
#4772=DIRECTION('',(0.,0.,1.));
#4773=DIRECTION('',(1.8897413185109E-15,1.,0.));
#4774=DIRECTION('',(0.,0.,-1.));
#4775=DIRECTION('center_axis',(0.,0.,-1.));
#4776=DIRECTION('ref_axis',(-1.,0.,0.));
#4777=DIRECTION('',(-1.,0.,0.));
#4778=DIRECTION('',(0.,1.,0.));
#4779=DIRECTION('',(1.,0.,0.));
#4780=DIRECTION('center_axis',(0.,1.,0.));
#4781=DIRECTION('ref_axis',(1.,0.,0.));
#4782=DIRECTION('',(0.,0.,-1.));
#4783=DIRECTION('',(1.,0.,0.));
#4784=DIRECTION('',(0.,0.,-1.));
#4785=DIRECTION('center_axis',(-1.,0.,0.));
#4786=DIRECTION('ref_axis',(0.,1.,0.));
#4787=DIRECTION('',(0.,0.,-1.));
#4788=DIRECTION('',(0.,1.,0.));
#4789=DIRECTION('center_axis',(-1.,2.51965509134788E-15,0.));
#4790=DIRECTION('ref_axis',(2.51965509134788E-15,1.,0.));
#4791=DIRECTION('',(0.,0.,1.));
#4792=DIRECTION('',(2.51965509134788E-15,1.,0.));
#4793=DIRECTION('',(0.,0.,-1.));
#4794=DIRECTION('center_axis',(0.,0.,-1.));
#4795=DIRECTION('ref_axis',(-1.,0.,0.));
#4796=DIRECTION('',(0.,1.,0.));
#4797=DIRECTION('',(1.,0.,0.));
#4798=DIRECTION('',(-1.,1.65499084416172E-15,0.));
#4799=DIRECTION('center_axis',(0.,1.,0.));
#4800=DIRECTION('ref_axis',(1.,0.,0.));
#4801=DIRECTION('',(0.,0.,-1.));
#4802=DIRECTION('',(1.,0.,0.));
#4803=DIRECTION('',(0.,0.,-1.));
#4804=DIRECTION('center_axis',(1.,1.25982754567394E-15,0.));
#4805=DIRECTION('ref_axis',(1.25982754567394E-15,-1.,0.));
#4806=DIRECTION('',(1.25982754567394E-15,-1.,0.));
#4807=DIRECTION('',(0.,0.,-1.));
#4808=DIRECTION('center_axis',(0.,0.,-1.));
#4809=DIRECTION('ref_axis',(-1.,0.,0.));
#4810=DIRECTION('',(-1.,1.65499084416172E-15,0.));
#4811=DIRECTION('',(0.,-1.,0.));
#4812=DIRECTION('center_axis',(-1.,2.51965509134788E-15,0.));
#4813=DIRECTION('ref_axis',(2.51965509134788E-15,1.,0.));
#4814=DIRECTION('',(0.,0.,1.));
#4815=DIRECTION('',(2.51965509134788E-15,1.,0.));
#4816=DIRECTION('',(0.,0.,-1.));
#4817=DIRECTION('center_axis',(0.,0.,-1.));
#4818=DIRECTION('ref_axis',(-1.,0.,0.));
#4819=DIRECTION('',(0.,1.,0.));
#4820=DIRECTION('',(1.,0.,0.));
#4821=DIRECTION('',(-1.,1.65499084416172E-15,0.));
#4822=DIRECTION('center_axis',(0.,1.,0.));
#4823=DIRECTION('ref_axis',(1.,0.,0.));
#4824=DIRECTION('',(0.,0.,-1.));
#4825=DIRECTION('',(1.,0.,0.));
#4826=DIRECTION('',(0.,0.,-1.));
#4827=DIRECTION('center_axis',(-1.,2.51965509134788E-15,0.));
#4828=DIRECTION('ref_axis',(2.51965509134788E-15,1.,0.));
#4829=DIRECTION('',(0.,0.,1.));
#4830=DIRECTION('',(2.51965509134788E-15,1.,0.));
#4831=DIRECTION('',(0.,0.,-1.));
#4832=DIRECTION('center_axis',(0.,0.,-1.));
#4833=DIRECTION('ref_axis',(-1.,0.,0.));
#4834=DIRECTION('',(-1.,1.65499084416172E-15,0.));
#4835=DIRECTION('',(0.,1.,0.));
#4836=DIRECTION('',(1.,0.,0.));
#4837=DIRECTION('center_axis',(0.,1.,0.));
#4838=DIRECTION('ref_axis',(1.,0.,0.));
#4839=DIRECTION('',(0.,0.,-1.));
#4840=DIRECTION('',(1.,0.,0.));
#4841=DIRECTION('',(0.,0.,-1.));
#4842=DIRECTION('center_axis',(-1.,0.,0.));
#4843=DIRECTION('ref_axis',(0.,1.,0.));
#4844=DIRECTION('',(0.,0.,-1.));
#4845=DIRECTION('',(0.,1.,0.));
#4846=DIRECTION('center_axis',(1.,0.,0.));
#4847=DIRECTION('ref_axis',(0.,-1.,0.));
#4848=DIRECTION('',(0.,-1.,0.));
#4849=DIRECTION('',(0.,0.,-1.));
#4850=DIRECTION('center_axis',(0.,0.,-1.));
#4851=DIRECTION('ref_axis',(-1.,0.,0.));
#4852=DIRECTION('',(-1.,0.,0.));
#4853=DIRECTION('',(0.,-1.,0.));
#4854=DIRECTION('center_axis',(-1.,6.29913772836968E-16,0.));
#4855=DIRECTION('ref_axis',(6.29913772836968E-16,1.,0.));
#4856=DIRECTION('',(0.,0.,1.));
#4857=DIRECTION('',(6.29913772836968E-16,1.,0.));
#4858=DIRECTION('',(0.,0.,-1.));
#4859=DIRECTION('center_axis',(0.,0.,-1.));
#4860=DIRECTION('ref_axis',(-1.,0.,0.));
#4861=DIRECTION('',(-1.,2.75831807360287E-16,0.));
#4862=DIRECTION('',(0.,1.,0.));
#4863=DIRECTION('',(1.,0.,0.));
#4864=DIRECTION('center_axis',(0.,1.,0.));
#4865=DIRECTION('ref_axis',(1.,0.,0.));
#4866=DIRECTION('',(0.,0.,-1.));
#4867=DIRECTION('',(1.,0.,0.));
#4868=DIRECTION('',(0.,0.,-1.));
#4869=DIRECTION('center_axis',(-1.,0.,0.));
#4870=DIRECTION('ref_axis',(0.,1.,0.));
#4871=DIRECTION('',(0.,0.,-1.));
#4872=DIRECTION('',(0.,1.,0.));
#4873=DIRECTION('center_axis',(-1.,6.29913772836968E-16,0.));
#4874=DIRECTION('ref_axis',(6.29913772836968E-16,1.,0.));
#4875=DIRECTION('',(0.,0.,1.));
#4876=DIRECTION('',(6.29913772836968E-16,1.,0.));
#4877=DIRECTION('',(0.,0.,-1.));
#4878=DIRECTION('center_axis',(0.,0.,-1.));
#4879=DIRECTION('ref_axis',(-1.,0.,0.));
#4880=DIRECTION('',(-1.,2.75831807360287E-16,0.));
#4881=DIRECTION('',(0.,1.,0.));
#4882=DIRECTION('',(1.,3.44789759200359E-17,0.));
#4883=DIRECTION('center_axis',(-3.44789759200359E-17,1.,0.));
#4884=DIRECTION('ref_axis',(1.,3.44789759200359E-17,0.));
#4885=DIRECTION('',(0.,0.,-1.));
#4886=DIRECTION('',(1.,3.44789759200359E-17,0.));
#4887=DIRECTION('',(0.,0.,-1.));
#4888=DIRECTION('center_axis',(-1.,0.,0.));
#4889=DIRECTION('ref_axis',(0.,1.,0.));
#4890=DIRECTION('',(0.,0.,-1.));
#4891=DIRECTION('',(0.,1.,0.));
#4892=DIRECTION('center_axis',(1.,0.,0.));
#4893=DIRECTION('ref_axis',(0.,-1.,0.));
#4894=DIRECTION('',(0.,-1.,0.));
#4895=DIRECTION('',(0.,0.,-1.));
#4896=DIRECTION('center_axis',(0.,0.,-1.));
#4897=DIRECTION('ref_axis',(-1.,0.,0.));
#4898=DIRECTION('',(-1.,0.,0.));
#4899=DIRECTION('',(0.,-1.,0.));
#4900=DIRECTION('center_axis',(-1.,3.14956886418484E-16,0.));
#4901=DIRECTION('ref_axis',(3.14956886418484E-16,1.,0.));
#4902=DIRECTION('',(0.,0.,1.));
#4903=DIRECTION('',(3.14956886418484E-16,1.,0.));
#4904=DIRECTION('',(0.,0.,-1.));
#4905=DIRECTION('center_axis',(0.,0.,-1.));
#4906=DIRECTION('ref_axis',(-1.,0.,0.));
#4907=DIRECTION('',(-1.,0.,0.));
#4908=DIRECTION('',(0.,1.,0.));
#4909=DIRECTION('',(1.,0.,0.));
#4910=DIRECTION('center_axis',(0.,1.,0.));
#4911=DIRECTION('ref_axis',(1.,0.,0.));
#4912=DIRECTION('',(0.,0.,-1.));
#4913=DIRECTION('',(1.,0.,0.));
#4914=DIRECTION('',(0.,0.,-1.));
#4915=DIRECTION('center_axis',(-1.,0.,0.));
#4916=DIRECTION('ref_axis',(0.,1.,0.));
#4917=DIRECTION('',(0.,0.,-1.));
#4918=DIRECTION('',(0.,1.,0.));
#4919=DIRECTION('center_axis',(-1.,3.14956886418484E-16,0.));
#4920=DIRECTION('ref_axis',(3.14956886418484E-16,1.,0.));
#4921=DIRECTION('',(0.,0.,1.));
#4922=DIRECTION('',(3.14956886418484E-16,1.,0.));
#4923=DIRECTION('',(0.,0.,-1.));
#4924=DIRECTION('center_axis',(0.,0.,-1.));
#4925=DIRECTION('ref_axis',(-1.,0.,0.));
#4926=DIRECTION('',(-1.,0.,0.));
#4927=DIRECTION('',(0.,1.,0.));
#4928=DIRECTION('',(1.,0.,0.));
#4929=DIRECTION('center_axis',(0.,1.,0.));
#4930=DIRECTION('ref_axis',(1.,0.,0.));
#4931=DIRECTION('',(0.,0.,-1.));
#4932=DIRECTION('',(1.,0.,0.));
#4933=DIRECTION('',(0.,0.,-1.));
#4934=DIRECTION('center_axis',(-1.,0.,0.));
#4935=DIRECTION('ref_axis',(0.,1.,0.));
#4936=DIRECTION('',(0.,0.,-1.));
#4937=DIRECTION('',(0.,1.,0.));
#4938=DIRECTION('center_axis',(1.,-7.8739221604621E-17,0.));
#4939=DIRECTION('ref_axis',(-7.8739221604621E-17,-1.,0.));
#4940=DIRECTION('',(-7.8739221604621E-17,-1.,0.));
#4941=DIRECTION('',(0.,0.,-1.));
#4942=DIRECTION('center_axis',(0.,0.,-1.));
#4943=DIRECTION('ref_axis',(-1.,0.,0.));
#4944=DIRECTION('',(0.,-1.,0.));
#4945=DIRECTION('',(-1.,0.,0.));
#4946=DIRECTION('center_axis',(0.,-1.,0.));
#4947=DIRECTION('ref_axis',(-1.,0.,0.));
#4948=DIRECTION('',(0.,0.,-1.));
#4949=DIRECTION('',(-1.,0.,0.));
#4950=DIRECTION('center_axis',(1.,-7.8739221604621E-17,0.));
#4951=DIRECTION('ref_axis',(-7.8739221604621E-17,-1.,0.));
#4952=DIRECTION('',(-7.8739221604621E-17,-1.,0.));
#4953=DIRECTION('',(0.,0.,-1.));
#4954=DIRECTION('center_axis',(0.,0.,-1.));
#4955=DIRECTION('ref_axis',(-1.,0.,0.));
#4956=DIRECTION('',(0.,-1.,0.));
#4957=DIRECTION('',(-1.,0.,0.));
#4958=DIRECTION('center_axis',(0.,-1.,0.));
#4959=DIRECTION('ref_axis',(-1.,0.,0.));
#4960=DIRECTION('',(0.,0.,-1.));
#4961=DIRECTION('',(-1.,0.,0.));
#4962=DIRECTION('center_axis',(1.,0.,0.));
#4963=DIRECTION('ref_axis',(0.,-1.,0.));
#4964=DIRECTION('',(0.,-1.,0.));
#4965=DIRECTION('',(0.,0.,-1.));
#4966=DIRECTION('center_axis',(0.,-1.,0.));
#4967=DIRECTION('ref_axis',(-1.,0.,0.));
#4968=DIRECTION('',(-1.,0.,0.));
#4969=DIRECTION('center_axis',(-2.75831807360287E-16,-1.,0.));
#4970=DIRECTION('ref_axis',(-1.,2.75831807360287E-16,0.));
#4971=DIRECTION('',(0.,0.,-1.));
#4972=DIRECTION('',(-1.,2.75831807360287E-16,0.));
#4973=DIRECTION('center_axis',(1.,0.,0.));
#4974=DIRECTION('ref_axis',(0.,-1.,0.));
#4975=DIRECTION('',(0.,-1.,0.));
#4976=DIRECTION('center_axis',(1.,0.,0.));
#4977=DIRECTION('ref_axis',(0.,-1.,0.));
#4978=DIRECTION('',(0.,-1.,0.));
#4979=DIRECTION('',(0.,0.,-1.));
#4980=DIRECTION('center_axis',(0.,-1.,0.));
#4981=DIRECTION('ref_axis',(-1.,0.,0.));
#4982=DIRECTION('',(-1.,0.,0.));
#4983=DIRECTION('center_axis',(1.,0.,0.));
#4984=DIRECTION('ref_axis',(0.,-1.,0.));
#4985=DIRECTION('',(0.,-1.,0.));
#4986=DIRECTION('',(0.,0.,-1.));
#4987=DIRECTION('center_axis',(-1.65499084416172E-15,-1.,0.));
#4988=DIRECTION('ref_axis',(-1.,1.65499084416172E-15,0.));
#4989=DIRECTION('',(-1.,1.65499084416172E-15,0.));
#4990=DIRECTION('center_axis',(1.,0.,0.));
#4991=DIRECTION('ref_axis',(0.,-1.,0.));
#4992=DIRECTION('',(0.,-1.,0.));
#4993=DIRECTION('',(0.,0.,-1.));
#4994=DIRECTION('center_axis',(0.,-1.,0.));
#4995=DIRECTION('ref_axis',(-1.,0.,0.));
#4996=DIRECTION('',(-1.,0.,0.));
#4997=DIRECTION('center_axis',(1.,0.,0.));
#4998=DIRECTION('ref_axis',(0.,-1.,0.));
#4999=DIRECTION('',(0.,-1.,0.));
#5000=DIRECTION('',(0.,0.,-1.));
#5001=DIRECTION('center_axis',(0.,-1.,0.));
#5002=DIRECTION('ref_axis',(-1.,0.,0.));
#5003=DIRECTION('',(-1.,0.,0.));
#5004=DIRECTION('center_axis',(-2.75831807360287E-16,-1.,0.));
#5005=DIRECTION('ref_axis',(-1.,2.75831807360287E-16,0.));
#5006=DIRECTION('',(0.,0.,-1.));
#5007=DIRECTION('',(-1.,2.75831807360287E-16,0.));
#5008=DIRECTION('center_axis',(1.,0.,0.));
#5009=DIRECTION('ref_axis',(0.,-1.,0.));
#5010=DIRECTION('',(0.,-1.,0.));
#5011=DIRECTION('center_axis',(1.,0.,0.));
#5012=DIRECTION('ref_axis',(0.,-1.,0.));
#5013=DIRECTION('',(0.,-1.,0.));
#5014=DIRECTION('',(0.,0.,-1.));
#5015=DIRECTION('center_axis',(0.,-1.,0.));
#5016=DIRECTION('ref_axis',(-1.,0.,0.));
#5017=DIRECTION('',(-1.,0.,0.));
#5018=DIRECTION('center_axis',(1.,0.,0.));
#5019=DIRECTION('ref_axis',(0.,-1.,0.));
#5020=DIRECTION('',(0.,-1.,0.));
#5021=DIRECTION('center_axis',(1.,0.,0.));
#5022=DIRECTION('ref_axis',(0.,-1.,0.));
#5023=DIRECTION('',(0.,-1.,0.));
#5024=DIRECTION('',(0.,0.,-1.));
#5025=DIRECTION('center_axis',(-2.75831807360287E-16,-1.,0.));
#5026=DIRECTION('ref_axis',(-1.,2.75831807360287E-16,0.));
#5027=DIRECTION('',(-1.,2.75831807360287E-16,0.));
#5028=DIRECTION('center_axis',(1.,0.,0.));
#5029=DIRECTION('ref_axis',(0.,-1.,0.));
#5030=DIRECTION('',(0.,-1.,0.));
#5031=DIRECTION('',(0.,0.,-1.));
#5032=DIRECTION('center_axis',(0.,-1.,0.));
#5033=DIRECTION('ref_axis',(-1.,0.,0.));
#5034=DIRECTION('',(-1.,0.,0.));
#5035=DIRECTION('center_axis',(1.,0.,0.));
#5036=DIRECTION('ref_axis',(0.,-1.,0.));
#5037=DIRECTION('',(0.,-1.,0.));
#5038=DIRECTION('',(0.,0.,-1.));
#5039=DIRECTION('center_axis',(0.,-1.,0.));
#5040=DIRECTION('ref_axis',(-1.,0.,0.));
#5041=DIRECTION('',(-1.,0.,0.));
#5042=DIRECTION('center_axis',(1.,0.,0.));
#5043=DIRECTION('ref_axis',(0.,-1.,0.));
#5044=DIRECTION('',(0.,-1.,0.));
#5045=DIRECTION('',(0.,0.,-1.));
#5046=DIRECTION('center_axis',(0.,-1.,0.));
#5047=DIRECTION('ref_axis',(-1.,0.,0.));
#5048=DIRECTION('',(-1.,0.,0.));
#5049=DIRECTION('center_axis',(1.,0.,0.));
#5050=DIRECTION('ref_axis',(0.,-1.,0.));
#5051=DIRECTION('',(0.,-1.,0.));
#5052=DIRECTION('center_axis',(1.,0.,0.));
#5053=DIRECTION('ref_axis',(0.,-1.,0.));
#5054=DIRECTION('',(0.,-1.,0.));
#5055=DIRECTION('',(0.,0.,-1.));
#5056=DIRECTION('center_axis',(0.,-1.,0.));
#5057=DIRECTION('ref_axis',(-1.,0.,0.));
#5058=DIRECTION('',(-1.,0.,0.));
#5059=DIRECTION('center_axis',(1.,0.,0.));
#5060=DIRECTION('ref_axis',(0.,-1.,0.));
#5061=DIRECTION('',(0.,-1.,0.));
#5062=DIRECTION('',(0.,0.,-1.));
#5063=DIRECTION('center_axis',(-1.65499084416172E-15,-1.,0.));
#5064=DIRECTION('ref_axis',(-1.,1.65499084416172E-15,0.));
#5065=DIRECTION('',(-1.,1.65499084416172E-15,0.));
#5066=DIRECTION('',(0.,0.,-1.));
#5067=DIRECTION('center_axis',(-1.,0.,0.));
#5068=DIRECTION('ref_axis',(0.,1.,0.));
#5069=DIRECTION('',(0.,1.,0.));
#5070=DIRECTION('center_axis',(1.,0.,0.));
#5071=DIRECTION('ref_axis',(0.,-1.,0.));
#5072=DIRECTION('',(0.,-1.,0.));
#5073=DIRECTION('',(0.,0.,-1.));
#5074=DIRECTION('center_axis',(-1.65499084416172E-15,-1.,0.));
#5075=DIRECTION('ref_axis',(-1.,1.65499084416172E-15,0.));
#5076=DIRECTION('',(-1.,1.65499084416172E-15,0.));
#5077=DIRECTION('',(0.,0.,-1.));
#5078=DIRECTION('center_axis',(-1.,0.,0.));
#5079=DIRECTION('ref_axis',(0.,1.,0.));
#5080=DIRECTION('',(0.,1.,0.));
#5081=DIRECTION('center_axis',(1.,0.,0.));
#5082=DIRECTION('ref_axis',(0.,-1.,0.));
#5083=DIRECTION('',(0.,-1.,0.));
#5084=DIRECTION('',(0.,0.,-1.));
#5085=DIRECTION('center_axis',(-1.65499084416172E-15,-1.,0.));
#5086=DIRECTION('ref_axis',(-1.,1.65499084416172E-15,0.));
#5087=DIRECTION('',(-1.,1.65499084416172E-15,0.));
#5088=DIRECTION('',(0.,0.,-1.));
#5089=DIRECTION('center_axis',(-1.,0.,0.));
#5090=DIRECTION('ref_axis',(0.,1.,0.));
#5091=DIRECTION('',(0.,1.,0.));
#5092=DIRECTION('center_axis',(1.,0.,0.));
#5093=DIRECTION('ref_axis',(0.,-1.,0.));
#5094=DIRECTION('',(0.,-1.,0.));
#5095=DIRECTION('',(0.,0.,-1.));
#5096=DIRECTION('center_axis',(0.,-1.,0.));
#5097=DIRECTION('ref_axis',(-1.,0.,0.));
#5098=DIRECTION('',(-1.,0.,0.));
#5099=DIRECTION('center_axis',(1.,0.,0.));
#5100=DIRECTION('ref_axis',(0.,-1.,0.));
#5101=DIRECTION('',(0.,-1.,0.));
#5102=DIRECTION('center_axis',(1.,0.,0.));
#5103=DIRECTION('ref_axis',(0.,-1.,0.));
#5104=DIRECTION('',(0.,-1.,0.));
#5105=DIRECTION('center_axis',(-1.,5.88684950919718E-16,0.));
#5106=DIRECTION('ref_axis',(5.88684950919718E-16,1.,0.));
#5107=DIRECTION('',(5.88684950919718E-16,1.,0.));
#5108=DIRECTION('center_axis',(0.,-1.,0.));
#5109=DIRECTION('ref_axis',(-1.,0.,0.));
#5110=DIRECTION('',(-1.,0.,0.));
#5111=DIRECTION('center_axis',(0.,0.,-1.));
#5112=DIRECTION('ref_axis',(-1.,0.,0.));
#5113=CARTESIAN_POINT('',(0.,0.,0.));
#5114=CARTESIAN_POINT('Origin',(-36.075,-49.88625,0.));
#5115=CARTESIAN_POINT('',(-30.975,-49.88625,0.));
#5116=CARTESIAN_POINT('',(-36.075,-44.78625,0.));
#5117=CARTESIAN_POINT('Origin',(-36.075,-49.88625,0.));
#5118=CARTESIAN_POINT('',(-36.075,-44.78625,-2.));
#5119=CARTESIAN_POINT('',(-36.075,-44.78625,0.));
#5120=CARTESIAN_POINT('',(-30.975,-49.88625,-2.));
#5121=CARTESIAN_POINT('Origin',(-36.075,-49.88625,-2.));
#5122=CARTESIAN_POINT('',(-30.975,-49.88625,0.));
#5123=CARTESIAN_POINT('Origin',(-30.975,-44.78625,0.));
#5124=CARTESIAN_POINT('',(-78.225,-44.78625,0.));
#5125=CARTESIAN_POINT('',(-83.325,-44.78625,0.));
#5126=CARTESIAN_POINT('',(-78.225,-44.78625,-2.));
#5127=CARTESIAN_POINT('',(-78.225,-44.78625,0.));
#5128=CARTESIAN_POINT('',(-83.325,-44.78625,-2.));
#5129=CARTESIAN_POINT('Origin',(-78.225,-49.88625,0.));
#5130=CARTESIAN_POINT('',(-83.325,-49.88625,0.));
#5131=CARTESIAN_POINT('Origin',(-78.225,-49.88625,0.));
#5132=CARTESIAN_POINT('',(-83.325,-49.88625,-2.));
#5133=CARTESIAN_POINT('',(-83.325,-49.88625,0.));
#5134=CARTESIAN_POINT('Origin',(-78.225,-49.88625,-2.));
#5135=CARTESIAN_POINT('Origin',(-83.325,-44.78625,0.));
#5136=CARTESIAN_POINT('',(-83.325,-65.175,0.));
#5137=CARTESIAN_POINT('',(-83.325,-69.075,0.));
#5138=CARTESIAN_POINT('',(-83.325,-65.175,-2.));
#5139=CARTESIAN_POINT('',(-83.325,-65.175,0.));
#5140=CARTESIAN_POINT('',(-83.325,-69.075,-2.));
#5141=CARTESIAN_POINT('Origin',(-103.275,17.55,0.));
#5142=CARTESIAN_POINT('',(-103.275,21.45,-2.));
#5143=CARTESIAN_POINT('',(-107.175,17.55,-2.));
#5144=CARTESIAN_POINT('Origin',(-103.275,17.55,-2.));
#5145=CARTESIAN_POINT('',(-107.175,17.55,0.));
#5146=CARTESIAN_POINT('',(-107.175,17.55,0.));
#5147=CARTESIAN_POINT('',(-103.275,21.45,0.));
#5148=CARTESIAN_POINT('Origin',(-103.275,17.55,0.));
#5149=CARTESIAN_POINT('',(-103.275,21.45,0.));
#5150=CARTESIAN_POINT('Origin',(-107.175,21.45,0.));
#5151=CARTESIAN_POINT('',(8.02499999999999,21.45,0.));
#5152=CARTESIAN_POINT('',(11.925,21.45,0.));
#5153=CARTESIAN_POINT('',(8.02499999999999,21.45,-2.));
#5154=CARTESIAN_POINT('',(8.02499999999999,21.45,0.));
#5155=CARTESIAN_POINT('',(11.925,21.45,-2.));
#5156=CARTESIAN_POINT('Origin',(-47.625,-23.8125,0.));
#5157=CARTESIAN_POINT('',(-107.175,-65.175,0.));
#5158=CARTESIAN_POINT('',(-107.175,21.45,0.));
#5159=CARTESIAN_POINT('',(-103.275,-69.075,0.));
#5160=CARTESIAN_POINT('Origin',(-103.275,-65.175,0.));
#5161=CARTESIAN_POINT('',(-87.225,-69.075,0.));
#5162=CARTESIAN_POINT('',(-107.175,-69.075,0.));
#5163=CARTESIAN_POINT('Origin',(-87.225,-65.175,0.));
#5164=CARTESIAN_POINT('',(-30.975,-65.175,0.));
#5165=CARTESIAN_POINT('',(-30.975,-44.78625,0.));
#5166=CARTESIAN_POINT('',(-27.075,-69.075,0.));
#5167=CARTESIAN_POINT('Origin',(-27.075,-65.175,0.));
#5168=CARTESIAN_POINT('',(8.025,-69.075,0.));
#5169=CARTESIAN_POINT('',(-30.975,-69.075,0.));
#5170=CARTESIAN_POINT('',(11.925,-65.175,0.));
#5171=CARTESIAN_POINT('Origin',(8.025,-65.175,0.));
#5172=CARTESIAN_POINT('',(11.925,17.55,0.));
#5173=CARTESIAN_POINT('',(11.925,-69.075,0.));
#5174=CARTESIAN_POINT('Origin',(8.02499999999999,17.55,0.));
#5175=CARTESIAN_POINT('',(-7.05,-50.1,0.));
#5176=CARTESIAN_POINT('',(7.05,-50.1,0.));
#5177=CARTESIAN_POINT('',(8.05,-50.1,0.));
#5178=CARTESIAN_POINT('',(7.05,-64.2,0.));
#5179=CARTESIAN_POINT('',(7.05,-50.1,0.));
#5180=CARTESIAN_POINT('',(-7.05,-64.2,0.));
#5181=CARTESIAN_POINT('',(-8.05,-64.2,0.));
#5182=CARTESIAN_POINT('',(-7.05,-50.1,0.));
#5183=CARTESIAN_POINT('',(7.05,-7.05,0.));
#5184=CARTESIAN_POINT('',(-7.05,-7.05,0.));
#5185=CARTESIAN_POINT('',(-8.05,-7.05,0.));
#5186=CARTESIAN_POINT('',(-7.05,7.05,0.));
#5187=CARTESIAN_POINT('',(-7.05,7.05,0.));
#5188=CARTESIAN_POINT('',(7.05,7.05,0.));
#5189=CARTESIAN_POINT('',(8.05,7.05,0.));
#5190=CARTESIAN_POINT('',(7.05,7.05,0.));
#5191=CARTESIAN_POINT('',(-69.15,-1.81124999999999,0.));
#5192=CARTESIAN_POINT('',(-83.25,-1.81124999999999,0.));
#5193=CARTESIAN_POINT('',(-84.25,-1.81124999999999,0.));
#5194=CARTESIAN_POINT('',(-83.25,12.28875,0.));
#5195=CARTESIAN_POINT('',(-83.25,12.28875,0.));
#5196=CARTESIAN_POINT('',(-69.15,12.28875,0.));
#5197=CARTESIAN_POINT('',(-68.15,12.28875,0.));
#5198=CARTESIAN_POINT('',(-69.15,12.28875,0.));
#5199=CARTESIAN_POINT('',(-88.2,-64.2,0.));
#5200=CARTESIAN_POINT('',(-102.3,-64.2,0.));
#5201=CARTESIAN_POINT('',(-103.3,-64.2,0.));
#5202=CARTESIAN_POINT('',(-102.3,-50.1,0.));
#5203=CARTESIAN_POINT('',(-102.3,-50.1,0.));
#5204=CARTESIAN_POINT('',(-88.2,-50.1,0.));
#5205=CARTESIAN_POINT('',(-87.2000000000001,-50.1,0.));
#5206=CARTESIAN_POINT('',(-88.2,-50.1,0.));
#5207=CARTESIAN_POINT('',(-88.2,-26.1,0.));
#5208=CARTESIAN_POINT('',(-102.3,-26.1,0.));
#5209=CARTESIAN_POINT('',(-103.3,-26.1,0.));
#5210=CARTESIAN_POINT('',(-102.3,-12.,0.));
#5211=CARTESIAN_POINT('',(-102.3,-12.,0.));
#5212=CARTESIAN_POINT('',(-88.2,-12.,0.));
#5213=CARTESIAN_POINT('',(-87.2000000000001,-12.,0.));
#5214=CARTESIAN_POINT('',(-88.2,-12.,0.));
#5215=CARTESIAN_POINT('',(-88.2,-45.15,0.));
#5216=CARTESIAN_POINT('',(-102.3,-45.15,0.));
#5217=CARTESIAN_POINT('',(-103.3,-45.15,0.));
#5218=CARTESIAN_POINT('',(-102.3,-31.05,0.));
#5219=CARTESIAN_POINT('',(-102.3,-31.05,0.));
#5220=CARTESIAN_POINT('',(-88.2,-31.05,0.));
#5221=CARTESIAN_POINT('',(-87.2000000000001,-31.05,0.));
#5222=CARTESIAN_POINT('',(-88.2,-31.05,0.));
#5223=CARTESIAN_POINT('',(-69.15,-39.91125,0.));
#5224=CARTESIAN_POINT('',(-83.25,-39.91125,0.));
#5225=CARTESIAN_POINT('',(-84.25,-39.91125,0.));
#5226=CARTESIAN_POINT('',(-83.25,-25.81125,0.));
#5227=CARTESIAN_POINT('',(-83.25,-25.81125,0.));
#5228=CARTESIAN_POINT('',(-69.15,-25.81125,0.));
#5229=CARTESIAN_POINT('',(-68.15,-25.81125,0.));
#5230=CARTESIAN_POINT('',(-69.15,-25.81125,0.));
#5231=CARTESIAN_POINT('',(-7.05,-12.,0.));
#5232=CARTESIAN_POINT('',(7.05,-12.,0.));
#5233=CARTESIAN_POINT('',(8.05,-12.,0.));
#5234=CARTESIAN_POINT('',(7.05,-26.1,0.));
#5235=CARTESIAN_POINT('',(7.05,-12.,0.));
#5236=CARTESIAN_POINT('',(-7.05,-26.1,0.));
#5237=CARTESIAN_POINT('',(-8.05,-26.1,0.));
#5238=CARTESIAN_POINT('',(-7.05,-12.,0.));
#5239=CARTESIAN_POINT('',(-12.,-18.95625,0.));
#5240=CARTESIAN_POINT('',(-26.1,-18.95625,0.));
#5241=CARTESIAN_POINT('',(-27.1,-18.95625,0.));
#5242=CARTESIAN_POINT('',(-26.1,-4.85625,0.));
#5243=CARTESIAN_POINT('',(-26.1,-4.85625,0.));
#5244=CARTESIAN_POINT('',(-12.,-4.85625,0.));
#5245=CARTESIAN_POINT('',(-11.,-4.85625,0.));
#5246=CARTESIAN_POINT('',(-12.,-4.85625,0.));
#5247=CARTESIAN_POINT('',(-12.,-38.00625,0.));
#5248=CARTESIAN_POINT('',(-26.1,-38.00625,0.));
#5249=CARTESIAN_POINT('',(-27.1,-38.00625,0.));
#5250=CARTESIAN_POINT('',(-26.1,-23.90625,0.));
#5251=CARTESIAN_POINT('',(-26.1,-23.90625,0.));
#5252=CARTESIAN_POINT('',(-12.,-23.90625,0.));
#5253=CARTESIAN_POINT('',(-11.,-23.90625,0.));
#5254=CARTESIAN_POINT('',(-12.,-23.90625,0.));
#5255=CARTESIAN_POINT('',(-12.,0.0937500000000036,0.));
#5256=CARTESIAN_POINT('',(-26.1,0.0937500000000036,0.));
#5257=CARTESIAN_POINT('',(-27.1,0.0937500000000036,0.));
#5258=CARTESIAN_POINT('',(-26.1,14.19375,0.));
#5259=CARTESIAN_POINT('',(-26.1,14.19375,0.));
#5260=CARTESIAN_POINT('',(-12.,14.19375,0.));
#5261=CARTESIAN_POINT('',(-11.,14.19375,0.));
#5262=CARTESIAN_POINT('',(-12.,14.19375,0.));
#5263=CARTESIAN_POINT('',(-50.1,1.5225,0.));
#5264=CARTESIAN_POINT('',(-64.2,1.5225,0.));
#5265=CARTESIAN_POINT('',(-65.2,1.5225,0.));
#5266=CARTESIAN_POINT('',(-64.2,15.6225,0.));
#5267=CARTESIAN_POINT('',(-64.2,15.6225,0.));
#5268=CARTESIAN_POINT('',(-50.1,15.6225,0.));
#5269=CARTESIAN_POINT('',(-49.1,15.6225,0.));
#5270=CARTESIAN_POINT('',(-50.1,15.6225,0.));
#5271=CARTESIAN_POINT('',(-7.05,-31.05,0.));
#5272=CARTESIAN_POINT('',(7.05,-31.05,0.));
#5273=CARTESIAN_POINT('',(8.05,-31.05,0.));
#5274=CARTESIAN_POINT('',(7.05,-45.15,0.));
#5275=CARTESIAN_POINT('',(7.05,-31.05,0.));
#5276=CARTESIAN_POINT('',(-7.05,-45.15,0.));
#5277=CARTESIAN_POINT('',(-8.05,-45.15,0.));
#5278=CARTESIAN_POINT('',(-7.05,-31.05,0.));
#5279=CARTESIAN_POINT('',(-31.05,2.47499999999999,0.));
#5280=CARTESIAN_POINT('',(-45.15,2.47499999999999,0.));
#5281=CARTESIAN_POINT('',(-46.15,2.47499999999999,0.));
#5282=CARTESIAN_POINT('',(-45.15,16.575,0.));
#5283=CARTESIAN_POINT('',(-45.15,16.575,0.));
#5284=CARTESIAN_POINT('',(-31.05,16.575,0.));
#5285=CARTESIAN_POINT('',(-30.05,16.575,0.));
#5286=CARTESIAN_POINT('',(-31.05,16.575,0.));
#5287=CARTESIAN_POINT('',(-64.2,-3.4275,0.));
#5288=CARTESIAN_POINT('',(-64.2,-17.5275,0.));
#5289=CARTESIAN_POINT('',(-64.2,-3.4275,0.));
#5290=CARTESIAN_POINT('',(-50.1,-3.4275,0.));
#5291=CARTESIAN_POINT('',(-49.1,-3.4275,0.));
#5292=CARTESIAN_POINT('',(-50.1,-17.5275,0.));
#5293=CARTESIAN_POINT('',(-50.1,-3.4275,0.));
#5294=CARTESIAN_POINT('',(-65.2,-17.5275,0.));
#5295=CARTESIAN_POINT('',(-12.,-57.05625,0.));
#5296=CARTESIAN_POINT('',(-26.1,-57.05625,0.));
#5297=CARTESIAN_POINT('',(-27.1,-57.05625,0.));
#5298=CARTESIAN_POINT('',(-26.1,-42.95625,0.));
#5299=CARTESIAN_POINT('',(-26.1,-42.95625,0.));
#5300=CARTESIAN_POINT('',(-12.,-42.95625,0.));
#5301=CARTESIAN_POINT('',(-11.,-42.95625,0.));
#5302=CARTESIAN_POINT('',(-12.,-42.95625,0.));
#5303=CARTESIAN_POINT('',(-69.15,-20.86125,0.));
#5304=CARTESIAN_POINT('',(-83.25,-20.86125,0.));
#5305=CARTESIAN_POINT('',(-84.25,-20.86125,0.));
#5306=CARTESIAN_POINT('',(-83.25,-6.76124999999998,0.));
#5307=CARTESIAN_POINT('',(-83.25,-6.76124999999998,0.));
#5308=CARTESIAN_POINT('',(-69.15,-6.76124999999998,0.));
#5309=CARTESIAN_POINT('',(-68.15,-6.76124999999998,0.));
#5310=CARTESIAN_POINT('',(-69.15,-6.76124999999998,0.));
#5311=CARTESIAN_POINT('',(-88.2,-7.04999999999999,0.));
#5312=CARTESIAN_POINT('',(-102.3,-7.04999999999999,0.));
#5313=CARTESIAN_POINT('',(-103.3,-7.04999999999999,0.));
#5314=CARTESIAN_POINT('',(-102.3,7.05000000000001,0.));
#5315=CARTESIAN_POINT('',(-102.3,7.05000000000001,0.));
#5316=CARTESIAN_POINT('',(-88.2,7.04999999999999,0.));
#5317=CARTESIAN_POINT('',(-87.2000000000001,7.04999999999998,0.));
#5318=CARTESIAN_POINT('',(-88.2,7.05,0.));
#5319=CARTESIAN_POINT('',(-31.05,-16.575,0.));
#5320=CARTESIAN_POINT('',(-45.15,-16.575,0.));
#5321=CARTESIAN_POINT('',(-46.15,-16.575,0.));
#5322=CARTESIAN_POINT('',(-45.15,-2.47499999999999,0.));
#5323=CARTESIAN_POINT('',(-45.15,-2.475,0.));
#5324=CARTESIAN_POINT('',(-31.05,-2.47499999999999,0.));
#5325=CARTESIAN_POINT('',(-30.05,-2.47499999999999,0.));
#5326=CARTESIAN_POINT('',(-31.05,-2.47499999999999,0.));
#5327=CARTESIAN_POINT('',(-64.2,-22.4775,0.));
#5328=CARTESIAN_POINT('',(-64.2,-36.5775,0.));
#5329=CARTESIAN_POINT('',(-64.2,-22.4775,0.));
#5330=CARTESIAN_POINT('',(-50.1,-22.4775,0.));
#5331=CARTESIAN_POINT('',(-49.1,-22.4775,0.));
#5332=CARTESIAN_POINT('',(-50.1,-36.5775,0.));
#5333=CARTESIAN_POINT('',(-50.1,-22.4775,0.));
#5334=CARTESIAN_POINT('',(-65.2,-36.5775,0.));
#5335=CARTESIAN_POINT('',(-31.05,-35.625,0.));
#5336=CARTESIAN_POINT('',(-45.15,-35.625,0.));
#5337=CARTESIAN_POINT('',(-46.15,-35.625,0.));
#5338=CARTESIAN_POINT('',(-45.15,-21.525,0.));
#5339=CARTESIAN_POINT('',(-45.15,-21.525,0.));
#5340=CARTESIAN_POINT('',(-31.05,-21.525,0.));
#5341=CARTESIAN_POINT('',(-30.05,-21.525,0.));
#5342=CARTESIAN_POINT('',(-31.05,-21.525,0.));
#5343=CARTESIAN_POINT('Origin',(-103.275,-65.175,0.));
#5344=CARTESIAN_POINT('',(-107.175,-65.175,-2.));
#5345=CARTESIAN_POINT('',(-103.275,-69.075,-2.));
#5346=CARTESIAN_POINT('Origin',(-103.275,-65.175,-2.));
#5347=CARTESIAN_POINT('',(-103.275,-69.075,0.));
#5348=CARTESIAN_POINT('',(-107.175,-65.175,0.));
#5349=CARTESIAN_POINT('Origin',(-83.325,-69.075,0.));
#5350=CARTESIAN_POINT('',(-87.225,-69.075,-2.));
#5351=CARTESIAN_POINT('',(-107.175,-69.075,-2.));
#5352=CARTESIAN_POINT('',(-87.225,-69.075,0.));
#5353=CARTESIAN_POINT('Origin',(-87.225,-65.175,0.));
#5354=CARTESIAN_POINT('Origin',(-87.225,-65.175,-2.));
#5355=CARTESIAN_POINT('Origin',(-27.075,-65.175,0.));
#5356=CARTESIAN_POINT('',(-30.975,-65.175,-2.));
#5357=CARTESIAN_POINT('',(-27.075,-69.075,-2.));
#5358=CARTESIAN_POINT('Origin',(-27.075,-65.175,-2.));
#5359=CARTESIAN_POINT('',(-27.075,-69.075,0.));
#5360=CARTESIAN_POINT('',(-30.975,-65.175,0.));
#5361=CARTESIAN_POINT('Origin',(-30.975,-69.075,0.));
#5362=CARTESIAN_POINT('',(-30.975,-44.78625,-2.));
#5363=CARTESIAN_POINT('Origin',(8.02499999999999,17.55,0.));
#5364=CARTESIAN_POINT('',(11.925,17.55,-2.));
#5365=CARTESIAN_POINT('Origin',(8.02499999999999,17.55,-2.));
#5366=CARTESIAN_POINT('',(11.925,17.55,0.));
#5367=CARTESIAN_POINT('Origin',(11.925,21.45,0.));
#5368=CARTESIAN_POINT('',(11.925,-65.175,-2.));
#5369=CARTESIAN_POINT('',(11.925,-65.175,0.));
#5370=CARTESIAN_POINT('',(11.925,-69.075,-2.));
#5371=CARTESIAN_POINT('Origin',(8.025,-65.175,0.));
#5372=CARTESIAN_POINT('',(8.025,-69.075,-2.));
#5373=CARTESIAN_POINT('Origin',(8.025,-65.175,-2.));
#5374=CARTESIAN_POINT('',(8.025,-69.075,0.));
#5375=CARTESIAN_POINT('Origin',(7.05,-26.1,0.));
#5376=CARTESIAN_POINT('',(7.05,-12.,-1.2));
#5377=CARTESIAN_POINT('',(7.05,-12.,0.));
#5378=CARTESIAN_POINT('',(7.05,-26.1,-1.2));
#5379=CARTESIAN_POINT('',(7.05,-12.,-1.2));
#5380=CARTESIAN_POINT('',(7.05,-26.1,0.));
#5381=CARTESIAN_POINT('Origin',(7.55,-19.05,-1.2));
#5382=CARTESIAN_POINT('',(8.05,-12.,-1.2));
#5383=CARTESIAN_POINT('',(7.8,-12.,-1.2));
#5384=CARTESIAN_POINT('',(8.05,-26.1,-1.2));
#5385=CARTESIAN_POINT('',(8.05,-22.575,-1.2));
#5386=CARTESIAN_POINT('',(-0.25,-26.1,-1.2));
#5387=CARTESIAN_POINT('Origin',(-8.05,-26.1,0.));
#5388=CARTESIAN_POINT('',(8.05,-26.1,-2.));
#5389=CARTESIAN_POINT('',(8.05,-26.1,0.));
#5390=CARTESIAN_POINT('',(-8.05,-26.1,-2.));
#5391=CARTESIAN_POINT('',(-8.05,-26.1,-2.));
#5392=CARTESIAN_POINT('',(-8.05,-26.1,-1.2));
#5393=CARTESIAN_POINT('',(-8.05,-26.1,0.));
#5394=CARTESIAN_POINT('',(-7.05,-26.1,-1.2));
#5395=CARTESIAN_POINT('',(-7.8,-26.1,-1.2));
#5396=CARTESIAN_POINT('',(-7.05,-26.1,0.));
#5397=CARTESIAN_POINT('Origin',(8.05,-26.1,0.));
#5398=CARTESIAN_POINT('',(8.05,-12.,-2.));
#5399=CARTESIAN_POINT('',(8.05,-12.,0.));
#5400=CARTESIAN_POINT('',(8.05,-26.1,-2.));
#5401=CARTESIAN_POINT('Origin',(-7.05,7.05,0.));
#5402=CARTESIAN_POINT('',(-7.05,-7.05,-1.2));
#5403=CARTESIAN_POINT('',(-7.05,-7.05,0.));
#5404=CARTESIAN_POINT('',(-7.05,7.05,-1.2));
#5405=CARTESIAN_POINT('',(-7.05,7.05,-1.2));
#5406=CARTESIAN_POINT('',(-7.05,7.05,0.));
#5407=CARTESIAN_POINT('Origin',(-7.55,0.,-1.2));
#5408=CARTESIAN_POINT('',(-8.05,7.05,-1.2));
#5409=CARTESIAN_POINT('',(-8.05,-7.05,-1.2));
#5410=CARTESIAN_POINT('',(-8.05,3.525,-1.2));
#5411=CARTESIAN_POINT('',(0.25,7.05,-1.2));
#5412=CARTESIAN_POINT('',(-7.8,-7.05,-1.2));
#5413=CARTESIAN_POINT('Origin',(8.05,7.05,0.));
#5414=CARTESIAN_POINT('',(-8.05,7.05,-2.));
#5415=CARTESIAN_POINT('',(-8.05,7.05,0.));
#5416=CARTESIAN_POINT('',(8.05,7.05,-2.));
#5417=CARTESIAN_POINT('',(8.05,7.05,-2.));
#5418=CARTESIAN_POINT('',(8.05,7.05,-1.2));
#5419=CARTESIAN_POINT('',(8.05,7.05,0.));
#5420=CARTESIAN_POINT('',(7.05,7.05,-1.2));
#5421=CARTESIAN_POINT('',(7.8,7.05,-1.2));
#5422=CARTESIAN_POINT('',(7.05,7.05,0.));
#5423=CARTESIAN_POINT('Origin',(-26.1,-4.85625,0.));
#5424=CARTESIAN_POINT('',(-26.1,-18.95625,-1.2));
#5425=CARTESIAN_POINT('',(-26.1,-18.95625,0.));
#5426=CARTESIAN_POINT('',(-26.1,-4.85625,-1.2));
#5427=CARTESIAN_POINT('',(-26.1,-4.85625,-1.2));
#5428=CARTESIAN_POINT('',(-26.1,-4.85625,0.));
#5429=CARTESIAN_POINT('Origin',(-26.6,-11.90625,-1.2));
#5430=CARTESIAN_POINT('',(-27.1,-4.85625,-1.2));
#5431=CARTESIAN_POINT('',(-18.8,-4.85625,-1.2));
#5432=CARTESIAN_POINT('',(-27.1,-18.95625,-1.2));
#5433=CARTESIAN_POINT('',(-26.85,-18.95625,-1.2));
#5434=CARTESIAN_POINT('',(-27.1,-8.38125,-1.2));
#5435=CARTESIAN_POINT('Origin',(-26.1,-42.95625,0.));
#5436=CARTESIAN_POINT('',(-26.1,-57.05625,-1.2));
#5437=CARTESIAN_POINT('',(-26.1,-57.05625,0.));
#5438=CARTESIAN_POINT('',(-26.1,-42.95625,-1.2));
#5439=CARTESIAN_POINT('',(-26.1,-42.95625,-1.2));
#5440=CARTESIAN_POINT('',(-26.1,-42.95625,0.));
#5441=CARTESIAN_POINT('Origin',(-26.6,-50.00625,-1.2));
#5442=CARTESIAN_POINT('',(-27.1,-42.95625,-1.2));
#5443=CARTESIAN_POINT('',(-18.8,-42.95625,-1.2));
#5444=CARTESIAN_POINT('',(-27.1,-57.05625,-1.2));
#5445=CARTESIAN_POINT('',(-26.85,-57.05625,-1.2));
#5446=CARTESIAN_POINT('',(-27.1,-46.48125,-1.2));
#5447=CARTESIAN_POINT('Origin',(-31.05,-35.625,0.));
#5448=CARTESIAN_POINT('',(-31.05,-21.525,-1.2));
#5449=CARTESIAN_POINT('',(-31.05,-21.525,0.));
#5450=CARTESIAN_POINT('',(-31.05,-35.625,-1.2));
#5451=CARTESIAN_POINT('',(-31.05,-21.525,-1.2));
#5452=CARTESIAN_POINT('',(-31.05,-35.625,0.));
#5453=CARTESIAN_POINT('Origin',(-30.55,-28.575,-1.2));
#5454=CARTESIAN_POINT('',(-30.05,-21.525,-1.2));
#5455=CARTESIAN_POINT('',(-30.3,-21.525,-1.2));
#5456=CARTESIAN_POINT('',(-30.05,-35.625,-1.2));
#5457=CARTESIAN_POINT('',(-30.05,-32.1,-1.2));
#5458=CARTESIAN_POINT('',(-38.35,-35.625,-1.2));
#5459=CARTESIAN_POINT('Origin',(-46.15,-35.625,0.));
#5460=CARTESIAN_POINT('',(-30.05,-35.625,-2.));
#5461=CARTESIAN_POINT('',(-30.05,-35.625,0.));
#5462=CARTESIAN_POINT('',(-46.15,-35.625,-2.));
#5463=CARTESIAN_POINT('',(-46.15,-35.625,-2.));
#5464=CARTESIAN_POINT('',(-46.15,-35.625,-1.2));
#5465=CARTESIAN_POINT('',(-46.15,-35.625,0.));
#5466=CARTESIAN_POINT('',(-45.15,-35.625,-1.2));
#5467=CARTESIAN_POINT('',(-45.9,-35.625,-1.2));
#5468=CARTESIAN_POINT('',(-45.15,-35.625,0.));
#5469=CARTESIAN_POINT('Origin',(-30.05,-35.625,0.));
#5470=CARTESIAN_POINT('',(-30.05,-21.525,-2.));
#5471=CARTESIAN_POINT('',(-30.05,-21.525,0.));
#5472=CARTESIAN_POINT('',(-30.05,-35.625,-2.));
#5473=CARTESIAN_POINT('Origin',(-45.15,16.575,0.));
#5474=CARTESIAN_POINT('',(-45.15,2.47499999999999,-1.2));
#5475=CARTESIAN_POINT('',(-45.15,2.47499999999999,0.));
#5476=CARTESIAN_POINT('',(-45.15,16.575,-1.2));
#5477=CARTESIAN_POINT('',(-45.15,16.575,-1.2));
#5478=CARTESIAN_POINT('',(-45.15,16.575,0.));
#5479=CARTESIAN_POINT('Origin',(-45.65,9.525,-1.2));
#5480=CARTESIAN_POINT('',(-46.15,16.575,-1.2));
#5481=CARTESIAN_POINT('',(-37.85,16.575,-1.2));
#5482=CARTESIAN_POINT('',(-46.15,2.47499999999999,-1.2));
#5483=CARTESIAN_POINT('',(-45.9,2.47499999999999,-1.2));
#5484=CARTESIAN_POINT('',(-46.15,13.05,-1.2));
#5485=CARTESIAN_POINT('Origin',(-64.2,-3.4275,0.));
#5486=CARTESIAN_POINT('',(-64.2,-17.5275,-1.2));
#5487=CARTESIAN_POINT('',(-64.2,-17.5275,0.));
#5488=CARTESIAN_POINT('',(-64.2,-3.4275,-1.2));
#5489=CARTESIAN_POINT('',(-64.2,-3.4275,-1.2));
#5490=CARTESIAN_POINT('',(-64.2,-3.4275,0.));
#5491=CARTESIAN_POINT('Origin',(-64.7,-10.4775,-1.2));
#5492=CARTESIAN_POINT('',(-65.2,-3.4275,-1.2));
#5493=CARTESIAN_POINT('',(-56.9,-3.4275,-1.2));
#5494=CARTESIAN_POINT('',(-65.2,-17.5275,-1.2));
#5495=CARTESIAN_POINT('',(-64.95,-17.5275,-1.2));
#5496=CARTESIAN_POINT('',(-65.2,-6.9525,-1.2));
#5497=CARTESIAN_POINT('Origin',(-83.25,-6.76124999999998,0.));
#5498=CARTESIAN_POINT('',(-83.25,-20.86125,-1.2));
#5499=CARTESIAN_POINT('',(-83.25,-20.86125,0.));
#5500=CARTESIAN_POINT('',(-83.25,-6.76124999999998,-1.2));
#5501=CARTESIAN_POINT('',(-83.25,-6.76124999999998,-1.2));
#5502=CARTESIAN_POINT('',(-83.25,-6.76124999999998,0.));
#5503=CARTESIAN_POINT('Origin',(-83.75,-13.81125,-1.2));
#5504=CARTESIAN_POINT('',(-84.25,-6.76124999999998,-1.2));
#5505=CARTESIAN_POINT('',(-75.95,-6.76124999999998,-1.2));
#5506=CARTESIAN_POINT('',(-84.25,-20.86125,-1.2));
#5507=CARTESIAN_POINT('',(-84.,-20.86125,-1.2));
#5508=CARTESIAN_POINT('',(-84.25,-10.28625,-1.2));
#5509=CARTESIAN_POINT('Origin',(-83.25,-25.81125,0.));
#5510=CARTESIAN_POINT('',(-83.25,-39.91125,-1.2));
#5511=CARTESIAN_POINT('',(-83.25,-39.91125,0.));
#5512=CARTESIAN_POINT('',(-83.25,-25.81125,-1.2));
#5513=CARTESIAN_POINT('',(-83.25,-25.81125,-1.2));
#5514=CARTESIAN_POINT('',(-83.25,-25.81125,0.));
#5515=CARTESIAN_POINT('Origin',(-83.75,-32.86125,-1.2));
#5516=CARTESIAN_POINT('',(-84.25,-25.81125,-1.2));
#5517=CARTESIAN_POINT('',(-75.95,-25.81125,-1.2));
#5518=CARTESIAN_POINT('',(-84.25,-39.91125,-1.2));
#5519=CARTESIAN_POINT('',(-84.,-39.91125,-1.2));
#5520=CARTESIAN_POINT('',(-84.25,-29.33625,-1.2));
#5521=CARTESIAN_POINT('Origin',(-102.3,-12.,0.));
#5522=CARTESIAN_POINT('',(-102.3,-26.1,-1.2));
#5523=CARTESIAN_POINT('',(-102.3,-26.1,0.));
#5524=CARTESIAN_POINT('',(-102.3,-12.,-1.2));
#5525=CARTESIAN_POINT('',(-102.3,-12.,-1.2));
#5526=CARTESIAN_POINT('',(-102.3,-12.,0.));
#5527=CARTESIAN_POINT('Origin',(-102.8,-19.05,-1.2));
#5528=CARTESIAN_POINT('',(-103.3,-12.,-1.2));
#5529=CARTESIAN_POINT('',(-95.0000000000001,-12.,-1.2));
#5530=CARTESIAN_POINT('',(-103.3,-26.1,-1.2));
#5531=CARTESIAN_POINT('',(-103.05,-26.1,-1.2));
#5532=CARTESIAN_POINT('',(-103.3,-15.525,-1.2));
#5533=CARTESIAN_POINT('Origin',(-88.2,-45.15,0.));
#5534=CARTESIAN_POINT('',(-88.2,-31.05,-1.2));
#5535=CARTESIAN_POINT('',(-88.2,-31.05,0.));
#5536=CARTESIAN_POINT('',(-88.2,-45.15,-1.2));
#5537=CARTESIAN_POINT('',(-88.2,-31.05,-1.2));
#5538=CARTESIAN_POINT('',(-88.2,-45.15,0.));
#5539=CARTESIAN_POINT('Origin',(-87.7,-38.1,-1.2));
#5540=CARTESIAN_POINT('',(-87.2000000000001,-45.15,-1.2));
#5541=CARTESIAN_POINT('',(-87.2000000000001,-31.05,-1.2));
#5542=CARTESIAN_POINT('',(-87.2000000000001,-41.625,-1.2));
#5543=CARTESIAN_POINT('',(-95.5,-45.15,-1.2));
#5544=CARTESIAN_POINT('',(-87.45,-31.05,-1.2));
#5545=CARTESIAN_POINT('Origin',(-103.3,-45.15,0.));
#5546=CARTESIAN_POINT('',(-87.2000000000001,-45.15,-2.));
#5547=CARTESIAN_POINT('',(-87.2000000000001,-45.15,0.));
#5548=CARTESIAN_POINT('',(-103.3,-45.15,-2.));
#5549=CARTESIAN_POINT('',(-103.3,-45.15,-2.));
#5550=CARTESIAN_POINT('',(-103.3,-45.15,-1.2));
#5551=CARTESIAN_POINT('',(-103.3,-45.15,0.));
#5552=CARTESIAN_POINT('',(-102.3,-45.15,-1.2));
#5553=CARTESIAN_POINT('',(-103.05,-45.15,-1.2));
#5554=CARTESIAN_POINT('',(-102.3,-45.15,0.));
#5555=CARTESIAN_POINT('Origin',(-102.3,-50.1,0.));
#5556=CARTESIAN_POINT('',(-102.3,-64.2,-1.2));
#5557=CARTESIAN_POINT('',(-102.3,-64.2,0.));
#5558=CARTESIAN_POINT('',(-102.3,-50.1,-1.2));
#5559=CARTESIAN_POINT('',(-102.3,-50.1,-1.2));
#5560=CARTESIAN_POINT('',(-102.3,-50.1,0.));
#5561=CARTESIAN_POINT('Origin',(-102.8,-57.15,-1.2));
#5562=CARTESIAN_POINT('',(-103.3,-50.1,-1.2));
#5563=CARTESIAN_POINT('',(-95.0000000000001,-50.1,-1.2));
#5564=CARTESIAN_POINT('',(-103.3,-64.2,-1.2));
#5565=CARTESIAN_POINT('',(-103.05,-64.2,-1.2));
#5566=CARTESIAN_POINT('',(-103.3,-53.625,-1.2));
#5567=CARTESIAN_POINT('Origin',(-102.3,7.05000000000001,0.));
#5568=CARTESIAN_POINT('',(-102.3,-7.04999999999999,-1.2));
#5569=CARTESIAN_POINT('',(-102.3,-7.04999999999999,0.));
#5570=CARTESIAN_POINT('',(-102.3,7.05000000000001,-1.2));
#5571=CARTESIAN_POINT('',(-102.3,7.05000000000001,-1.2));
#5572=CARTESIAN_POINT('',(-102.3,7.05000000000001,0.));
#5573=CARTESIAN_POINT('Origin',(-102.8,1.11022302462516E-14,-1.2));
#5574=CARTESIAN_POINT('',(-103.3,7.05000000000001,-1.2));
#5575=CARTESIAN_POINT('',(-95.0000000000001,7.05,-1.2));
#5576=CARTESIAN_POINT('',(-103.3,-7.04999999999999,-1.2));
#5577=CARTESIAN_POINT('',(-103.05,-7.04999999999999,-1.2));
#5578=CARTESIAN_POINT('',(-103.3,3.52500000000001,-1.2));
#5579=CARTESIAN_POINT('Origin',(-69.15,-1.81124999999999,0.));
#5580=CARTESIAN_POINT('',(-69.15,12.28875,-1.2));
#5581=CARTESIAN_POINT('',(-69.15,12.28875,0.));
#5582=CARTESIAN_POINT('',(-69.15,-1.81124999999999,-1.2));
#5583=CARTESIAN_POINT('',(-69.15,12.28875,-1.2));
#5584=CARTESIAN_POINT('',(-69.15,-1.81124999999999,0.));
#5585=CARTESIAN_POINT('Origin',(-68.65,5.23875000000001,-1.2));
#5586=CARTESIAN_POINT('',(-68.15,12.28875,-1.2));
#5587=CARTESIAN_POINT('',(-68.4,12.28875,-1.2));
#5588=CARTESIAN_POINT('',(-68.15,-1.81124999999999,-1.2));
#5589=CARTESIAN_POINT('',(-68.15,1.71375000000001,-1.2));
#5590=CARTESIAN_POINT('',(-76.45,-1.81124999999999,-1.2));
#5591=CARTESIAN_POINT('Origin',(-84.25,-1.81124999999999,0.));
#5592=CARTESIAN_POINT('',(-68.15,-1.81124999999999,-2.));
#5593=CARTESIAN_POINT('',(-68.15,-1.81124999999999,0.));
#5594=CARTESIAN_POINT('',(-84.25,-1.81124999999999,-2.));
#5595=CARTESIAN_POINT('',(-84.25,-1.81124999999999,-2.));
#5596=CARTESIAN_POINT('',(-84.25,-1.81124999999999,-1.2));
#5597=CARTESIAN_POINT('',(-84.25,-1.81124999999999,0.));
#5598=CARTESIAN_POINT('',(-83.25,-1.81124999999999,-1.2));
#5599=CARTESIAN_POINT('',(-84.,-1.81124999999999,-1.2));
#5600=CARTESIAN_POINT('',(-83.25,-1.81124999999999,0.));
#5601=CARTESIAN_POINT('Origin',(-68.15,-1.81124999999999,0.));
#5602=CARTESIAN_POINT('',(-68.15,12.28875,-2.));
#5603=CARTESIAN_POINT('',(-68.15,12.28875,0.));
#5604=CARTESIAN_POINT('',(-68.15,-1.81124999999999,-2.));
#5605=CARTESIAN_POINT('Origin',(-64.2,-22.4775,0.));
#5606=CARTESIAN_POINT('',(-64.2,-36.5775,-1.2));
#5607=CARTESIAN_POINT('',(-64.2,-36.5775,0.));
#5608=CARTESIAN_POINT('',(-64.2,-22.4775,-1.2));
#5609=CARTESIAN_POINT('',(-64.2,-22.4775,-1.2));
#5610=CARTESIAN_POINT('',(-64.2,-22.4775,0.));
#5611=CARTESIAN_POINT('Origin',(-64.7,-29.5275,-1.2));
#5612=CARTESIAN_POINT('',(-65.2,-22.4775,-1.2));
#5613=CARTESIAN_POINT('',(-56.9,-22.4775,-1.2));
#5614=CARTESIAN_POINT('',(-65.2,-36.5775,-1.2));
#5615=CARTESIAN_POINT('',(-64.95,-36.5775,-1.2));
#5616=CARTESIAN_POINT('',(-65.2,-26.0025,-1.2));
#5617=CARTESIAN_POINT('Origin',(-64.2,15.6225,0.));
#5618=CARTESIAN_POINT('',(-64.2,1.5225,-1.2));
#5619=CARTESIAN_POINT('',(-64.2,1.5225,0.));
#5620=CARTESIAN_POINT('',(-64.2,15.6225,-1.2));
#5621=CARTESIAN_POINT('',(-64.2,15.6225,-1.2));
#5622=CARTESIAN_POINT('',(-64.2,15.6225,0.));
#5623=CARTESIAN_POINT('Origin',(-64.7,8.57250000000001,-1.2));
#5624=CARTESIAN_POINT('',(-65.2,15.6225,-1.2));
#5625=CARTESIAN_POINT('',(-56.9,15.6225,-1.2));
#5626=CARTESIAN_POINT('',(-65.2,1.5225,-1.2));
#5627=CARTESIAN_POINT('',(-64.95,1.5225,-1.2));
#5628=CARTESIAN_POINT('',(-65.2,12.0975,-1.2));
#5629=CARTESIAN_POINT('Origin',(-31.05,-16.575,0.));
#5630=CARTESIAN_POINT('',(-31.05,-2.47499999999999,-1.2));
#5631=CARTESIAN_POINT('',(-31.05,-2.47499999999999,0.));
#5632=CARTESIAN_POINT('',(-31.05,-16.575,-1.2));
#5633=CARTESIAN_POINT('',(-31.05,-2.47499999999999,-1.2));
#5634=CARTESIAN_POINT('',(-31.05,-16.575,0.));
#5635=CARTESIAN_POINT('Origin',(-30.55,-9.525,-1.2));
#5636=CARTESIAN_POINT('',(-30.05,-2.47499999999999,-1.2));
#5637=CARTESIAN_POINT('',(-30.3,-2.47499999999999,-1.2));
#5638=CARTESIAN_POINT('',(-30.05,-16.575,-1.2));
#5639=CARTESIAN_POINT('',(-30.05,-13.05,-1.2));
#5640=CARTESIAN_POINT('',(-38.35,-16.575,-1.2));
#5641=CARTESIAN_POINT('Origin',(-46.15,-16.575,0.));
#5642=CARTESIAN_POINT('',(-30.05,-16.575,-2.));
#5643=CARTESIAN_POINT('',(-30.05,-16.575,0.));
#5644=CARTESIAN_POINT('',(-46.15,-16.575,-2.));
#5645=CARTESIAN_POINT('',(-46.15,-16.575,-2.));
#5646=CARTESIAN_POINT('',(-46.15,-16.575,-1.2));
#5647=CARTESIAN_POINT('',(-46.15,-16.575,0.));
#5648=CARTESIAN_POINT('',(-45.15,-16.575,-1.2));
#5649=CARTESIAN_POINT('',(-45.9,-16.575,-1.2));
#5650=CARTESIAN_POINT('',(-45.15,-16.575,0.));
#5651=CARTESIAN_POINT('Origin',(-30.05,-16.575,0.));
#5652=CARTESIAN_POINT('',(-30.05,-2.475,-2.));
#5653=CARTESIAN_POINT('',(-30.05,-2.47499999999999,0.));
#5654=CARTESIAN_POINT('',(-30.05,-16.575,-2.));
#5655=CARTESIAN_POINT('Origin',(-26.1,14.19375,0.));
#5656=CARTESIAN_POINT('',(-26.1,0.0937500000000036,-1.2));
#5657=CARTESIAN_POINT('',(-26.1,0.0937500000000036,0.));
#5658=CARTESIAN_POINT('',(-26.1,14.19375,-1.2));
#5659=CARTESIAN_POINT('',(-26.1,14.19375,-1.2));
#5660=CARTESIAN_POINT('',(-26.1,14.19375,0.));
#5661=CARTESIAN_POINT('Origin',(-26.6,7.14375,-1.2));
#5662=CARTESIAN_POINT('',(-27.1,14.19375,-1.2));
#5663=CARTESIAN_POINT('',(-18.8,14.19375,-1.2));
#5664=CARTESIAN_POINT('',(-27.1,0.0937500000000036,-1.2));
#5665=CARTESIAN_POINT('',(-26.85,0.0937500000000036,-1.2));
#5666=CARTESIAN_POINT('',(-27.1,10.66875,-1.2));
#5667=CARTESIAN_POINT('Origin',(-26.1,-23.90625,0.));
#5668=CARTESIAN_POINT('',(-26.1,-38.00625,-1.2));
#5669=CARTESIAN_POINT('',(-26.1,-38.00625,0.));
#5670=CARTESIAN_POINT('',(-26.1,-23.90625,-1.2));
#5671=CARTESIAN_POINT('',(-26.1,-23.90625,-1.2));
#5672=CARTESIAN_POINT('',(-26.1,-23.90625,0.));
#5673=CARTESIAN_POINT('Origin',(-26.6,-30.95625,-1.2));
#5674=CARTESIAN_POINT('',(-27.1,-23.90625,-1.2));
#5675=CARTESIAN_POINT('',(-18.8,-23.90625,-1.2));
#5676=CARTESIAN_POINT('',(-27.1,-38.00625,-1.2));
#5677=CARTESIAN_POINT('',(-26.85,-38.00625,-1.2));
#5678=CARTESIAN_POINT('',(-27.1,-27.43125,-1.2));
#5679=CARTESIAN_POINT('Origin',(7.05,-64.2,0.));
#5680=CARTESIAN_POINT('',(7.05,-50.1,-1.2));
#5681=CARTESIAN_POINT('',(7.05,-50.1,0.));
#5682=CARTESIAN_POINT('',(7.05,-64.2,-1.2));
#5683=CARTESIAN_POINT('',(7.05,-50.1,-1.2));
#5684=CARTESIAN_POINT('',(7.05,-64.2,0.));
#5685=CARTESIAN_POINT('Origin',(7.55,-57.15,-1.2));
#5686=CARTESIAN_POINT('',(8.05,-50.1,-1.2));
#5687=CARTESIAN_POINT('',(7.8,-50.1,-1.2));
#5688=CARTESIAN_POINT('',(8.05,-64.2,-1.2));
#5689=CARTESIAN_POINT('',(8.05,-60.675,-1.2));
#5690=CARTESIAN_POINT('',(-0.25,-64.2,-1.2));
#5691=CARTESIAN_POINT('Origin',(-8.05,-64.2,0.));
#5692=CARTESIAN_POINT('',(8.05,-64.2,-2.));
#5693=CARTESIAN_POINT('',(8.05,-64.2,0.));
#5694=CARTESIAN_POINT('',(-8.05,-64.2,-2.));
#5695=CARTESIAN_POINT('',(-8.05,-64.2,-2.));
#5696=CARTESIAN_POINT('',(-8.05,-64.2,-1.2));
#5697=CARTESIAN_POINT('',(-8.05,-64.2,0.));
#5698=CARTESIAN_POINT('',(-7.05,-64.2,-1.2));
#5699=CARTESIAN_POINT('',(-7.8,-64.2,-1.2));
#5700=CARTESIAN_POINT('',(-7.05,-64.2,0.));
#5701=CARTESIAN_POINT('Origin',(8.05,-64.2,0.));
#5702=CARTESIAN_POINT('',(8.05,-50.1,-2.));
#5703=CARTESIAN_POINT('',(8.05,-50.1,0.));
#5704=CARTESIAN_POINT('',(8.05,-64.2,-2.));
#5705=CARTESIAN_POINT('Origin',(7.05,-45.15,0.));
#5706=CARTESIAN_POINT('',(7.05,-31.05,-1.2));
#5707=CARTESIAN_POINT('',(7.05,-31.05,0.));
#5708=CARTESIAN_POINT('',(7.05,-45.15,-1.2));
#5709=CARTESIAN_POINT('',(7.05,-31.05,-1.2));
#5710=CARTESIAN_POINT('',(7.05,-45.15,0.));
#5711=CARTESIAN_POINT('Origin',(7.55,-38.1,-1.2));
#5712=CARTESIAN_POINT('',(8.05,-31.05,-1.2));
#5713=CARTESIAN_POINT('',(7.8,-31.05,-1.2));
#5714=CARTESIAN_POINT('',(8.05,-45.15,-1.2));
#5715=CARTESIAN_POINT('',(8.05,-41.625,-1.2));
#5716=CARTESIAN_POINT('',(-0.25,-45.15,-1.2));
#5717=CARTESIAN_POINT('Origin',(-8.05,-45.15,0.));
#5718=CARTESIAN_POINT('',(8.05,-45.15,-2.));
#5719=CARTESIAN_POINT('',(8.05,-45.15,0.));
#5720=CARTESIAN_POINT('',(-8.05,-45.15,-2.));
#5721=CARTESIAN_POINT('',(-8.05,-45.15,-2.));
#5722=CARTESIAN_POINT('',(-8.05,-45.15,-1.2));
#5723=CARTESIAN_POINT('',(-8.05,-45.15,0.));
#5724=CARTESIAN_POINT('',(-7.05,-45.15,-1.2));
#5725=CARTESIAN_POINT('',(-7.8,-45.15,-1.2));
#5726=CARTESIAN_POINT('',(-7.05,-45.15,0.));
#5727=CARTESIAN_POINT('Origin',(8.05,-45.15,0.));
#5728=CARTESIAN_POINT('',(8.05,-31.05,-2.));
#5729=CARTESIAN_POINT('',(8.05,-31.05,0.));
#5730=CARTESIAN_POINT('',(8.05,-45.15,-2.));
#5731=CARTESIAN_POINT('Origin',(-7.05,-12.,0.));
#5732=CARTESIAN_POINT('',(-7.05,-12.,-1.2));
#5733=CARTESIAN_POINT('',(-7.05,-12.,-1.2));
#5734=CARTESIAN_POINT('',(-7.05,-12.,0.));
#5735=CARTESIAN_POINT('Origin',(-7.55,-19.05,-1.2));
#5736=CARTESIAN_POINT('',(-8.05,-12.,-1.2));
#5737=CARTESIAN_POINT('',(-8.05,-15.525,-1.2));
#5738=CARTESIAN_POINT('',(0.25,-12.,-1.2));
#5739=CARTESIAN_POINT('Origin',(8.05,-12.,0.));
#5740=CARTESIAN_POINT('',(-8.05,-12.,-2.));
#5741=CARTESIAN_POINT('',(-8.05,-12.,0.));
#5742=CARTESIAN_POINT('',(8.05,-12.,-2.));
#5743=CARTESIAN_POINT('Origin',(7.05,-7.05,0.));
#5744=CARTESIAN_POINT('',(7.05,-7.05,-1.2));
#5745=CARTESIAN_POINT('',(7.05,7.05,-1.2));
#5746=CARTESIAN_POINT('',(7.05,-7.05,0.));
#5747=CARTESIAN_POINT('Origin',(7.55,0.,-1.2));
#5748=CARTESIAN_POINT('',(8.05,-7.05,-1.2));
#5749=CARTESIAN_POINT('',(8.05,-3.525,-1.2));
#5750=CARTESIAN_POINT('',(-0.25,-7.05,-1.2));
#5751=CARTESIAN_POINT('Origin',(-8.05,-7.05,0.));
#5752=CARTESIAN_POINT('',(8.05,-7.05,-2.));
#5753=CARTESIAN_POINT('',(8.05,-7.05,0.));
#5754=CARTESIAN_POINT('',(-8.05,-7.05,-2.));
#5755=CARTESIAN_POINT('',(-8.05,-7.05,-2.));
#5756=CARTESIAN_POINT('',(-8.05,-7.05,0.));
#5757=CARTESIAN_POINT('Origin',(8.05,-7.05,0.));
#5758=CARTESIAN_POINT('',(8.05,-7.05,-2.));
#5759=CARTESIAN_POINT('Origin',(-12.,-18.95625,0.));
#5760=CARTESIAN_POINT('',(-12.,-4.85625,-1.2));
#5761=CARTESIAN_POINT('',(-12.,-4.85625,0.));
#5762=CARTESIAN_POINT('',(-12.,-18.95625,-1.2));
#5763=CARTESIAN_POINT('',(-12.,-4.85625,-1.2));
#5764=CARTESIAN_POINT('',(-12.,-18.95625,0.));
#5765=CARTESIAN_POINT('Origin',(-11.5,-11.90625,-1.2));
#5766=CARTESIAN_POINT('',(-11.,-4.85625,-1.2));
#5767=CARTESIAN_POINT('',(-11.25,-4.85625,-1.2));
#5768=CARTESIAN_POINT('',(-11.,-18.95625,-1.2));
#5769=CARTESIAN_POINT('',(-11.,-15.43125,-1.2));
#5770=CARTESIAN_POINT('',(-19.3,-18.95625,-1.2));
#5771=CARTESIAN_POINT('Origin',(-27.1,-18.95625,0.));
#5772=CARTESIAN_POINT('',(-11.,-18.95625,-2.));
#5773=CARTESIAN_POINT('',(-11.,-18.95625,0.));
#5774=CARTESIAN_POINT('',(-27.1,-18.95625,-2.));
#5775=CARTESIAN_POINT('',(-27.1,-18.95625,-2.));
#5776=CARTESIAN_POINT('',(-27.1,-18.95625,0.));
#5777=CARTESIAN_POINT('Origin',(-11.,-18.95625,0.));
#5778=CARTESIAN_POINT('',(-11.,-4.85625,-2.));
#5779=CARTESIAN_POINT('',(-11.,-4.85625,0.));
#5780=CARTESIAN_POINT('',(-11.,-18.95625,-2.));
#5781=CARTESIAN_POINT('Origin',(-12.,-57.05625,0.));
#5782=CARTESIAN_POINT('',(-12.,-42.95625,-1.2));
#5783=CARTESIAN_POINT('',(-12.,-42.95625,0.));
#5784=CARTESIAN_POINT('',(-12.,-57.05625,-1.2));
#5785=CARTESIAN_POINT('',(-12.,-42.95625,-1.2));
#5786=CARTESIAN_POINT('',(-12.,-57.05625,0.));
#5787=CARTESIAN_POINT('Origin',(-11.5,-50.00625,-1.2));
#5788=CARTESIAN_POINT('',(-11.,-42.95625,-1.2));
#5789=CARTESIAN_POINT('',(-11.25,-42.95625,-1.2));
#5790=CARTESIAN_POINT('',(-11.,-57.05625,-1.2));
#5791=CARTESIAN_POINT('',(-11.,-53.53125,-1.2));
#5792=CARTESIAN_POINT('',(-19.3,-57.05625,-1.2));
#5793=CARTESIAN_POINT('Origin',(-27.1,-57.05625,0.));
#5794=CARTESIAN_POINT('',(-11.,-57.05625,-2.));
#5795=CARTESIAN_POINT('',(-11.,-57.05625,0.));
#5796=CARTESIAN_POINT('',(-27.1,-57.05625,-2.));
#5797=CARTESIAN_POINT('',(-27.1,-57.05625,-2.));
#5798=CARTESIAN_POINT('',(-27.1,-57.05625,0.));
#5799=CARTESIAN_POINT('Origin',(-11.,-57.05625,0.));
#5800=CARTESIAN_POINT('',(-11.,-42.95625,-2.));
#5801=CARTESIAN_POINT('',(-11.,-42.95625,0.));
#5802=CARTESIAN_POINT('',(-11.,-57.05625,-2.));
#5803=CARTESIAN_POINT('Origin',(-45.15,-21.525,0.));
#5804=CARTESIAN_POINT('',(-45.15,-21.525,-1.2));
#5805=CARTESIAN_POINT('',(-45.15,-21.525,-1.2));
#5806=CARTESIAN_POINT('',(-45.15,-21.525,0.));
#5807=CARTESIAN_POINT('Origin',(-45.65,-28.575,-1.2));
#5808=CARTESIAN_POINT('',(-46.15,-21.525,-1.2));
#5809=CARTESIAN_POINT('',(-37.85,-21.525,-1.2));
#5810=CARTESIAN_POINT('',(-46.15,-25.05,-1.2));
#5811=CARTESIAN_POINT('Origin',(-31.05,2.47499999999999,0.));
#5812=CARTESIAN_POINT('',(-31.05,16.575,-1.2));
#5813=CARTESIAN_POINT('',(-31.05,16.575,0.));
#5814=CARTESIAN_POINT('',(-31.05,2.47499999999999,-1.2));
#5815=CARTESIAN_POINT('',(-31.05,16.575,-1.2));
#5816=CARTESIAN_POINT('',(-31.05,2.47499999999999,0.));
#5817=CARTESIAN_POINT('Origin',(-30.55,9.525,-1.2));
#5818=CARTESIAN_POINT('',(-30.05,16.575,-1.2));
#5819=CARTESIAN_POINT('',(-30.3,16.575,-1.2));
#5820=CARTESIAN_POINT('',(-30.05,2.47499999999999,-1.2));
#5821=CARTESIAN_POINT('',(-30.05,5.99999999999999,-1.2));
#5822=CARTESIAN_POINT('',(-38.35,2.47499999999999,-1.2));
#5823=CARTESIAN_POINT('Origin',(-46.15,2.47499999999999,0.));
#5824=CARTESIAN_POINT('',(-30.05,2.47499999999999,-2.));
#5825=CARTESIAN_POINT('',(-30.05,2.47499999999999,0.));
#5826=CARTESIAN_POINT('',(-46.15,2.47499999999999,-2.));
#5827=CARTESIAN_POINT('',(-46.15,2.47499999999999,-2.));
#5828=CARTESIAN_POINT('',(-46.15,2.47499999999999,0.));
#5829=CARTESIAN_POINT('Origin',(-30.05,2.47499999999999,0.));
#5830=CARTESIAN_POINT('',(-30.05,16.575,-2.));
#5831=CARTESIAN_POINT('',(-30.05,16.575,0.));
#5832=CARTESIAN_POINT('',(-30.05,2.47499999999999,-2.));
#5833=CARTESIAN_POINT('Origin',(-50.1,-17.5275,0.));
#5834=CARTESIAN_POINT('',(-50.1,-3.4275,-1.2));
#5835=CARTESIAN_POINT('',(-50.1,-3.4275,0.));
#5836=CARTESIAN_POINT('',(-50.1,-17.5275,-1.2));
#5837=CARTESIAN_POINT('',(-50.1,-3.4275,-1.2));
#5838=CARTESIAN_POINT('',(-50.1,-17.5275,0.));
#5839=CARTESIAN_POINT('Origin',(-49.6,-10.4775,-1.2));
#5840=CARTESIAN_POINT('',(-49.1,-3.4275,-1.2));
#5841=CARTESIAN_POINT('',(-49.35,-3.4275,-1.2));
#5842=CARTESIAN_POINT('',(-49.1,-17.5275,-1.2));
#5843=CARTESIAN_POINT('',(-49.1,-14.0025,-1.2));
#5844=CARTESIAN_POINT('',(-57.4,-17.5275,-1.2));
#5845=CARTESIAN_POINT('Origin',(-65.2,-17.5275,0.));
#5846=CARTESIAN_POINT('',(-49.1,-17.5275,-2.));
#5847=CARTESIAN_POINT('',(-49.1,-17.5275,0.));
#5848=CARTESIAN_POINT('',(-65.2,-17.5275,-2.));
#5849=CARTESIAN_POINT('',(-65.2,-17.5275,-2.));
#5850=CARTESIAN_POINT('',(-65.2,-17.5275,0.));
#5851=CARTESIAN_POINT('Origin',(-49.1,-17.5275,0.));
#5852=CARTESIAN_POINT('',(-49.1,-3.4275,-2.));
#5853=CARTESIAN_POINT('',(-49.1,-3.4275,0.));
#5854=CARTESIAN_POINT('',(-49.1,-17.5275,-2.));
#5855=CARTESIAN_POINT('Origin',(-69.15,-20.86125,0.));
#5856=CARTESIAN_POINT('',(-69.15,-6.76124999999998,-1.2));
#5857=CARTESIAN_POINT('',(-69.15,-6.76124999999998,0.));
#5858=CARTESIAN_POINT('',(-69.15,-20.86125,-1.2));
#5859=CARTESIAN_POINT('',(-69.15,-6.76124999999998,-1.2));
#5860=CARTESIAN_POINT('',(-69.15,-20.86125,0.));
#5861=CARTESIAN_POINT('Origin',(-68.65,-13.81125,-1.2));
#5862=CARTESIAN_POINT('',(-68.15,-6.76124999999998,-1.2));
#5863=CARTESIAN_POINT('',(-68.4,-6.76124999999998,-1.2));
#5864=CARTESIAN_POINT('',(-68.15,-20.86125,-1.2));
#5865=CARTESIAN_POINT('',(-68.15,-17.33625,-1.2));
#5866=CARTESIAN_POINT('',(-76.45,-20.86125,-1.2));
#5867=CARTESIAN_POINT('Origin',(-84.25,-20.86125,0.));
#5868=CARTESIAN_POINT('',(-68.15,-20.86125,-2.));
#5869=CARTESIAN_POINT('',(-68.15,-20.86125,0.));
#5870=CARTESIAN_POINT('',(-84.25,-20.86125,-2.));
#5871=CARTESIAN_POINT('',(-84.25,-20.86125,-2.));
#5872=CARTESIAN_POINT('',(-84.25,-20.86125,0.));
#5873=CARTESIAN_POINT('Origin',(-68.15,-20.86125,0.));
#5874=CARTESIAN_POINT('',(-68.15,-6.76124999999998,-2.));
#5875=CARTESIAN_POINT('',(-68.15,-6.76124999999998,0.));
#5876=CARTESIAN_POINT('',(-68.15,-20.86125,-2.));
#5877=CARTESIAN_POINT('Origin',(-69.15,-39.91125,0.));
#5878=CARTESIAN_POINT('',(-69.15,-25.81125,-1.2));
#5879=CARTESIAN_POINT('',(-69.15,-25.81125,0.));
#5880=CARTESIAN_POINT('',(-69.15,-39.91125,-1.2));
#5881=CARTESIAN_POINT('',(-69.15,-25.81125,-1.2));
#5882=CARTESIAN_POINT('',(-69.15,-39.91125,0.));
#5883=CARTESIAN_POINT('Origin',(-68.65,-32.86125,-1.2));
#5884=CARTESIAN_POINT('',(-68.15,-25.81125,-1.2));
#5885=CARTESIAN_POINT('',(-68.4,-25.81125,-1.2));
#5886=CARTESIAN_POINT('',(-68.15,-39.91125,-1.2));
#5887=CARTESIAN_POINT('',(-68.15,-36.38625,-1.2));
#5888=CARTESIAN_POINT('',(-76.45,-39.91125,-1.2));
#5889=CARTESIAN_POINT('Origin',(-84.25,-39.91125,0.));
#5890=CARTESIAN_POINT('',(-68.15,-39.91125,-2.));
#5891=CARTESIAN_POINT('',(-68.15,-39.91125,0.));
#5892=CARTESIAN_POINT('',(-84.25,-39.91125,-2.));
#5893=CARTESIAN_POINT('',(-84.25,-39.91125,-2.));
#5894=CARTESIAN_POINT('',(-84.25,-39.91125,0.));
#5895=CARTESIAN_POINT('Origin',(-68.15,-39.91125,0.));
#5896=CARTESIAN_POINT('',(-68.15,-25.81125,-2.));
#5897=CARTESIAN_POINT('',(-68.15,-25.81125,0.));
#5898=CARTESIAN_POINT('',(-68.15,-39.91125,-2.));
#5899=CARTESIAN_POINT('Origin',(-88.2,-26.1,0.));
#5900=CARTESIAN_POINT('',(-88.2,-12.,-1.2));
#5901=CARTESIAN_POINT('',(-88.2,-12.,0.));
#5902=CARTESIAN_POINT('',(-88.2,-26.1,-1.2));
#5903=CARTESIAN_POINT('',(-88.2,-12.,-1.2));
#5904=CARTESIAN_POINT('',(-88.2,-26.1,0.));
#5905=CARTESIAN_POINT('Origin',(-87.7,-19.05,-1.2));
#5906=CARTESIAN_POINT('',(-87.2000000000001,-26.1,-1.2));
#5907=CARTESIAN_POINT('',(-87.2000000000001,-12.,-1.2));
#5908=CARTESIAN_POINT('',(-87.2000000000001,-22.575,-1.2));
#5909=CARTESIAN_POINT('',(-95.5,-26.1,-1.2));
#5910=CARTESIAN_POINT('',(-87.45,-12.,-1.2));
#5911=CARTESIAN_POINT('Origin',(-103.3,-26.1,0.));
#5912=CARTESIAN_POINT('',(-87.2000000000001,-26.1,-2.));
#5913=CARTESIAN_POINT('',(-87.2000000000001,-26.1,0.));
#5914=CARTESIAN_POINT('',(-103.3,-26.1,-2.));
#5915=CARTESIAN_POINT('',(-103.3,-26.1,-2.));
#5916=CARTESIAN_POINT('',(-103.3,-26.1,0.));
#5917=CARTESIAN_POINT('Origin',(-102.3,-31.05,0.));
#5918=CARTESIAN_POINT('',(-102.3,-31.05,-1.2));
#5919=CARTESIAN_POINT('',(-102.3,-31.05,-1.2));
#5920=CARTESIAN_POINT('',(-102.3,-31.05,0.));
#5921=CARTESIAN_POINT('Origin',(-102.8,-38.1,-1.2));
#5922=CARTESIAN_POINT('',(-103.3,-31.05,-1.2));
#5923=CARTESIAN_POINT('',(-95.0000000000001,-31.05,-1.2));
#5924=CARTESIAN_POINT('',(-103.3,-34.575,-1.2));
#5925=CARTESIAN_POINT('Origin',(-88.2,-64.2,0.));
#5926=CARTESIAN_POINT('',(-88.2,-50.1,-1.2));
#5927=CARTESIAN_POINT('',(-88.2,-50.1,0.));
#5928=CARTESIAN_POINT('',(-88.2,-64.2,-1.2));
#5929=CARTESIAN_POINT('',(-88.2,-50.1,-1.2));
#5930=CARTESIAN_POINT('',(-88.2,-64.2,0.));
#5931=CARTESIAN_POINT('Origin',(-87.7,-57.15,-1.2));
#5932=CARTESIAN_POINT('',(-87.2000000000001,-64.2,-1.2));
#5933=CARTESIAN_POINT('',(-87.2000000000001,-50.1,-1.2));
#5934=CARTESIAN_POINT('',(-87.2000000000001,-60.675,-1.2));
#5935=CARTESIAN_POINT('',(-95.5,-64.2,-1.2));
#5936=CARTESIAN_POINT('',(-87.45,-50.1,-1.2));
#5937=CARTESIAN_POINT('Origin',(-103.3,-64.2,0.));
#5938=CARTESIAN_POINT('',(-87.2000000000001,-64.2,-2.));
#5939=CARTESIAN_POINT('',(-87.2000000000001,-64.2,0.));
#5940=CARTESIAN_POINT('',(-103.3,-64.2,-2.));
#5941=CARTESIAN_POINT('',(-103.3,-64.2,-2.));
#5942=CARTESIAN_POINT('',(-103.3,-64.2,0.));
#5943=CARTESIAN_POINT('Origin',(-88.2,-7.04999999999999,0.));
#5944=CARTESIAN_POINT('',(-88.2,7.04999999999999,-1.2));
#5945=CARTESIAN_POINT('',(-88.2,7.04999999999999,0.));
#5946=CARTESIAN_POINT('',(-88.2,-7.04999999999999,-1.2));
#5947=CARTESIAN_POINT('',(-88.2,7.05,-1.2));
#5948=CARTESIAN_POINT('',(-88.2,-7.04999999999999,0.));
#5949=CARTESIAN_POINT('Origin',(-87.7,3.33066907387547E-15,-1.2));
#5950=CARTESIAN_POINT('',(-87.2000000000001,7.04999999999998,-1.2));
#5951=CARTESIAN_POINT('',(-87.45,7.04999999999998,-1.2));
#5952=CARTESIAN_POINT('',(-87.2000000000001,-7.04999999999999,-1.2));
#5953=CARTESIAN_POINT('',(-87.2000000000001,-3.52499999999999,-1.2));
#5954=CARTESIAN_POINT('',(-95.5,-7.04999999999999,-1.2));
#5955=CARTESIAN_POINT('Origin',(-103.3,-7.04999999999999,0.));
#5956=CARTESIAN_POINT('',(-87.2000000000001,-7.04999999999999,-2.));
#5957=CARTESIAN_POINT('',(-87.2000000000001,-7.04999999999999,0.));
#5958=CARTESIAN_POINT('',(-103.3,-7.04999999999999,-2.));
#5959=CARTESIAN_POINT('',(-103.3,-7.04999999999999,-2.));
#5960=CARTESIAN_POINT('',(-103.3,-7.04999999999999,0.));
#5961=CARTESIAN_POINT('Origin',(-87.2000000000001,-7.04999999999999,0.));
#5962=CARTESIAN_POINT('',(-87.2000000000001,7.04999999999998,-2.));
#5963=CARTESIAN_POINT('',(-87.2000000000001,7.04999999999998,0.));
#5964=CARTESIAN_POINT('',(-87.2000000000001,-7.04999999999999,-2.));
#5965=CARTESIAN_POINT('Origin',(-83.25,12.28875,0.));
#5966=CARTESIAN_POINT('',(-83.25,12.28875,-1.2));
#5967=CARTESIAN_POINT('',(-83.25,12.28875,-1.2));
#5968=CARTESIAN_POINT('',(-83.25,12.28875,0.));
#5969=CARTESIAN_POINT('Origin',(-83.75,5.23875000000001,-1.2));
#5970=CARTESIAN_POINT('',(-84.25,12.28875,-1.2));
#5971=CARTESIAN_POINT('',(-75.95,12.28875,-1.2));
#5972=CARTESIAN_POINT('',(-84.25,8.76375000000002,-1.2));
#5973=CARTESIAN_POINT('Origin',(-50.1,-36.5775,0.));
#5974=CARTESIAN_POINT('',(-50.1,-22.4775,-1.2));
#5975=CARTESIAN_POINT('',(-50.1,-22.4775,0.));
#5976=CARTESIAN_POINT('',(-50.1,-36.5775,-1.2));
#5977=CARTESIAN_POINT('',(-50.1,-22.4775,-1.2));
#5978=CARTESIAN_POINT('',(-50.1,-36.5775,0.));
#5979=CARTESIAN_POINT('Origin',(-49.6,-29.5275,-1.2));
#5980=CARTESIAN_POINT('',(-49.1,-22.4775,-1.2));
#5981=CARTESIAN_POINT('',(-49.35,-22.4775,-1.2));
#5982=CARTESIAN_POINT('',(-49.1,-36.5775,-1.2));
#5983=CARTESIAN_POINT('',(-49.1,-33.0525,-1.2));
#5984=CARTESIAN_POINT('',(-57.4,-36.5775,-1.2));
#5985=CARTESIAN_POINT('Origin',(-65.2,-36.5775,0.));
#5986=CARTESIAN_POINT('',(-49.1,-36.5775,-2.));
#5987=CARTESIAN_POINT('',(-49.1,-36.5775,0.));
#5988=CARTESIAN_POINT('',(-65.2,-36.5775,-2.));
#5989=CARTESIAN_POINT('',(-65.2,-36.5775,-2.));
#5990=CARTESIAN_POINT('',(-65.2,-36.5775,0.));
#5991=CARTESIAN_POINT('Origin',(-49.1,-36.5775,0.));
#5992=CARTESIAN_POINT('',(-49.1,-22.4775,-2.));
#5993=CARTESIAN_POINT('',(-49.1,-22.4775,0.));
#5994=CARTESIAN_POINT('',(-49.1,-36.5775,-2.));
#5995=CARTESIAN_POINT('Origin',(-50.1,1.5225,0.));
#5996=CARTESIAN_POINT('',(-50.1,15.6225,-1.2));
#5997=CARTESIAN_POINT('',(-50.1,15.6225,0.));
#5998=CARTESIAN_POINT('',(-50.1,1.5225,-1.2));
#5999=CARTESIAN_POINT('',(-50.1,15.6225,-1.2));
#6000=CARTESIAN_POINT('',(-50.1,1.5225,0.));
#6001=CARTESIAN_POINT('Origin',(-49.6,8.5725,-1.2));
#6002=CARTESIAN_POINT('',(-49.1,15.6225,-1.2));
#6003=CARTESIAN_POINT('',(-49.35,15.6225,-1.2));
#6004=CARTESIAN_POINT('',(-49.1,1.5225,-1.2));
#6005=CARTESIAN_POINT('',(-49.1,5.0475,-1.2));
#6006=CARTESIAN_POINT('',(-57.4,1.5225,-1.2));
#6007=CARTESIAN_POINT('Origin',(-65.2,1.5225,0.));
#6008=CARTESIAN_POINT('',(-49.1,1.5225,-2.));
#6009=CARTESIAN_POINT('',(-49.1,1.5225,0.));
#6010=CARTESIAN_POINT('',(-65.2,1.5225,-2.));
#6011=CARTESIAN_POINT('',(-65.2,1.5225,-2.));
#6012=CARTESIAN_POINT('',(-65.2,1.5225,0.));
#6013=CARTESIAN_POINT('Origin',(-49.1,1.5225,0.));
#6014=CARTESIAN_POINT('',(-49.1,15.6225,-2.));
#6015=CARTESIAN_POINT('',(-49.1,15.6225,0.));
#6016=CARTESIAN_POINT('',(-49.1,1.5225,-2.));
#6017=CARTESIAN_POINT('Origin',(-45.15,-2.475,0.));
#6018=CARTESIAN_POINT('',(-45.15,-2.47499999999999,-1.2));
#6019=CARTESIAN_POINT('',(-45.15,-2.475,-1.2));
#6020=CARTESIAN_POINT('',(-45.15,-2.47499999999999,0.));
#6021=CARTESIAN_POINT('Origin',(-45.65,-9.525,-1.2));
#6022=CARTESIAN_POINT('',(-46.15,-2.47499999999999,-1.2));
#6023=CARTESIAN_POINT('',(-37.85,-2.47499999999999,-1.2));
#6024=CARTESIAN_POINT('',(-46.15,-6.,-1.2));
#6025=CARTESIAN_POINT('Origin',(-12.,0.0937500000000036,0.));
#6026=CARTESIAN_POINT('',(-12.,14.19375,-1.2));
#6027=CARTESIAN_POINT('',(-12.,14.19375,0.));
#6028=CARTESIAN_POINT('',(-12.,0.0937500000000036,-1.2));
#6029=CARTESIAN_POINT('',(-12.,14.19375,-1.2));
#6030=CARTESIAN_POINT('',(-12.,0.0937500000000036,0.));
#6031=CARTESIAN_POINT('Origin',(-11.5,7.14375,-1.2));
#6032=CARTESIAN_POINT('',(-11.,14.19375,-1.2));
#6033=CARTESIAN_POINT('',(-11.25,14.19375,-1.2));
#6034=CARTESIAN_POINT('',(-11.,0.0937500000000036,-1.2));
#6035=CARTESIAN_POINT('',(-11.,3.61875,-1.2));
#6036=CARTESIAN_POINT('',(-19.3,0.0937500000000036,-1.2));
#6037=CARTESIAN_POINT('Origin',(-27.1,0.0937500000000036,0.));
#6038=CARTESIAN_POINT('',(-11.,0.0937500000000036,-2.));
#6039=CARTESIAN_POINT('',(-11.,0.0937500000000036,0.));
#6040=CARTESIAN_POINT('',(-27.1,0.0937500000000036,-2.));
#6041=CARTESIAN_POINT('',(-27.1,0.0937500000000036,-2.));
#6042=CARTESIAN_POINT('',(-27.1,0.0937500000000036,0.));
#6043=CARTESIAN_POINT('Origin',(-11.,0.0937500000000036,0.));
#6044=CARTESIAN_POINT('',(-11.,14.19375,-2.));
#6045=CARTESIAN_POINT('',(-11.,14.19375,0.));
#6046=CARTESIAN_POINT('',(-11.,0.0937500000000036,-2.));
#6047=CARTESIAN_POINT('Origin',(-12.,-38.00625,0.));
#6048=CARTESIAN_POINT('',(-12.,-23.90625,-1.2));
#6049=CARTESIAN_POINT('',(-12.,-23.90625,0.));
#6050=CARTESIAN_POINT('',(-12.,-38.00625,-1.2));
#6051=CARTESIAN_POINT('',(-12.,-23.90625,-1.2));
#6052=CARTESIAN_POINT('',(-12.,-38.00625,0.));
#6053=CARTESIAN_POINT('Origin',(-11.5,-30.95625,-1.2));
#6054=CARTESIAN_POINT('',(-11.,-23.90625,-1.2));
#6055=CARTESIAN_POINT('',(-11.25,-23.90625,-1.2));
#6056=CARTESIAN_POINT('',(-11.,-38.00625,-1.2));
#6057=CARTESIAN_POINT('',(-11.,-34.48125,-1.2));
#6058=CARTESIAN_POINT('',(-19.3,-38.00625,-1.2));
#6059=CARTESIAN_POINT('Origin',(-27.1,-38.00625,0.));
#6060=CARTESIAN_POINT('',(-11.,-38.00625,-2.));
#6061=CARTESIAN_POINT('',(-11.,-38.00625,0.));
#6062=CARTESIAN_POINT('',(-27.1,-38.00625,-2.));
#6063=CARTESIAN_POINT('',(-27.1,-38.00625,-2.));
#6064=CARTESIAN_POINT('',(-27.1,-38.00625,0.));
#6065=CARTESIAN_POINT('Origin',(-11.,-38.00625,0.));
#6066=CARTESIAN_POINT('',(-11.,-23.90625,-2.));
#6067=CARTESIAN_POINT('',(-11.,-23.90625,0.));
#6068=CARTESIAN_POINT('',(-11.,-38.00625,-2.));
#6069=CARTESIAN_POINT('Origin',(-7.05,-50.1,0.));
#6070=CARTESIAN_POINT('',(-7.05,-50.1,-1.2));
#6071=CARTESIAN_POINT('',(-7.05,-50.1,-1.2));
#6072=CARTESIAN_POINT('',(-7.05,-50.1,0.));
#6073=CARTESIAN_POINT('Origin',(-7.55,-57.15,-1.2));
#6074=CARTESIAN_POINT('',(-8.05,-50.1,-1.2));
#6075=CARTESIAN_POINT('',(-8.05,-53.625,-1.2));
#6076=CARTESIAN_POINT('',(0.25,-50.1,-1.2));
#6077=CARTESIAN_POINT('Origin',(8.05,-50.1,0.));
#6078=CARTESIAN_POINT('',(-8.05,-50.1,-2.));
#6079=CARTESIAN_POINT('',(-8.05,-50.1,0.));
#6080=CARTESIAN_POINT('',(8.05,-50.1,-2.));
#6081=CARTESIAN_POINT('Origin',(-7.05,-31.05,0.));
#6082=CARTESIAN_POINT('',(-7.05,-31.05,-1.2));
#6083=CARTESIAN_POINT('',(-7.05,-31.05,-1.2));
#6084=CARTESIAN_POINT('',(-7.05,-31.05,0.));
#6085=CARTESIAN_POINT('Origin',(-7.55,-38.1,-1.2));
#6086=CARTESIAN_POINT('',(-8.05,-31.05,-1.2));
#6087=CARTESIAN_POINT('',(-8.05,-34.575,-1.2));
#6088=CARTESIAN_POINT('',(0.25,-31.05,-1.2));
#6089=CARTESIAN_POINT('Origin',(8.05,-31.05,0.));
#6090=CARTESIAN_POINT('',(-8.05,-31.05,-2.));
#6091=CARTESIAN_POINT('',(-8.05,-31.05,0.));
#6092=CARTESIAN_POINT('',(8.05,-31.05,-2.));
#6093=CARTESIAN_POINT('Origin',(-46.15,-21.525,0.));
#6094=CARTESIAN_POINT('',(-46.15,-21.525,-2.));
#6095=CARTESIAN_POINT('',(-46.15,-21.525,-2.));
#6096=CARTESIAN_POINT('',(-46.15,-21.525,0.));
#6097=CARTESIAN_POINT('Origin',(-30.05,-21.525,0.));
#6098=CARTESIAN_POINT('',(-30.05,-21.525,-2.));
#6099=CARTESIAN_POINT('Origin',(-49.1,-22.4775,0.));
#6100=CARTESIAN_POINT('',(-65.2,-22.4775,-2.));
#6101=CARTESIAN_POINT('',(-65.2,-22.4775,0.));
#6102=CARTESIAN_POINT('',(-49.1,-22.4775,-2.));
#6103=CARTESIAN_POINT('Origin',(-65.2,-22.4775,0.));
#6104=CARTESIAN_POINT('',(-65.2,-22.4775,-2.));
#6105=CARTESIAN_POINT('Origin',(-46.15,-2.47499999999999,0.));
#6106=CARTESIAN_POINT('',(-46.15,-2.475,-2.));
#6107=CARTESIAN_POINT('',(-46.15,-2.47499999999999,-2.));
#6108=CARTESIAN_POINT('',(-46.15,-2.47499999999999,0.));
#6109=CARTESIAN_POINT('Origin',(-30.05,-2.47499999999999,0.));
#6110=CARTESIAN_POINT('',(-30.05,-2.47499999999999,-2.));
#6111=CARTESIAN_POINT('Origin',(-103.3,7.05000000000001,0.));
#6112=CARTESIAN_POINT('',(-103.3,7.05000000000001,-2.));
#6113=CARTESIAN_POINT('',(-103.3,7.05000000000001,-2.));
#6114=CARTESIAN_POINT('',(-103.3,7.05000000000001,0.));
#6115=CARTESIAN_POINT('Origin',(-87.2000000000001,7.04999999999998,0.));
#6116=CARTESIAN_POINT('',(-87.2000000000001,7.04999999999998,-2.));
#6117=CARTESIAN_POINT('Origin',(-84.25,-6.76124999999998,0.));
#6118=CARTESIAN_POINT('',(-84.25,-6.76124999999998,-2.));
#6119=CARTESIAN_POINT('',(-84.25,-6.76124999999998,-2.));
#6120=CARTESIAN_POINT('',(-84.25,-6.76124999999998,0.));
#6121=CARTESIAN_POINT('Origin',(-68.15,-6.76124999999998,0.));
#6122=CARTESIAN_POINT('',(-68.15,-6.76124999999998,-2.));
#6123=CARTESIAN_POINT('Origin',(-27.1,-42.95625,0.));
#6124=CARTESIAN_POINT('',(-27.1,-42.95625,-2.));
#6125=CARTESIAN_POINT('',(-27.1,-42.95625,-2.));
#6126=CARTESIAN_POINT('',(-27.1,-42.95625,0.));
#6127=CARTESIAN_POINT('Origin',(-11.,-42.95625,0.));
#6128=CARTESIAN_POINT('',(-11.,-42.95625,-2.));
#6129=CARTESIAN_POINT('Origin',(-49.1,-3.4275,0.));
#6130=CARTESIAN_POINT('',(-65.2,-3.4275,-2.));
#6131=CARTESIAN_POINT('',(-65.2,-3.4275,0.));
#6132=CARTESIAN_POINT('',(-49.1,-3.4275,-2.));
#6133=CARTESIAN_POINT('Origin',(-65.2,-3.4275,0.));
#6134=CARTESIAN_POINT('',(-65.2,-3.4275,-2.));
#6135=CARTESIAN_POINT('Origin',(-46.15,16.575,0.));
#6136=CARTESIAN_POINT('',(-46.15,16.575,-2.));
#6137=CARTESIAN_POINT('',(-46.15,16.575,-2.));
#6138=CARTESIAN_POINT('',(-46.15,16.575,0.));
#6139=CARTESIAN_POINT('Origin',(-30.05,16.575,0.));
#6140=CARTESIAN_POINT('',(-30.05,16.575,-2.));
#6141=CARTESIAN_POINT('Origin',(-8.05,-31.05,0.));
#6142=CARTESIAN_POINT('',(-8.05,-31.05,-2.));
#6143=CARTESIAN_POINT('Origin',(-65.2,15.6225,0.));
#6144=CARTESIAN_POINT('',(-65.2,15.6225,-2.));
#6145=CARTESIAN_POINT('',(-65.2,15.6225,-2.));
#6146=CARTESIAN_POINT('',(-65.2,15.6225,0.));
#6147=CARTESIAN_POINT('Origin',(-49.1,15.6225,0.));
#6148=CARTESIAN_POINT('',(-49.1,15.6225,-2.));
#6149=CARTESIAN_POINT('Origin',(-27.1,14.19375,0.));
#6150=CARTESIAN_POINT('',(-27.1,14.19375,-2.));
#6151=CARTESIAN_POINT('',(-27.1,14.19375,-2.));
#6152=CARTESIAN_POINT('',(-27.1,14.19375,0.));
#6153=CARTESIAN_POINT('Origin',(-11.,14.19375,0.));
#6154=CARTESIAN_POINT('',(-11.,14.19375,-2.));
#6155=CARTESIAN_POINT('Origin',(-27.1,-23.90625,0.));
#6156=CARTESIAN_POINT('',(-27.1,-23.90625,-2.));
#6157=CARTESIAN_POINT('',(-27.1,-23.90625,-2.));
#6158=CARTESIAN_POINT('',(-27.1,-23.90625,0.));
#6159=CARTESIAN_POINT('Origin',(-11.,-23.90625,0.));
#6160=CARTESIAN_POINT('',(-11.,-23.90625,-2.));
#6161=CARTESIAN_POINT('Origin',(-27.1,-4.85625,0.));
#6162=CARTESIAN_POINT('',(-27.1,-4.85625,-2.));
#6163=CARTESIAN_POINT('',(-27.1,-4.85625,-2.));
#6164=CARTESIAN_POINT('',(-27.1,-4.85625,0.));
#6165=CARTESIAN_POINT('Origin',(-11.,-4.85625,0.));
#6166=CARTESIAN_POINT('',(-11.,-4.85625,-2.));
#6167=CARTESIAN_POINT('Origin',(-8.05,-12.,0.));
#6168=CARTESIAN_POINT('',(-8.05,-12.,-2.));
#6169=CARTESIAN_POINT('Origin',(-84.25,-25.81125,0.));
#6170=CARTESIAN_POINT('',(-84.25,-25.81125,-2.));
#6171=CARTESIAN_POINT('',(-84.25,-25.81125,-2.));
#6172=CARTESIAN_POINT('',(-84.25,-25.81125,0.));
#6173=CARTESIAN_POINT('Origin',(-68.15,-25.81125,0.));
#6174=CARTESIAN_POINT('',(-68.15,-25.81125,-2.));
#6175=CARTESIAN_POINT('Origin',(-103.3,-31.05,0.));
#6176=CARTESIAN_POINT('',(-103.3,-31.05,-2.));
#6177=CARTESIAN_POINT('',(-103.3,-31.05,-2.));
#6178=CARTESIAN_POINT('',(-103.3,-31.05,0.));
#6179=CARTESIAN_POINT('Origin',(-87.2000000000001,-31.05,0.));
#6180=CARTESIAN_POINT('',(-87.2000000000001,-31.05,-2.));
#6181=CARTESIAN_POINT('',(-87.2000000000001,-31.05,-2.));
#6182=CARTESIAN_POINT('',(-87.2000000000001,-31.05,0.));
#6183=CARTESIAN_POINT('Origin',(-87.2000000000001,-45.15,0.));
#6184=CARTESIAN_POINT('',(-87.2000000000001,-45.15,-2.));
#6185=CARTESIAN_POINT('Origin',(-103.3,-12.,0.));
#6186=CARTESIAN_POINT('',(-103.3,-12.,-2.));
#6187=CARTESIAN_POINT('',(-103.3,-12.,-2.));
#6188=CARTESIAN_POINT('',(-103.3,-12.,0.));
#6189=CARTESIAN_POINT('Origin',(-87.2000000000001,-12.,0.));
#6190=CARTESIAN_POINT('',(-87.2000000000001,-12.,-2.));
#6191=CARTESIAN_POINT('',(-87.2000000000001,-12.,-2.));
#6192=CARTESIAN_POINT('',(-87.2000000000001,-12.,0.));
#6193=CARTESIAN_POINT('Origin',(-87.2000000000001,-26.1,0.));
#6194=CARTESIAN_POINT('',(-87.2000000000001,-26.1,-2.));
#6195=CARTESIAN_POINT('Origin',(-103.3,-50.1,0.));
#6196=CARTESIAN_POINT('',(-103.3,-50.1,-2.));
#6197=CARTESIAN_POINT('',(-103.3,-50.1,-2.));
#6198=CARTESIAN_POINT('',(-103.3,-50.1,0.));
#6199=CARTESIAN_POINT('Origin',(-87.2000000000001,-50.1,0.));
#6200=CARTESIAN_POINT('',(-87.2000000000001,-50.1,-2.));
#6201=CARTESIAN_POINT('',(-87.2000000000001,-50.1,-2.));
#6202=CARTESIAN_POINT('',(-87.2000000000001,-50.1,0.));
#6203=CARTESIAN_POINT('Origin',(-87.2000000000001,-64.2,0.));
#6204=CARTESIAN_POINT('',(-87.2000000000001,-64.2,-2.));
#6205=CARTESIAN_POINT('Origin',(-84.25,12.28875,0.));
#6206=CARTESIAN_POINT('',(-84.25,12.28875,-2.));
#6207=CARTESIAN_POINT('',(-84.25,12.28875,-2.));
#6208=CARTESIAN_POINT('',(-84.25,12.28875,0.));
#6209=CARTESIAN_POINT('Origin',(-68.15,12.28875,0.));
#6210=CARTESIAN_POINT('',(-68.15,12.28875,-2.));
#6211=CARTESIAN_POINT('Origin',(-8.05,7.05,0.));
#6212=CARTESIAN_POINT('',(-8.05,7.05,-2.));
#6213=CARTESIAN_POINT('Origin',(-8.05,-50.1,0.));
#6214=CARTESIAN_POINT('',(-8.05,-50.1,-2.));
#6215=CARTESIAN_POINT('Origin',(-107.175,-69.075,0.));
#6216=CARTESIAN_POINT('',(-107.175,21.45,-2.));
#6217=CARTESIAN_POINT('Origin',(11.925,-69.075,0.));
#6218=CARTESIAN_POINT('',(-30.975,-69.075,-2.));
#6219=CARTESIAN_POINT('Origin',(-47.625,-23.8125,-2.));
#6220=UNCERTAINTY_MEASURE_WITH_UNIT(LENGTH_MEASURE(0.01),#6224,
'DISTANCE_ACCURACY_VALUE',
'Maximum model space distance between geometric entities at asserted c
onnectivities');
#6221=UNCERTAINTY_MEASURE_WITH_UNIT(LENGTH_MEASURE(0.01),#6224,
'DISTANCE_ACCURACY_VALUE',
'Maximum model space distance between geometric entities at asserted c
onnectivities');
#6222=(
GEOMETRIC_REPRESENTATION_CONTEXT(3)
GLOBAL_UNCERTAINTY_ASSIGNED_CONTEXT((#6220))
GLOBAL_UNIT_ASSIGNED_CONTEXT((#6224,#6226,#6227))
REPRESENTATION_CONTEXT('','3D')
);
#6223=(
GEOMETRIC_REPRESENTATION_CONTEXT(3)
GLOBAL_UNCERTAINTY_ASSIGNED_CONTEXT((#6221))
GLOBAL_UNIT_ASSIGNED_CONTEXT((#6224,#6226,#6227))
REPRESENTATION_CONTEXT('','3D')
);
#6224=(
LENGTH_UNIT()
NAMED_UNIT(*)
SI_UNIT(.MILLI.,.METRE.)
);
#6225=(
LENGTH_UNIT()
NAMED_UNIT(*)
SI_UNIT($,.METRE.)
);
#6226=(
NAMED_UNIT(*)
PLANE_ANGLE_UNIT()
SI_UNIT($,.RADIAN.)
);
#6227=(
NAMED_UNIT(*)
SI_UNIT($,.STERADIAN.)
SOLID_ANGLE_UNIT()
);
#6228=SHAPE_DEFINITION_REPRESENTATION(#6229,#6230);
#6229=PRODUCT_DEFINITION_SHAPE('',$,#6232);
#6230=SHAPE_REPRESENTATION('',(#3968),#6222);
#6231=PRODUCT_DEFINITION_CONTEXT('part definition',#6236,'design');
#6232=PRODUCT_DEFINITION('2026-07-19-12-33-15-937','Modey45_R2_PLATE',#6233,
#6231);
#6233=PRODUCT_DEFINITION_FORMATION('',$,#6238);
#6234=PRODUCT_RELATED_PRODUCT_CATEGORY('Modey45_R2_PLATE',
'Modey45_R2_PLATE',(#6238));
#6235=APPLICATION_PROTOCOL_DEFINITION('international standard',
'automotive_design',2009,#6236);
#6236=APPLICATION_CONTEXT(
'Core Data for Automotive Mechanical Design Process');
#6237=PRODUCT_CONTEXT('part definition',#6236,'mechanical');
#6238=PRODUCT('2026-07-19-12-33-15-937','Modey45_R2_PLATE',$,(#6237));
#6239=PRESENTATION_STYLE_ASSIGNMENT((#6240));
#6240=SURFACE_STYLE_USAGE(.BOTH.,#6241);
#6241=SURFACE_SIDE_STYLE('',(#6242));
#6242=SURFACE_STYLE_FILL_AREA(#6243);
#6243=FILL_AREA_STYLE('\X2\92FC\X0\ - \X2\30B530C630F3\X0\',(#6244));
#6244=FILL_AREA_STYLE_COLOUR('\X2\92FC\X0\ - \X2\30B530C630F3\X0\',#6245);
#6245=COLOUR_RGB('\X2\92FC\X0\ - \X2\30B530C630F3\X0\',0.627450980392157,
0.627450980392157,0.627450980392157);
ENDSEC;
END-ISO-10303-21;
