ISO-10303-21;
HEADER;
/* Generated by software containing ST-Developer
 * from STEP Tools, Inc. (www.steptools.com) 
 */

FILE_DESCRIPTION(
/* description */ (''),
/* implementation_level */ '2;1');

FILE_NAME(
/* name */ 'Modey45_R2_BOTTOM.step',
/* time_stamp */ '2026-07-22T00:57:53+09:00',
/* author */ (''),
/* organization */ (''),
/* preprocessor_version */ 'ST-DEVELOPER v20.1',
/* originating_system */ 'Autodesk Translation Framework v15.8.0.0',
/* authorisation */ '');

FILE_SCHEMA (('AUTOMOTIVE_DESIGN { 1 0 10303 214 3 1 1 }'));
ENDSEC;

DATA;
#10=MECHANICAL_DESIGN_GEOMETRIC_PRESENTATION_REPRESENTATION('',(#13),#3788);
#11=SHAPE_REPRESENTATION_RELATIONSHIP('SRR','None',#3795,#12);
#12=ADVANCED_BREP_SHAPE_REPRESENTATION('',(#14),#3787);
#13=STYLED_ITEM('',(#3804),#14);
#14=MANIFOLD_SOLID_BREP('\X2\30DC30C730A3\X0\2',#2224);
#15=ELLIPSE('',#2254,0.751525434257314,0.750000000000011);
#16=ELLIPSE('',#2259,5.11037295294966,5.1);
#17=ELLIPSE('',#2263,5.11037295294966,5.1);
#18=ELLIPSE('',#2266,3.90793225813798,3.9);
#19=ELLIPSE('',#2267,3.90793225813798,3.9);
#20=FACE_BOUND('',#322,.T.);
#21=FACE_BOUND('',#323,.T.);
#22=FACE_BOUND('',#326,.T.);
#23=FACE_BOUND('',#328,.T.);
#24=FACE_BOUND('',#329,.T.);
#25=FACE_BOUND('',#330,.T.);
#26=FACE_BOUND('',#331,.T.);
#27=FACE_BOUND('',#336,.T.);
#28=FACE_BOUND('',#337,.T.);
#29=FACE_BOUND('',#338,.T.);
#30=FACE_BOUND('',#355,.T.);
#31=FACE_BOUND('',#362,.T.);
#32=FACE_BOUND('',#366,.T.);
#33=FACE_BOUND('',#369,.T.);
#34=FACE_BOUND('',#372,.T.);
#35=FACE_BOUND('',#392,.T.);
#36=FACE_BOUND('',#413,.T.);
#37=FACE_BOUND('',#426,.T.);
#38=FACE_BOUND('',#427,.T.);
#39=FACE_BOUND('',#439,.T.);
#40=FACE_BOUND('',#440,.T.);
#41=FACE_BOUND('',#441,.T.);
#42=CIRCLE('',#2244,3.9);
#43=CIRCLE('',#2246,0.850000000000002);
#44=CIRCLE('',#2247,0.85);
#45=CIRCLE('',#2249,3.9);
#46=CIRCLE('',#2251,1.75);
#47=CIRCLE('',#2252,1.75);
#48=CIRCLE('',#2255,2.1);
#49=CIRCLE('',#2256,2.1);
#50=CIRCLE('',#2257,2.1);
#51=CIRCLE('',#2260,5.1);
#52=CIRCLE('',#2264,5.1);
#53=CIRCLE('',#2268,1.09999999999999);
#54=CIRCLE('',#2269,1.09999999999999);
#55=CIRCLE('',#2270,1.1);
#56=CIRCLE('',#2273,3.9);
#57=CIRCLE('',#2275,3.9);
#58=CIRCLE('',#2276,3.9);
#59=CIRCLE('',#2277,3.9);
#60=CIRCLE('',#2282,0.85);
#61=CIRCLE('',#2283,0.85);
#62=CIRCLE('',#2285,0.850000000000002);
#63=CIRCLE('',#2286,0.850000000000002);
#64=CIRCLE('',#2288,0.85);
#65=CIRCLE('',#2290,0.850000000000002);
#66=CIRCLE('',#2292,1.7);
#67=CIRCLE('',#2293,1.7);
#68=CIRCLE('',#2297,1.7);
#69=CIRCLE('',#2298,1.7);
#70=CIRCLE('',#2300,1.7);
#71=CIRCLE('',#2301,1.7);
#72=CIRCLE('',#2304,1.7);
#73=CIRCLE('',#2308,1.7);
#74=CIRCLE('',#2313,2.1);
#75=CIRCLE('',#2315,1.1);
#76=CIRCLE('',#2317,2.1);
#77=CIRCLE('',#2319,1.09999999999999);
#78=CIRCLE('',#2321,2.1);
#79=CIRCLE('',#2323,1.09999999999999);
#80=CIRCLE('',#2335,1.75);
#81=CIRCLE('',#2336,1.75);
#82=CIRCLE('',#2339,1.75);
#83=CIRCLE('',#2343,0.850000000000009);
#84=CIRCLE('',#2344,0.850000000000009);
#85=CIRCLE('',#2347,2.);
#86=CIRCLE('',#2348,2.);
#87=CIRCLE('',#2353,1.75);
#88=CIRCLE('',#2365,0.750000000000011);
#89=CYLINDRICAL_SURFACE('',#2243,3.9);
#90=CYLINDRICAL_SURFACE('',#2248,3.9);
#91=CYLINDRICAL_SURFACE('',#2258,5.1);
#92=CYLINDRICAL_SURFACE('',#2262,5.1);
#93=CYLINDRICAL_SURFACE('',#2272,3.9);
#94=CYLINDRICAL_SURFACE('',#2278,3.9);
#95=CYLINDRICAL_SURFACE('',#2279,3.9);
#96=CYLINDRICAL_SURFACE('',#2280,3.9);
#97=CYLINDRICAL_SURFACE('',#2281,0.85);
#98=CYLINDRICAL_SURFACE('',#2284,0.850000000000002);
#99=CYLINDRICAL_SURFACE('',#2287,0.85);
#100=CYLINDRICAL_SURFACE('',#2289,0.850000000000002);
#101=CYLINDRICAL_SURFACE('',#2291,1.7);
#102=CYLINDRICAL_SURFACE('',#2296,1.7);
#103=CYLINDRICAL_SURFACE('',#2303,1.7);
#104=CYLINDRICAL_SURFACE('',#2307,1.7);
#105=CYLINDRICAL_SURFACE('',#2312,2.1);
#106=CYLINDRICAL_SURFACE('',#2316,2.1);
#107=CYLINDRICAL_SURFACE('',#2320,2.1);
#108=CYLINDRICAL_SURFACE('',#2324,1.1);
#109=CYLINDRICAL_SURFACE('',#2325,1.09999999999999);
#110=CYLINDRICAL_SURFACE('',#2326,1.09999999999999);
#111=CYLINDRICAL_SURFACE('',#2338,1.75);
#112=CYLINDRICAL_SURFACE('',#2342,0.850000000000009);
#113=CYLINDRICAL_SURFACE('',#2346,2.);
#114=CYLINDRICAL_SURFACE('',#2352,1.75);
#115=CYLINDRICAL_SURFACE('',#2364,0.750000000000011);
#116=PLANE('',#2238);
#117=PLANE('',#2239);
#118=PLANE('',#2240);
#119=PLANE('',#2241);
#120=PLANE('',#2242);
#121=PLANE('',#2245);
#122=PLANE('',#2250);
#123=PLANE('',#2253);
#124=PLANE('',#2261);
#125=PLANE('',#2265);
#126=PLANE('',#2271);
#127=PLANE('',#2274);
#128=PLANE('',#2294);
#129=PLANE('',#2295);
#130=PLANE('',#2299);
#131=PLANE('',#2302);
#132=PLANE('',#2305);
#133=PLANE('',#2306);
#134=PLANE('',#2309);
#135=PLANE('',#2310);
#136=PLANE('',#2311);
#137=PLANE('',#2314);
#138=PLANE('',#2318);
#139=PLANE('',#2322);
#140=PLANE('',#2327);
#141=PLANE('',#2328);
#142=PLANE('',#2329);
#143=PLANE('',#2330);
#144=PLANE('',#2331);
#145=PLANE('',#2332);
#146=PLANE('',#2333);
#147=PLANE('',#2334);
#148=PLANE('',#2337);
#149=PLANE('',#2340);
#150=PLANE('',#2341);
#151=PLANE('',#2345);
#152=PLANE('',#2349);
#153=PLANE('',#2350);
#154=PLANE('',#2351);
#155=PLANE('',#2354);
#156=PLANE('',#2355);
#157=PLANE('',#2356);
#158=PLANE('',#2357);
#159=PLANE('',#2358);
#160=PLANE('',#2359);
#161=PLANE('',#2360);
#162=PLANE('',#2361);
#163=PLANE('',#2362);
#164=PLANE('',#2363);
#165=PLANE('',#2366);
#166=PLANE('',#2367);
#167=PLANE('',#2368);
#168=PLANE('',#2369);
#169=PLANE('',#2370);
#170=PLANE('',#2371);
#171=PLANE('',#2372);
#172=PLANE('',#2373);
#173=PLANE('',#2374);
#174=PLANE('',#2375);
#175=PLANE('',#2376);
#176=PLANE('',#2377);
#177=PLANE('',#2378);
#178=PLANE('',#2379);
#179=PLANE('',#2380);
#180=PLANE('',#2381);
#181=PLANE('',#2382);
#182=PLANE('',#2383);
#183=PLANE('',#2384);
#184=PLANE('',#2385);
#185=PLANE('',#2386);
#186=PLANE('',#2387);
#187=PLANE('',#2388);
#188=PLANE('',#2389);
#189=PLANE('',#2390);
#190=PLANE('',#2391);
#191=PLANE('',#2392);
#192=PLANE('',#2393);
#193=PLANE('',#2394);
#194=FACE_OUTER_BOUND('',#307,.T.);
#195=FACE_OUTER_BOUND('',#308,.T.);
#196=FACE_OUTER_BOUND('',#309,.T.);
#197=FACE_OUTER_BOUND('',#310,.T.);
#198=FACE_OUTER_BOUND('',#311,.T.);
#199=FACE_OUTER_BOUND('',#312,.T.);
#200=FACE_OUTER_BOUND('',#313,.T.);
#201=FACE_OUTER_BOUND('',#314,.T.);
#202=FACE_OUTER_BOUND('',#315,.T.);
#203=FACE_OUTER_BOUND('',#316,.T.);
#204=FACE_OUTER_BOUND('',#317,.T.);
#205=FACE_OUTER_BOUND('',#318,.T.);
#206=FACE_OUTER_BOUND('',#319,.T.);
#207=FACE_OUTER_BOUND('',#320,.T.);
#208=FACE_OUTER_BOUND('',#321,.T.);
#209=FACE_OUTER_BOUND('',#324,.T.);
#210=FACE_OUTER_BOUND('',#325,.T.);
#211=FACE_OUTER_BOUND('',#327,.T.);
#212=FACE_OUTER_BOUND('',#332,.T.);
#213=FACE_OUTER_BOUND('',#333,.T.);
#214=FACE_OUTER_BOUND('',#334,.T.);
#215=FACE_OUTER_BOUND('',#335,.T.);
#216=FACE_OUTER_BOUND('',#339,.T.);
#217=FACE_OUTER_BOUND('',#340,.T.);
#218=FACE_OUTER_BOUND('',#341,.T.);
#219=FACE_OUTER_BOUND('',#342,.T.);
#220=FACE_OUTER_BOUND('',#343,.T.);
#221=FACE_OUTER_BOUND('',#344,.T.);
#222=FACE_OUTER_BOUND('',#345,.T.);
#223=FACE_OUTER_BOUND('',#346,.T.);
#224=FACE_OUTER_BOUND('',#347,.T.);
#225=FACE_OUTER_BOUND('',#348,.T.);
#226=FACE_OUTER_BOUND('',#349,.T.);
#227=FACE_OUTER_BOUND('',#350,.T.);
#228=FACE_OUTER_BOUND('',#351,.T.);
#229=FACE_OUTER_BOUND('',#352,.T.);
#230=FACE_OUTER_BOUND('',#353,.T.);
#231=FACE_OUTER_BOUND('',#354,.T.);
#232=FACE_OUTER_BOUND('',#356,.T.);
#233=FACE_OUTER_BOUND('',#357,.T.);
#234=FACE_OUTER_BOUND('',#358,.T.);
#235=FACE_OUTER_BOUND('',#359,.T.);
#236=FACE_OUTER_BOUND('',#360,.T.);
#237=FACE_OUTER_BOUND('',#361,.T.);
#238=FACE_OUTER_BOUND('',#363,.T.);
#239=FACE_OUTER_BOUND('',#364,.T.);
#240=FACE_OUTER_BOUND('',#365,.T.);
#241=FACE_OUTER_BOUND('',#367,.T.);
#242=FACE_OUTER_BOUND('',#368,.T.);
#243=FACE_OUTER_BOUND('',#370,.T.);
#244=FACE_OUTER_BOUND('',#371,.T.);
#245=FACE_OUTER_BOUND('',#373,.T.);
#246=FACE_OUTER_BOUND('',#374,.T.);
#247=FACE_OUTER_BOUND('',#375,.T.);
#248=FACE_OUTER_BOUND('',#376,.T.);
#249=FACE_OUTER_BOUND('',#377,.T.);
#250=FACE_OUTER_BOUND('',#378,.T.);
#251=FACE_OUTER_BOUND('',#379,.T.);
#252=FACE_OUTER_BOUND('',#380,.T.);
#253=FACE_OUTER_BOUND('',#381,.T.);
#254=FACE_OUTER_BOUND('',#382,.T.);
#255=FACE_OUTER_BOUND('',#383,.T.);
#256=FACE_OUTER_BOUND('',#384,.T.);
#257=FACE_OUTER_BOUND('',#385,.T.);
#258=FACE_OUTER_BOUND('',#386,.T.);
#259=FACE_OUTER_BOUND('',#387,.T.);
#260=FACE_OUTER_BOUND('',#388,.T.);
#261=FACE_OUTER_BOUND('',#389,.T.);
#262=FACE_OUTER_BOUND('',#390,.T.);
#263=FACE_OUTER_BOUND('',#391,.T.);
#264=FACE_OUTER_BOUND('',#393,.T.);
#265=FACE_OUTER_BOUND('',#394,.T.);
#266=FACE_OUTER_BOUND('',#395,.T.);
#267=FACE_OUTER_BOUND('',#396,.T.);
#268=FACE_OUTER_BOUND('',#397,.T.);
#269=FACE_OUTER_BOUND('',#398,.T.);
#270=FACE_OUTER_BOUND('',#399,.T.);
#271=FACE_OUTER_BOUND('',#400,.T.);
#272=FACE_OUTER_BOUND('',#401,.T.);
#273=FACE_OUTER_BOUND('',#402,.T.);
#274=FACE_OUTER_BOUND('',#403,.T.);
#275=FACE_OUTER_BOUND('',#404,.T.);
#276=FACE_OUTER_BOUND('',#405,.T.);
#277=FACE_OUTER_BOUND('',#406,.T.);
#278=FACE_OUTER_BOUND('',#407,.T.);
#279=FACE_OUTER_BOUND('',#408,.T.);
#280=FACE_OUTER_BOUND('',#409,.T.);
#281=FACE_OUTER_BOUND('',#410,.T.);
#282=FACE_OUTER_BOUND('',#411,.T.);
#283=FACE_OUTER_BOUND('',#412,.T.);
#284=FACE_OUTER_BOUND('',#414,.T.);
#285=FACE_OUTER_BOUND('',#415,.T.);
#286=FACE_OUTER_BOUND('',#416,.T.);
#287=FACE_OUTER_BOUND('',#417,.T.);
#288=FACE_OUTER_BOUND('',#418,.T.);
#289=FACE_OUTER_BOUND('',#419,.T.);
#290=FACE_OUTER_BOUND('',#420,.T.);
#291=FACE_OUTER_BOUND('',#421,.T.);
#292=FACE_OUTER_BOUND('',#422,.T.);
#293=FACE_OUTER_BOUND('',#423,.T.);
#294=FACE_OUTER_BOUND('',#424,.T.);
#295=FACE_OUTER_BOUND('',#425,.T.);
#296=FACE_OUTER_BOUND('',#428,.T.);
#297=FACE_OUTER_BOUND('',#429,.T.);
#298=FACE_OUTER_BOUND('',#430,.T.);
#299=FACE_OUTER_BOUND('',#431,.T.);
#300=FACE_OUTER_BOUND('',#432,.T.);
#301=FACE_OUTER_BOUND('',#433,.T.);
#302=FACE_OUTER_BOUND('',#434,.T.);
#303=FACE_OUTER_BOUND('',#435,.T.);
#304=FACE_OUTER_BOUND('',#436,.T.);
#305=FACE_OUTER_BOUND('',#437,.T.);
#306=FACE_OUTER_BOUND('',#438,.T.);
#307=EDGE_LOOP('',(#1473,#1474,#1475,#1476));
#308=EDGE_LOOP('',(#1477,#1478,#1479,#1480));
#309=EDGE_LOOP('',(#1481,#1482,#1483,#1484));
#310=EDGE_LOOP('',(#1485,#1486,#1487,#1488));
#311=EDGE_LOOP('',(#1489,#1490,#1491,#1492));
#312=EDGE_LOOP('',(#1493,#1494,#1495,#1496));
#313=EDGE_LOOP('',(#1497,#1498,#1499,#1500));
#314=EDGE_LOOP('',(#1501,#1502,#1503,#1504));
#315=EDGE_LOOP('',(#1505,#1506,#1507,#1508));
#316=EDGE_LOOP('',(#1509,#1510,#1511,#1512));
#317=EDGE_LOOP('',(#1513,#1514,#1515,#1516));
#318=EDGE_LOOP('',(#1517,#1518,#1519,#1520));
#319=EDGE_LOOP('',(#1521,#1522,#1523,#1524,#1525,#1526,#1527,#1528,#1529));
#320=EDGE_LOOP('',(#1530,#1531,#1532,#1533));
#321=EDGE_LOOP('',(#1534,#1535,#1536,#1537));
#322=EDGE_LOOP('',(#1538));
#323=EDGE_LOOP('',(#1539));
#324=EDGE_LOOP('',(#1540,#1541,#1542,#1543));
#325=EDGE_LOOP('',(#1544,#1545,#1546,#1547,#1548));
#326=EDGE_LOOP('',(#1549,#1550,#1551,#1552));
#327=EDGE_LOOP('',(#1553,#1554,#1555,#1556,#1557,#1558,#1559,#1560,#1561,
#1562,#1563,#1564));
#328=EDGE_LOOP('',(#1565));
#329=EDGE_LOOP('',(#1566));
#330=EDGE_LOOP('',(#1567));
#331=EDGE_LOOP('',(#1568));
#332=EDGE_LOOP('',(#1569,#1570,#1571,#1572));
#333=EDGE_LOOP('',(#1573,#1574,#1575,#1576));
#334=EDGE_LOOP('',(#1577,#1578,#1579,#1580));
#335=EDGE_LOOP('',(#1581,#1582,#1583,#1584,#1585,#1586,#1587,#1588,#1589,
#1590,#1591,#1592));
#336=EDGE_LOOP('',(#1593));
#337=EDGE_LOOP('',(#1594));
#338=EDGE_LOOP('',(#1595));
#339=EDGE_LOOP('',(#1596,#1597,#1598,#1599));
#340=EDGE_LOOP('',(#1600,#1601,#1602,#1603,#1604));
#341=EDGE_LOOP('',(#1605,#1606,#1607,#1608,#1609,#1610,#1611,#1612,#1613,
#1614,#1615,#1616,#1617,#1618,#1619,#1620,#1621,#1622,#1623,#1624,#1625,
#1626,#1627,#1628,#1629,#1630,#1631,#1632,#1633,#1634,#1635,#1636,#1637,
#1638,#1639,#1640,#1641,#1642,#1643,#1644,#1645,#1646,#1647,#1648,#1649,
#1650));
#342=EDGE_LOOP('',(#1651,#1652,#1653,#1654));
#343=EDGE_LOOP('',(#1655,#1656,#1657,#1658));
#344=EDGE_LOOP('',(#1659,#1660,#1661,#1662,#1663));
#345=EDGE_LOOP('',(#1664,#1665,#1666,#1667));
#346=EDGE_LOOP('',(#1668,#1669,#1670,#1671));
#347=EDGE_LOOP('',(#1672,#1673,#1674,#1675));
#348=EDGE_LOOP('',(#1676,#1677,#1678,#1679));
#349=EDGE_LOOP('',(#1680,#1681,#1682,#1683,#1684));
#350=EDGE_LOOP('',(#1685,#1686,#1687,#1688));
#351=EDGE_LOOP('',(#1689,#1690,#1691,#1692));
#352=EDGE_LOOP('',(#1693,#1694,#1695,#1696,#1697));
#353=EDGE_LOOP('',(#1698,#1699,#1700,#1701,#1702,#1703,#1704,#1705,#1706,
#1707));
#354=EDGE_LOOP('',(#1708,#1709,#1710,#1711,#1712,#1713));
#355=EDGE_LOOP('',(#1714));
#356=EDGE_LOOP('',(#1715,#1716,#1717,#1718));
#357=EDGE_LOOP('',(#1719,#1720,#1721,#1722));
#358=EDGE_LOOP('',(#1723,#1724,#1725,#1726,#1727,#1728,#1729,#1730));
#359=EDGE_LOOP('',(#1731,#1732,#1733,#1734));
#360=EDGE_LOOP('',(#1735,#1736,#1737,#1738,#1739,#1740,#1741,#1742));
#361=EDGE_LOOP('',(#1743,#1744,#1745,#1746,#1747,#1748,#1749,#1750,#1751,
#1752));
#362=EDGE_LOOP('',(#1753));
#363=EDGE_LOOP('',(#1754,#1755,#1756,#1757));
#364=EDGE_LOOP('',(#1758,#1759,#1760,#1761));
#365=EDGE_LOOP('',(#1762));
#366=EDGE_LOOP('',(#1763));
#367=EDGE_LOOP('',(#1764,#1765,#1766,#1767));
#368=EDGE_LOOP('',(#1768));
#369=EDGE_LOOP('',(#1769));
#370=EDGE_LOOP('',(#1770,#1771,#1772,#1773));
#371=EDGE_LOOP('',(#1774));
#372=EDGE_LOOP('',(#1775));
#373=EDGE_LOOP('',(#1776,#1777,#1778,#1779));
#374=EDGE_LOOP('',(#1780,#1781,#1782,#1783));
#375=EDGE_LOOP('',(#1784,#1785,#1786,#1787));
#376=EDGE_LOOP('',(#1788,#1789,#1790,#1791));
#377=EDGE_LOOP('',(#1792,#1793,#1794,#1795,#1796,#1797,#1798,#1799));
#378=EDGE_LOOP('',(#1800,#1801,#1802,#1803));
#379=EDGE_LOOP('',(#1804,#1805,#1806,#1807));
#380=EDGE_LOOP('',(#1808,#1809,#1810,#1811));
#381=EDGE_LOOP('',(#1812,#1813,#1814,#1815));
#382=EDGE_LOOP('',(#1816,#1817,#1818,#1819));
#383=EDGE_LOOP('',(#1820,#1821,#1822,#1823,#1824,#1825,#1826,#1827));
#384=EDGE_LOOP('',(#1828,#1829,#1830,#1831,#1832,#1833,#1834,#1835,#1836,
#1837));
#385=EDGE_LOOP('',(#1838,#1839,#1840,#1841,#1842,#1843,#1844,#1845));
#386=EDGE_LOOP('',(#1846,#1847,#1848,#1849));
#387=EDGE_LOOP('',(#1850,#1851,#1852,#1853));
#388=EDGE_LOOP('',(#1854,#1855,#1856,#1857));
#389=EDGE_LOOP('',(#1858,#1859,#1860,#1861));
#390=EDGE_LOOP('',(#1862,#1863,#1864,#1865));
#391=EDGE_LOOP('',(#1866,#1867,#1868,#1869));
#392=EDGE_LOOP('',(#1870));
#393=EDGE_LOOP('',(#1871,#1872,#1873,#1874,#1875,#1876,#1877,#1878,#1879,
#1880));
#394=EDGE_LOOP('',(#1881));
#395=EDGE_LOOP('',(#1882,#1883,#1884,#1885,#1886,#1887));
#396=EDGE_LOOP('',(#1888,#1889,#1890,#1891));
#397=EDGE_LOOP('',(#1892,#1893,#1894,#1895,#1896,#1897,#1898,#1899,#1900,
#1901,#1902,#1903,#1904,#1905,#1906,#1907,#1908,#1909,#1910,#1911));
#398=EDGE_LOOP('',(#1912,#1913,#1914,#1915));
#399=EDGE_LOOP('',(#1916,#1917,#1918,#1919,#1920,#1921,#1922,#1923));
#400=EDGE_LOOP('',(#1924,#1925,#1926,#1927));
#401=EDGE_LOOP('',(#1928,#1929,#1930,#1931));
#402=EDGE_LOOP('',(#1932,#1933,#1934,#1935));
#403=EDGE_LOOP('',(#1936,#1937,#1938,#1939));
#404=EDGE_LOOP('',(#1940,#1941,#1942,#1943));
#405=EDGE_LOOP('',(#1944,#1945,#1946,#1947));
#406=EDGE_LOOP('',(#1948,#1949,#1950,#1951));
#407=EDGE_LOOP('',(#1952,#1953,#1954,#1955));
#408=EDGE_LOOP('',(#1956,#1957,#1958,#1959));
#409=EDGE_LOOP('',(#1960,#1961,#1962,#1963));
#410=EDGE_LOOP('',(#1964,#1965,#1966,#1967));
#411=EDGE_LOOP('',(#1968,#1969,#1970,#1971));
#412=EDGE_LOOP('',(#1972,#1973,#1974,#1975));
#413=EDGE_LOOP('',(#1976));
#414=EDGE_LOOP('',(#1977,#1978,#1979,#1980));
#415=EDGE_LOOP('',(#1981,#1982,#1983,#1984));
#416=EDGE_LOOP('',(#1985,#1986,#1987,#1988));
#417=EDGE_LOOP('',(#1989,#1990,#1991,#1992));
#418=EDGE_LOOP('',(#1993,#1994,#1995,#1996));
#419=EDGE_LOOP('',(#1997,#1998,#1999,#2000));
#420=EDGE_LOOP('',(#2001,#2002,#2003,#2004));
#421=EDGE_LOOP('',(#2005,#2006,#2007,#2008));
#422=EDGE_LOOP('',(#2009,#2010,#2011,#2012,#2013,#2014,#2015,#2016));
#423=EDGE_LOOP('',(#2017,#2018,#2019,#2020));
#424=EDGE_LOOP('',(#2021,#2022,#2023,#2024));
#425=EDGE_LOOP('',(#2025,#2026,#2027,#2028));
#426=EDGE_LOOP('',(#2029));
#427=EDGE_LOOP('',(#2030));
#428=EDGE_LOOP('',(#2031,#2032,#2033,#2034));
#429=EDGE_LOOP('',(#2035,#2036,#2037,#2038));
#430=EDGE_LOOP('',(#2039,#2040,#2041,#2042));
#431=EDGE_LOOP('',(#2043,#2044,#2045,#2046));
#432=EDGE_LOOP('',(#2047,#2048,#2049,#2050));
#433=EDGE_LOOP('',(#2051,#2052,#2053,#2054));
#434=EDGE_LOOP('',(#2055,#2056,#2057,#2058));
#435=EDGE_LOOP('',(#2059,#2060,#2061,#2062));
#436=EDGE_LOOP('',(#2063,#2064,#2065,#2066));
#437=EDGE_LOOP('',(#2067,#2068,#2069,#2070,#2071,#2072,#2073,#2074,#2075,
#2076,#2077,#2078,#2079,#2080,#2081,#2082,#2083,#2084,#2085,#2086,#2087,
#2088,#2089,#2090,#2091,#2092));
#438=EDGE_LOOP('',(#2093,#2094,#2095,#2096));
#439=EDGE_LOOP('',(#2097));
#440=EDGE_LOOP('',(#2098));
#441=EDGE_LOOP('',(#2099,#2100,#2101,#2102));
#442=B_SPLINE_CURVE_WITH_KNOTS('',3,(#2983,#2984,#2985,#2986,#2987),
 .UNSPECIFIED.,.F.,.F.,(4,1,4),(1.81521464526213E-14,0.897597901025673,
1.57079632679491),.UNSPECIFIED.);
#443=B_SPLINE_CURVE_WITH_KNOTS('',3,(#2990,#2991,#2992,#2993,#2994),
 .UNSPECIFIED.,.F.,.F.,(4,1,4),(-1.57079632679491,-0.897597901025673,-1.81521464526213E-14),
 .UNSPECIFIED.);
#444=B_SPLINE_CURVE_WITH_KNOTS('',3,(#3024,#3025,#3026,#3027,#3028),
 .UNSPECIFIED.,.F.,.F.,(4,1,4),(-1.5707963267949,-0.673198425769244,3.30970481862775E-30),
 .UNSPECIFIED.);
#445=B_SPLINE_CURVE_WITH_KNOTS('',3,(#3029,#3030,#3031,#3032,#3033),
 .UNSPECIFIED.,.F.,.F.,(4,1,4),(-3.30970481862775E-30,0.673198425769244,
1.5707963267949),.UNSPECIFIED.);
#446=B_SPLINE_CURVE_WITH_KNOTS('',3,(#3059,#3060,#3061,#3062),
 .UNSPECIFIED.,.F.,.F.,(4,4),(5.58904872563599,5.59223932177368),
 .UNSPECIFIED.);
#447=B_SPLINE_CURVE_WITH_KNOTS('',3,(#3063,#3064,#3065,#3066),
 .UNSPECIFIED.,.F.,.F.,(4,4),(-5.59223932177368,-5.58904872563599),
 .UNSPECIFIED.);
#448=B_SPLINE_CURVE_WITH_KNOTS('',3,(#3091,#3092,#3093,#3094,#3095),
 .UNSPECIFIED.,.F.,.F.,(4,1,4),(-1.5626320973622,-0.669699470298086,7.02266758546419E-16),
 .UNSPECIFIED.);
#449=B_SPLINE_CURVE_WITH_KNOTS('',3,(#3098,#3099,#3100,#3101,#3102),
 .UNSPECIFIED.,.F.,.F.,(4,1,4),(-7.02266758546419E-16,0.669699470298086,
1.5626320973622),.UNSPECIFIED.);
#450=B_SPLINE_CURVE_WITH_KNOTS('',3,(#3132,#3133,#3134,#3135,#3136),
 .UNSPECIFIED.,.F.,.F.,(4,1,4),(-1.5626320973622,-0.669699470298084,1.26107211928447E-15),
 .UNSPECIFIED.);
#451=B_SPLINE_CURVE_WITH_KNOTS('',3,(#3137,#3138,#3139,#3140,#3141),
 .UNSPECIFIED.,.F.,.F.,(4,1,4),(-1.26107211928447E-15,0.669699470298084,
1.5626320973622),.UNSPECIFIED.);
#452=B_SPLINE_CURVE_WITH_KNOTS('',3,(#3158,#3159,#3160,#3161),
 .UNSPECIFIED.,.F.,.F.,(4,4),(1.5626320973622,1.5707963267949),
 .UNSPECIFIED.);
#453=B_SPLINE_CURVE_WITH_KNOTS('',3,(#3162,#3163,#3164,#3165),
 .UNSPECIFIED.,.F.,.F.,(4,4),(-1.5707963267949,-1.5626320973622),
 .UNSPECIFIED.);
#454=B_SPLINE_CURVE_WITH_KNOTS('',3,(#3191,#3192,#3193,#3194),
 .UNSPECIFIED.,.F.,.F.,(4,4),(-1.5707963267949,-1.5626320973622),
 .UNSPECIFIED.);
#455=B_SPLINE_CURVE_WITH_KNOTS('',3,(#3195,#3196,#3197,#3198),
 .UNSPECIFIED.,.F.,.F.,(4,4),(1.5626320973622,1.5707963267949),
 .UNSPECIFIED.);
#456=B_SPLINE_CURVE_WITH_KNOTS('',3,(#3215,#3216,#3217,#3218),
 .UNSPECIFIED.,.F.,.F.,(4,4),(0.350673314860873,0.353863910998573),
 .UNSPECIFIED.);
#457=B_SPLINE_CURVE_WITH_KNOTS('',3,(#3219,#3220,#3221,#3222),
 .UNSPECIFIED.,.F.,.F.,(4,4),(-0.353863910998573,-0.350673314860873),
 .UNSPECIFIED.);
#458=LINE('',#2981,#705);
#459=LINE('',#2989,#706);
#460=LINE('',#2997,#707);
#461=LINE('',#2999,#708);
#462=LINE('',#3000,#709);
#463=LINE('',#3023,#710);
#464=LINE('',#3037,#711);
#465=LINE('',#3039,#712);
#466=LINE('',#3041,#713);
#467=LINE('',#3042,#714);
#468=LINE('',#3089,#715);
#469=LINE('',#3097,#716);
#470=LINE('',#3106,#717);
#471=LINE('',#3107,#718);
#472=LINE('',#3108,#719);
#473=LINE('',#3131,#720);
#474=LINE('',#3169,#721);
#475=LINE('',#3171,#722);
#476=LINE('',#3173,#723);
#477=LINE('',#3174,#724);
#478=LINE('',#3225,#725);
#479=LINE('',#3227,#726);
#480=LINE('',#3229,#727);
#481=LINE('',#3231,#728);
#482=LINE('',#3233,#729);
#483=LINE('',#3235,#730);
#484=LINE('',#3236,#731);
#485=LINE('',#3239,#732);
#486=LINE('',#3243,#733);
#487=LINE('',#3244,#734);
#488=LINE('',#3251,#735);
#489=LINE('',#3255,#736);
#490=LINE('',#3256,#737);
#491=LINE('',#3259,#738);
#492=LINE('',#3263,#739);
#493=LINE('',#3279,#740);
#494=LINE('',#3282,#741);
#495=LINE('',#3285,#742);
#496=LINE('',#3287,#743);
#497=LINE('',#3288,#744);
#498=LINE('',#3294,#745);
#499=LINE('',#3297,#746);
#500=LINE('',#3299,#747);
#501=LINE('',#3301,#748);
#502=LINE('',#3306,#749);
#503=LINE('',#3308,#750);
#504=LINE('',#3310,#751);
#505=LINE('',#3311,#752);
#506=LINE('',#3320,#753);
#507=LINE('',#3321,#754);
#508=LINE('',#3324,#755);
#509=LINE('',#3328,#756);
#510=LINE('',#3331,#757);
#511=LINE('',#3333,#758);
#512=LINE('',#3335,#759);
#513=LINE('',#3337,#760);
#514=LINE('',#3339,#761);
#515=LINE('',#3341,#762);
#516=LINE('',#3343,#763);
#517=LINE('',#3345,#764);
#518=LINE('',#3347,#765);
#519=LINE('',#3349,#766);
#520=LINE('',#3351,#767);
#521=LINE('',#3353,#768);
#522=LINE('',#3355,#769);
#523=LINE('',#3357,#770);
#524=LINE('',#3359,#771);
#525=LINE('',#3361,#772);
#526=LINE('',#3363,#773);
#527=LINE('',#3365,#774);
#528=LINE('',#3367,#775);
#529=LINE('',#3369,#776);
#530=LINE('',#3371,#777);
#531=LINE('',#3373,#778);
#532=LINE('',#3375,#779);
#533=LINE('',#3377,#780);
#534=LINE('',#3379,#781);
#535=LINE('',#3381,#782);
#536=LINE('',#3383,#783);
#537=LINE('',#3385,#784);
#538=LINE('',#3387,#785);
#539=LINE('',#3389,#786);
#540=LINE('',#3391,#787);
#541=LINE('',#3394,#788);
#542=LINE('',#3397,#789);
#543=LINE('',#3402,#790);
#544=LINE('',#3408,#791);
#545=LINE('',#3412,#792);
#546=LINE('',#3416,#793);
#547=LINE('',#3423,#794);
#548=LINE('',#3427,#795);
#549=LINE('',#3428,#796);
#550=LINE('',#3430,#797);
#551=LINE('',#3431,#798);
#552=LINE('',#3434,#799);
#553=LINE('',#3436,#800);
#554=LINE('',#3437,#801);
#555=LINE('',#3442,#802);
#556=LINE('',#3445,#803);
#557=LINE('',#3448,#804);
#558=LINE('',#3452,#805);
#559=LINE('',#3455,#806);
#560=LINE('',#3458,#807);
#561=LINE('',#3460,#808);
#562=LINE('',#3462,#809);
#563=LINE('',#3463,#810);
#564=LINE('',#3466,#811);
#565=LINE('',#3469,#812);
#566=LINE('',#3472,#813);
#567=LINE('',#3473,#814);
#568=LINE('',#3475,#815);
#569=LINE('',#3477,#816);
#570=LINE('',#3479,#817);
#571=LINE('',#3481,#818);
#572=LINE('',#3483,#819);
#573=LINE('',#3484,#820);
#574=LINE('',#3487,#821);
#575=LINE('',#3490,#822);
#576=LINE('',#3493,#823);
#577=LINE('',#3495,#824);
#578=LINE('',#3497,#825);
#579=LINE('',#3499,#826);
#580=LINE('',#3501,#827);
#581=LINE('',#3503,#828);
#582=LINE('',#3505,#829);
#583=LINE('',#3506,#830);
#584=LINE('',#3508,#831);
#585=LINE('',#3511,#832);
#586=LINE('',#3518,#833);
#587=LINE('',#3525,#834);
#588=LINE('',#3531,#835);
#589=LINE('',#3533,#836);
#590=LINE('',#3535,#837);
#591=LINE('',#3538,#838);
#592=LINE('',#3540,#839);
#593=LINE('',#3541,#840);
#594=LINE('',#3544,#841);
#595=LINE('',#3546,#842);
#596=LINE('',#3548,#843);
#597=LINE('',#3549,#844);
#598=LINE('',#3552,#845);
#599=LINE('',#3554,#846);
#600=LINE('',#3555,#847);
#601=LINE('',#3557,#848);
#602=LINE('',#3560,#849);
#603=LINE('',#3563,#850);
#604=LINE('',#3565,#851);
#605=LINE('',#3566,#852);
#606=LINE('',#3569,#853);
#607=LINE('',#3573,#854);
#608=LINE('',#3577,#855);
#609=LINE('',#3578,#856);
#610=LINE('',#3582,#857);
#611=LINE('',#3584,#858);
#612=LINE('',#3586,#859);
#613=LINE('',#3588,#860);
#614=LINE('',#3589,#861);
#615=LINE('',#3590,#862);
#616=LINE('',#3591,#863);
#617=LINE('',#3594,#864);
#618=LINE('',#3595,#865);
#619=LINE('',#3597,#866);
#620=LINE('',#3601,#867);
#621=LINE('',#3602,#868);
#622=LINE('',#3604,#869);
#623=LINE('',#3608,#870);
#624=LINE('',#3610,#871);
#625=LINE('',#3612,#872);
#626=LINE('',#3613,#873);
#627=LINE('',#3618,#874);
#628=LINE('',#3623,#875);
#629=LINE('',#3625,#876);
#630=LINE('',#3627,#877);
#631=LINE('',#3628,#878);
#632=LINE('',#3633,#879);
#633=LINE('',#3636,#880);
#634=LINE('',#3637,#881);
#635=LINE('',#3639,#882);
#636=LINE('',#3641,#883);
#637=LINE('',#3643,#884);
#638=LINE('',#3644,#885);
#639=LINE('',#3648,#886);
#640=LINE('',#3651,#887);
#641=LINE('',#3655,#888);
#642=LINE('',#3657,#889);
#643=LINE('',#3658,#890);
#644=LINE('',#3659,#891);
#645=LINE('',#3660,#892);
#646=LINE('',#3661,#893);
#647=LINE('',#3662,#894);
#648=LINE('',#3663,#895);
#649=LINE('',#3665,#896);
#650=LINE('',#3668,#897);
#651=LINE('',#3670,#898);
#652=LINE('',#3671,#899);
#653=LINE('',#3673,#900);
#654=LINE('',#3677,#901);
#655=LINE('',#3678,#902);
#656=LINE('',#3679,#903);
#657=LINE('',#3682,#904);
#658=LINE('',#3683,#905);
#659=LINE('',#3686,#906);
#660=LINE('',#3687,#907);
#661=LINE('',#3689,#908);
#662=LINE('',#3694,#909);
#663=LINE('',#3697,#910);
#664=LINE('',#3701,#911);
#665=LINE('',#3702,#912);
#666=LINE('',#3705,#913);
#667=LINE('',#3706,#914);
#668=LINE('',#3710,#915);
#669=LINE('',#3713,#916);
#670=LINE('',#3714,#917);
#671=LINE('',#3717,#918);
#672=LINE('',#3718,#919);
#673=LINE('',#3721,#920);
#674=LINE('',#3722,#921);
#675=LINE('',#3725,#922);
#676=LINE('',#3726,#923);
#677=LINE('',#3729,#924);
#678=LINE('',#3730,#925);
#679=LINE('',#3732,#926);
#680=LINE('',#3735,#927);
#681=LINE('',#3736,#928);
#682=LINE('',#3739,#929);
#683=LINE('',#3740,#930);
#684=LINE('',#3743,#931);
#685=LINE('',#3744,#932);
#686=LINE('',#3747,#933);
#687=LINE('',#3748,#934);
#688=LINE('',#3751,#935);
#689=LINE('',#3752,#936);
#690=LINE('',#3755,#937);
#691=LINE('',#3756,#938);
#692=LINE('',#3759,#939);
#693=LINE('',#3760,#940);
#694=LINE('',#3763,#941);
#695=LINE('',#3764,#942);
#696=LINE('',#3767,#943);
#697=LINE('',#3768,#944);
#698=LINE('',#3771,#945);
#699=LINE('',#3772,#946);
#700=LINE('',#3775,#947);
#701=LINE('',#3776,#948);
#702=LINE('',#3779,#949);
#703=LINE('',#3780,#950);
#704=LINE('',#3782,#951);
#705=VECTOR('',#2397,10.);
#706=VECTOR('',#2398,10.);
#707=VECTOR('',#2401,10.);
#708=VECTOR('',#2402,10.);
#709=VECTOR('',#2403,10.);
#710=VECTOR('',#2404,10.);
#711=VECTOR('',#2407,10.);
#712=VECTOR('',#2408,10.);
#713=VECTOR('',#2409,10.);
#714=VECTOR('',#2410,10.);
#715=VECTOR('',#2411,10.);
#716=VECTOR('',#2412,10.);
#717=VECTOR('',#2415,10.);
#718=VECTOR('',#2416,10.);
#719=VECTOR('',#2417,10.);
#720=VECTOR('',#2418,10.);
#721=VECTOR('',#2421,10.);
#722=VECTOR('',#2422,10.);
#723=VECTOR('',#2423,10.);
#724=VECTOR('',#2424,10.);
#725=VECTOR('',#2427,10.);
#726=VECTOR('',#2428,10.);
#727=VECTOR('',#2429,10.);
#728=VECTOR('',#2430,10.);
#729=VECTOR('',#2431,10.);
#730=VECTOR('',#2432,10.);
#731=VECTOR('',#2433,10.);
#732=VECTOR('',#2436,10.);
#733=VECTOR('',#2441,10.);
#734=VECTOR('',#2442,10.);
#735=VECTOR('',#2449,10.);
#736=VECTOR('',#2454,10.);
#737=VECTOR('',#2455,10.);
#738=VECTOR('',#2456,10.);
#739=VECTOR('',#2459,10.);
#740=VECTOR('',#2476,10.);
#741=VECTOR('',#2479,10.);
#742=VECTOR('',#2482,10.);
#743=VECTOR('',#2483,10.);
#744=VECTOR('',#2484,10.);
#745=VECTOR('',#2489,10.);
#746=VECTOR('',#2492,10.);
#747=VECTOR('',#2495,10.);
#748=VECTOR('',#2496,10.);
#749=VECTOR('',#2501,10.);
#750=VECTOR('',#2502,10.);
#751=VECTOR('',#2503,10.);
#752=VECTOR('',#2504,10.);
#753=VECTOR('',#2513,10.);
#754=VECTOR('',#2514,10.);
#755=VECTOR('',#2517,10.);
#756=VECTOR('',#2522,10.);
#757=VECTOR('',#2527,10.);
#758=VECTOR('',#2528,10.);
#759=VECTOR('',#2529,10.);
#760=VECTOR('',#2530,10.);
#761=VECTOR('',#2531,10.);
#762=VECTOR('',#2532,10.);
#763=VECTOR('',#2533,10.);
#764=VECTOR('',#2534,10.);
#765=VECTOR('',#2535,10.);
#766=VECTOR('',#2536,10.);
#767=VECTOR('',#2537,10.);
#768=VECTOR('',#2538,10.);
#769=VECTOR('',#2539,10.);
#770=VECTOR('',#2540,10.);
#771=VECTOR('',#2541,10.);
#772=VECTOR('',#2542,10.);
#773=VECTOR('',#2543,10.);
#774=VECTOR('',#2544,10.);
#775=VECTOR('',#2545,10.);
#776=VECTOR('',#2546,10.);
#777=VECTOR('',#2547,10.);
#778=VECTOR('',#2548,10.);
#779=VECTOR('',#2549,10.);
#780=VECTOR('',#2550,10.);
#781=VECTOR('',#2551,10.);
#782=VECTOR('',#2552,10.);
#783=VECTOR('',#2553,10.);
#784=VECTOR('',#2554,10.);
#785=VECTOR('',#2555,10.);
#786=VECTOR('',#2556,10.);
#787=VECTOR('',#2557,10.);
#788=VECTOR('',#2562,10.);
#789=VECTOR('',#2567,10.);
#790=VECTOR('',#2572,0.85);
#791=VECTOR('',#2579,0.850000000000002);
#792=VECTOR('',#2584,0.85);
#793=VECTOR('',#2589,0.850000000000002);
#794=VECTOR('',#2596,10.);
#795=VECTOR('',#2599,10.);
#796=VECTOR('',#2600,10.);
#797=VECTOR('',#2603,10.);
#798=VECTOR('',#2604,10.);
#799=VECTOR('',#2607,10.);
#800=VECTOR('',#2608,10.);
#801=VECTOR('',#2609,10.);
#802=VECTOR('',#2614,10.);
#803=VECTOR('',#2617,10.);
#804=VECTOR('',#2620,10.);
#805=VECTOR('',#2623,10.);
#806=VECTOR('',#2626,10.);
#807=VECTOR('',#2629,10.);
#808=VECTOR('',#2630,10.);
#809=VECTOR('',#2631,10.);
#810=VECTOR('',#2632,10.);
#811=VECTOR('',#2635,10.);
#812=VECTOR('',#2638,10.);
#813=VECTOR('',#2641,10.);
#814=VECTOR('',#2642,10.);
#815=VECTOR('',#2645,10.);
#816=VECTOR('',#2646,10.);
#817=VECTOR('',#2647,10.);
#818=VECTOR('',#2648,10.);
#819=VECTOR('',#2649,10.);
#820=VECTOR('',#2650,10.);
#821=VECTOR('',#2653,10.);
#822=VECTOR('',#2658,10.);
#823=VECTOR('',#2661,10.);
#824=VECTOR('',#2662,10.);
#825=VECTOR('',#2663,10.);
#826=VECTOR('',#2664,10.);
#827=VECTOR('',#2665,10.);
#828=VECTOR('',#2666,10.);
#829=VECTOR('',#2667,10.);
#830=VECTOR('',#2668,10.);
#831=VECTOR('',#2671,10.);
#832=VECTOR('',#2674,2.1);
#833=VECTOR('',#2683,2.1);
#834=VECTOR('',#2692,2.1);
#835=VECTOR('',#2701,1.1);
#836=VECTOR('',#2704,1.09999999999999);
#837=VECTOR('',#2707,1.09999999999999);
#838=VECTOR('',#2710,10.);
#839=VECTOR('',#2711,10.);
#840=VECTOR('',#2712,10.);
#841=VECTOR('',#2715,10.);
#842=VECTOR('',#2716,10.);
#843=VECTOR('',#2717,10.);
#844=VECTOR('',#2718,10.);
#845=VECTOR('',#2721,10.);
#846=VECTOR('',#2722,10.);
#847=VECTOR('',#2723,10.);
#848=VECTOR('',#2726,10.);
#849=VECTOR('',#2731,10.);
#850=VECTOR('',#2734,10.);
#851=VECTOR('',#2735,10.);
#852=VECTOR('',#2736,10.);
#853=VECTOR('',#2739,10.);
#854=VECTOR('',#2742,10.);
#855=VECTOR('',#2745,10.);
#856=VECTOR('',#2746,10.);
#857=VECTOR('',#2749,10.);
#858=VECTOR('',#2750,10.);
#859=VECTOR('',#2751,10.);
#860=VECTOR('',#2752,10.);
#861=VECTOR('',#2753,10.);
#862=VECTOR('',#2754,10.);
#863=VECTOR('',#2755,10.);
#864=VECTOR('',#2758,10.);
#865=VECTOR('',#2759,10.);
#866=VECTOR('',#2760,10.);
#867=VECTOR('',#2763,10.);
#868=VECTOR('',#2764,10.);
#869=VECTOR('',#2767,10.);
#870=VECTOR('',#2770,10.);
#871=VECTOR('',#2771,10.);
#872=VECTOR('',#2772,10.);
#873=VECTOR('',#2773,10.);
#874=VECTOR('',#2778,0.850000000000009);
#875=VECTOR('',#2783,10.);
#876=VECTOR('',#2784,10.);
#877=VECTOR('',#2785,10.);
#878=VECTOR('',#2786,10.);
#879=VECTOR('',#2795,10.);
#880=VECTOR('',#2798,10.);
#881=VECTOR('',#2799,10.);
#882=VECTOR('',#2800,10.);
#883=VECTOR('',#2801,10.);
#884=VECTOR('',#2802,10.);
#885=VECTOR('',#2803,10.);
#886=VECTOR('',#2808,10.);
#887=VECTOR('',#2811,10.);
#888=VECTOR('',#2816,10.);
#889=VECTOR('',#2817,10.);
#890=VECTOR('',#2818,10.);
#891=VECTOR('',#2819,10.);
#892=VECTOR('',#2820,10.);
#893=VECTOR('',#2821,10.);
#894=VECTOR('',#2822,10.);
#895=VECTOR('',#2823,10.);
#896=VECTOR('',#2826,10.);
#897=VECTOR('',#2829,10.);
#898=VECTOR('',#2830,10.);
#899=VECTOR('',#2831,10.);
#900=VECTOR('',#2834,10.);
#901=VECTOR('',#2837,10.);
#902=VECTOR('',#2838,10.);
#903=VECTOR('',#2839,10.);
#904=VECTOR('',#2842,10.);
#905=VECTOR('',#2843,10.);
#906=VECTOR('',#2846,10.);
#907=VECTOR('',#2847,10.);
#908=VECTOR('',#2850,10.);
#909=VECTOR('',#2857,0.750000000000011);
#910=VECTOR('',#2862,10.);
#911=VECTOR('',#2867,10.);
#912=VECTOR('',#2868,10.);
#913=VECTOR('',#2871,10.);
#914=VECTOR('',#2872,10.);
#915=VECTOR('',#2879,10.);
#916=VECTOR('',#2882,10.);
#917=VECTOR('',#2883,10.);
#918=VECTOR('',#2886,10.);
#919=VECTOR('',#2887,10.);
#920=VECTOR('',#2890,10.);
#921=VECTOR('',#2891,10.);
#922=VECTOR('',#2894,10.);
#923=VECTOR('',#2895,10.);
#924=VECTOR('',#2898,10.);
#925=VECTOR('',#2899,10.);
#926=VECTOR('',#2902,10.);
#927=VECTOR('',#2905,10.);
#928=VECTOR('',#2906,10.);
#929=VECTOR('',#2909,10.);
#930=VECTOR('',#2910,10.);
#931=VECTOR('',#2913,10.);
#932=VECTOR('',#2914,10.);
#933=VECTOR('',#2917,10.);
#934=VECTOR('',#2918,10.);
#935=VECTOR('',#2921,10.);
#936=VECTOR('',#2922,10.);
#937=VECTOR('',#2925,10.);
#938=VECTOR('',#2926,10.);
#939=VECTOR('',#2929,10.);
#940=VECTOR('',#2930,10.);
#941=VECTOR('',#2933,10.);
#942=VECTOR('',#2934,10.);
#943=VECTOR('',#2937,10.);
#944=VECTOR('',#2938,10.);
#945=VECTOR('',#2941,10.);
#946=VECTOR('',#2942,10.);
#947=VECTOR('',#2945,10.);
#948=VECTOR('',#2946,10.);
#949=VECTOR('',#2949,10.);
#950=VECTOR('',#2950,10.);
#951=VECTOR('',#2953,10.);
#952=VERTEX_POINT('',#2979);
#953=VERTEX_POINT('',#2980);
#954=VERTEX_POINT('',#2982);
#955=VERTEX_POINT('',#2988);
#956=VERTEX_POINT('',#2996);
#957=VERTEX_POINT('',#2998);
#958=VERTEX_POINT('',#3021);
#959=VERTEX_POINT('',#3022);
#960=VERTEX_POINT('',#3035);
#961=VERTEX_POINT('',#3036);
#962=VERTEX_POINT('',#3038);
#963=VERTEX_POINT('',#3040);
#964=VERTEX_POINT('',#3087);
#965=VERTEX_POINT('',#3088);
#966=VERTEX_POINT('',#3090);
#967=VERTEX_POINT('',#3096);
#968=VERTEX_POINT('',#3104);
#969=VERTEX_POINT('',#3105);
#970=VERTEX_POINT('',#3129);
#971=VERTEX_POINT('',#3130);
#972=VERTEX_POINT('',#3167);
#973=VERTEX_POINT('',#3168);
#974=VERTEX_POINT('',#3170);
#975=VERTEX_POINT('',#3172);
#976=VERTEX_POINT('',#3224);
#977=VERTEX_POINT('',#3226);
#978=VERTEX_POINT('',#3228);
#979=VERTEX_POINT('',#3230);
#980=VERTEX_POINT('',#3232);
#981=VERTEX_POINT('',#3234);
#982=VERTEX_POINT('',#3238);
#983=VERTEX_POINT('',#3242);
#984=VERTEX_POINT('',#3245);
#985=VERTEX_POINT('',#3247);
#986=VERTEX_POINT('',#3250);
#987=VERTEX_POINT('',#3254);
#988=VERTEX_POINT('',#3257);
#989=VERTEX_POINT('',#3258);
#990=VERTEX_POINT('',#3260);
#991=VERTEX_POINT('',#3262);
#992=VERTEX_POINT('',#3266);
#993=VERTEX_POINT('',#3268);
#994=VERTEX_POINT('',#3270);
#995=VERTEX_POINT('',#3272);
#996=VERTEX_POINT('',#3275);
#997=VERTEX_POINT('',#3276);
#998=VERTEX_POINT('',#3278);
#999=VERTEX_POINT('',#3280);
#1000=VERTEX_POINT('',#3284);
#1001=VERTEX_POINT('',#3286);
#1002=VERTEX_POINT('',#3290);
#1003=VERTEX_POINT('',#3291);
#1004=VERTEX_POINT('',#3293);
#1005=VERTEX_POINT('',#3295);
#1006=VERTEX_POINT('',#3300);
#1007=VERTEX_POINT('',#3303);
#1008=VERTEX_POINT('',#3305);
#1009=VERTEX_POINT('',#3307);
#1010=VERTEX_POINT('',#3309);
#1011=VERTEX_POINT('',#3312);
#1012=VERTEX_POINT('',#3314);
#1013=VERTEX_POINT('',#3316);
#1014=VERTEX_POINT('',#3319);
#1015=VERTEX_POINT('',#3323);
#1016=VERTEX_POINT('',#3327);
#1017=VERTEX_POINT('',#3332);
#1018=VERTEX_POINT('',#3334);
#1019=VERTEX_POINT('',#3336);
#1020=VERTEX_POINT('',#3338);
#1021=VERTEX_POINT('',#3340);
#1022=VERTEX_POINT('',#3342);
#1023=VERTEX_POINT('',#3344);
#1024=VERTEX_POINT('',#3346);
#1025=VERTEX_POINT('',#3348);
#1026=VERTEX_POINT('',#3350);
#1027=VERTEX_POINT('',#3352);
#1028=VERTEX_POINT('',#3354);
#1029=VERTEX_POINT('',#3356);
#1030=VERTEX_POINT('',#3358);
#1031=VERTEX_POINT('',#3360);
#1032=VERTEX_POINT('',#3362);
#1033=VERTEX_POINT('',#3364);
#1034=VERTEX_POINT('',#3366);
#1035=VERTEX_POINT('',#3368);
#1036=VERTEX_POINT('',#3370);
#1037=VERTEX_POINT('',#3372);
#1038=VERTEX_POINT('',#3374);
#1039=VERTEX_POINT('',#3376);
#1040=VERTEX_POINT('',#3378);
#1041=VERTEX_POINT('',#3380);
#1042=VERTEX_POINT('',#3382);
#1043=VERTEX_POINT('',#3384);
#1044=VERTEX_POINT('',#3386);
#1045=VERTEX_POINT('',#3388);
#1046=VERTEX_POINT('',#3390);
#1047=VERTEX_POINT('',#3399);
#1048=VERTEX_POINT('',#3401);
#1049=VERTEX_POINT('',#3405);
#1050=VERTEX_POINT('',#3407);
#1051=VERTEX_POINT('',#3411);
#1052=VERTEX_POINT('',#3415);
#1053=VERTEX_POINT('',#3419);
#1054=VERTEX_POINT('',#3420);
#1055=VERTEX_POINT('',#3422);
#1056=VERTEX_POINT('',#3424);
#1057=VERTEX_POINT('',#3426);
#1058=VERTEX_POINT('',#3433);
#1059=VERTEX_POINT('',#3435);
#1060=VERTEX_POINT('',#3439);
#1061=VERTEX_POINT('',#3440);
#1062=VERTEX_POINT('',#3443);
#1063=VERTEX_POINT('',#3447);
#1064=VERTEX_POINT('',#3449);
#1065=VERTEX_POINT('',#3451);
#1066=VERTEX_POINT('',#3453);
#1067=VERTEX_POINT('',#3457);
#1068=VERTEX_POINT('',#3459);
#1069=VERTEX_POINT('',#3461);
#1070=VERTEX_POINT('',#3465);
#1071=VERTEX_POINT('',#3467);
#1072=VERTEX_POINT('',#3471);
#1073=VERTEX_POINT('',#3476);
#1074=VERTEX_POINT('',#3478);
#1075=VERTEX_POINT('',#3480);
#1076=VERTEX_POINT('',#3482);
#1077=VERTEX_POINT('',#3486);
#1078=VERTEX_POINT('',#3492);
#1079=VERTEX_POINT('',#3494);
#1080=VERTEX_POINT('',#3496);
#1081=VERTEX_POINT('',#3498);
#1082=VERTEX_POINT('',#3500);
#1083=VERTEX_POINT('',#3502);
#1084=VERTEX_POINT('',#3504);
#1085=VERTEX_POINT('',#3510);
#1086=VERTEX_POINT('',#3514);
#1087=VERTEX_POINT('',#3517);
#1088=VERTEX_POINT('',#3521);
#1089=VERTEX_POINT('',#3524);
#1090=VERTEX_POINT('',#3528);
#1091=VERTEX_POINT('',#3537);
#1092=VERTEX_POINT('',#3539);
#1093=VERTEX_POINT('',#3543);
#1094=VERTEX_POINT('',#3545);
#1095=VERTEX_POINT('',#3547);
#1096=VERTEX_POINT('',#3551);
#1097=VERTEX_POINT('',#3553);
#1098=VERTEX_POINT('',#3562);
#1099=VERTEX_POINT('',#3564);
#1100=VERTEX_POINT('',#3568);
#1101=VERTEX_POINT('',#3570);
#1102=VERTEX_POINT('',#3572);
#1103=VERTEX_POINT('',#3574);
#1104=VERTEX_POINT('',#3576);
#1105=VERTEX_POINT('',#3580);
#1106=VERTEX_POINT('',#3581);
#1107=VERTEX_POINT('',#3583);
#1108=VERTEX_POINT('',#3585);
#1109=VERTEX_POINT('',#3587);
#1110=VERTEX_POINT('',#3593);
#1111=VERTEX_POINT('',#3596);
#1112=VERTEX_POINT('',#3598);
#1113=VERTEX_POINT('',#3600);
#1114=VERTEX_POINT('',#3606);
#1115=VERTEX_POINT('',#3607);
#1116=VERTEX_POINT('',#3609);
#1117=VERTEX_POINT('',#3611);
#1118=VERTEX_POINT('',#3615);
#1119=VERTEX_POINT('',#3617);
#1120=VERTEX_POINT('',#3621);
#1121=VERTEX_POINT('',#3622);
#1122=VERTEX_POINT('',#3624);
#1123=VERTEX_POINT('',#3626);
#1124=VERTEX_POINT('',#3635);
#1125=VERTEX_POINT('',#3638);
#1126=VERTEX_POINT('',#3640);
#1127=VERTEX_POINT('',#3642);
#1128=VERTEX_POINT('',#3647);
#1129=VERTEX_POINT('',#3649);
#1130=VERTEX_POINT('',#3654);
#1131=VERTEX_POINT('',#3656);
#1132=VERTEX_POINT('',#3667);
#1133=VERTEX_POINT('',#3669);
#1134=VERTEX_POINT('',#3675);
#1135=VERTEX_POINT('',#3676);
#1136=VERTEX_POINT('',#3681);
#1137=VERTEX_POINT('',#3685);
#1138=VERTEX_POINT('',#3692);
#1139=VERTEX_POINT('',#3700);
#1140=VERTEX_POINT('',#3704);
#1141=VERTEX_POINT('',#3712);
#1142=VERTEX_POINT('',#3716);
#1143=VERTEX_POINT('',#3720);
#1144=VERTEX_POINT('',#3724);
#1145=VERTEX_POINT('',#3728);
#1146=VERTEX_POINT('',#3734);
#1147=VERTEX_POINT('',#3738);
#1148=VERTEX_POINT('',#3742);
#1149=VERTEX_POINT('',#3746);
#1150=VERTEX_POINT('',#3750);
#1151=VERTEX_POINT('',#3754);
#1152=VERTEX_POINT('',#3758);
#1153=VERTEX_POINT('',#3762);
#1154=VERTEX_POINT('',#3766);
#1155=VERTEX_POINT('',#3770);
#1156=VERTEX_POINT('',#3774);
#1157=VERTEX_POINT('',#3778);
#1158=EDGE_CURVE('',#952,#953,#458,.T.);
#1159=EDGE_CURVE('',#953,#954,#442,.T.);
#1160=EDGE_CURVE('',#954,#955,#459,.T.);
#1161=EDGE_CURVE('',#955,#952,#443,.T.);
#1162=EDGE_CURVE('',#952,#956,#460,.T.);
#1163=EDGE_CURVE('',#956,#957,#461,.T.);
#1164=EDGE_CURVE('',#957,#953,#462,.T.);
#1165=EDGE_CURVE('',#958,#959,#463,.T.);
#1166=EDGE_CURVE('',#959,#957,#444,.T.);
#1167=EDGE_CURVE('',#956,#958,#445,.T.);
#1168=EDGE_CURVE('',#960,#961,#464,.T.);
#1169=EDGE_CURVE('',#961,#962,#465,.T.);
#1170=EDGE_CURVE('',#962,#963,#466,.T.);
#1171=EDGE_CURVE('',#963,#960,#467,.T.);
#1172=EDGE_CURVE('',#960,#959,#446,.T.);
#1173=EDGE_CURVE('',#958,#961,#447,.T.);
#1174=EDGE_CURVE('',#964,#965,#468,.T.);
#1175=EDGE_CURVE('',#965,#966,#448,.T.);
#1176=EDGE_CURVE('',#966,#967,#469,.T.);
#1177=EDGE_CURVE('',#967,#964,#449,.T.);
#1178=EDGE_CURVE('',#968,#969,#470,.T.);
#1179=EDGE_CURVE('',#969,#967,#471,.T.);
#1180=EDGE_CURVE('',#966,#968,#472,.T.);
#1181=EDGE_CURVE('',#970,#971,#473,.T.);
#1182=EDGE_CURVE('',#971,#969,#450,.T.);
#1183=EDGE_CURVE('',#968,#970,#451,.T.);
#1184=EDGE_CURVE('',#964,#963,#452,.T.);
#1185=EDGE_CURVE('',#962,#965,#453,.T.);
#1186=EDGE_CURVE('',#972,#973,#474,.T.);
#1187=EDGE_CURVE('',#973,#974,#475,.T.);
#1188=EDGE_CURVE('',#974,#975,#476,.T.);
#1189=EDGE_CURVE('',#975,#972,#477,.T.);
#1190=EDGE_CURVE('',#974,#971,#454,.T.);
#1191=EDGE_CURVE('',#970,#975,#455,.T.);
#1192=EDGE_CURVE('',#954,#973,#456,.T.);
#1193=EDGE_CURVE('',#972,#955,#457,.T.);
#1194=EDGE_CURVE('',#976,#964,#478,.T.);
#1195=EDGE_CURVE('',#976,#977,#479,.T.);
#1196=EDGE_CURVE('',#978,#977,#480,.T.);
#1197=EDGE_CURVE('',#979,#978,#481,.T.);
#1198=EDGE_CURVE('',#980,#979,#482,.T.);
#1199=EDGE_CURVE('',#980,#981,#483,.T.);
#1200=EDGE_CURVE('',#960,#981,#484,.T.);
#1201=EDGE_CURVE('',#967,#982,#485,.T.);
#1202=EDGE_CURVE('',#982,#976,#42,.T.);
#1203=EDGE_CURVE('',#983,#969,#486,.T.);
#1204=EDGE_CURVE('',#983,#982,#487,.T.);
#1205=EDGE_CURVE('',#984,#984,#43,.T.);
#1206=EDGE_CURVE('',#985,#985,#44,.T.);
#1207=EDGE_CURVE('',#971,#986,#488,.T.);
#1208=EDGE_CURVE('',#986,#983,#45,.T.);
#1209=EDGE_CURVE('',#987,#973,#489,.T.);
#1210=EDGE_CURVE('',#987,#986,#490,.T.);
#1211=EDGE_CURVE('',#988,#989,#491,.T.);
#1212=EDGE_CURVE('',#989,#990,#46,.T.);
#1213=EDGE_CURVE('',#990,#991,#492,.T.);
#1214=EDGE_CURVE('',#991,#988,#47,.T.);
#1215=EDGE_CURVE('',#992,#992,#15,.T.);
#1216=EDGE_CURVE('',#993,#993,#48,.T.);
#1217=EDGE_CURVE('',#994,#994,#49,.T.);
#1218=EDGE_CURVE('',#995,#995,#50,.T.);
#1219=EDGE_CURVE('',#996,#997,#16,.T.);
#1220=EDGE_CURVE('',#996,#998,#493,.T.);
#1221=EDGE_CURVE('',#998,#999,#51,.T.);
#1222=EDGE_CURVE('',#999,#997,#494,.T.);
#1223=EDGE_CURVE('',#996,#1000,#495,.T.);
#1224=EDGE_CURVE('',#1000,#1001,#496,.T.);
#1225=EDGE_CURVE('',#1001,#998,#497,.T.);
#1226=EDGE_CURVE('',#1002,#1003,#17,.T.);
#1227=EDGE_CURVE('',#1002,#1004,#498,.T.);
#1228=EDGE_CURVE('',#1004,#1005,#52,.T.);
#1229=EDGE_CURVE('',#1005,#1003,#499,.T.);
#1230=EDGE_CURVE('',#1002,#997,#500,.T.);
#1231=EDGE_CURVE('',#1006,#1003,#501,.T.);
#1232=EDGE_CURVE('',#979,#1006,#18,.F.);
#1233=EDGE_CURVE('',#1007,#978,#19,.F.);
#1234=EDGE_CURVE('',#1008,#1007,#502,.T.);
#1235=EDGE_CURVE('',#1008,#1009,#503,.T.);
#1236=EDGE_CURVE('',#1009,#1010,#504,.T.);
#1237=EDGE_CURVE('',#1010,#1000,#505,.T.);
#1238=EDGE_CURVE('',#1011,#1011,#53,.T.);
#1239=EDGE_CURVE('',#1012,#1012,#54,.T.);
#1240=EDGE_CURVE('',#1013,#1013,#55,.T.);
#1241=EDGE_CURVE('',#1005,#1014,#506,.T.);
#1242=EDGE_CURVE('',#1006,#1014,#507,.T.);
#1243=EDGE_CURVE('',#953,#1015,#508,.T.);
#1244=EDGE_CURVE('',#1015,#987,#56,.T.);
#1245=EDGE_CURVE('',#1016,#1015,#509,.T.);
#1246=EDGE_CURVE('',#981,#1016,#57,.T.);
#1247=EDGE_CURVE('',#1014,#980,#58,.T.);
#1248=EDGE_CURVE('',#999,#1004,#510,.T.);
#1249=EDGE_CURVE('',#1001,#1017,#511,.T.);
#1250=EDGE_CURVE('',#1017,#1018,#512,.T.);
#1251=EDGE_CURVE('',#1018,#1019,#513,.T.);
#1252=EDGE_CURVE('',#1019,#1020,#514,.T.);
#1253=EDGE_CURVE('',#1020,#1021,#515,.T.);
#1254=EDGE_CURVE('',#1021,#1022,#516,.T.);
#1255=EDGE_CURVE('',#1022,#1023,#517,.T.);
#1256=EDGE_CURVE('',#1023,#1024,#518,.T.);
#1257=EDGE_CURVE('',#1024,#1025,#519,.T.);
#1258=EDGE_CURVE('',#1025,#1026,#520,.T.);
#1259=EDGE_CURVE('',#1026,#1027,#521,.T.);
#1260=EDGE_CURVE('',#1027,#1028,#522,.T.);
#1261=EDGE_CURVE('',#1028,#1029,#523,.T.);
#1262=EDGE_CURVE('',#1029,#1030,#524,.T.);
#1263=EDGE_CURVE('',#1030,#1031,#525,.T.);
#1264=EDGE_CURVE('',#1031,#1032,#526,.T.);
#1265=EDGE_CURVE('',#1032,#1033,#527,.T.);
#1266=EDGE_CURVE('',#1033,#1034,#528,.T.);
#1267=EDGE_CURVE('',#1034,#1035,#529,.T.);
#1268=EDGE_CURVE('',#1035,#1036,#530,.T.);
#1269=EDGE_CURVE('',#1036,#1037,#531,.T.);
#1270=EDGE_CURVE('',#1037,#1038,#532,.T.);
#1271=EDGE_CURVE('',#1038,#1039,#533,.T.);
#1272=EDGE_CURVE('',#1039,#1040,#534,.T.);
#1273=EDGE_CURVE('',#1040,#1041,#535,.T.);
#1274=EDGE_CURVE('',#1041,#1042,#536,.T.);
#1275=EDGE_CURVE('',#1042,#1043,#537,.T.);
#1276=EDGE_CURVE('',#1043,#1044,#538,.T.);
#1277=EDGE_CURVE('',#1044,#1045,#539,.T.);
#1278=EDGE_CURVE('',#1046,#1045,#540,.T.);
#1279=EDGE_CURVE('',#977,#1046,#59,.T.);
#1280=EDGE_CURVE('',#1046,#1007,#541,.T.);
#1281=EDGE_CURVE('',#1016,#957,#542,.T.);
#1282=EDGE_CURVE('',#1047,#1047,#60,.T.);
#1283=EDGE_CURVE('',#1047,#1048,#543,.T.);
#1284=EDGE_CURVE('',#1048,#1048,#61,.T.);
#1285=EDGE_CURVE('',#1049,#1049,#62,.T.);
#1286=EDGE_CURVE('',#1049,#1050,#544,.T.);
#1287=EDGE_CURVE('',#1050,#1050,#63,.T.);
#1288=EDGE_CURVE('',#985,#1051,#545,.T.);
#1289=EDGE_CURVE('',#1051,#1051,#64,.T.);
#1290=EDGE_CURVE('',#984,#1052,#546,.T.);
#1291=EDGE_CURVE('',#1052,#1052,#65,.T.);
#1292=EDGE_CURVE('',#1053,#1054,#66,.T.);
#1293=EDGE_CURVE('',#1055,#1053,#547,.T.);
#1294=EDGE_CURVE('',#1056,#1055,#67,.T.);
#1295=EDGE_CURVE('',#1056,#1057,#548,.T.);
#1296=EDGE_CURVE('',#1054,#1057,#549,.T.);
#1297=EDGE_CURVE('',#1057,#1026,#550,.T.);
#1298=EDGE_CURVE('',#1027,#1056,#551,.T.);
#1299=EDGE_CURVE('',#1029,#1058,#552,.T.);
#1300=EDGE_CURVE('',#1059,#1028,#553,.T.);
#1301=EDGE_CURVE('',#1059,#1058,#554,.T.);
#1302=EDGE_CURVE('',#1060,#1061,#68,.T.);
#1303=EDGE_CURVE('',#1058,#1060,#555,.T.);
#1304=EDGE_CURVE('',#1062,#1059,#69,.T.);
#1305=EDGE_CURVE('',#1062,#1061,#556,.T.);
#1306=EDGE_CURVE('',#1055,#1063,#557,.T.);
#1307=EDGE_CURVE('',#1064,#1063,#70,.T.);
#1308=EDGE_CURVE('',#1065,#1064,#558,.T.);
#1309=EDGE_CURVE('',#1066,#1065,#71,.T.);
#1310=EDGE_CURVE('',#1066,#1062,#559,.T.);
#1311=EDGE_CURVE('',#1025,#1067,#560,.T.);
#1312=EDGE_CURVE('',#1067,#1068,#561,.T.);
#1313=EDGE_CURVE('',#1068,#1069,#562,.T.);
#1314=EDGE_CURVE('',#1069,#1057,#563,.T.);
#1315=EDGE_CURVE('',#1070,#1065,#564,.T.);
#1316=EDGE_CURVE('',#1071,#1070,#72,.T.);
#1317=EDGE_CURVE('',#1071,#1066,#565,.T.);
#1318=EDGE_CURVE('',#1072,#1064,#566,.T.);
#1319=EDGE_CURVE('',#1070,#1072,#567,.T.);
#1320=EDGE_CURVE('',#1061,#1053,#568,.T.);
#1321=EDGE_CURVE('',#1054,#1073,#569,.T.);
#1322=EDGE_CURVE('',#1073,#1074,#570,.T.);
#1323=EDGE_CURVE('',#1075,#1074,#571,.T.);
#1324=EDGE_CURVE('',#1076,#1075,#572,.T.);
#1325=EDGE_CURVE('',#1076,#1060,#573,.T.);
#1326=EDGE_CURVE('',#1077,#1063,#574,.T.);
#1327=EDGE_CURVE('',#1072,#1077,#73,.T.);
#1328=EDGE_CURVE('',#1077,#1071,#575,.T.);
#1329=EDGE_CURVE('',#1058,#1078,#576,.T.);
#1330=EDGE_CURVE('',#1078,#1079,#577,.T.);
#1331=EDGE_CURVE('',#1079,#1080,#578,.T.);
#1332=EDGE_CURVE('',#1080,#1081,#579,.T.);
#1333=EDGE_CURVE('',#1082,#1081,#580,.T.);
#1334=EDGE_CURVE('',#1083,#1082,#581,.T.);
#1335=EDGE_CURVE('',#1083,#1084,#582,.T.);
#1336=EDGE_CURVE('',#1084,#1030,#583,.T.);
#1337=EDGE_CURVE('',#1078,#1076,#584,.T.);
#1338=EDGE_CURVE('',#995,#1085,#585,.T.);
#1339=EDGE_CURVE('',#1085,#1085,#74,.T.);
#1340=EDGE_CURVE('',#1086,#1086,#75,.T.);
#1341=EDGE_CURVE('',#994,#1087,#586,.T.);
#1342=EDGE_CURVE('',#1087,#1087,#76,.T.);
#1343=EDGE_CURVE('',#1088,#1088,#77,.T.);
#1344=EDGE_CURVE('',#993,#1089,#587,.T.);
#1345=EDGE_CURVE('',#1089,#1089,#78,.T.);
#1346=EDGE_CURVE('',#1090,#1090,#79,.T.);
#1347=EDGE_CURVE('',#1086,#1013,#588,.T.);
#1348=EDGE_CURVE('',#1088,#1012,#589,.T.);
#1349=EDGE_CURVE('',#1090,#1011,#590,.T.);
#1350=EDGE_CURVE('',#1091,#1009,#591,.T.);
#1351=EDGE_CURVE('',#1091,#1092,#592,.T.);
#1352=EDGE_CURVE('',#1092,#1010,#593,.T.);
#1353=EDGE_CURVE('',#1092,#1093,#594,.T.);
#1354=EDGE_CURVE('',#1093,#1094,#595,.T.);
#1355=EDGE_CURVE('',#1095,#1094,#596,.T.);
#1356=EDGE_CURVE('',#1017,#1095,#597,.T.);
#1357=EDGE_CURVE('',#1094,#1096,#598,.T.);
#1358=EDGE_CURVE('',#1093,#1097,#599,.T.);
#1359=EDGE_CURVE('',#1097,#1096,#600,.T.);
#1360=EDGE_CURVE('',#1097,#1091,#601,.T.);
#1361=EDGE_CURVE('',#1045,#1008,#602,.T.);
#1362=EDGE_CURVE('',#1084,#1098,#603,.T.);
#1363=EDGE_CURVE('',#1099,#1083,#604,.T.);
#1364=EDGE_CURVE('',#1099,#1098,#605,.T.);
#1365=EDGE_CURVE('',#1082,#1100,#606,.T.);
#1366=EDGE_CURVE('',#1101,#1100,#80,.T.);
#1367=EDGE_CURVE('',#1102,#1101,#607,.T.);
#1368=EDGE_CURVE('',#1103,#1102,#81,.T.);
#1369=EDGE_CURVE('',#1103,#1104,#608,.T.);
#1370=EDGE_CURVE('',#1104,#1099,#609,.T.);
#1371=EDGE_CURVE('',#1105,#1106,#610,.T.);
#1372=EDGE_CURVE('',#1106,#1107,#611,.T.);
#1373=EDGE_CURVE('',#1108,#1107,#612,.T.);
#1374=EDGE_CURVE('',#1108,#1109,#613,.T.);
#1375=EDGE_CURVE('',#1032,#1109,#614,.T.);
#1376=EDGE_CURVE('',#1031,#1098,#615,.T.);
#1377=EDGE_CURVE('',#1104,#1105,#616,.T.);
#1378=EDGE_CURVE('',#1103,#1110,#617,.T.);
#1379=EDGE_CURVE('',#1102,#988,#618,.T.);
#1380=EDGE_CURVE('',#1111,#991,#619,.T.);
#1381=EDGE_CURVE('',#1112,#1111,#82,.T.);
#1382=EDGE_CURVE('',#1113,#1112,#620,.T.);
#1383=EDGE_CURVE('',#1113,#1110,#621,.T.);
#1384=EDGE_CURVE('',#1101,#989,#622,.T.);
#1385=EDGE_CURVE('',#1114,#1115,#623,.T.);
#1386=EDGE_CURVE('',#1116,#1114,#624,.T.);
#1387=EDGE_CURVE('',#1116,#1117,#625,.T.);
#1388=EDGE_CURVE('',#1117,#1115,#626,.T.);
#1389=EDGE_CURVE('',#1118,#1118,#83,.T.);
#1390=EDGE_CURVE('',#1118,#1119,#627,.T.);
#1391=EDGE_CURVE('',#1119,#1119,#84,.T.);
#1392=EDGE_CURVE('',#1120,#1121,#628,.T.);
#1393=EDGE_CURVE('',#1122,#1120,#629,.T.);
#1394=EDGE_CURVE('',#1122,#1123,#630,.T.);
#1395=EDGE_CURVE('',#1121,#1123,#631,.T.);
#1396=EDGE_CURVE('',#1115,#1120,#85,.T.);
#1397=EDGE_CURVE('',#1117,#1122,#86,.T.);
#1398=EDGE_CURVE('',#1123,#1116,#632,.T.);
#1399=EDGE_CURVE('',#1114,#1124,#633,.T.);
#1400=EDGE_CURVE('',#1024,#1124,#634,.T.);
#1401=EDGE_CURVE('',#1023,#1125,#635,.T.);
#1402=EDGE_CURVE('',#1125,#1126,#636,.T.);
#1403=EDGE_CURVE('',#1126,#1127,#637,.T.);
#1404=EDGE_CURVE('',#1127,#1121,#638,.T.);
#1405=EDGE_CURVE('',#1100,#1128,#639,.T.);
#1406=EDGE_CURVE('',#1129,#1128,#87,.T.);
#1407=EDGE_CURVE('',#1129,#990,#640,.T.);
#1408=EDGE_CURVE('',#1130,#1127,#641,.T.);
#1409=EDGE_CURVE('',#1131,#1130,#642,.T.);
#1410=EDGE_CURVE('',#1107,#1131,#643,.T.);
#1411=EDGE_CURVE('',#1106,#1111,#644,.T.);
#1412=EDGE_CURVE('',#1129,#1080,#645,.T.);
#1413=EDGE_CURVE('',#1079,#1075,#646,.T.);
#1414=EDGE_CURVE('',#1074,#1068,#647,.T.);
#1415=EDGE_CURVE('',#1124,#1067,#648,.T.);
#1416=EDGE_CURVE('',#1112,#1105,#649,.T.);
#1417=EDGE_CURVE('',#1110,#1132,#650,.T.);
#1418=EDGE_CURVE('',#1132,#1133,#651,.T.);
#1419=EDGE_CURVE('',#1133,#1113,#652,.T.);
#1420=EDGE_CURVE('',#1081,#1128,#653,.T.);
#1421=EDGE_CURVE('',#1134,#1135,#654,.T.);
#1422=EDGE_CURVE('',#1134,#1113,#655,.T.);
#1423=EDGE_CURVE('',#1135,#1133,#656,.T.);
#1424=EDGE_CURVE('',#1135,#1136,#657,.T.);
#1425=EDGE_CURVE('',#1136,#1132,#658,.T.);
#1426=EDGE_CURVE('',#1136,#1137,#659,.T.);
#1427=EDGE_CURVE('',#1137,#1110,#660,.T.);
#1428=EDGE_CURVE('',#1137,#1134,#661,.T.);
#1429=EDGE_CURVE('',#1138,#1138,#88,.T.);
#1430=EDGE_CURVE('',#1138,#992,#662,.T.);
#1431=EDGE_CURVE('',#1073,#1069,#663,.T.);
#1432=EDGE_CURVE('',#1139,#1108,#664,.T.);
#1433=EDGE_CURVE('',#1139,#1131,#665,.T.);
#1434=EDGE_CURVE('',#1140,#1139,#666,.T.);
#1435=EDGE_CURVE('',#1140,#1130,#667,.T.);
#1436=EDGE_CURVE('',#1126,#1140,#668,.T.);
#1437=EDGE_CURVE('',#1022,#1141,#669,.T.);
#1438=EDGE_CURVE('',#1141,#1125,#670,.T.);
#1439=EDGE_CURVE('',#1021,#1142,#671,.T.);
#1440=EDGE_CURVE('',#1142,#1141,#672,.T.);
#1441=EDGE_CURVE('',#1020,#1143,#673,.T.);
#1442=EDGE_CURVE('',#1143,#1142,#674,.T.);
#1443=EDGE_CURVE('',#1019,#1144,#675,.T.);
#1444=EDGE_CURVE('',#1144,#1143,#676,.T.);
#1445=EDGE_CURVE('',#1018,#1145,#677,.T.);
#1446=EDGE_CURVE('',#1145,#1144,#678,.T.);
#1447=EDGE_CURVE('',#1095,#1145,#679,.T.);
#1448=EDGE_CURVE('',#1044,#1146,#680,.T.);
#1449=EDGE_CURVE('',#1146,#1096,#681,.T.);
#1450=EDGE_CURVE('',#1043,#1147,#682,.T.);
#1451=EDGE_CURVE('',#1147,#1146,#683,.T.);
#1452=EDGE_CURVE('',#1042,#1148,#684,.T.);
#1453=EDGE_CURVE('',#1148,#1147,#685,.T.);
#1454=EDGE_CURVE('',#1041,#1149,#686,.T.);
#1455=EDGE_CURVE('',#1149,#1148,#687,.T.);
#1456=EDGE_CURVE('',#1040,#1150,#688,.T.);
#1457=EDGE_CURVE('',#1150,#1149,#689,.T.);
#1458=EDGE_CURVE('',#1039,#1151,#690,.T.);
#1459=EDGE_CURVE('',#1151,#1150,#691,.T.);
#1460=EDGE_CURVE('',#1038,#1152,#692,.T.);
#1461=EDGE_CURVE('',#1152,#1151,#693,.T.);
#1462=EDGE_CURVE('',#1037,#1153,#694,.T.);
#1463=EDGE_CURVE('',#1153,#1152,#695,.T.);
#1464=EDGE_CURVE('',#1036,#1154,#696,.T.);
#1465=EDGE_CURVE('',#1154,#1153,#697,.T.);
#1466=EDGE_CURVE('',#1035,#1155,#698,.T.);
#1467=EDGE_CURVE('',#1155,#1154,#699,.T.);
#1468=EDGE_CURVE('',#1034,#1156,#700,.T.);
#1469=EDGE_CURVE('',#1156,#1155,#701,.T.);
#1470=EDGE_CURVE('',#1033,#1157,#702,.T.);
#1471=EDGE_CURVE('',#1157,#1156,#703,.T.);
#1472=EDGE_CURVE('',#1109,#1157,#704,.T.);
#1473=ORIENTED_EDGE('',*,*,#1158,.T.);
#1474=ORIENTED_EDGE('',*,*,#1159,.T.);
#1475=ORIENTED_EDGE('',*,*,#1160,.T.);
#1476=ORIENTED_EDGE('',*,*,#1161,.T.);
#1477=ORIENTED_EDGE('',*,*,#1158,.F.);
#1478=ORIENTED_EDGE('',*,*,#1162,.T.);
#1479=ORIENTED_EDGE('',*,*,#1163,.T.);
#1480=ORIENTED_EDGE('',*,*,#1164,.T.);
#1481=ORIENTED_EDGE('',*,*,#1165,.T.);
#1482=ORIENTED_EDGE('',*,*,#1166,.T.);
#1483=ORIENTED_EDGE('',*,*,#1163,.F.);
#1484=ORIENTED_EDGE('',*,*,#1167,.T.);
#1485=ORIENTED_EDGE('',*,*,#1168,.T.);
#1486=ORIENTED_EDGE('',*,*,#1169,.T.);
#1487=ORIENTED_EDGE('',*,*,#1170,.T.);
#1488=ORIENTED_EDGE('',*,*,#1171,.T.);
#1489=ORIENTED_EDGE('',*,*,#1168,.F.);
#1490=ORIENTED_EDGE('',*,*,#1172,.T.);
#1491=ORIENTED_EDGE('',*,*,#1165,.F.);
#1492=ORIENTED_EDGE('',*,*,#1173,.T.);
#1493=ORIENTED_EDGE('',*,*,#1174,.T.);
#1494=ORIENTED_EDGE('',*,*,#1175,.T.);
#1495=ORIENTED_EDGE('',*,*,#1176,.T.);
#1496=ORIENTED_EDGE('',*,*,#1177,.T.);
#1497=ORIENTED_EDGE('',*,*,#1178,.T.);
#1498=ORIENTED_EDGE('',*,*,#1179,.T.);
#1499=ORIENTED_EDGE('',*,*,#1176,.F.);
#1500=ORIENTED_EDGE('',*,*,#1180,.T.);
#1501=ORIENTED_EDGE('',*,*,#1181,.T.);
#1502=ORIENTED_EDGE('',*,*,#1182,.T.);
#1503=ORIENTED_EDGE('',*,*,#1178,.F.);
#1504=ORIENTED_EDGE('',*,*,#1183,.T.);
#1505=ORIENTED_EDGE('',*,*,#1174,.F.);
#1506=ORIENTED_EDGE('',*,*,#1184,.T.);
#1507=ORIENTED_EDGE('',*,*,#1170,.F.);
#1508=ORIENTED_EDGE('',*,*,#1185,.T.);
#1509=ORIENTED_EDGE('',*,*,#1186,.T.);
#1510=ORIENTED_EDGE('',*,*,#1187,.T.);
#1511=ORIENTED_EDGE('',*,*,#1188,.T.);
#1512=ORIENTED_EDGE('',*,*,#1189,.T.);
#1513=ORIENTED_EDGE('',*,*,#1188,.F.);
#1514=ORIENTED_EDGE('',*,*,#1190,.T.);
#1515=ORIENTED_EDGE('',*,*,#1181,.F.);
#1516=ORIENTED_EDGE('',*,*,#1191,.T.);
#1517=ORIENTED_EDGE('',*,*,#1160,.F.);
#1518=ORIENTED_EDGE('',*,*,#1192,.T.);
#1519=ORIENTED_EDGE('',*,*,#1186,.F.);
#1520=ORIENTED_EDGE('',*,*,#1193,.T.);
#1521=ORIENTED_EDGE('',*,*,#1171,.F.);
#1522=ORIENTED_EDGE('',*,*,#1184,.F.);
#1523=ORIENTED_EDGE('',*,*,#1194,.F.);
#1524=ORIENTED_EDGE('',*,*,#1195,.T.);
#1525=ORIENTED_EDGE('',*,*,#1196,.F.);
#1526=ORIENTED_EDGE('',*,*,#1197,.F.);
#1527=ORIENTED_EDGE('',*,*,#1198,.F.);
#1528=ORIENTED_EDGE('',*,*,#1199,.T.);
#1529=ORIENTED_EDGE('',*,*,#1200,.F.);
#1530=ORIENTED_EDGE('',*,*,#1177,.F.);
#1531=ORIENTED_EDGE('',*,*,#1201,.T.);
#1532=ORIENTED_EDGE('',*,*,#1202,.T.);
#1533=ORIENTED_EDGE('',*,*,#1194,.T.);
#1534=ORIENTED_EDGE('',*,*,#1179,.F.);
#1535=ORIENTED_EDGE('',*,*,#1203,.F.);
#1536=ORIENTED_EDGE('',*,*,#1204,.T.);
#1537=ORIENTED_EDGE('',*,*,#1201,.F.);
#1538=ORIENTED_EDGE('',*,*,#1205,.T.);
#1539=ORIENTED_EDGE('',*,*,#1206,.T.);
#1540=ORIENTED_EDGE('',*,*,#1182,.F.);
#1541=ORIENTED_EDGE('',*,*,#1207,.T.);
#1542=ORIENTED_EDGE('',*,*,#1208,.T.);
#1543=ORIENTED_EDGE('',*,*,#1203,.T.);
#1544=ORIENTED_EDGE('',*,*,#1190,.F.);
#1545=ORIENTED_EDGE('',*,*,#1187,.F.);
#1546=ORIENTED_EDGE('',*,*,#1209,.F.);
#1547=ORIENTED_EDGE('',*,*,#1210,.T.);
#1548=ORIENTED_EDGE('',*,*,#1207,.F.);
#1549=ORIENTED_EDGE('',*,*,#1211,.T.);
#1550=ORIENTED_EDGE('',*,*,#1212,.T.);
#1551=ORIENTED_EDGE('',*,*,#1213,.T.);
#1552=ORIENTED_EDGE('',*,*,#1214,.T.);
#1553=ORIENTED_EDGE('',*,*,#1189,.F.);
#1554=ORIENTED_EDGE('',*,*,#1191,.F.);
#1555=ORIENTED_EDGE('',*,*,#1183,.F.);
#1556=ORIENTED_EDGE('',*,*,#1180,.F.);
#1557=ORIENTED_EDGE('',*,*,#1175,.F.);
#1558=ORIENTED_EDGE('',*,*,#1185,.F.);
#1559=ORIENTED_EDGE('',*,*,#1169,.F.);
#1560=ORIENTED_EDGE('',*,*,#1173,.F.);
#1561=ORIENTED_EDGE('',*,*,#1167,.F.);
#1562=ORIENTED_EDGE('',*,*,#1162,.F.);
#1563=ORIENTED_EDGE('',*,*,#1161,.F.);
#1564=ORIENTED_EDGE('',*,*,#1193,.F.);
#1565=ORIENTED_EDGE('',*,*,#1215,.F.);
#1566=ORIENTED_EDGE('',*,*,#1216,.T.);
#1567=ORIENTED_EDGE('',*,*,#1217,.T.);
#1568=ORIENTED_EDGE('',*,*,#1218,.T.);
#1569=ORIENTED_EDGE('',*,*,#1219,.F.);
#1570=ORIENTED_EDGE('',*,*,#1220,.T.);
#1571=ORIENTED_EDGE('',*,*,#1221,.T.);
#1572=ORIENTED_EDGE('',*,*,#1222,.T.);
#1573=ORIENTED_EDGE('',*,*,#1220,.F.);
#1574=ORIENTED_EDGE('',*,*,#1223,.T.);
#1575=ORIENTED_EDGE('',*,*,#1224,.T.);
#1576=ORIENTED_EDGE('',*,*,#1225,.T.);
#1577=ORIENTED_EDGE('',*,*,#1226,.F.);
#1578=ORIENTED_EDGE('',*,*,#1227,.T.);
#1579=ORIENTED_EDGE('',*,*,#1228,.T.);
#1580=ORIENTED_EDGE('',*,*,#1229,.T.);
#1581=ORIENTED_EDGE('',*,*,#1219,.T.);
#1582=ORIENTED_EDGE('',*,*,#1230,.F.);
#1583=ORIENTED_EDGE('',*,*,#1226,.T.);
#1584=ORIENTED_EDGE('',*,*,#1231,.F.);
#1585=ORIENTED_EDGE('',*,*,#1232,.F.);
#1586=ORIENTED_EDGE('',*,*,#1197,.T.);
#1587=ORIENTED_EDGE('',*,*,#1233,.F.);
#1588=ORIENTED_EDGE('',*,*,#1234,.F.);
#1589=ORIENTED_EDGE('',*,*,#1235,.T.);
#1590=ORIENTED_EDGE('',*,*,#1236,.T.);
#1591=ORIENTED_EDGE('',*,*,#1237,.T.);
#1592=ORIENTED_EDGE('',*,*,#1223,.F.);
#1593=ORIENTED_EDGE('',*,*,#1238,.T.);
#1594=ORIENTED_EDGE('',*,*,#1239,.T.);
#1595=ORIENTED_EDGE('',*,*,#1240,.T.);
#1596=ORIENTED_EDGE('',*,*,#1229,.F.);
#1597=ORIENTED_EDGE('',*,*,#1241,.T.);
#1598=ORIENTED_EDGE('',*,*,#1242,.F.);
#1599=ORIENTED_EDGE('',*,*,#1231,.T.);
#1600=ORIENTED_EDGE('',*,*,#1159,.F.);
#1601=ORIENTED_EDGE('',*,*,#1243,.T.);
#1602=ORIENTED_EDGE('',*,*,#1244,.T.);
#1603=ORIENTED_EDGE('',*,*,#1209,.T.);
#1604=ORIENTED_EDGE('',*,*,#1192,.F.);
#1605=ORIENTED_EDGE('',*,*,#1244,.F.);
#1606=ORIENTED_EDGE('',*,*,#1245,.F.);
#1607=ORIENTED_EDGE('',*,*,#1246,.F.);
#1608=ORIENTED_EDGE('',*,*,#1199,.F.);
#1609=ORIENTED_EDGE('',*,*,#1247,.F.);
#1610=ORIENTED_EDGE('',*,*,#1241,.F.);
#1611=ORIENTED_EDGE('',*,*,#1228,.F.);
#1612=ORIENTED_EDGE('',*,*,#1248,.F.);
#1613=ORIENTED_EDGE('',*,*,#1221,.F.);
#1614=ORIENTED_EDGE('',*,*,#1225,.F.);
#1615=ORIENTED_EDGE('',*,*,#1249,.T.);
#1616=ORIENTED_EDGE('',*,*,#1250,.T.);
#1617=ORIENTED_EDGE('',*,*,#1251,.T.);
#1618=ORIENTED_EDGE('',*,*,#1252,.T.);
#1619=ORIENTED_EDGE('',*,*,#1253,.T.);
#1620=ORIENTED_EDGE('',*,*,#1254,.T.);
#1621=ORIENTED_EDGE('',*,*,#1255,.T.);
#1622=ORIENTED_EDGE('',*,*,#1256,.T.);
#1623=ORIENTED_EDGE('',*,*,#1257,.T.);
#1624=ORIENTED_EDGE('',*,*,#1258,.T.);
#1625=ORIENTED_EDGE('',*,*,#1259,.T.);
#1626=ORIENTED_EDGE('',*,*,#1260,.T.);
#1627=ORIENTED_EDGE('',*,*,#1261,.T.);
#1628=ORIENTED_EDGE('',*,*,#1262,.T.);
#1629=ORIENTED_EDGE('',*,*,#1263,.T.);
#1630=ORIENTED_EDGE('',*,*,#1264,.T.);
#1631=ORIENTED_EDGE('',*,*,#1265,.T.);
#1632=ORIENTED_EDGE('',*,*,#1266,.T.);
#1633=ORIENTED_EDGE('',*,*,#1267,.T.);
#1634=ORIENTED_EDGE('',*,*,#1268,.T.);
#1635=ORIENTED_EDGE('',*,*,#1269,.T.);
#1636=ORIENTED_EDGE('',*,*,#1270,.T.);
#1637=ORIENTED_EDGE('',*,*,#1271,.T.);
#1638=ORIENTED_EDGE('',*,*,#1272,.T.);
#1639=ORIENTED_EDGE('',*,*,#1273,.T.);
#1640=ORIENTED_EDGE('',*,*,#1274,.T.);
#1641=ORIENTED_EDGE('',*,*,#1275,.T.);
#1642=ORIENTED_EDGE('',*,*,#1276,.T.);
#1643=ORIENTED_EDGE('',*,*,#1277,.T.);
#1644=ORIENTED_EDGE('',*,*,#1278,.F.);
#1645=ORIENTED_EDGE('',*,*,#1279,.F.);
#1646=ORIENTED_EDGE('',*,*,#1195,.F.);
#1647=ORIENTED_EDGE('',*,*,#1202,.F.);
#1648=ORIENTED_EDGE('',*,*,#1204,.F.);
#1649=ORIENTED_EDGE('',*,*,#1208,.F.);
#1650=ORIENTED_EDGE('',*,*,#1210,.F.);
#1651=ORIENTED_EDGE('',*,*,#1279,.T.);
#1652=ORIENTED_EDGE('',*,*,#1280,.T.);
#1653=ORIENTED_EDGE('',*,*,#1233,.T.);
#1654=ORIENTED_EDGE('',*,*,#1196,.T.);
#1655=ORIENTED_EDGE('',*,*,#1247,.T.);
#1656=ORIENTED_EDGE('',*,*,#1198,.T.);
#1657=ORIENTED_EDGE('',*,*,#1232,.T.);
#1658=ORIENTED_EDGE('',*,*,#1242,.T.);
#1659=ORIENTED_EDGE('',*,*,#1172,.F.);
#1660=ORIENTED_EDGE('',*,*,#1200,.T.);
#1661=ORIENTED_EDGE('',*,*,#1246,.T.);
#1662=ORIENTED_EDGE('',*,*,#1281,.T.);
#1663=ORIENTED_EDGE('',*,*,#1166,.F.);
#1664=ORIENTED_EDGE('',*,*,#1282,.F.);
#1665=ORIENTED_EDGE('',*,*,#1283,.T.);
#1666=ORIENTED_EDGE('',*,*,#1284,.F.);
#1667=ORIENTED_EDGE('',*,*,#1283,.F.);
#1668=ORIENTED_EDGE('',*,*,#1285,.F.);
#1669=ORIENTED_EDGE('',*,*,#1286,.T.);
#1670=ORIENTED_EDGE('',*,*,#1287,.F.);
#1671=ORIENTED_EDGE('',*,*,#1286,.F.);
#1672=ORIENTED_EDGE('',*,*,#1206,.F.);
#1673=ORIENTED_EDGE('',*,*,#1288,.T.);
#1674=ORIENTED_EDGE('',*,*,#1289,.F.);
#1675=ORIENTED_EDGE('',*,*,#1288,.F.);
#1676=ORIENTED_EDGE('',*,*,#1205,.F.);
#1677=ORIENTED_EDGE('',*,*,#1290,.T.);
#1678=ORIENTED_EDGE('',*,*,#1291,.F.);
#1679=ORIENTED_EDGE('',*,*,#1290,.F.);
#1680=ORIENTED_EDGE('',*,*,#1292,.F.);
#1681=ORIENTED_EDGE('',*,*,#1293,.F.);
#1682=ORIENTED_EDGE('',*,*,#1294,.F.);
#1683=ORIENTED_EDGE('',*,*,#1295,.T.);
#1684=ORIENTED_EDGE('',*,*,#1296,.F.);
#1685=ORIENTED_EDGE('',*,*,#1297,.F.);
#1686=ORIENTED_EDGE('',*,*,#1295,.F.);
#1687=ORIENTED_EDGE('',*,*,#1298,.F.);
#1688=ORIENTED_EDGE('',*,*,#1259,.F.);
#1689=ORIENTED_EDGE('',*,*,#1299,.F.);
#1690=ORIENTED_EDGE('',*,*,#1261,.F.);
#1691=ORIENTED_EDGE('',*,*,#1300,.F.);
#1692=ORIENTED_EDGE('',*,*,#1301,.T.);
#1693=ORIENTED_EDGE('',*,*,#1302,.F.);
#1694=ORIENTED_EDGE('',*,*,#1303,.F.);
#1695=ORIENTED_EDGE('',*,*,#1301,.F.);
#1696=ORIENTED_EDGE('',*,*,#1304,.F.);
#1697=ORIENTED_EDGE('',*,*,#1305,.T.);
#1698=ORIENTED_EDGE('',*,*,#1306,.T.);
#1699=ORIENTED_EDGE('',*,*,#1307,.F.);
#1700=ORIENTED_EDGE('',*,*,#1308,.F.);
#1701=ORIENTED_EDGE('',*,*,#1309,.F.);
#1702=ORIENTED_EDGE('',*,*,#1310,.T.);
#1703=ORIENTED_EDGE('',*,*,#1304,.T.);
#1704=ORIENTED_EDGE('',*,*,#1300,.T.);
#1705=ORIENTED_EDGE('',*,*,#1260,.F.);
#1706=ORIENTED_EDGE('',*,*,#1298,.T.);
#1707=ORIENTED_EDGE('',*,*,#1294,.T.);
#1708=ORIENTED_EDGE('',*,*,#1297,.T.);
#1709=ORIENTED_EDGE('',*,*,#1258,.F.);
#1710=ORIENTED_EDGE('',*,*,#1311,.T.);
#1711=ORIENTED_EDGE('',*,*,#1312,.T.);
#1712=ORIENTED_EDGE('',*,*,#1313,.T.);
#1713=ORIENTED_EDGE('',*,*,#1314,.T.);
#1714=ORIENTED_EDGE('',*,*,#1284,.T.);
#1715=ORIENTED_EDGE('',*,*,#1309,.T.);
#1716=ORIENTED_EDGE('',*,*,#1315,.F.);
#1717=ORIENTED_EDGE('',*,*,#1316,.F.);
#1718=ORIENTED_EDGE('',*,*,#1317,.T.);
#1719=ORIENTED_EDGE('',*,*,#1308,.T.);
#1720=ORIENTED_EDGE('',*,*,#1318,.F.);
#1721=ORIENTED_EDGE('',*,*,#1319,.F.);
#1722=ORIENTED_EDGE('',*,*,#1315,.T.);
#1723=ORIENTED_EDGE('',*,*,#1302,.T.);
#1724=ORIENTED_EDGE('',*,*,#1320,.T.);
#1725=ORIENTED_EDGE('',*,*,#1292,.T.);
#1726=ORIENTED_EDGE('',*,*,#1321,.T.);
#1727=ORIENTED_EDGE('',*,*,#1322,.T.);
#1728=ORIENTED_EDGE('',*,*,#1323,.F.);
#1729=ORIENTED_EDGE('',*,*,#1324,.F.);
#1730=ORIENTED_EDGE('',*,*,#1325,.T.);
#1731=ORIENTED_EDGE('',*,*,#1307,.T.);
#1732=ORIENTED_EDGE('',*,*,#1326,.F.);
#1733=ORIENTED_EDGE('',*,*,#1327,.F.);
#1734=ORIENTED_EDGE('',*,*,#1318,.T.);
#1735=ORIENTED_EDGE('',*,*,#1320,.F.);
#1736=ORIENTED_EDGE('',*,*,#1305,.F.);
#1737=ORIENTED_EDGE('',*,*,#1310,.F.);
#1738=ORIENTED_EDGE('',*,*,#1317,.F.);
#1739=ORIENTED_EDGE('',*,*,#1328,.F.);
#1740=ORIENTED_EDGE('',*,*,#1326,.T.);
#1741=ORIENTED_EDGE('',*,*,#1306,.F.);
#1742=ORIENTED_EDGE('',*,*,#1293,.T.);
#1743=ORIENTED_EDGE('',*,*,#1299,.T.);
#1744=ORIENTED_EDGE('',*,*,#1329,.T.);
#1745=ORIENTED_EDGE('',*,*,#1330,.T.);
#1746=ORIENTED_EDGE('',*,*,#1331,.T.);
#1747=ORIENTED_EDGE('',*,*,#1332,.T.);
#1748=ORIENTED_EDGE('',*,*,#1333,.F.);
#1749=ORIENTED_EDGE('',*,*,#1334,.F.);
#1750=ORIENTED_EDGE('',*,*,#1335,.T.);
#1751=ORIENTED_EDGE('',*,*,#1336,.T.);
#1752=ORIENTED_EDGE('',*,*,#1262,.F.);
#1753=ORIENTED_EDGE('',*,*,#1287,.T.);
#1754=ORIENTED_EDGE('',*,*,#1303,.T.);
#1755=ORIENTED_EDGE('',*,*,#1325,.F.);
#1756=ORIENTED_EDGE('',*,*,#1337,.F.);
#1757=ORIENTED_EDGE('',*,*,#1329,.F.);
#1758=ORIENTED_EDGE('',*,*,#1218,.F.);
#1759=ORIENTED_EDGE('',*,*,#1338,.T.);
#1760=ORIENTED_EDGE('',*,*,#1339,.T.);
#1761=ORIENTED_EDGE('',*,*,#1338,.F.);
#1762=ORIENTED_EDGE('',*,*,#1339,.F.);
#1763=ORIENTED_EDGE('',*,*,#1340,.F.);
#1764=ORIENTED_EDGE('',*,*,#1217,.F.);
#1765=ORIENTED_EDGE('',*,*,#1341,.T.);
#1766=ORIENTED_EDGE('',*,*,#1342,.T.);
#1767=ORIENTED_EDGE('',*,*,#1341,.F.);
#1768=ORIENTED_EDGE('',*,*,#1342,.F.);
#1769=ORIENTED_EDGE('',*,*,#1343,.F.);
#1770=ORIENTED_EDGE('',*,*,#1216,.F.);
#1771=ORIENTED_EDGE('',*,*,#1344,.T.);
#1772=ORIENTED_EDGE('',*,*,#1345,.T.);
#1773=ORIENTED_EDGE('',*,*,#1344,.F.);
#1774=ORIENTED_EDGE('',*,*,#1345,.F.);
#1775=ORIENTED_EDGE('',*,*,#1346,.F.);
#1776=ORIENTED_EDGE('',*,*,#1340,.T.);
#1777=ORIENTED_EDGE('',*,*,#1347,.T.);
#1778=ORIENTED_EDGE('',*,*,#1240,.F.);
#1779=ORIENTED_EDGE('',*,*,#1347,.F.);
#1780=ORIENTED_EDGE('',*,*,#1343,.T.);
#1781=ORIENTED_EDGE('',*,*,#1348,.T.);
#1782=ORIENTED_EDGE('',*,*,#1239,.F.);
#1783=ORIENTED_EDGE('',*,*,#1348,.F.);
#1784=ORIENTED_EDGE('',*,*,#1346,.T.);
#1785=ORIENTED_EDGE('',*,*,#1349,.T.);
#1786=ORIENTED_EDGE('',*,*,#1238,.F.);
#1787=ORIENTED_EDGE('',*,*,#1349,.F.);
#1788=ORIENTED_EDGE('',*,*,#1236,.F.);
#1789=ORIENTED_EDGE('',*,*,#1350,.F.);
#1790=ORIENTED_EDGE('',*,*,#1351,.T.);
#1791=ORIENTED_EDGE('',*,*,#1352,.T.);
#1792=ORIENTED_EDGE('',*,*,#1237,.F.);
#1793=ORIENTED_EDGE('',*,*,#1352,.F.);
#1794=ORIENTED_EDGE('',*,*,#1353,.T.);
#1795=ORIENTED_EDGE('',*,*,#1354,.T.);
#1796=ORIENTED_EDGE('',*,*,#1355,.F.);
#1797=ORIENTED_EDGE('',*,*,#1356,.F.);
#1798=ORIENTED_EDGE('',*,*,#1249,.F.);
#1799=ORIENTED_EDGE('',*,*,#1224,.F.);
#1800=ORIENTED_EDGE('',*,*,#1357,.F.);
#1801=ORIENTED_EDGE('',*,*,#1354,.F.);
#1802=ORIENTED_EDGE('',*,*,#1358,.T.);
#1803=ORIENTED_EDGE('',*,*,#1359,.T.);
#1804=ORIENTED_EDGE('',*,*,#1351,.F.);
#1805=ORIENTED_EDGE('',*,*,#1360,.F.);
#1806=ORIENTED_EDGE('',*,*,#1358,.F.);
#1807=ORIENTED_EDGE('',*,*,#1353,.F.);
#1808=ORIENTED_EDGE('',*,*,#1222,.F.);
#1809=ORIENTED_EDGE('',*,*,#1248,.T.);
#1810=ORIENTED_EDGE('',*,*,#1227,.F.);
#1811=ORIENTED_EDGE('',*,*,#1230,.T.);
#1812=ORIENTED_EDGE('',*,*,#1280,.F.);
#1813=ORIENTED_EDGE('',*,*,#1278,.T.);
#1814=ORIENTED_EDGE('',*,*,#1361,.T.);
#1815=ORIENTED_EDGE('',*,*,#1234,.T.);
#1816=ORIENTED_EDGE('',*,*,#1362,.F.);
#1817=ORIENTED_EDGE('',*,*,#1335,.F.);
#1818=ORIENTED_EDGE('',*,*,#1363,.F.);
#1819=ORIENTED_EDGE('',*,*,#1364,.T.);
#1820=ORIENTED_EDGE('',*,*,#1365,.T.);
#1821=ORIENTED_EDGE('',*,*,#1366,.F.);
#1822=ORIENTED_EDGE('',*,*,#1367,.F.);
#1823=ORIENTED_EDGE('',*,*,#1368,.F.);
#1824=ORIENTED_EDGE('',*,*,#1369,.T.);
#1825=ORIENTED_EDGE('',*,*,#1370,.T.);
#1826=ORIENTED_EDGE('',*,*,#1363,.T.);
#1827=ORIENTED_EDGE('',*,*,#1334,.T.);
#1828=ORIENTED_EDGE('',*,*,#1371,.T.);
#1829=ORIENTED_EDGE('',*,*,#1372,.T.);
#1830=ORIENTED_EDGE('',*,*,#1373,.F.);
#1831=ORIENTED_EDGE('',*,*,#1374,.T.);
#1832=ORIENTED_EDGE('',*,*,#1375,.F.);
#1833=ORIENTED_EDGE('',*,*,#1264,.F.);
#1834=ORIENTED_EDGE('',*,*,#1376,.T.);
#1835=ORIENTED_EDGE('',*,*,#1364,.F.);
#1836=ORIENTED_EDGE('',*,*,#1370,.F.);
#1837=ORIENTED_EDGE('',*,*,#1377,.T.);
#1838=ORIENTED_EDGE('',*,*,#1378,.F.);
#1839=ORIENTED_EDGE('',*,*,#1368,.T.);
#1840=ORIENTED_EDGE('',*,*,#1379,.T.);
#1841=ORIENTED_EDGE('',*,*,#1214,.F.);
#1842=ORIENTED_EDGE('',*,*,#1380,.F.);
#1843=ORIENTED_EDGE('',*,*,#1381,.F.);
#1844=ORIENTED_EDGE('',*,*,#1382,.F.);
#1845=ORIENTED_EDGE('',*,*,#1383,.T.);
#1846=ORIENTED_EDGE('',*,*,#1367,.T.);
#1847=ORIENTED_EDGE('',*,*,#1384,.T.);
#1848=ORIENTED_EDGE('',*,*,#1211,.F.);
#1849=ORIENTED_EDGE('',*,*,#1379,.F.);
#1850=ORIENTED_EDGE('',*,*,#1385,.F.);
#1851=ORIENTED_EDGE('',*,*,#1386,.F.);
#1852=ORIENTED_EDGE('',*,*,#1387,.T.);
#1853=ORIENTED_EDGE('',*,*,#1388,.T.);
#1854=ORIENTED_EDGE('',*,*,#1389,.F.);
#1855=ORIENTED_EDGE('',*,*,#1390,.T.);
#1856=ORIENTED_EDGE('',*,*,#1391,.T.);
#1857=ORIENTED_EDGE('',*,*,#1390,.F.);
#1858=ORIENTED_EDGE('',*,*,#1392,.F.);
#1859=ORIENTED_EDGE('',*,*,#1393,.F.);
#1860=ORIENTED_EDGE('',*,*,#1394,.T.);
#1861=ORIENTED_EDGE('',*,*,#1395,.F.);
#1862=ORIENTED_EDGE('',*,*,#1396,.F.);
#1863=ORIENTED_EDGE('',*,*,#1388,.F.);
#1864=ORIENTED_EDGE('',*,*,#1397,.T.);
#1865=ORIENTED_EDGE('',*,*,#1393,.T.);
#1866=ORIENTED_EDGE('',*,*,#1387,.F.);
#1867=ORIENTED_EDGE('',*,*,#1398,.F.);
#1868=ORIENTED_EDGE('',*,*,#1394,.F.);
#1869=ORIENTED_EDGE('',*,*,#1397,.F.);
#1870=ORIENTED_EDGE('',*,*,#1391,.F.);
#1871=ORIENTED_EDGE('',*,*,#1395,.T.);
#1872=ORIENTED_EDGE('',*,*,#1398,.T.);
#1873=ORIENTED_EDGE('',*,*,#1386,.T.);
#1874=ORIENTED_EDGE('',*,*,#1399,.T.);
#1875=ORIENTED_EDGE('',*,*,#1400,.F.);
#1876=ORIENTED_EDGE('',*,*,#1256,.F.);
#1877=ORIENTED_EDGE('',*,*,#1401,.T.);
#1878=ORIENTED_EDGE('',*,*,#1402,.T.);
#1879=ORIENTED_EDGE('',*,*,#1403,.T.);
#1880=ORIENTED_EDGE('',*,*,#1404,.T.);
#1881=ORIENTED_EDGE('',*,*,#1389,.T.);
#1882=ORIENTED_EDGE('',*,*,#1405,.T.);
#1883=ORIENTED_EDGE('',*,*,#1406,.F.);
#1884=ORIENTED_EDGE('',*,*,#1407,.T.);
#1885=ORIENTED_EDGE('',*,*,#1212,.F.);
#1886=ORIENTED_EDGE('',*,*,#1384,.F.);
#1887=ORIENTED_EDGE('',*,*,#1366,.T.);
#1888=ORIENTED_EDGE('',*,*,#1362,.T.);
#1889=ORIENTED_EDGE('',*,*,#1376,.F.);
#1890=ORIENTED_EDGE('',*,*,#1263,.F.);
#1891=ORIENTED_EDGE('',*,*,#1336,.F.);
#1892=ORIENTED_EDGE('',*,*,#1392,.T.);
#1893=ORIENTED_EDGE('',*,*,#1404,.F.);
#1894=ORIENTED_EDGE('',*,*,#1408,.F.);
#1895=ORIENTED_EDGE('',*,*,#1409,.F.);
#1896=ORIENTED_EDGE('',*,*,#1410,.F.);
#1897=ORIENTED_EDGE('',*,*,#1372,.F.);
#1898=ORIENTED_EDGE('',*,*,#1411,.T.);
#1899=ORIENTED_EDGE('',*,*,#1380,.T.);
#1900=ORIENTED_EDGE('',*,*,#1213,.F.);
#1901=ORIENTED_EDGE('',*,*,#1407,.F.);
#1902=ORIENTED_EDGE('',*,*,#1412,.T.);
#1903=ORIENTED_EDGE('',*,*,#1331,.F.);
#1904=ORIENTED_EDGE('',*,*,#1413,.T.);
#1905=ORIENTED_EDGE('',*,*,#1323,.T.);
#1906=ORIENTED_EDGE('',*,*,#1414,.T.);
#1907=ORIENTED_EDGE('',*,*,#1312,.F.);
#1908=ORIENTED_EDGE('',*,*,#1415,.F.);
#1909=ORIENTED_EDGE('',*,*,#1399,.F.);
#1910=ORIENTED_EDGE('',*,*,#1385,.T.);
#1911=ORIENTED_EDGE('',*,*,#1396,.T.);
#1912=ORIENTED_EDGE('',*,*,#1381,.T.);
#1913=ORIENTED_EDGE('',*,*,#1411,.F.);
#1914=ORIENTED_EDGE('',*,*,#1371,.F.);
#1915=ORIENTED_EDGE('',*,*,#1416,.F.);
#1916=ORIENTED_EDGE('',*,*,#1382,.T.);
#1917=ORIENTED_EDGE('',*,*,#1416,.T.);
#1918=ORIENTED_EDGE('',*,*,#1377,.F.);
#1919=ORIENTED_EDGE('',*,*,#1369,.F.);
#1920=ORIENTED_EDGE('',*,*,#1378,.T.);
#1921=ORIENTED_EDGE('',*,*,#1417,.T.);
#1922=ORIENTED_EDGE('',*,*,#1418,.T.);
#1923=ORIENTED_EDGE('',*,*,#1419,.T.);
#1924=ORIENTED_EDGE('',*,*,#1405,.F.);
#1925=ORIENTED_EDGE('',*,*,#1365,.F.);
#1926=ORIENTED_EDGE('',*,*,#1333,.T.);
#1927=ORIENTED_EDGE('',*,*,#1420,.T.);
#1928=ORIENTED_EDGE('',*,*,#1421,.F.);
#1929=ORIENTED_EDGE('',*,*,#1422,.T.);
#1930=ORIENTED_EDGE('',*,*,#1419,.F.);
#1931=ORIENTED_EDGE('',*,*,#1423,.F.);
#1932=ORIENTED_EDGE('',*,*,#1424,.F.);
#1933=ORIENTED_EDGE('',*,*,#1423,.T.);
#1934=ORIENTED_EDGE('',*,*,#1418,.F.);
#1935=ORIENTED_EDGE('',*,*,#1425,.F.);
#1936=ORIENTED_EDGE('',*,*,#1426,.F.);
#1937=ORIENTED_EDGE('',*,*,#1425,.T.);
#1938=ORIENTED_EDGE('',*,*,#1417,.F.);
#1939=ORIENTED_EDGE('',*,*,#1427,.F.);
#1940=ORIENTED_EDGE('',*,*,#1428,.F.);
#1941=ORIENTED_EDGE('',*,*,#1427,.T.);
#1942=ORIENTED_EDGE('',*,*,#1383,.F.);
#1943=ORIENTED_EDGE('',*,*,#1422,.F.);
#1944=ORIENTED_EDGE('',*,*,#1406,.T.);
#1945=ORIENTED_EDGE('',*,*,#1420,.F.);
#1946=ORIENTED_EDGE('',*,*,#1332,.F.);
#1947=ORIENTED_EDGE('',*,*,#1412,.F.);
#1948=ORIENTED_EDGE('',*,*,#1429,.F.);
#1949=ORIENTED_EDGE('',*,*,#1430,.T.);
#1950=ORIENTED_EDGE('',*,*,#1215,.T.);
#1951=ORIENTED_EDGE('',*,*,#1430,.F.);
#1952=ORIENTED_EDGE('',*,*,#1413,.F.);
#1953=ORIENTED_EDGE('',*,*,#1330,.F.);
#1954=ORIENTED_EDGE('',*,*,#1337,.T.);
#1955=ORIENTED_EDGE('',*,*,#1324,.T.);
#1956=ORIENTED_EDGE('',*,*,#1414,.F.);
#1957=ORIENTED_EDGE('',*,*,#1322,.F.);
#1958=ORIENTED_EDGE('',*,*,#1431,.T.);
#1959=ORIENTED_EDGE('',*,*,#1313,.F.);
#1960=ORIENTED_EDGE('',*,*,#1296,.T.);
#1961=ORIENTED_EDGE('',*,*,#1314,.F.);
#1962=ORIENTED_EDGE('',*,*,#1431,.F.);
#1963=ORIENTED_EDGE('',*,*,#1321,.F.);
#1964=ORIENTED_EDGE('',*,*,#1432,.T.);
#1965=ORIENTED_EDGE('',*,*,#1373,.T.);
#1966=ORIENTED_EDGE('',*,*,#1410,.T.);
#1967=ORIENTED_EDGE('',*,*,#1433,.F.);
#1968=ORIENTED_EDGE('',*,*,#1434,.T.);
#1969=ORIENTED_EDGE('',*,*,#1433,.T.);
#1970=ORIENTED_EDGE('',*,*,#1409,.T.);
#1971=ORIENTED_EDGE('',*,*,#1435,.F.);
#1972=ORIENTED_EDGE('',*,*,#1421,.T.);
#1973=ORIENTED_EDGE('',*,*,#1424,.T.);
#1974=ORIENTED_EDGE('',*,*,#1426,.T.);
#1975=ORIENTED_EDGE('',*,*,#1428,.T.);
#1976=ORIENTED_EDGE('',*,*,#1429,.T.);
#1977=ORIENTED_EDGE('',*,*,#1257,.F.);
#1978=ORIENTED_EDGE('',*,*,#1400,.T.);
#1979=ORIENTED_EDGE('',*,*,#1415,.T.);
#1980=ORIENTED_EDGE('',*,*,#1311,.F.);
#1981=ORIENTED_EDGE('',*,*,#1436,.T.);
#1982=ORIENTED_EDGE('',*,*,#1435,.T.);
#1983=ORIENTED_EDGE('',*,*,#1408,.T.);
#1984=ORIENTED_EDGE('',*,*,#1403,.F.);
#1985=ORIENTED_EDGE('',*,*,#1255,.F.);
#1986=ORIENTED_EDGE('',*,*,#1437,.T.);
#1987=ORIENTED_EDGE('',*,*,#1438,.T.);
#1988=ORIENTED_EDGE('',*,*,#1401,.F.);
#1989=ORIENTED_EDGE('',*,*,#1254,.F.);
#1990=ORIENTED_EDGE('',*,*,#1439,.T.);
#1991=ORIENTED_EDGE('',*,*,#1440,.T.);
#1992=ORIENTED_EDGE('',*,*,#1437,.F.);
#1993=ORIENTED_EDGE('',*,*,#1253,.F.);
#1994=ORIENTED_EDGE('',*,*,#1441,.T.);
#1995=ORIENTED_EDGE('',*,*,#1442,.T.);
#1996=ORIENTED_EDGE('',*,*,#1439,.F.);
#1997=ORIENTED_EDGE('',*,*,#1252,.F.);
#1998=ORIENTED_EDGE('',*,*,#1443,.T.);
#1999=ORIENTED_EDGE('',*,*,#1444,.T.);
#2000=ORIENTED_EDGE('',*,*,#1441,.F.);
#2001=ORIENTED_EDGE('',*,*,#1251,.F.);
#2002=ORIENTED_EDGE('',*,*,#1445,.T.);
#2003=ORIENTED_EDGE('',*,*,#1446,.T.);
#2004=ORIENTED_EDGE('',*,*,#1443,.F.);
#2005=ORIENTED_EDGE('',*,*,#1356,.T.);
#2006=ORIENTED_EDGE('',*,*,#1447,.T.);
#2007=ORIENTED_EDGE('',*,*,#1445,.F.);
#2008=ORIENTED_EDGE('',*,*,#1250,.F.);
#2009=ORIENTED_EDGE('',*,*,#1277,.F.);
#2010=ORIENTED_EDGE('',*,*,#1448,.T.);
#2011=ORIENTED_EDGE('',*,*,#1449,.T.);
#2012=ORIENTED_EDGE('',*,*,#1359,.F.);
#2013=ORIENTED_EDGE('',*,*,#1360,.T.);
#2014=ORIENTED_EDGE('',*,*,#1350,.T.);
#2015=ORIENTED_EDGE('',*,*,#1235,.F.);
#2016=ORIENTED_EDGE('',*,*,#1361,.F.);
#2017=ORIENTED_EDGE('',*,*,#1276,.F.);
#2018=ORIENTED_EDGE('',*,*,#1450,.T.);
#2019=ORIENTED_EDGE('',*,*,#1451,.T.);
#2020=ORIENTED_EDGE('',*,*,#1448,.F.);
#2021=ORIENTED_EDGE('',*,*,#1275,.F.);
#2022=ORIENTED_EDGE('',*,*,#1452,.T.);
#2023=ORIENTED_EDGE('',*,*,#1453,.T.);
#2024=ORIENTED_EDGE('',*,*,#1450,.F.);
#2025=ORIENTED_EDGE('',*,*,#1274,.F.);
#2026=ORIENTED_EDGE('',*,*,#1454,.T.);
#2027=ORIENTED_EDGE('',*,*,#1455,.T.);
#2028=ORIENTED_EDGE('',*,*,#1452,.F.);
#2029=ORIENTED_EDGE('',*,*,#1289,.T.);
#2030=ORIENTED_EDGE('',*,*,#1291,.T.);
#2031=ORIENTED_EDGE('',*,*,#1273,.F.);
#2032=ORIENTED_EDGE('',*,*,#1456,.T.);
#2033=ORIENTED_EDGE('',*,*,#1457,.T.);
#2034=ORIENTED_EDGE('',*,*,#1454,.F.);
#2035=ORIENTED_EDGE('',*,*,#1272,.F.);
#2036=ORIENTED_EDGE('',*,*,#1458,.T.);
#2037=ORIENTED_EDGE('',*,*,#1459,.T.);
#2038=ORIENTED_EDGE('',*,*,#1456,.F.);
#2039=ORIENTED_EDGE('',*,*,#1271,.F.);
#2040=ORIENTED_EDGE('',*,*,#1460,.T.);
#2041=ORIENTED_EDGE('',*,*,#1461,.T.);
#2042=ORIENTED_EDGE('',*,*,#1458,.F.);
#2043=ORIENTED_EDGE('',*,*,#1270,.F.);
#2044=ORIENTED_EDGE('',*,*,#1462,.T.);
#2045=ORIENTED_EDGE('',*,*,#1463,.T.);
#2046=ORIENTED_EDGE('',*,*,#1460,.F.);
#2047=ORIENTED_EDGE('',*,*,#1269,.F.);
#2048=ORIENTED_EDGE('',*,*,#1464,.T.);
#2049=ORIENTED_EDGE('',*,*,#1465,.T.);
#2050=ORIENTED_EDGE('',*,*,#1462,.F.);
#2051=ORIENTED_EDGE('',*,*,#1268,.F.);
#2052=ORIENTED_EDGE('',*,*,#1466,.T.);
#2053=ORIENTED_EDGE('',*,*,#1467,.T.);
#2054=ORIENTED_EDGE('',*,*,#1464,.F.);
#2055=ORIENTED_EDGE('',*,*,#1267,.F.);
#2056=ORIENTED_EDGE('',*,*,#1468,.T.);
#2057=ORIENTED_EDGE('',*,*,#1469,.T.);
#2058=ORIENTED_EDGE('',*,*,#1466,.F.);
#2059=ORIENTED_EDGE('',*,*,#1266,.F.);
#2060=ORIENTED_EDGE('',*,*,#1470,.T.);
#2061=ORIENTED_EDGE('',*,*,#1471,.T.);
#2062=ORIENTED_EDGE('',*,*,#1468,.F.);
#2063=ORIENTED_EDGE('',*,*,#1265,.F.);
#2064=ORIENTED_EDGE('',*,*,#1375,.T.);
#2065=ORIENTED_EDGE('',*,*,#1472,.T.);
#2066=ORIENTED_EDGE('',*,*,#1470,.F.);
#2067=ORIENTED_EDGE('',*,*,#1357,.T.);
#2068=ORIENTED_EDGE('',*,*,#1449,.F.);
#2069=ORIENTED_EDGE('',*,*,#1451,.F.);
#2070=ORIENTED_EDGE('',*,*,#1453,.F.);
#2071=ORIENTED_EDGE('',*,*,#1455,.F.);
#2072=ORIENTED_EDGE('',*,*,#1457,.F.);
#2073=ORIENTED_EDGE('',*,*,#1459,.F.);
#2074=ORIENTED_EDGE('',*,*,#1461,.F.);
#2075=ORIENTED_EDGE('',*,*,#1463,.F.);
#2076=ORIENTED_EDGE('',*,*,#1465,.F.);
#2077=ORIENTED_EDGE('',*,*,#1467,.F.);
#2078=ORIENTED_EDGE('',*,*,#1469,.F.);
#2079=ORIENTED_EDGE('',*,*,#1471,.F.);
#2080=ORIENTED_EDGE('',*,*,#1472,.F.);
#2081=ORIENTED_EDGE('',*,*,#1374,.F.);
#2082=ORIENTED_EDGE('',*,*,#1432,.F.);
#2083=ORIENTED_EDGE('',*,*,#1434,.F.);
#2084=ORIENTED_EDGE('',*,*,#1436,.F.);
#2085=ORIENTED_EDGE('',*,*,#1402,.F.);
#2086=ORIENTED_EDGE('',*,*,#1438,.F.);
#2087=ORIENTED_EDGE('',*,*,#1440,.F.);
#2088=ORIENTED_EDGE('',*,*,#1442,.F.);
#2089=ORIENTED_EDGE('',*,*,#1444,.F.);
#2090=ORIENTED_EDGE('',*,*,#1446,.F.);
#2091=ORIENTED_EDGE('',*,*,#1447,.F.);
#2092=ORIENTED_EDGE('',*,*,#1355,.T.);
#2093=ORIENTED_EDGE('',*,*,#1164,.F.);
#2094=ORIENTED_EDGE('',*,*,#1281,.F.);
#2095=ORIENTED_EDGE('',*,*,#1245,.T.);
#2096=ORIENTED_EDGE('',*,*,#1243,.F.);
#2097=ORIENTED_EDGE('',*,*,#1282,.T.);
#2098=ORIENTED_EDGE('',*,*,#1285,.T.);
#2099=ORIENTED_EDGE('',*,*,#1327,.T.);
#2100=ORIENTED_EDGE('',*,*,#1328,.T.);
#2101=ORIENTED_EDGE('',*,*,#1316,.T.);
#2102=ORIENTED_EDGE('',*,*,#1319,.T.);
#2103=B_SPLINE_SURFACE_WITH_KNOTS('',3,3,((#2959,#2960,#2961,#2962,#2963),
(#2964,#2965,#2966,#2967,#2968),(#2969,#2970,#2971,#2972,#2973),(#2974,
#2975,#2976,#2977,#2978)),.UNSPECIFIED.,.F.,.F.,.F.,(4,4),(4,1,4),(0.,1.),
(-1.57079632679491,-0.897597901025673,-1.81521464526213E-14),
 .UNSPECIFIED.);
#2104=B_SPLINE_SURFACE_WITH_KNOTS('',3,3,((#3001,#3002,#3003,#3004,#3005),
(#3006,#3007,#3008,#3009,#3010),(#3011,#3012,#3013,#3014,#3015),(#3016,
#3017,#3018,#3019,#3020)),.UNSPECIFIED.,.F.,.F.,.F.,(4,4),(4,1,4),(0.,1.),
(-3.30970481862775E-30,0.673198425769244,1.5707963267949),.UNSPECIFIED.);
#2105=B_SPLINE_SURFACE_WITH_KNOTS('',3,3,((#3043,#3044,#3045,#3046),(#3047,
#3048,#3049,#3050),(#3051,#3052,#3053,#3054),(#3055,#3056,#3057,#3058)),
 .UNSPECIFIED.,.F.,.F.,.F.,(4,4),(4,4),(0.,1.),(-5.59223932177368,-5.58904872563599),
 .UNSPECIFIED.);
#2106=B_SPLINE_SURFACE_WITH_KNOTS('',3,3,((#3067,#3068,#3069,#3070,#3071),
(#3072,#3073,#3074,#3075,#3076),(#3077,#3078,#3079,#3080,#3081),(#3082,
#3083,#3084,#3085,#3086)),.UNSPECIFIED.,.F.,.F.,.F.,(4,4),(4,1,4),(0.,1.),
(-1.5626320973622,-0.669699470298086,7.02266758546419E-16),
 .UNSPECIFIED.);
#2107=B_SPLINE_SURFACE_WITH_KNOTS('',3,3,((#3109,#3110,#3111,#3112,#3113),
(#3114,#3115,#3116,#3117,#3118),(#3119,#3120,#3121,#3122,#3123),(#3124,
#3125,#3126,#3127,#3128)),.UNSPECIFIED.,.F.,.F.,.F.,(4,4),(4,1,4),(0.,1.),
(-1.26107211928447E-15,0.669699470298084,1.5626320973622),.UNSPECIFIED.);
#2108=B_SPLINE_SURFACE_WITH_KNOTS('',3,3,((#3142,#3143,#3144,#3145),(#3146,
#3147,#3148,#3149),(#3150,#3151,#3152,#3153),(#3154,#3155,#3156,#3157)),
 .UNSPECIFIED.,.F.,.F.,.F.,(4,4),(4,4),(0.,1.),(-1.5707963267949,-1.5626320973622),
 .UNSPECIFIED.);
#2109=B_SPLINE_SURFACE_WITH_KNOTS('',3,3,((#3175,#3176,#3177,#3178),(#3179,
#3180,#3181,#3182),(#3183,#3184,#3185,#3186),(#3187,#3188,#3189,#3190)),
 .UNSPECIFIED.,.F.,.F.,.F.,(4,4),(4,4),(0.,1.),(1.5626320973622,1.5707963267949),
 .UNSPECIFIED.);
#2110=B_SPLINE_SURFACE_WITH_KNOTS('',3,3,((#3199,#3200,#3201,#3202),(#3203,
#3204,#3205,#3206),(#3207,#3208,#3209,#3210),(#3211,#3212,#3213,#3214)),
 .UNSPECIFIED.,.F.,.F.,.F.,(4,4),(4,4),(0.,1.),(-0.353863910998573,-0.350673314860873),
 .UNSPECIFIED.);
#2111=ADVANCED_FACE('',(#194),#2103,.T.);
#2112=ADVANCED_FACE('',(#195),#116,.T.);
#2113=ADVANCED_FACE('',(#196),#2104,.T.);
#2114=ADVANCED_FACE('',(#197),#117,.T.);
#2115=ADVANCED_FACE('',(#198),#2105,.T.);
#2116=ADVANCED_FACE('',(#199),#2106,.T.);
#2117=ADVANCED_FACE('',(#200),#118,.T.);
#2118=ADVANCED_FACE('',(#201),#2107,.T.);
#2119=ADVANCED_FACE('',(#202),#2108,.T.);
#2120=ADVANCED_FACE('',(#203),#119,.T.);
#2121=ADVANCED_FACE('',(#204),#2109,.T.);
#2122=ADVANCED_FACE('',(#205),#2110,.T.);
#2123=ADVANCED_FACE('',(#206),#120,.T.);
#2124=ADVANCED_FACE('',(#207),#89,.T.);
#2125=ADVANCED_FACE('',(#208,#20,#21),#121,.T.);
#2126=ADVANCED_FACE('',(#209),#90,.T.);
#2127=ADVANCED_FACE('',(#210,#22),#122,.T.);
#2128=ADVANCED_FACE('',(#211,#23,#24,#25,#26),#123,.F.);
#2129=ADVANCED_FACE('',(#212),#91,.F.);
#2130=ADVANCED_FACE('',(#213),#124,.T.);
#2131=ADVANCED_FACE('',(#214),#92,.F.);
#2132=ADVANCED_FACE('',(#215,#27,#28,#29),#125,.T.);
#2133=ADVANCED_FACE('',(#216),#126,.T.);
#2134=ADVANCED_FACE('',(#217),#93,.T.);
#2135=ADVANCED_FACE('',(#218),#127,.T.);
#2136=ADVANCED_FACE('',(#219),#94,.T.);
#2137=ADVANCED_FACE('',(#220),#95,.T.);
#2138=ADVANCED_FACE('',(#221),#96,.T.);
#2139=ADVANCED_FACE('',(#222),#97,.F.);
#2140=ADVANCED_FACE('',(#223),#98,.F.);
#2141=ADVANCED_FACE('',(#224),#99,.F.);
#2142=ADVANCED_FACE('',(#225),#100,.F.);
#2143=ADVANCED_FACE('',(#226),#101,.F.);
#2144=ADVANCED_FACE('',(#227),#128,.F.);
#2145=ADVANCED_FACE('',(#228),#129,.F.);
#2146=ADVANCED_FACE('',(#229),#102,.F.);
#2147=ADVANCED_FACE('',(#230),#130,.F.);
#2148=ADVANCED_FACE('',(#231,#30),#131,.F.);
#2149=ADVANCED_FACE('',(#232),#103,.F.);
#2150=ADVANCED_FACE('',(#233),#132,.F.);
#2151=ADVANCED_FACE('',(#234),#133,.T.);
#2152=ADVANCED_FACE('',(#235),#104,.F.);
#2153=ADVANCED_FACE('',(#236),#134,.F.);
#2154=ADVANCED_FACE('',(#237,#31),#135,.F.);
#2155=ADVANCED_FACE('',(#238),#136,.T.);
#2156=ADVANCED_FACE('',(#239),#105,.F.);
#2157=ADVANCED_FACE('',(#240,#32),#137,.T.);
#2158=ADVANCED_FACE('',(#241),#106,.F.);
#2159=ADVANCED_FACE('',(#242,#33),#138,.T.);
#2160=ADVANCED_FACE('',(#243),#107,.F.);
#2161=ADVANCED_FACE('',(#244,#34),#139,.T.);
#2162=ADVANCED_FACE('',(#245),#108,.F.);
#2163=ADVANCED_FACE('',(#246),#109,.F.);
#2164=ADVANCED_FACE('',(#247),#110,.F.);
#2165=ADVANCED_FACE('',(#248),#140,.F.);
#2166=ADVANCED_FACE('',(#249),#141,.F.);
#2167=ADVANCED_FACE('',(#250),#142,.F.);
#2168=ADVANCED_FACE('',(#251),#143,.T.);
#2169=ADVANCED_FACE('',(#252),#144,.T.);
#2170=ADVANCED_FACE('',(#253),#145,.T.);
#2171=ADVANCED_FACE('',(#254),#146,.F.);
#2172=ADVANCED_FACE('',(#255),#147,.F.);
#2173=ADVANCED_FACE('',(#256),#148,.F.);
#2174=ADVANCED_FACE('',(#257),#111,.F.);
#2175=ADVANCED_FACE('',(#258),#149,.F.);
#2176=ADVANCED_FACE('',(#259),#150,.T.);
#2177=ADVANCED_FACE('',(#260),#112,.F.);
#2178=ADVANCED_FACE('',(#261),#151,.T.);
#2179=ADVANCED_FACE('',(#262),#113,.T.);
#2180=ADVANCED_FACE('',(#263,#35),#152,.T.);
#2181=ADVANCED_FACE('',(#264),#153,.F.);
#2182=ADVANCED_FACE('',(#265),#154,.F.);
#2183=ADVANCED_FACE('',(#266),#114,.F.);
#2184=ADVANCED_FACE('',(#267),#155,.F.);
#2185=ADVANCED_FACE('',(#268),#156,.F.);
#2186=ADVANCED_FACE('',(#269),#157,.T.);
#2187=ADVANCED_FACE('',(#270),#158,.T.);
#2188=ADVANCED_FACE('',(#271),#159,.T.);
#2189=ADVANCED_FACE('',(#272),#160,.T.);
#2190=ADVANCED_FACE('',(#273),#161,.T.);
#2191=ADVANCED_FACE('',(#274),#162,.T.);
#2192=ADVANCED_FACE('',(#275),#163,.T.);
#2193=ADVANCED_FACE('',(#276),#164,.T.);
#2194=ADVANCED_FACE('',(#277),#115,.F.);
#2195=ADVANCED_FACE('',(#278),#165,.T.);
#2196=ADVANCED_FACE('',(#279),#166,.T.);
#2197=ADVANCED_FACE('',(#280),#167,.T.);
#2198=ADVANCED_FACE('',(#281),#168,.F.);
#2199=ADVANCED_FACE('',(#282),#169,.F.);
#2200=ADVANCED_FACE('',(#283,#36),#170,.F.);
#2201=ADVANCED_FACE('',(#284),#171,.F.);
#2202=ADVANCED_FACE('',(#285),#172,.F.);
#2203=ADVANCED_FACE('',(#286),#173,.F.);
#2204=ADVANCED_FACE('',(#287),#174,.F.);
#2205=ADVANCED_FACE('',(#288),#175,.F.);
#2206=ADVANCED_FACE('',(#289),#176,.F.);
#2207=ADVANCED_FACE('',(#290),#177,.F.);
#2208=ADVANCED_FACE('',(#291),#178,.F.);
#2209=ADVANCED_FACE('',(#292),#179,.F.);
#2210=ADVANCED_FACE('',(#293),#180,.F.);
#2211=ADVANCED_FACE('',(#294),#181,.F.);
#2212=ADVANCED_FACE('',(#295,#37,#38),#182,.F.);
#2213=ADVANCED_FACE('',(#296),#183,.F.);
#2214=ADVANCED_FACE('',(#297),#184,.F.);
#2215=ADVANCED_FACE('',(#298),#185,.F.);
#2216=ADVANCED_FACE('',(#299),#186,.F.);
#2217=ADVANCED_FACE('',(#300),#187,.F.);
#2218=ADVANCED_FACE('',(#301),#188,.F.);
#2219=ADVANCED_FACE('',(#302),#189,.F.);
#2220=ADVANCED_FACE('',(#303),#190,.F.);
#2221=ADVANCED_FACE('',(#304),#191,.F.);
#2222=ADVANCED_FACE('',(#305),#192,.F.);
#2223=ADVANCED_FACE('',(#306,#39,#40,#41),#193,.T.);
#2224=CLOSED_SHELL('',(#2111,#2112,#2113,#2114,#2115,#2116,#2117,#2118,
#2119,#2120,#2121,#2122,#2123,#2124,#2125,#2126,#2127,#2128,#2129,#2130,
#2131,#2132,#2133,#2134,#2135,#2136,#2137,#2138,#2139,#2140,#2141,#2142,
#2143,#2144,#2145,#2146,#2147,#2148,#2149,#2150,#2151,#2152,#2153,#2154,
#2155,#2156,#2157,#2158,#2159,#2160,#2161,#2162,#2163,#2164,#2165,#2166,
#2167,#2168,#2169,#2170,#2171,#2172,#2173,#2174,#2175,#2176,#2177,#2178,
#2179,#2180,#2181,#2182,#2183,#2184,#2185,#2186,#2187,#2188,#2189,#2190,
#2191,#2192,#2193,#2194,#2195,#2196,#2197,#2198,#2199,#2200,#2201,#2202,
#2203,#2204,#2205,#2206,#2207,#2208,#2209,#2210,#2211,#2212,#2213,#2214,
#2215,#2216,#2217,#2218,#2219,#2220,#2221,#2222,#2223));
#2225=DERIVED_UNIT_ELEMENT(#2227,1.);
#2226=DERIVED_UNIT_ELEMENT(#3790,-3.);
#2227=(
MASS_UNIT()
NAMED_UNIT(*)
SI_UNIT(.KILO.,.GRAM.)
);
#2228=DERIVED_UNIT((#2225,#2226));
#2229=MEASURE_REPRESENTATION_ITEM('density measure',
POSITIVE_RATIO_MEASURE(7850.),#2228);
#2230=PROPERTY_DEFINITION_REPRESENTATION(#2235,#2232);
#2231=PROPERTY_DEFINITION_REPRESENTATION(#2236,#2233);
#2232=REPRESENTATION('material name',(#2234),#3787);
#2233=REPRESENTATION('density',(#2229),#3787);
#2234=DESCRIPTIVE_REPRESENTATION_ITEM('\X2\92FC\X0\','\X2\92FC\X0\');
#2235=PROPERTY_DEFINITION('material property','material name',#3797);
#2236=PROPERTY_DEFINITION('material property','density of part',#3797);
#2237=AXIS2_PLACEMENT_3D('',#2958,#2395,#2396);
#2238=AXIS2_PLACEMENT_3D('',#2995,#2399,#2400);
#2239=AXIS2_PLACEMENT_3D('',#3034,#2405,#2406);
#2240=AXIS2_PLACEMENT_3D('',#3103,#2413,#2414);
#2241=AXIS2_PLACEMENT_3D('',#3166,#2419,#2420);
#2242=AXIS2_PLACEMENT_3D('',#3223,#2425,#2426);
#2243=AXIS2_PLACEMENT_3D('',#3237,#2434,#2435);
#2244=AXIS2_PLACEMENT_3D('',#3240,#2437,#2438);
#2245=AXIS2_PLACEMENT_3D('',#3241,#2439,#2440);
#2246=AXIS2_PLACEMENT_3D('',#3246,#2443,#2444);
#2247=AXIS2_PLACEMENT_3D('',#3248,#2445,#2446);
#2248=AXIS2_PLACEMENT_3D('',#3249,#2447,#2448);
#2249=AXIS2_PLACEMENT_3D('',#3252,#2450,#2451);
#2250=AXIS2_PLACEMENT_3D('',#3253,#2452,#2453);
#2251=AXIS2_PLACEMENT_3D('',#3261,#2457,#2458);
#2252=AXIS2_PLACEMENT_3D('',#3264,#2460,#2461);
#2253=AXIS2_PLACEMENT_3D('',#3265,#2462,#2463);
#2254=AXIS2_PLACEMENT_3D('',#3267,#2464,#2465);
#2255=AXIS2_PLACEMENT_3D('',#3269,#2466,#2467);
#2256=AXIS2_PLACEMENT_3D('',#3271,#2468,#2469);
#2257=AXIS2_PLACEMENT_3D('',#3273,#2470,#2471);
#2258=AXIS2_PLACEMENT_3D('',#3274,#2472,#2473);
#2259=AXIS2_PLACEMENT_3D('',#3277,#2474,#2475);
#2260=AXIS2_PLACEMENT_3D('',#3281,#2477,#2478);
#2261=AXIS2_PLACEMENT_3D('',#3283,#2480,#2481);
#2262=AXIS2_PLACEMENT_3D('',#3289,#2485,#2486);
#2263=AXIS2_PLACEMENT_3D('',#3292,#2487,#2488);
#2264=AXIS2_PLACEMENT_3D('',#3296,#2490,#2491);
#2265=AXIS2_PLACEMENT_3D('',#3298,#2493,#2494);
#2266=AXIS2_PLACEMENT_3D('',#3302,#2497,#2498);
#2267=AXIS2_PLACEMENT_3D('',#3304,#2499,#2500);
#2268=AXIS2_PLACEMENT_3D('',#3313,#2505,#2506);
#2269=AXIS2_PLACEMENT_3D('',#3315,#2507,#2508);
#2270=AXIS2_PLACEMENT_3D('',#3317,#2509,#2510);
#2271=AXIS2_PLACEMENT_3D('',#3318,#2511,#2512);
#2272=AXIS2_PLACEMENT_3D('',#3322,#2515,#2516);
#2273=AXIS2_PLACEMENT_3D('',#3325,#2518,#2519);
#2274=AXIS2_PLACEMENT_3D('',#3326,#2520,#2521);
#2275=AXIS2_PLACEMENT_3D('',#3329,#2523,#2524);
#2276=AXIS2_PLACEMENT_3D('',#3330,#2525,#2526);
#2277=AXIS2_PLACEMENT_3D('',#3392,#2558,#2559);
#2278=AXIS2_PLACEMENT_3D('',#3393,#2560,#2561);
#2279=AXIS2_PLACEMENT_3D('',#3395,#2563,#2564);
#2280=AXIS2_PLACEMENT_3D('',#3396,#2565,#2566);
#2281=AXIS2_PLACEMENT_3D('',#3398,#2568,#2569);
#2282=AXIS2_PLACEMENT_3D('',#3400,#2570,#2571);
#2283=AXIS2_PLACEMENT_3D('',#3403,#2573,#2574);
#2284=AXIS2_PLACEMENT_3D('',#3404,#2575,#2576);
#2285=AXIS2_PLACEMENT_3D('',#3406,#2577,#2578);
#2286=AXIS2_PLACEMENT_3D('',#3409,#2580,#2581);
#2287=AXIS2_PLACEMENT_3D('',#3410,#2582,#2583);
#2288=AXIS2_PLACEMENT_3D('',#3413,#2585,#2586);
#2289=AXIS2_PLACEMENT_3D('',#3414,#2587,#2588);
#2290=AXIS2_PLACEMENT_3D('',#3417,#2590,#2591);
#2291=AXIS2_PLACEMENT_3D('',#3418,#2592,#2593);
#2292=AXIS2_PLACEMENT_3D('',#3421,#2594,#2595);
#2293=AXIS2_PLACEMENT_3D('',#3425,#2597,#2598);
#2294=AXIS2_PLACEMENT_3D('',#3429,#2601,#2602);
#2295=AXIS2_PLACEMENT_3D('',#3432,#2605,#2606);
#2296=AXIS2_PLACEMENT_3D('',#3438,#2610,#2611);
#2297=AXIS2_PLACEMENT_3D('',#3441,#2612,#2613);
#2298=AXIS2_PLACEMENT_3D('',#3444,#2615,#2616);
#2299=AXIS2_PLACEMENT_3D('',#3446,#2618,#2619);
#2300=AXIS2_PLACEMENT_3D('',#3450,#2621,#2622);
#2301=AXIS2_PLACEMENT_3D('',#3454,#2624,#2625);
#2302=AXIS2_PLACEMENT_3D('',#3456,#2627,#2628);
#2303=AXIS2_PLACEMENT_3D('',#3464,#2633,#2634);
#2304=AXIS2_PLACEMENT_3D('',#3468,#2636,#2637);
#2305=AXIS2_PLACEMENT_3D('',#3470,#2639,#2640);
#2306=AXIS2_PLACEMENT_3D('',#3474,#2643,#2644);
#2307=AXIS2_PLACEMENT_3D('',#3485,#2651,#2652);
#2308=AXIS2_PLACEMENT_3D('',#3488,#2654,#2655);
#2309=AXIS2_PLACEMENT_3D('',#3489,#2656,#2657);
#2310=AXIS2_PLACEMENT_3D('',#3491,#2659,#2660);
#2311=AXIS2_PLACEMENT_3D('',#3507,#2669,#2670);
#2312=AXIS2_PLACEMENT_3D('',#3509,#2672,#2673);
#2313=AXIS2_PLACEMENT_3D('',#3512,#2675,#2676);
#2314=AXIS2_PLACEMENT_3D('',#3513,#2677,#2678);
#2315=AXIS2_PLACEMENT_3D('',#3515,#2679,#2680);
#2316=AXIS2_PLACEMENT_3D('',#3516,#2681,#2682);
#2317=AXIS2_PLACEMENT_3D('',#3519,#2684,#2685);
#2318=AXIS2_PLACEMENT_3D('',#3520,#2686,#2687);
#2319=AXIS2_PLACEMENT_3D('',#3522,#2688,#2689);
#2320=AXIS2_PLACEMENT_3D('',#3523,#2690,#2691);
#2321=AXIS2_PLACEMENT_3D('',#3526,#2693,#2694);
#2322=AXIS2_PLACEMENT_3D('',#3527,#2695,#2696);
#2323=AXIS2_PLACEMENT_3D('',#3529,#2697,#2698);
#2324=AXIS2_PLACEMENT_3D('',#3530,#2699,#2700);
#2325=AXIS2_PLACEMENT_3D('',#3532,#2702,#2703);
#2326=AXIS2_PLACEMENT_3D('',#3534,#2705,#2706);
#2327=AXIS2_PLACEMENT_3D('',#3536,#2708,#2709);
#2328=AXIS2_PLACEMENT_3D('',#3542,#2713,#2714);
#2329=AXIS2_PLACEMENT_3D('',#3550,#2719,#2720);
#2330=AXIS2_PLACEMENT_3D('',#3556,#2724,#2725);
#2331=AXIS2_PLACEMENT_3D('',#3558,#2727,#2728);
#2332=AXIS2_PLACEMENT_3D('',#3559,#2729,#2730);
#2333=AXIS2_PLACEMENT_3D('',#3561,#2732,#2733);
#2334=AXIS2_PLACEMENT_3D('',#3567,#2737,#2738);
#2335=AXIS2_PLACEMENT_3D('',#3571,#2740,#2741);
#2336=AXIS2_PLACEMENT_3D('',#3575,#2743,#2744);
#2337=AXIS2_PLACEMENT_3D('',#3579,#2747,#2748);
#2338=AXIS2_PLACEMENT_3D('',#3592,#2756,#2757);
#2339=AXIS2_PLACEMENT_3D('',#3599,#2761,#2762);
#2340=AXIS2_PLACEMENT_3D('',#3603,#2765,#2766);
#2341=AXIS2_PLACEMENT_3D('',#3605,#2768,#2769);
#2342=AXIS2_PLACEMENT_3D('',#3614,#2774,#2775);
#2343=AXIS2_PLACEMENT_3D('',#3616,#2776,#2777);
#2344=AXIS2_PLACEMENT_3D('',#3619,#2779,#2780);
#2345=AXIS2_PLACEMENT_3D('',#3620,#2781,#2782);
#2346=AXIS2_PLACEMENT_3D('',#3629,#2787,#2788);
#2347=AXIS2_PLACEMENT_3D('',#3630,#2789,#2790);
#2348=AXIS2_PLACEMENT_3D('',#3631,#2791,#2792);
#2349=AXIS2_PLACEMENT_3D('',#3632,#2793,#2794);
#2350=AXIS2_PLACEMENT_3D('',#3634,#2796,#2797);
#2351=AXIS2_PLACEMENT_3D('',#3645,#2804,#2805);
#2352=AXIS2_PLACEMENT_3D('',#3646,#2806,#2807);
#2353=AXIS2_PLACEMENT_3D('',#3650,#2809,#2810);
#2354=AXIS2_PLACEMENT_3D('',#3652,#2812,#2813);
#2355=AXIS2_PLACEMENT_3D('',#3653,#2814,#2815);
#2356=AXIS2_PLACEMENT_3D('',#3664,#2824,#2825);
#2357=AXIS2_PLACEMENT_3D('',#3666,#2827,#2828);
#2358=AXIS2_PLACEMENT_3D('',#3672,#2832,#2833);
#2359=AXIS2_PLACEMENT_3D('',#3674,#2835,#2836);
#2360=AXIS2_PLACEMENT_3D('',#3680,#2840,#2841);
#2361=AXIS2_PLACEMENT_3D('',#3684,#2844,#2845);
#2362=AXIS2_PLACEMENT_3D('',#3688,#2848,#2849);
#2363=AXIS2_PLACEMENT_3D('',#3690,#2851,#2852);
#2364=AXIS2_PLACEMENT_3D('',#3691,#2853,#2854);
#2365=AXIS2_PLACEMENT_3D('',#3693,#2855,#2856);
#2366=AXIS2_PLACEMENT_3D('',#3695,#2858,#2859);
#2367=AXIS2_PLACEMENT_3D('',#3696,#2860,#2861);
#2368=AXIS2_PLACEMENT_3D('',#3698,#2863,#2864);
#2369=AXIS2_PLACEMENT_3D('',#3699,#2865,#2866);
#2370=AXIS2_PLACEMENT_3D('',#3703,#2869,#2870);
#2371=AXIS2_PLACEMENT_3D('',#3707,#2873,#2874);
#2372=AXIS2_PLACEMENT_3D('',#3708,#2875,#2876);
#2373=AXIS2_PLACEMENT_3D('',#3709,#2877,#2878);
#2374=AXIS2_PLACEMENT_3D('',#3711,#2880,#2881);
#2375=AXIS2_PLACEMENT_3D('',#3715,#2884,#2885);
#2376=AXIS2_PLACEMENT_3D('',#3719,#2888,#2889);
#2377=AXIS2_PLACEMENT_3D('',#3723,#2892,#2893);
#2378=AXIS2_PLACEMENT_3D('',#3727,#2896,#2897);
#2379=AXIS2_PLACEMENT_3D('',#3731,#2900,#2901);
#2380=AXIS2_PLACEMENT_3D('',#3733,#2903,#2904);
#2381=AXIS2_PLACEMENT_3D('',#3737,#2907,#2908);
#2382=AXIS2_PLACEMENT_3D('',#3741,#2911,#2912);
#2383=AXIS2_PLACEMENT_3D('',#3745,#2915,#2916);
#2384=AXIS2_PLACEMENT_3D('',#3749,#2919,#2920);
#2385=AXIS2_PLACEMENT_3D('',#3753,#2923,#2924);
#2386=AXIS2_PLACEMENT_3D('',#3757,#2927,#2928);
#2387=AXIS2_PLACEMENT_3D('',#3761,#2931,#2932);
#2388=AXIS2_PLACEMENT_3D('',#3765,#2935,#2936);
#2389=AXIS2_PLACEMENT_3D('',#3769,#2939,#2940);
#2390=AXIS2_PLACEMENT_3D('',#3773,#2943,#2944);
#2391=AXIS2_PLACEMENT_3D('',#3777,#2947,#2948);
#2392=AXIS2_PLACEMENT_3D('',#3781,#2951,#2952);
#2393=AXIS2_PLACEMENT_3D('',#3783,#2954,#2955);
#2394=AXIS2_PLACEMENT_3D('',#3784,#2956,#2957);
#2395=DIRECTION('axis',(0.,0.,1.));
#2396=DIRECTION('refdir',(1.,0.,0.));
#2397=DIRECTION('',(-0.729274433371261,0.,0.684221309834052));
#2398=DIRECTION('',(0.0450361085601344,-0.707014862318673,-0.705763227567339));
#2399=DIRECTION('center_axis',(-0.684221309834043,4.30186068790011E-16,
-0.72927443337127));
#2400=DIRECTION('ref_axis',(-0.72927443337127,0.,0.684221309834043));
#2401=DIRECTION('',(-5.88684950919718E-16,-1.,-3.75651186145244E-17));
#2402=DIRECTION('',(-0.72927443337127,0.,0.684221309834043));
#2403=DIRECTION('',(5.88684950919718E-16,1.,3.75651186145244E-17));
#2404=DIRECTION('',(-0.0450361085601342,-0.707014862318676,0.705763227567336));
#2405=DIRECTION('center_axis',(0.0450302557070031,-0.707106781186543,-0.705671507197909));
#2406=DIRECTION('ref_axis',(-0.997970216059539,0.,-0.0636823983379719));
#2407=DIRECTION('',(0.0450302557070037,0.707106781186558,-0.705671507197893));
#2408=DIRECTION('',(0.997970216059539,-4.13228722334524E-16,0.0636823983379723));
#2409=DIRECTION('',(-0.0450302557070041,-0.707106781186552,0.7056715071979));
#2410=DIRECTION('',(-0.997970216059539,4.13228722334524E-16,-0.0636823983379723));
#2411=DIRECTION('',(0.0392741481414989,0.707175211733567,-0.705946712717996));
#2412=DIRECTION('',(0.684221309834042,-1.21789326357471E-14,0.729274433371271));
#2413=DIRECTION('center_axis',(0.729274433371272,-1.84987930120433E-16,
-0.68422130983404));
#2414=DIRECTION('ref_axis',(-0.68422130983404,0.,-0.729274433371272));
#2415=DIRECTION('',(0.68422130983404,0.,0.729274433371272));
#2416=DIRECTION('',(-2.69813935838204E-16,-1.,-1.7217346031657E-17));
#2417=DIRECTION('',(2.69813935838204E-16,1.,1.7217346031657E-17));
#2418=DIRECTION('',(-0.0392741481415003,0.70717521173357,0.705946712717993));
#2419=DIRECTION('center_axis',(0.0450302557070032,0.707106781186551,-0.705671507197901));
#2420=DIRECTION('ref_axis',(-0.997970216059539,0.,-0.0636823983379726));
#2421=DIRECTION('',(-0.0450302557070044,0.707106781186544,0.705671507197907));
#2422=DIRECTION('',(0.997970216059539,-3.34902623201847E-16,0.0636823983379723));
#2423=DIRECTION('',(0.0450302557070044,-0.707106781186544,-0.705671507197907));
#2424=DIRECTION('',(-0.997970216059539,3.34902623201847E-16,-0.0636823983379723));
#2425=DIRECTION('center_axis',(-4.14069193333392E-16,-1.,0.));
#2426=DIRECTION('ref_axis',(-1.,4.14069193333392E-16,0.));
#2427=DIRECTION('',(0.,0.,-1.));
#2428=DIRECTION('',(-1.,4.14069193333392E-16,0.));
#2429=DIRECTION('',(0.,0.,1.));
#2430=DIRECTION('',(0.997970216059539,-4.13228722334524E-16,0.0636823983379724));
#2431=DIRECTION('',(0.,0.,-1.));
#2432=DIRECTION('',(-1.,3.72401853123742E-16,0.));
#2433=DIRECTION('',(0.,0.,1.));
#2434=DIRECTION('center_axis',(0.,0.,-1.));
#2435=DIRECTION('ref_axis',(0.707106781186549,-0.707106781186546,0.));
#2436=DIRECTION('',(0.,0.,1.));
#2437=DIRECTION('center_axis',(0.,0.,-1.));
#2438=DIRECTION('ref_axis',(0.707106781186549,-0.707106781186546,0.));
#2439=DIRECTION('center_axis',(1.,-2.69813935838204E-16,0.));
#2440=DIRECTION('ref_axis',(-2.69813935838204E-16,-1.,0.));
#2441=DIRECTION('',(0.,0.,-1.));
#2442=DIRECTION('',(-2.69813935838204E-16,-1.,0.));
#2443=DIRECTION('center_axis',(-1.,2.69813935838204E-16,0.));
#2444=DIRECTION('ref_axis',(0.,1.,0.));
#2445=DIRECTION('center_axis',(-1.,2.69813935838204E-16,0.));
#2446=DIRECTION('ref_axis',(0.,1.,0.));
#2447=DIRECTION('center_axis',(0.,0.,-1.));
#2448=DIRECTION('ref_axis',(0.707106781186547,0.707106781186548,0.));
#2449=DIRECTION('',(0.,0.,1.));
#2450=DIRECTION('center_axis',(0.,0.,-1.));
#2451=DIRECTION('ref_axis',(0.707106781186547,0.707106781186548,0.));
#2452=DIRECTION('center_axis',(3.35583785780904E-16,1.,0.));
#2453=DIRECTION('ref_axis',(1.,-3.35583785780904E-16,0.));
#2454=DIRECTION('',(0.,0.,-1.));
#2455=DIRECTION('',(1.,-3.35583785780904E-16,0.));
#2456=DIRECTION('',(-1.,3.35583785780904E-16,3.70074341541719E-15));
#2457=DIRECTION('center_axis',(-3.35583785780904E-16,-1.,0.));
#2458=DIRECTION('ref_axis',(0.,0.,-1.));
#2459=DIRECTION('',(1.,-3.35583785780904E-16,-3.70074341541719E-15));
#2460=DIRECTION('center_axis',(-3.35583785780904E-16,-1.,0.));
#2461=DIRECTION('ref_axis',(0.,0.,1.));
#2462=DIRECTION('center_axis',(-0.0636823983379723,0.,0.997970216059539));
#2463=DIRECTION('ref_axis',(0.997970216059539,0.,0.0636823983379723));
#2464=DIRECTION('center_axis',(0.0636823983379723,0.,-0.997970216059539));
#2465=DIRECTION('ref_axis',(0.99797021605954,0.,0.0636823983379723));
#2466=DIRECTION('center_axis',(-0.0636823983379723,0.,0.997970216059539));
#2467=DIRECTION('ref_axis',(0.997970216059539,0.,0.0636823983379829));
#2468=DIRECTION('center_axis',(-0.0636823983379723,0.,0.997970216059539));
#2469=DIRECTION('ref_axis',(0.997970216059539,0.,0.0636823983379829));
#2470=DIRECTION('center_axis',(-0.0636823983379723,0.,0.997970216059539));
#2471=DIRECTION('ref_axis',(0.997970216059539,0.,0.0636823983379829));
#2472=DIRECTION('center_axis',(0.,0.,-1.));
#2473=DIRECTION('ref_axis',(0.707106781186548,0.707106781186548,0.));
#2474=DIRECTION('center_axis',(-0.0636823983379724,0.,0.99797021605954));
#2475=DIRECTION('ref_axis',(0.997970216059539,0.,0.0636823983379724));
#2476=DIRECTION('',(0.,0.,1.));
#2477=DIRECTION('center_axis',(0.,0.,1.));
#2478=DIRECTION('ref_axis',(0.707106781186548,0.707106781186548,0.));
#2479=DIRECTION('',(0.,0.,-1.));
#2480=DIRECTION('center_axis',(-1.,1.82837408203412E-16,0.));
#2481=DIRECTION('ref_axis',(1.82837408203412E-16,1.,0.));
#2482=DIRECTION('',(-1.82837408203412E-16,-1.,-1.16672065688156E-17));
#2483=DIRECTION('',(0.,0.,1.));
#2484=DIRECTION('',(1.82837408203412E-16,1.,0.));
#2485=DIRECTION('center_axis',(0.,0.,-1.));
#2486=DIRECTION('ref_axis',(-0.707106781186546,0.707106781186549,0.));
#2487=DIRECTION('center_axis',(-0.0636823983379724,0.,0.99797021605954));
#2488=DIRECTION('ref_axis',(-0.997970216059539,1.8466158529324E-15,-0.0636823983379724));
#2489=DIRECTION('',(0.,0.,1.));
#2490=DIRECTION('center_axis',(0.,0.,1.));
#2491=DIRECTION('ref_axis',(-0.707106781186546,0.707106781186549,0.));
#2492=DIRECTION('',(0.,0.,-1.));
#2493=DIRECTION('center_axis',(-0.0636823983379724,0.,0.99797021605954));
#2494=DIRECTION('ref_axis',(-0.997970216059539,3.38634425752647E-16,-0.0636823983379724));
#2495=DIRECTION('',(0.997970216059539,-3.38634425752647E-16,0.0636823983379724));
#2496=DIRECTION('',(0.,1.,0.));
#2497=DIRECTION('center_axis',(0.0636823983379724,0.,-0.99797021605954));
#2498=DIRECTION('ref_axis',(0.99797021605954,0.,0.0636823983379724));
#2499=DIRECTION('center_axis',(0.0636823983379724,0.,-0.99797021605954));
#2500=DIRECTION('ref_axis',(-0.99797021605954,1.20740267307119E-15,-0.0636823983379724));
#2501=DIRECTION('',(-1.82837408203412E-16,-1.,-1.16672065688156E-17));
#2502=DIRECTION('',(-0.997970216059539,0.,-0.0636823983379724));
#2503=DIRECTION('',(-3.0044090306981E-15,1.,-1.91717116988292E-16));
#2504=DIRECTION('',(0.997970216059539,0.,0.0636823983379724));
#2505=DIRECTION('center_axis',(0.0636823983379724,0.,-0.99797021605954));
#2506=DIRECTION('ref_axis',(0.997970216059539,0.,0.0636823983379707));
#2507=DIRECTION('center_axis',(0.0636823983379724,0.,-0.99797021605954));
#2508=DIRECTION('ref_axis',(0.997970216059539,0.,0.0636823983379707));
#2509=DIRECTION('center_axis',(0.0636823983379724,0.,-0.99797021605954));
#2510=DIRECTION('ref_axis',(0.99797021605954,0.,0.0636823983379707));
#2511=DIRECTION('center_axis',(1.,0.,0.));
#2512=DIRECTION('ref_axis',(0.,-1.,0.));
#2513=DIRECTION('',(0.,-1.,0.));
#2514=DIRECTION('',(0.,0.,1.));
#2515=DIRECTION('center_axis',(0.,0.,-1.));
#2516=DIRECTION('ref_axis',(-0.707106781186544,0.707106781186551,0.));
#2517=DIRECTION('',(0.,0.,1.));
#2518=DIRECTION('center_axis',(0.,0.,-1.));
#2519=DIRECTION('ref_axis',(-0.707106781186544,0.707106781186551,0.));
#2520=DIRECTION('center_axis',(0.,0.,1.));
#2521=DIRECTION('ref_axis',(1.,0.,0.));
#2522=DIRECTION('',(5.88684950919718E-16,1.,0.));
#2523=DIRECTION('center_axis',(0.,0.,-1.));
#2524=DIRECTION('ref_axis',(-0.707106781186547,-0.707106781186547,0.));
#2525=DIRECTION('center_axis',(0.,0.,-1.));
#2526=DIRECTION('ref_axis',(0.707106781186547,-0.707106781186547,0.));
#2527=DIRECTION('',(-1.,3.39323178490974E-16,0.));
#2528=DIRECTION('',(1.,0.,0.));
#2529=DIRECTION('',(0.,1.,0.));
#2530=DIRECTION('',(-1.,0.,0.));
#2531=DIRECTION('',(0.,-1.,0.));
#2532=DIRECTION('',(-1.,6.99353086378052E-16,0.));
#2533=DIRECTION('',(0.,-1.,0.));
#2534=DIRECTION('',(-1.,0.,0.));
#2535=DIRECTION('',(0.,-1.,0.));
#2536=DIRECTION('',(-1.,4.3969228698026E-16,0.));
#2537=DIRECTION('',(0.,1.,0.));
#2538=DIRECTION('',(-1.,0.,0.));
#2539=DIRECTION('',(5.88684950919718E-16,1.,0.));
#2540=DIRECTION('',(1.,0.,0.));
#2541=DIRECTION('',(0.,1.,0.));
#2542=DIRECTION('',(1.,0.,0.));
#2543=DIRECTION('',(0.,-1.,0.));
#2544=DIRECTION('',(1.,-3.49676543189026E-16,0.));
#2545=DIRECTION('',(-1.06568089352846E-14,1.,0.));
#2546=DIRECTION('',(1.,-2.3311769545935E-16,0.));
#2547=DIRECTION('',(2.7974123455122E-14,1.,0.));
#2548=DIRECTION('',(1.,-9.89307645705586E-16,0.));
#2549=DIRECTION('',(1.86494156367482E-15,-1.,0.));
#2550=DIRECTION('',(1.,0.,0.));
#2551=DIRECTION('',(1.554117969729E-16,-1.,0.));
#2552=DIRECTION('',(1.,1.16558847729675E-16,0.));
#2553=DIRECTION('',(0.,-1.,0.));
#2554=DIRECTION('',(-1.,0.,0.));
#2555=DIRECTION('',(0.,1.,0.));
#2556=DIRECTION('',(-1.,0.,0.));
#2557=DIRECTION('',(1.82837408203412E-16,1.,0.));
#2558=DIRECTION('center_axis',(0.,0.,-1.));
#2559=DIRECTION('ref_axis',(-0.707106781186548,-0.707106781186547,0.));
#2560=DIRECTION('center_axis',(0.,0.,-1.));
#2561=DIRECTION('ref_axis',(-0.707106781186548,-0.707106781186547,0.));
#2562=DIRECTION('',(0.,0.,-1.));
#2563=DIRECTION('center_axis',(0.,0.,-1.));
#2564=DIRECTION('ref_axis',(0.707106781186547,-0.707106781186547,0.));
#2565=DIRECTION('center_axis',(0.,0.,-1.));
#2566=DIRECTION('ref_axis',(-0.707106781186547,-0.707106781186547,0.));
#2567=DIRECTION('',(0.,0.,-1.));
#2568=DIRECTION('center_axis',(1.,0.,0.));
#2569=DIRECTION('ref_axis',(0.,1.,0.));
#2570=DIRECTION('center_axis',(1.,-5.88684950919718E-16,0.));
#2571=DIRECTION('ref_axis',(0.,1.,0.));
#2572=DIRECTION('',(1.,0.,0.));
#2573=DIRECTION('center_axis',(-1.,0.,0.));
#2574=DIRECTION('ref_axis',(0.,1.,0.));
#2575=DIRECTION('center_axis',(1.,0.,0.));
#2576=DIRECTION('ref_axis',(0.,1.,0.));
#2577=DIRECTION('center_axis',(1.,-5.88684950919718E-16,0.));
#2578=DIRECTION('ref_axis',(0.,1.,0.));
#2579=DIRECTION('',(1.,0.,0.));
#2580=DIRECTION('center_axis',(-1.,0.,0.));
#2581=DIRECTION('ref_axis',(0.,1.,0.));
#2582=DIRECTION('center_axis',(-1.,0.,0.));
#2583=DIRECTION('ref_axis',(0.,1.,0.));
#2584=DIRECTION('',(-1.,0.,0.));
#2585=DIRECTION('center_axis',(1.,0.,0.));
#2586=DIRECTION('ref_axis',(0.,1.,0.));
#2587=DIRECTION('center_axis',(-1.,0.,0.));
#2588=DIRECTION('ref_axis',(0.,1.,0.));
#2589=DIRECTION('',(-1.,0.,0.));
#2590=DIRECTION('center_axis',(1.,0.,0.));
#2591=DIRECTION('ref_axis',(0.,1.,0.));
#2592=DIRECTION('center_axis',(1.,0.,0.));
#2593=DIRECTION('ref_axis',(0.,0.,1.));
#2594=DIRECTION('center_axis',(-1.,0.,0.));
#2595=DIRECTION('ref_axis',(0.,0.,1.));
#2596=DIRECTION('',(1.,0.,0.));
#2597=DIRECTION('center_axis',(1.,-5.88684950919718E-16,0.));
#2598=DIRECTION('ref_axis',(0.,0.,1.));
#2599=DIRECTION('',(1.,0.,0.));
#2600=DIRECTION('',(-1.,0.,0.));
#2601=DIRECTION('center_axis',(0.,-1.,0.));
#2602=DIRECTION('ref_axis',(0.,0.,-1.));
#2603=DIRECTION('',(0.,0.,1.));
#2604=DIRECTION('',(0.,0.,-1.));
#2605=DIRECTION('center_axis',(0.,1.,-6.66133814775094E-16));
#2606=DIRECTION('ref_axis',(3.92142952056841E-31,6.66133814775094E-16,1.));
#2607=DIRECTION('',(0.,-6.66133814775094E-16,-1.));
#2608=DIRECTION('',(3.92142952056841E-31,6.66133814775094E-16,1.));
#2609=DIRECTION('',(1.,0.,0.));
#2610=DIRECTION('center_axis',(1.,0.,0.));
#2611=DIRECTION('ref_axis',(0.,-6.53072367426564E-16,-1.));
#2612=DIRECTION('center_axis',(-1.,0.,0.));
#2613=DIRECTION('ref_axis',(0.,-6.53072367426564E-16,-1.));
#2614=DIRECTION('',(1.,0.,0.));
#2615=DIRECTION('center_axis',(1.,-5.88684950919718E-16,0.));
#2616=DIRECTION('ref_axis',(0.,-6.53072367426564E-16,-1.));
#2617=DIRECTION('',(1.,0.,0.));
#2618=DIRECTION('center_axis',(-1.,5.88684950919718E-16,0.));
#2619=DIRECTION('ref_axis',(0.,0.,1.));
#2620=DIRECTION('',(5.88684950919718E-16,1.,0.));
#2621=DIRECTION('center_axis',(1.,-5.88684950919718E-16,0.));
#2622=DIRECTION('ref_axis',(0.,0.,1.));
#2623=DIRECTION('',(-5.88684950919718E-16,-1.,2.22044604925031E-16));
#2624=DIRECTION('center_axis',(1.,-5.88684950919718E-16,0.));
#2625=DIRECTION('ref_axis',(0.,0.,-1.));
#2626=DIRECTION('',(5.88684950919718E-16,1.,0.));
#2627=DIRECTION('center_axis',(-1.,0.,0.));
#2628=DIRECTION('ref_axis',(0.,-1.,0.));
#2629=DIRECTION('',(0.,0.,-1.));
#2630=DIRECTION('',(0.,1.,0.));
#2631=DIRECTION('',(0.,0.,1.));
#2632=DIRECTION('',(0.,1.,0.));
#2633=DIRECTION('center_axis',(1.,0.,0.));
#2634=DIRECTION('ref_axis',(0.,0.,-1.));
#2635=DIRECTION('',(1.,0.,0.));
#2636=DIRECTION('center_axis',(1.,-5.88684950919718E-16,0.));
#2637=DIRECTION('ref_axis',(0.,0.,-1.));
#2638=DIRECTION('',(1.,0.,0.));
#2639=DIRECTION('center_axis',(0.,2.22044604925031E-16,1.));
#2640=DIRECTION('ref_axis',(-5.88684950919718E-16,-1.,2.22044604925031E-16));
#2641=DIRECTION('',(1.,0.,0.));
#2642=DIRECTION('',(-5.88684950919718E-16,-1.,2.22044604925031E-16));
#2643=DIRECTION('center_axis',(1.,0.,0.));
#2644=DIRECTION('ref_axis',(0.,-1.,0.));
#2645=DIRECTION('',(0.,-1.,0.));
#2646=DIRECTION('',(0.,-1.,0.));
#2647=DIRECTION('',(0.,0.,-1.));
#2648=DIRECTION('',(0.,-1.,0.));
#2649=DIRECTION('',(0.,0.,-1.));
#2650=DIRECTION('',(0.,-1.,0.));
#2651=DIRECTION('center_axis',(1.,0.,0.));
#2652=DIRECTION('ref_axis',(0.,0.,1.));
#2653=DIRECTION('',(1.,0.,0.));
#2654=DIRECTION('center_axis',(1.,-5.88684950919718E-16,0.));
#2655=DIRECTION('ref_axis',(0.,0.,1.));
#2656=DIRECTION('center_axis',(0.,0.,-1.));
#2657=DIRECTION('ref_axis',(5.88684950919718E-16,1.,0.));
#2658=DIRECTION('',(5.88684950919718E-16,1.,0.));
#2659=DIRECTION('center_axis',(-1.,0.,0.));
#2660=DIRECTION('ref_axis',(0.,-1.,0.));
#2661=DIRECTION('',(0.,1.,0.));
#2662=DIRECTION('',(0.,0.,-1.));
#2663=DIRECTION('',(0.,1.,0.));
#2664=DIRECTION('',(0.,0.,1.));
#2665=DIRECTION('',(0.,-1.,0.));
#2666=DIRECTION('',(0.,0.,-1.));
#2667=DIRECTION('',(0.,-1.,0.));
#2668=DIRECTION('',(0.,0.,1.));
#2669=DIRECTION('center_axis',(0.,0.,1.));
#2670=DIRECTION('ref_axis',(1.,0.,0.));
#2671=DIRECTION('',(1.,-2.64273946965988E-14,0.));
#2672=DIRECTION('center_axis',(-0.0636823983379829,0.,0.997970216059539));
#2673=DIRECTION('ref_axis',(0.997970216059539,0.,0.0636823983379829));
#2674=DIRECTION('',(-0.0636823983379829,0.,0.997970216059539));
#2675=DIRECTION('center_axis',(-0.0636823983379723,0.,0.997970216059539));
#2676=DIRECTION('ref_axis',(0.99797021605954,0.,0.0636823983379705));
#2677=DIRECTION('center_axis',(0.0636823983379723,0.,-0.997970216059539));
#2678=DIRECTION('ref_axis',(-0.997970216059539,0.,-0.0636823983379723));
#2679=DIRECTION('center_axis',(0.0636823983379723,0.,-0.997970216059539));
#2680=DIRECTION('ref_axis',(0.99797021605954,0.,0.0636823983379707));
#2681=DIRECTION('center_axis',(-0.0636823983379829,0.,0.997970216059539));
#2682=DIRECTION('ref_axis',(0.997970216059539,0.,0.0636823983379829));
#2683=DIRECTION('',(-0.0636823983379829,0.,0.997970216059539));
#2684=DIRECTION('center_axis',(-0.0636823983379723,0.,0.997970216059539));
#2685=DIRECTION('ref_axis',(0.99797021605954,0.,0.0636823983379705));
#2686=DIRECTION('center_axis',(0.0636823983379723,0.,-0.997970216059539));
#2687=DIRECTION('ref_axis',(-0.997970216059539,0.,-0.0636823983379723));
#2688=DIRECTION('center_axis',(0.0636823983379723,0.,-0.997970216059539));
#2689=DIRECTION('ref_axis',(0.997970216059539,0.,0.0636823983379707));
#2690=DIRECTION('center_axis',(-0.0636823983379829,0.,0.997970216059539));
#2691=DIRECTION('ref_axis',(0.997970216059539,0.,0.0636823983379829));
#2692=DIRECTION('',(-0.0636823983379829,0.,0.997970216059539));
#2693=DIRECTION('center_axis',(-0.0636823983379723,0.,0.997970216059539));
#2694=DIRECTION('ref_axis',(0.99797021605954,0.,0.0636823983379705));
#2695=DIRECTION('center_axis',(0.0636823983379723,0.,-0.997970216059539));
#2696=DIRECTION('ref_axis',(-0.997970216059539,0.,-0.0636823983379723));
#2697=DIRECTION('center_axis',(0.0636823983379723,0.,-0.997970216059539));
#2698=DIRECTION('ref_axis',(0.997970216059539,0.,0.0636823983379707));
#2699=DIRECTION('center_axis',(-0.0636823983379707,0.,0.99797021605954));
#2700=DIRECTION('ref_axis',(0.99797021605954,0.,0.0636823983379707));
#2701=DIRECTION('',(-0.0636823983379707,0.,0.99797021605954));
#2702=DIRECTION('center_axis',(-0.0636823983379707,0.,0.99797021605954));
#2703=DIRECTION('ref_axis',(0.997970216059539,0.,0.0636823983379707));
#2704=DIRECTION('',(-0.0636823983379707,0.,0.997970216059539));
#2705=DIRECTION('center_axis',(-0.0636823983379707,0.,0.99797021605954));
#2706=DIRECTION('ref_axis',(0.997970216059539,0.,0.0636823983379707));
#2707=DIRECTION('',(-0.0636823983379707,0.,0.997970216059539));
#2708=DIRECTION('center_axis',(-1.,-3.0044090306981E-15,0.));
#2709=DIRECTION('ref_axis',(3.0044090306981E-15,-1.,1.91717116988292E-16));
#2710=DIRECTION('',(0.,0.,1.));
#2711=DIRECTION('',(-3.0044090306981E-15,1.,-1.91717116988292E-16));
#2712=DIRECTION('',(0.,0.,1.));
#2713=DIRECTION('center_axis',(0.,1.,0.));
#2714=DIRECTION('ref_axis',(-0.997970216059539,0.,-0.0636823983379724));
#2715=DIRECTION('',(0.997970216059539,0.,0.0636823983379724));
#2716=DIRECTION('',(0.,0.,1.));
#2717=DIRECTION('',(1.,0.,0.));
#2718=DIRECTION('',(0.,0.,-1.));
#2719=DIRECTION('center_axis',(1.,0.,0.));
#2720=DIRECTION('ref_axis',(0.,1.,0.));
#2721=DIRECTION('',(0.,-1.,0.));
#2722=DIRECTION('',(0.,-1.,0.));
#2723=DIRECTION('',(0.,0.,1.));
#2724=DIRECTION('center_axis',(-0.0636823983379724,0.,0.99797021605954));
#2725=DIRECTION('ref_axis',(0.997970216059539,0.,0.0636823983379724));
#2726=DIRECTION('',(-0.997970216059539,0.,-0.0636823983379724));
#2727=DIRECTION('center_axis',(-3.39323178490974E-16,-1.,0.));
#2728=DIRECTION('ref_axis',(-1.,3.39323178490974E-16,0.));
#2729=DIRECTION('center_axis',(-1.,1.82837408203412E-16,0.));
#2730=DIRECTION('ref_axis',(1.82837408203412E-16,1.,0.));
#2731=DIRECTION('',(0.,0.,-1.));
#2732=DIRECTION('center_axis',(0.,0.,1.));
#2733=DIRECTION('ref_axis',(-1.,3.35583785780904E-16,0.));
#2734=DIRECTION('',(1.,0.,0.));
#2735=DIRECTION('',(-1.,3.35583785780904E-16,0.));
#2736=DIRECTION('',(0.,-1.,0.));
#2737=DIRECTION('center_axis',(3.35583785780904E-16,1.,0.));
#2738=DIRECTION('ref_axis',(0.,0.,1.));
#2739=DIRECTION('',(1.,-3.35583785780904E-16,0.));
#2740=DIRECTION('center_axis',(-3.35583785780904E-16,-1.,0.));
#2741=DIRECTION('ref_axis',(0.,0.,-1.));
#2742=DIRECTION('',(-1.,3.35583785780904E-16,3.70074341541719E-15));
#2743=DIRECTION('center_axis',(-3.35583785780904E-16,-1.,0.));
#2744=DIRECTION('ref_axis',(0.,0.,1.));
#2745=DIRECTION('',(1.,-3.35583785780904E-16,0.));
#2746=DIRECTION('',(0.,0.,1.));
#2747=DIRECTION('center_axis',(1.,0.,0.));
#2748=DIRECTION('ref_axis',(0.,1.,0.));
#2749=DIRECTION('',(0.,0.,-1.));
#2750=DIRECTION('',(0.,-1.,0.));
#2751=DIRECTION('',(0.,0.,-1.));
#2752=DIRECTION('',(0.,1.,0.));
#2753=DIRECTION('',(0.,0.,-1.));
#2754=DIRECTION('',(0.,0.,-1.));
#2755=DIRECTION('',(0.,-1.,0.));
#2756=DIRECTION('center_axis',(0.,1.,0.));
#2757=DIRECTION('ref_axis',(0.,0.,1.));
#2758=DIRECTION('',(0.,-1.,0.));
#2759=DIRECTION('',(0.,1.,0.));
#2760=DIRECTION('',(0.,1.,0.));
#2761=DIRECTION('center_axis',(0.,1.,0.));
#2762=DIRECTION('ref_axis',(0.,0.,1.));
#2763=DIRECTION('',(0.,-1.,0.));
#2764=DIRECTION('',(0.,1.,0.));
#2765=DIRECTION('center_axis',(3.70074341541719E-15,0.,1.));
#2766=DIRECTION('ref_axis',(1.,0.,-3.70074341541719E-15));
#2767=DIRECTION('',(0.,1.,0.));
#2768=DIRECTION('center_axis',(5.2576268797998E-15,-1.,0.));
#2769=DIRECTION('ref_axis',(-1.,-5.2576268797998E-15,0.));
#2770=DIRECTION('',(-1.,-5.2576268797998E-15,0.));
#2771=DIRECTION('',(0.,0.,-1.));
#2772=DIRECTION('',(-1.,-5.2576268797998E-15,0.));
#2773=DIRECTION('',(0.,0.,-1.));
#2774=DIRECTION('center_axis',(0.,0.,-1.));
#2775=DIRECTION('ref_axis',(1.,0.,0.));
#2776=DIRECTION('center_axis',(0.,0.,1.));
#2777=DIRECTION('ref_axis',(1.,0.,0.));
#2778=DIRECTION('',(0.,0.,1.));
#2779=DIRECTION('center_axis',(0.,0.,1.));
#2780=DIRECTION('ref_axis',(1.,0.,0.));
#2781=DIRECTION('center_axis',(-5.2576268797998E-15,1.,0.));
#2782=DIRECTION('ref_axis',(1.,5.2576268797998E-15,0.));
#2783=DIRECTION('',(1.,5.2576268797998E-15,0.));
#2784=DIRECTION('',(0.,0.,-1.));
#2785=DIRECTION('',(1.,5.2576268797998E-15,0.));
#2786=DIRECTION('',(0.,0.,1.));
#2787=DIRECTION('center_axis',(0.,0.,-1.));
#2788=DIRECTION('ref_axis',(0.,1.,0.));
#2789=DIRECTION('center_axis',(0.,0.,-1.));
#2790=DIRECTION('ref_axis',(0.,1.,0.));
#2791=DIRECTION('center_axis',(0.,0.,-1.));
#2792=DIRECTION('ref_axis',(0.,1.,0.));
#2793=DIRECTION('center_axis',(0.,0.,1.));
#2794=DIRECTION('ref_axis',(1.,0.,0.));
#2795=DIRECTION('',(0.,-1.,0.));
#2796=DIRECTION('center_axis',(1.,0.,0.));
#2797=DIRECTION('ref_axis',(0.,1.,0.));
#2798=DIRECTION('',(0.,-1.,0.));
#2799=DIRECTION('',(0.,0.,-1.));
#2800=DIRECTION('',(0.,0.,-1.));
#2801=DIRECTION('',(0.,1.,0.));
#2802=DIRECTION('',(0.,0.,-1.));
#2803=DIRECTION('',(0.,-1.,0.));
#2804=DIRECTION('center_axis',(0.,0.,-1.));
#2805=DIRECTION('ref_axis',(-1.,0.,0.));
#2806=DIRECTION('center_axis',(0.,1.,0.));
#2807=DIRECTION('ref_axis',(0.,0.,-1.));
#2808=DIRECTION('',(0.,-1.,0.));
#2809=DIRECTION('center_axis',(0.,1.,0.));
#2810=DIRECTION('ref_axis',(0.,0.,-1.));
#2811=DIRECTION('',(0.,1.,0.));
#2812=DIRECTION('center_axis',(0.,1.,0.));
#2813=DIRECTION('ref_axis',(-1.,0.,0.));
#2814=DIRECTION('center_axis',(0.,0.,-1.));
#2815=DIRECTION('ref_axis',(-1.,0.,0.));
#2816=DIRECTION('',(-1.,1.66533453693777E-14,0.));
#2817=DIRECTION('',(0.,-1.,0.));
#2818=DIRECTION('',(1.,-1.80411241501592E-14,0.));
#2819=DIRECTION('',(-1.,0.,0.));
#2820=DIRECTION('',(-1.,0.,0.));
#2821=DIRECTION('',(1.,-2.64273946965988E-14,0.));
#2822=DIRECTION('',(-1.,2.66998420646049E-14,0.));
#2823=DIRECTION('',(-1.,4.3969228698026E-16,0.));
#2824=DIRECTION('center_axis',(0.,-1.,0.));
#2825=DIRECTION('ref_axis',(1.,0.,0.));
#2826=DIRECTION('',(1.,0.,0.));
#2827=DIRECTION('center_axis',(0.,0.,1.));
#2828=DIRECTION('ref_axis',(1.,0.,0.));
#2829=DIRECTION('',(1.,0.,0.));
#2830=DIRECTION('',(0.,-1.,0.));
#2831=DIRECTION('',(-1.,0.,0.));
#2832=DIRECTION('center_axis',(0.,0.,1.));
#2833=DIRECTION('ref_axis',(1.,0.,0.));
#2834=DIRECTION('',(1.,0.,0.));
#2835=DIRECTION('center_axis',(0.,1.,0.));
#2836=DIRECTION('ref_axis',(-1.,0.,0.));
#2837=DIRECTION('',(1.,0.,0.));
#2838=DIRECTION('',(0.,0.,1.));
#2839=DIRECTION('',(0.,0.,1.));
#2840=DIRECTION('center_axis',(-1.,0.,0.));
#2841=DIRECTION('ref_axis',(0.,-1.,0.));
#2842=DIRECTION('',(0.,1.,0.));
#2843=DIRECTION('',(0.,0.,1.));
#2844=DIRECTION('center_axis',(0.,-1.,0.));
#2845=DIRECTION('ref_axis',(1.,0.,0.));
#2846=DIRECTION('',(-1.,0.,0.));
#2847=DIRECTION('',(0.,0.,1.));
#2848=DIRECTION('center_axis',(1.,0.,0.));
#2849=DIRECTION('ref_axis',(0.,1.,0.));
#2850=DIRECTION('',(0.,-1.,0.));
#2851=DIRECTION('center_axis',(0.,-1.,0.));
#2852=DIRECTION('ref_axis',(1.,0.,0.));
#2853=DIRECTION('center_axis',(0.,0.,-1.));
#2854=DIRECTION('ref_axis',(1.,0.,0.));
#2855=DIRECTION('center_axis',(0.,0.,-1.));
#2856=DIRECTION('ref_axis',(1.,0.,0.));
#2857=DIRECTION('',(0.,0.,-1.));
#2858=DIRECTION('center_axis',(2.64273946965988E-14,1.,0.));
#2859=DIRECTION('ref_axis',(1.,-2.64273946965988E-14,0.));
#2860=DIRECTION('center_axis',(-2.66998420646049E-14,-1.,0.));
#2861=DIRECTION('ref_axis',(-1.,2.66998420646049E-14,0.));
#2862=DIRECTION('',(-1.,2.66998420646049E-14,0.));
#2863=DIRECTION('center_axis',(0.,0.,1.));
#2864=DIRECTION('ref_axis',(1.,0.,0.));
#2865=DIRECTION('center_axis',(1.80411241501592E-14,1.,0.));
#2866=DIRECTION('ref_axis',(-1.,1.80411241501592E-14,0.));
#2867=DIRECTION('',(-1.,1.80411241501592E-14,0.));
#2868=DIRECTION('',(0.,0.,-1.));
#2869=DIRECTION('center_axis',(1.,0.,0.));
#2870=DIRECTION('ref_axis',(0.,1.,0.));
#2871=DIRECTION('',(0.,1.,0.));
#2872=DIRECTION('',(0.,0.,-1.));
#2873=DIRECTION('center_axis',(0.,0.,-1.));
#2874=DIRECTION('ref_axis',(-1.,0.,0.));
#2875=DIRECTION('center_axis',(-4.3969228698026E-16,-1.,0.));
#2876=DIRECTION('ref_axis',(1.,-4.3969228698026E-16,0.));
#2877=DIRECTION('center_axis',(-1.66533453693777E-14,-1.,0.));
#2878=DIRECTION('ref_axis',(1.,-1.66533453693777E-14,0.));
#2879=DIRECTION('',(1.,-1.66533453693777E-14,0.));
#2880=DIRECTION('center_axis',(0.,-1.,0.));
#2881=DIRECTION('ref_axis',(-1.,0.,0.));
#2882=DIRECTION('',(0.,0.,-1.));
#2883=DIRECTION('',(-1.,0.,0.));
#2884=DIRECTION('center_axis',(1.,0.,0.));
#2885=DIRECTION('ref_axis',(0.,-1.,0.));
#2886=DIRECTION('',(0.,0.,-1.));
#2887=DIRECTION('',(0.,-1.,0.));
#2888=DIRECTION('center_axis',(-6.99353086378052E-16,-1.,0.));
#2889=DIRECTION('ref_axis',(-1.,6.99353086378052E-16,0.));
#2890=DIRECTION('',(0.,0.,-1.));
#2891=DIRECTION('',(-1.,6.99353086378052E-16,0.));
#2892=DIRECTION('center_axis',(1.,0.,0.));
#2893=DIRECTION('ref_axis',(0.,-1.,0.));
#2894=DIRECTION('',(0.,0.,-1.));
#2895=DIRECTION('',(0.,-1.,0.));
#2896=DIRECTION('center_axis',(0.,-1.,0.));
#2897=DIRECTION('ref_axis',(-1.,0.,0.));
#2898=DIRECTION('',(0.,0.,-1.));
#2899=DIRECTION('',(-1.,0.,0.));
#2900=DIRECTION('center_axis',(-1.,0.,0.));
#2901=DIRECTION('ref_axis',(0.,1.,0.));
#2902=DIRECTION('',(0.,1.,0.));
#2903=DIRECTION('center_axis',(0.,-1.,0.));
#2904=DIRECTION('ref_axis',(-1.,0.,0.));
#2905=DIRECTION('',(0.,0.,-1.));
#2906=DIRECTION('',(-1.,0.,0.));
#2907=DIRECTION('center_axis',(-1.,0.,0.));
#2908=DIRECTION('ref_axis',(0.,1.,0.));
#2909=DIRECTION('',(0.,0.,-1.));
#2910=DIRECTION('',(0.,1.,0.));
#2911=DIRECTION('center_axis',(0.,-1.,0.));
#2912=DIRECTION('ref_axis',(-1.,0.,0.));
#2913=DIRECTION('',(0.,0.,-1.));
#2914=DIRECTION('',(-1.,0.,0.));
#2915=DIRECTION('center_axis',(1.,0.,0.));
#2916=DIRECTION('ref_axis',(0.,-1.,0.));
#2917=DIRECTION('',(0.,0.,-1.));
#2918=DIRECTION('',(0.,-1.,0.));
#2919=DIRECTION('center_axis',(-1.16558847729675E-16,1.,0.));
#2920=DIRECTION('ref_axis',(1.,1.16558847729675E-16,0.));
#2921=DIRECTION('',(0.,0.,-1.));
#2922=DIRECTION('',(1.,1.16558847729675E-16,0.));
#2923=DIRECTION('center_axis',(1.,1.554117969729E-16,0.));
#2924=DIRECTION('ref_axis',(1.554117969729E-16,-1.,0.));
#2925=DIRECTION('',(0.,0.,-1.));
#2926=DIRECTION('',(1.554117969729E-16,-1.,0.));
#2927=DIRECTION('center_axis',(0.,1.,0.));
#2928=DIRECTION('ref_axis',(1.,0.,0.));
#2929=DIRECTION('',(0.,0.,-1.));
#2930=DIRECTION('',(1.,0.,0.));
#2931=DIRECTION('center_axis',(1.,1.86494156367482E-15,0.));
#2932=DIRECTION('ref_axis',(1.86494156367482E-15,-1.,0.));
#2933=DIRECTION('',(0.,0.,-1.));
#2934=DIRECTION('',(1.86494156367482E-15,-1.,0.));
#2935=DIRECTION('center_axis',(9.89307645705586E-16,1.,0.));
#2936=DIRECTION('ref_axis',(1.,-9.89307645705586E-16,0.));
#2937=DIRECTION('',(0.,0.,-1.));
#2938=DIRECTION('',(1.,-9.89307645705586E-16,0.));
#2939=DIRECTION('center_axis',(-1.,2.7974123455122E-14,0.));
#2940=DIRECTION('ref_axis',(2.7974123455122E-14,1.,0.));
#2941=DIRECTION('',(0.,0.,-1.));
#2942=DIRECTION('',(2.7974123455122E-14,1.,0.));
#2943=DIRECTION('center_axis',(2.3311769545935E-16,1.,0.));
#2944=DIRECTION('ref_axis',(1.,-2.3311769545935E-16,0.));
#2945=DIRECTION('',(0.,0.,-1.));
#2946=DIRECTION('',(1.,-2.3311769545935E-16,0.));
#2947=DIRECTION('center_axis',(-1.,-1.06568089352846E-14,0.));
#2948=DIRECTION('ref_axis',(-1.06568089352846E-14,1.,0.));
#2949=DIRECTION('',(0.,0.,-1.));
#2950=DIRECTION('',(-1.06568089352846E-14,1.,0.));
#2951=DIRECTION('center_axis',(3.49676543189026E-16,1.,0.));
#2952=DIRECTION('ref_axis',(1.,-3.49676543189026E-16,0.));
#2953=DIRECTION('',(1.,-3.49676543189026E-16,0.));
#2954=DIRECTION('center_axis',(0.,0.,-1.));
#2955=DIRECTION('ref_axis',(-1.,0.,0.));
#2956=DIRECTION('center_axis',(-1.,5.88684950919718E-16,0.));
#2957=DIRECTION('ref_axis',(5.88684950919718E-16,1.,0.));
#2958=CARTESIAN_POINT('',(0.,0.,0.));
#2959=CARTESIAN_POINT('Ctrl Pts',(-103.306841198093,21.4498700155395,-13.8521484100913));
#2960=CARTESIAN_POINT('Ctrl Pts',(-104.181969983148,21.4427248673959,-13.9079939218176));
#2961=CARTESIAN_POINT('Ctrl Pts',(-106.213554874873,20.7132750532063,-14.0380690815391));
#2962=CARTESIAN_POINT('Ctrl Pts',(-107.175,18.7073310300126,-14.1));
#2963=CARTESIAN_POINT('Ctrl Pts',(-107.175,17.55,-14.1));
#2964=CARTESIAN_POINT('Ctrl Pts',(-103.296227465395,21.2832466770263,-14.018476773814));
#2965=CARTESIAN_POINT('Ctrl Pts',(-104.134117734118,21.2784832449306,-14.0719454037811));
#2966=CARTESIAN_POINT('Ctrl Pts',(-106.083139371804,20.5847347751257,-14.1966067696661));
#2967=CARTESIAN_POINT('Ctrl Pts',(-107.008671630657,18.6605451362042,-14.2560529336103));
#2968=CARTESIAN_POINT('Ctrl Pts',(-107.008671630657,17.55,-14.2560529336103));
#2969=CARTESIAN_POINT('Ctrl Pts',(-103.285613732698,21.1166233385132,-14.1848051375367));
#2970=CARTESIAN_POINT('Ctrl Pts',(-104.086265485088,21.1142416224653,-14.2358968857446));
#2971=CARTESIAN_POINT('Ctrl Pts',(-105.952723868736,20.4561944970451,-14.355144457793));
#2972=CARTESIAN_POINT('Ctrl Pts',(-106.842343261313,18.6137592423958,-14.4121058672207));
#2973=CARTESIAN_POINT('Ctrl Pts',(-106.842343261313,17.55,-14.4121058672207));
#2974=CARTESIAN_POINT('Ctrl Pts',(-103.275,20.95,-14.3511335012594));
#2975=CARTESIAN_POINT('Ctrl Pts',(-104.038413236057,20.95,-14.3998483677081));
#2976=CARTESIAN_POINT('Ctrl Pts',(-105.822308365667,20.3276542189645,-14.51368214592));
#2977=CARTESIAN_POINT('Ctrl Pts',(-106.67601489197,18.5669733485874,-14.568158800831));
#2978=CARTESIAN_POINT('Ctrl Pts',(-106.67601489197,17.55,-14.568158800831));
#2979=CARTESIAN_POINT('',(-106.67601489197,17.55,-14.568158800831));
#2980=CARTESIAN_POINT('',(-107.175,17.55,-14.1));
#2981=CARTESIAN_POINT('',(-106.67601489197,17.55,-14.568158800831));
#2982=CARTESIAN_POINT('',(-103.306841198093,21.4498700155395,-13.8521484100913));
#2983=CARTESIAN_POINT('Ctrl Pts',(-107.175,17.55,-14.1));
#2984=CARTESIAN_POINT('Ctrl Pts',(-107.175,18.7073310300126,-14.1));
#2985=CARTESIAN_POINT('Ctrl Pts',(-106.213554874873,20.7132750532063,-14.0380690815391));
#2986=CARTESIAN_POINT('Ctrl Pts',(-104.181969983148,21.4427248673959,-13.9079939218176));
#2987=CARTESIAN_POINT('Ctrl Pts',(-103.306841198093,21.4498700155395,-13.8521484100913));
#2988=CARTESIAN_POINT('',(-103.275,20.95,-14.3511335012594));
#2989=CARTESIAN_POINT('',(-103.306841198093,21.4498700155395,-13.8521484100913));
#2990=CARTESIAN_POINT('Ctrl Pts',(-103.275,20.95,-14.3511335012594));
#2991=CARTESIAN_POINT('Ctrl Pts',(-104.038413236057,20.95,-14.3998483677081));
#2992=CARTESIAN_POINT('Ctrl Pts',(-105.822308365667,20.3276542189645,-14.51368214592));
#2993=CARTESIAN_POINT('Ctrl Pts',(-106.67601489197,18.5669733485874,-14.568158800831));
#2994=CARTESIAN_POINT('Ctrl Pts',(-106.67601489197,17.55,-14.568158800831));
#2995=CARTESIAN_POINT('Origin',(-106.925507445985,-34.5375,-14.3340794004155));
#2996=CARTESIAN_POINT('',(-106.67601489197,-65.175,-14.568158800831));
#2997=CARTESIAN_POINT('',(-106.67601489197,-34.5375,-14.568158800831));
#2998=CARTESIAN_POINT('',(-107.175,-65.175,-14.1));
#2999=CARTESIAN_POINT('',(-106.67601489197,-65.175,-14.568158800831));
#3000=CARTESIAN_POINT('',(-107.175,-34.5375,-14.1));
#3001=CARTESIAN_POINT('Ctrl Pts',(-107.175,-65.175,-14.1));
#3002=CARTESIAN_POINT('Ctrl Pts',(-107.175,-66.0429982725094,-14.1));
#3003=CARTESIAN_POINT('Ctrl Pts',(-106.475115729058,-68.0717360088539,-14.0549097812016));
#3004=CARTESIAN_POINT('Ctrl Pts',(-104.473679578167,-69.065343151348,-13.9266090923931));
#3005=CARTESIAN_POINT('Ctrl Pts',(-103.306841198093,-69.0748700155394,-13.8521484100913));
#3006=CARTESIAN_POINT('Ctrl Pts',(-107.008671630657,-65.175,-14.2560529336103));
#3007=CARTESIAN_POINT('Ctrl Pts',(-107.008671630657,-66.0079088521531,-14.2560529336103));
#3008=CARTESIAN_POINT('Ctrl Pts',(-106.334884033995,-67.9545500501285,-14.2127710796967));
#3009=CARTESIAN_POINT('Ctrl Pts',(-104.413414490359,-68.901895434232,-14.0897682804368));
#3010=CARTESIAN_POINT('Ctrl Pts',(-103.296227465395,-68.9082466770263,-14.018476773814));
#3011=CARTESIAN_POINT('Ctrl Pts',(-106.842343261314,-65.175,-14.4121058672207));
#3012=CARTESIAN_POINT('Ctrl Pts',(-106.842343261314,-65.9728194317968,-14.4121058672207));
#3013=CARTESIAN_POINT('Ctrl Pts',(-106.194652338933,-67.837364091403,-14.3706323781918));
#3014=CARTESIAN_POINT('Ctrl Pts',(-104.353149402551,-68.738447717116,-14.2529274684806));
#3015=CARTESIAN_POINT('Ctrl Pts',(-103.285613732698,-68.7416233385131,-14.1848051375367));
#3016=CARTESIAN_POINT('Ctrl Pts',(-106.67601489197,-65.175,-14.568158800831));
#3017=CARTESIAN_POINT('Ctrl Pts',(-106.67601489197,-65.9377300114405,-14.568158800831));
#3018=CARTESIAN_POINT('Ctrl Pts',(-106.05442064387,-67.7201781326776,-14.5284936766869));
#3019=CARTESIAN_POINT('Ctrl Pts',(-104.292884314743,-68.575,-14.4160866565243));
#3020=CARTESIAN_POINT('Ctrl Pts',(-103.275,-68.575,-14.3511335012594));
#3021=CARTESIAN_POINT('',(-103.275,-68.575,-14.3511335012595));
#3022=CARTESIAN_POINT('',(-103.306841198093,-69.0748700155394,-13.8521484100913));
#3023=CARTESIAN_POINT('',(-103.275,-68.575,-14.3511335012595));
#3024=CARTESIAN_POINT('Ctrl Pts',(-103.306841198093,-69.0748700155394,-13.8521484100913));
#3025=CARTESIAN_POINT('Ctrl Pts',(-104.473679578167,-69.065343151348,-13.9266090923931));
#3026=CARTESIAN_POINT('Ctrl Pts',(-106.475115729058,-68.0717360088539,-14.0549097812016));
#3027=CARTESIAN_POINT('Ctrl Pts',(-107.175,-66.0429982725094,-14.1));
#3028=CARTESIAN_POINT('Ctrl Pts',(-107.175,-65.175,-14.1));
#3029=CARTESIAN_POINT('Ctrl Pts',(-106.67601489197,-65.175,-14.568158800831));
#3030=CARTESIAN_POINT('Ctrl Pts',(-106.67601489197,-65.9377300114405,-14.568158800831));
#3031=CARTESIAN_POINT('Ctrl Pts',(-106.05442064387,-67.7201781326776,-14.5284936766869));
#3032=CARTESIAN_POINT('Ctrl Pts',(-104.292884314743,-68.575,-14.4160866565243));
#3033=CARTESIAN_POINT('Ctrl Pts',(-103.275,-68.575,-14.3511335012594));
#3034=CARTESIAN_POINT('Origin',(-47.4820377575132,-68.825,-10.5403688263399));
#3035=CARTESIAN_POINT('',(-103.275,-69.075,-13.8501165450879));
#3036=CARTESIAN_POINT('',(-103.243158800831,-68.5749999999999,-14.3491016531177));
#3037=CARTESIAN_POINT('',(-103.275,-69.075,-13.8501165450879));
#3038=CARTESIAN_POINT('',(8.02499999999999,-68.575,-7.24886649874056));
#3039=CARTESIAN_POINT('',(-47.4661171579287,-68.575,-10.7898613803548));
#3040=CARTESIAN_POINT('',(7.99315880083101,-69.075,-6.74988139071079));
#3041=CARTESIAN_POINT('',(8.02499999999999,-68.575,-7.24886649874056));
#3042=CARTESIAN_POINT('',(-47.4979583570977,-69.075,-10.290876272325));
#3043=CARTESIAN_POINT('Ctrl Pts',(-103.306841198093,-69.0748700155394,-13.8521484100913));
#3044=CARTESIAN_POINT('Ctrl Pts',(-103.296227466471,-69.0749566732818,-13.8514711048948));
#3045=CARTESIAN_POINT('Ctrl Pts',(-103.285613733056,-69.075,-13.8507938278018));
#3046=CARTESIAN_POINT('Ctrl Pts',(-103.275,-69.075,-13.8501165450879));
#3047=CARTESIAN_POINT('Ctrl Pts',(-103.296227465395,-68.9082466770263,-14.018476773814));
#3048=CARTESIAN_POINT('Ctrl Pts',(-103.285613733295,-68.9083044488545,-14.0177994761117));
#3049=CARTESIAN_POINT('Ctrl Pts',(-103.275,-68.9083333333333,-14.0171221971451));
#3050=CARTESIAN_POINT('Ctrl Pts',(-103.264386266944,-68.9083333333333,-14.0164449144312));
#3051=CARTESIAN_POINT('Ctrl Pts',(-103.285613732698,-68.7416233385131,-14.1848051375367));
#3052=CARTESIAN_POINT('Ctrl Pts',(-103.27500000012,-68.7416522244272,-14.1841278473286));
#3053=CARTESIAN_POINT('Ctrl Pts',(-103.264386266944,-68.7416666666666,-14.1834505664884));
#3054=CARTESIAN_POINT('Ctrl Pts',(-103.253772533887,-68.7416666666666,-14.1827732837744));
#3055=CARTESIAN_POINT('Ctrl Pts',(-103.275,-68.5749999999999,-14.3511335012595));
#3056=CARTESIAN_POINT('Ctrl Pts',(-103.264386266944,-68.5749999999999,-14.3504562185455));
#3057=CARTESIAN_POINT('Ctrl Pts',(-103.253772533887,-68.5749999999999,-14.3497789358316));
#3058=CARTESIAN_POINT('Ctrl Pts',(-103.243158800831,-68.5749999999999,-14.3491016531177));
#3059=CARTESIAN_POINT('Ctrl Pts',(-103.275,-69.075,-13.8501165450879));
#3060=CARTESIAN_POINT('Ctrl Pts',(-103.285613733056,-69.075,-13.8507938278018));
#3061=CARTESIAN_POINT('Ctrl Pts',(-103.296227466471,-69.0749566732818,-13.8514711048948));
#3062=CARTESIAN_POINT('Ctrl Pts',(-103.306841198093,-69.0748700155394,-13.8521484100913));
#3063=CARTESIAN_POINT('Ctrl Pts',(-103.275,-68.5749999999999,-14.3511335012595));
#3064=CARTESIAN_POINT('Ctrl Pts',(-103.264386266944,-68.5749999999999,-14.3504562185455));
#3065=CARTESIAN_POINT('Ctrl Pts',(-103.253772533887,-68.5749999999999,-14.3497789358316));
#3066=CARTESIAN_POINT('Ctrl Pts',(-103.243158800831,-68.5749999999999,-14.3491016531177));
#3067=CARTESIAN_POINT('Ctrl Pts',(8.02499999984867,-69.075,-6.74784955950788));
#3068=CARTESIAN_POINT('Ctrl Pts',(9.18588947821908,-69.0750000000451,-6.67377343861543));
#3069=CARTESIAN_POINT('Ctrl Pts',(11.2063167081917,-68.1037290804093,-6.54542815094035));
#3070=CARTESIAN_POINT('Ctrl Pts',(11.925,-66.0527317798654,-6.50000000000001));
#3071=CARTESIAN_POINT('Ctrl Pts',(11.925,-65.175,-6.50000000000001));
#3072=CARTESIAN_POINT('Ctrl Pts',(8.03425820848957,-68.9082955400543,-6.91426442182736));
#3073=CARTESIAN_POINT('Ctrl Pts',(9.14570454207303,-68.9055398880205,-6.84334254012835));
#3074=CARTESIAN_POINT('Ctrl Pts',(11.0747366820539,-67.9715765670717,-6.72063532932459));
#3075=CARTESIAN_POINT('Ctrl Pts',(11.7586716306567,-66.0130764247996,-6.677280399723));
#3076=CARTESIAN_POINT('Ctrl Pts',(11.7586716306567,-65.175,-6.677280399723));
#3077=CARTESIAN_POINT('Ctrl Pts',(8.04351641713047,-68.7415910801085,-7.08067928414684));
#3078=CARTESIAN_POINT('Ctrl Pts',(9.10551960592698,-68.7360797759959,-7.01291164164128));
#3079=CARTESIAN_POINT('Ctrl Pts',(10.943156655916,-67.839424053734,-6.89584250770884));
#3080=CARTESIAN_POINT('Ctrl Pts',(11.5923432613135,-65.9734210697338,-6.854560799446));
#3081=CARTESIAN_POINT('Ctrl Pts',(11.5923432613135,-65.175,-6.854560799446));
#3082=CARTESIAN_POINT('Ctrl Pts',(8.05277462577137,-68.5748866201628,-7.24709414646631));
#3083=CARTESIAN_POINT('Ctrl Pts',(9.06533466978092,-68.5666196639713,-7.1824807431542));
#3084=CARTESIAN_POINT('Ctrl Pts',(10.8115766297782,-67.7072715403964,-7.07104968609308));
#3085=CARTESIAN_POINT('Ctrl Pts',(11.4260148919702,-65.933765714668,-7.03184119916899));
#3086=CARTESIAN_POINT('Ctrl Pts',(11.4260148919702,-65.175,-7.03184119916899));
#3087=CARTESIAN_POINT('',(8.02499999984929,-69.075,-6.74784955951746));
#3088=CARTESIAN_POINT('',(8.05277462577137,-68.5748866201628,-7.24709414646631));
#3089=CARTESIAN_POINT('',(8.02499999984929,-69.075,-6.74784955951746));
#3090=CARTESIAN_POINT('',(11.4260148919702,-65.175,-7.03184119916899));
#3091=CARTESIAN_POINT('Ctrl Pts',(8.05277462577137,-68.5748866201628,-7.24709414646631));
#3092=CARTESIAN_POINT('Ctrl Pts',(9.06533466978092,-68.5666196639713,-7.1824807431542));
#3093=CARTESIAN_POINT('Ctrl Pts',(10.8115766297782,-67.7072715403964,-7.07104968609308));
#3094=CARTESIAN_POINT('Ctrl Pts',(11.4260148919702,-65.933765714668,-7.03184119916899));
#3095=CARTESIAN_POINT('Ctrl Pts',(11.4260148919702,-65.175,-7.03184119916899));
#3096=CARTESIAN_POINT('',(11.925,-65.175,-6.50000000000001));
#3097=CARTESIAN_POINT('',(11.4260148919702,-65.175,-7.03184119916899));
#3098=CARTESIAN_POINT('Ctrl Pts',(11.925,-65.175,-6.50000000000001));
#3099=CARTESIAN_POINT('Ctrl Pts',(11.925,-66.0527317798654,-6.50000000000001));
#3100=CARTESIAN_POINT('Ctrl Pts',(11.2063167081917,-68.1037290804093,-6.54542815094035));
#3101=CARTESIAN_POINT('Ctrl Pts',(9.18588947821908,-69.0750000000451,-6.67377343861543));
#3102=CARTESIAN_POINT('Ctrl Pts',(8.02499999984867,-69.075,-6.74784955950788));
#3103=CARTESIAN_POINT('Origin',(11.6755074459851,10.725,-6.76592059958449));
#3104=CARTESIAN_POINT('',(11.4260148919702,17.55,-7.03184119916899));
#3105=CARTESIAN_POINT('',(11.925,17.55,-6.5));
#3106=CARTESIAN_POINT('',(11.4260148919702,17.55,-7.03184119916899));
#3107=CARTESIAN_POINT('',(11.925,10.725,-6.5));
#3108=CARTESIAN_POINT('',(11.4260148919702,10.725,-7.03184119916899));
#3109=CARTESIAN_POINT('Ctrl Pts',(11.925,17.55,-6.5));
#3110=CARTESIAN_POINT('Ctrl Pts',(11.925,18.4277317798653,-6.5));
#3111=CARTESIAN_POINT('Ctrl Pts',(11.2070998241041,20.4794143565065,-6.54537851911586));
#3112=CARTESIAN_POINT('Ctrl Pts',(9.18588947821911,21.450000000045,-6.67377343861542));
#3113=CARTESIAN_POINT('Ctrl Pts',(8.02499999984871,21.45,-6.74784955950788));
#3114=CARTESIAN_POINT('Ctrl Pts',(11.7586716306568,17.55,-6.677280399723));
#3115=CARTESIAN_POINT('Ctrl Pts',(11.7586716306568,18.3880764247996,-6.677280399723));
#3116=CARTESIAN_POINT('Ctrl Pts',(11.0754834164241,20.3472185107976,-6.72058790564039));
#3117=CARTESIAN_POINT('Ctrl Pts',(9.14570454207306,21.2805398880204,-6.84334254012835));
#3118=CARTESIAN_POINT('Ctrl Pts',(8.03425820848961,21.2832955400542,-6.91426442182736));
#3119=CARTESIAN_POINT('Ctrl Pts',(11.5923432613135,17.55,-6.85456079944599));
#3120=CARTESIAN_POINT('Ctrl Pts',(11.5923432613135,18.3484210697338,-6.85456079944599));
#3121=CARTESIAN_POINT('Ctrl Pts',(10.943867008744,20.2150226650887,-6.89579729216492));
#3122=CARTESIAN_POINT('Ctrl Pts',(9.10551960592701,21.1110797759958,-7.01291164164127));
#3123=CARTESIAN_POINT('Ctrl Pts',(8.04351641713051,21.1165910801085,-7.08067928414683));
#3124=CARTESIAN_POINT('Ctrl Pts',(11.4260148919703,17.55,-7.03184119916899));
#3125=CARTESIAN_POINT('Ctrl Pts',(11.4260148919703,18.308765714668,-7.03184119916899));
#3126=CARTESIAN_POINT('Ctrl Pts',(10.812250601064,20.0828268193798,-7.07100667868945));
#3127=CARTESIAN_POINT('Ctrl Pts',(9.06533466978095,20.9416196639712,-7.1824807431542));
#3128=CARTESIAN_POINT('Ctrl Pts',(8.05277462577141,20.9498866201627,-7.24709414646631));
#3129=CARTESIAN_POINT('',(8.05277462577141,20.9498866201627,-7.24709414646631));
#3130=CARTESIAN_POINT('',(8.02499999984932,21.45,-6.74784955951746));
#3131=CARTESIAN_POINT('',(8.05277462577141,20.9498866201627,-7.24709414646631));
#3132=CARTESIAN_POINT('Ctrl Pts',(8.02499999984871,21.45,-6.74784955950788));
#3133=CARTESIAN_POINT('Ctrl Pts',(9.18588947821911,21.450000000045,-6.67377343861542));
#3134=CARTESIAN_POINT('Ctrl Pts',(11.2070998241041,20.4794143565065,-6.54537851911586));
#3135=CARTESIAN_POINT('Ctrl Pts',(11.925,18.4277317798653,-6.5));
#3136=CARTESIAN_POINT('Ctrl Pts',(11.925,17.55,-6.5));
#3137=CARTESIAN_POINT('Ctrl Pts',(11.4260148919703,17.55,-7.03184119916899));
#3138=CARTESIAN_POINT('Ctrl Pts',(11.4260148919703,18.308765714668,-7.03184119916899));
#3139=CARTESIAN_POINT('Ctrl Pts',(10.812250601064,20.0828268193798,-7.07100667868945));
#3140=CARTESIAN_POINT('Ctrl Pts',(9.06533466978095,20.9416196639712,-7.1824807431542));
#3141=CARTESIAN_POINT('Ctrl Pts',(8.05277462577141,20.9498866201627,-7.24709414646631));
#3142=CARTESIAN_POINT('Ctrl Pts',(7.99315880083102,-69.075,-6.74988139071079));
#3143=CARTESIAN_POINT('Ctrl Pts',(8.00377229909352,-69.075,-6.74920412297951));
#3144=CARTESIAN_POINT('Ctrl Pts',(8.01438579698482,-69.075,-6.74852684962823));
#3145=CARTESIAN_POINT('Ctrl Pts',(8.02499999984867,-69.075,-6.74784955950788));
#3146=CARTESIAN_POINT('Ctrl Pts',(8.00377253388735,-68.9083333333333,-6.91620976005405));
#3147=CARTESIAN_POINT('Ctrl Pts',(8.01393430327063,-68.9083333333333,-6.91556131801112));
#3148=CARTESIAN_POINT('Ctrl Pts',(8.02409607240621,-68.908320735433,-6.91491287222153));
#3149=CARTESIAN_POINT('Ctrl Pts',(8.03425820848958,-68.9082955400543,-6.91426442182736));
#3150=CARTESIAN_POINT('Ctrl Pts',(8.01438626694367,-68.7416666666667,-7.0825381293973));
#3151=CARTESIAN_POINT('Ctrl Pts',(8.02409630744774,-68.7416666666667,-7.08191851304272));
#3152=CARTESIAN_POINT('Ctrl Pts',(8.03380634782761,-68.7416414708659,-7.08129889481483));
#3153=CARTESIAN_POINT('Ctrl Pts',(8.04351641713048,-68.7415910801085,-7.08067928414684));
#3154=CARTESIAN_POINT('Ctrl Pts',(8.025,-68.575,-7.24886649874056));
#3155=CARTESIAN_POINT('Ctrl Pts',(8.03425831162485,-68.575,-7.24827570807432));
#3156=CARTESIAN_POINT('Ctrl Pts',(8.043516623249,-68.5749622062988,-7.24768491740813));
#3157=CARTESIAN_POINT('Ctrl Pts',(8.05277462577138,-68.5748866201628,-7.24709414646631));
#3158=CARTESIAN_POINT('Ctrl Pts',(8.02499999984867,-69.075,-6.74784955950788));
#3159=CARTESIAN_POINT('Ctrl Pts',(8.01438579698482,-69.075,-6.74852684962823));
#3160=CARTESIAN_POINT('Ctrl Pts',(8.00377229909352,-69.075,-6.74920412297951));
#3161=CARTESIAN_POINT('Ctrl Pts',(7.99315880083102,-69.075,-6.74988139071079));
#3162=CARTESIAN_POINT('Ctrl Pts',(8.025,-68.575,-7.24886649874056));
#3163=CARTESIAN_POINT('Ctrl Pts',(8.03425831162485,-68.575,-7.24827570807432));
#3164=CARTESIAN_POINT('Ctrl Pts',(8.043516623249,-68.5749622062988,-7.24768491740813));
#3165=CARTESIAN_POINT('Ctrl Pts',(8.05277462577138,-68.5748866201628,-7.24709414646631));
#3166=CARTESIAN_POINT('Origin',(-106.790535837565,21.2,-14.3249581244792));
#3167=CARTESIAN_POINT('',(-103.243158800831,20.95,-14.3491016531177));
#3168=CARTESIAN_POINT('',(-103.275,21.45,-13.8501165450879));
#3169=CARTESIAN_POINT('',(-103.243158800831,20.95,-14.3491016531177));
#3170=CARTESIAN_POINT('',(7.99315880083102,21.45,-6.74988139071078));
#3171=CARTESIAN_POINT('',(-106.806456437149,21.45,-14.0754655704643));
#3172=CARTESIAN_POINT('',(8.025,20.95,-7.24886649874056));
#3173=CARTESIAN_POINT('',(7.99315880083102,21.45,-6.74988139071078));
#3174=CARTESIAN_POINT('',(-106.77461523798,20.95,-14.5744506784941));
#3175=CARTESIAN_POINT('Ctrl Pts',(8.02499999984871,21.45,-6.74784955950788));
#3176=CARTESIAN_POINT('Ctrl Pts',(8.01438579698484,21.45,-6.74852684962823));
#3177=CARTESIAN_POINT('Ctrl Pts',(8.00377229909353,21.45,-6.74920412297951));
#3178=CARTESIAN_POINT('Ctrl Pts',(7.99315880083102,21.45,-6.74988139071079));
#3179=CARTESIAN_POINT('Ctrl Pts',(8.03425820848961,21.2832955400542,-6.91426442182736));
#3180=CARTESIAN_POINT('Ctrl Pts',(8.02409607240623,21.2833207354329,-6.91491287222153));
#3181=CARTESIAN_POINT('Ctrl Pts',(8.01393430327064,21.2833333333333,-6.91556131801111));
#3182=CARTESIAN_POINT('Ctrl Pts',(8.00377253388734,21.2833333333333,-6.91620976005404));
#3183=CARTESIAN_POINT('Ctrl Pts',(8.04351641713051,21.1165910801085,-7.08067928414683));
#3184=CARTESIAN_POINT('Ctrl Pts',(8.03380634782763,21.1166414708659,-7.08129889481483));
#3185=CARTESIAN_POINT('Ctrl Pts',(8.02409630744775,21.1166666666666,-7.08191851304272));
#3186=CARTESIAN_POINT('Ctrl Pts',(8.01438626694367,21.1166666666666,-7.0825381293973));
#3187=CARTESIAN_POINT('Ctrl Pts',(8.05277462577141,20.9498866201627,-7.24709414646631));
#3188=CARTESIAN_POINT('Ctrl Pts',(8.04351662324902,20.9499622062988,-7.24768491740813));
#3189=CARTESIAN_POINT('Ctrl Pts',(8.03425831162486,20.95,-7.24827570807432));
#3190=CARTESIAN_POINT('Ctrl Pts',(8.025,20.95,-7.24886649874056));
#3191=CARTESIAN_POINT('Ctrl Pts',(7.99315880083102,21.45,-6.74988139071079));
#3192=CARTESIAN_POINT('Ctrl Pts',(8.00377229909353,21.45,-6.74920412297951));
#3193=CARTESIAN_POINT('Ctrl Pts',(8.01438579698484,21.45,-6.74852684962823));
#3194=CARTESIAN_POINT('Ctrl Pts',(8.02499999984871,21.45,-6.74784955950788));
#3195=CARTESIAN_POINT('Ctrl Pts',(8.05277462577141,20.9498866201627,-7.24709414646631));
#3196=CARTESIAN_POINT('Ctrl Pts',(8.04351662324902,20.9499622062988,-7.24768491740813));
#3197=CARTESIAN_POINT('Ctrl Pts',(8.03425831162486,20.95,-7.24827570807432));
#3198=CARTESIAN_POINT('Ctrl Pts',(8.025,20.95,-7.24886649874056));
#3199=CARTESIAN_POINT('Ctrl Pts',(-103.275,21.45,-13.8501165450879));
#3200=CARTESIAN_POINT('Ctrl Pts',(-103.285613733056,21.45,-13.8507938278018));
#3201=CARTESIAN_POINT('Ctrl Pts',(-103.296227466471,21.4499566732819,-13.8514711048948));
#3202=CARTESIAN_POINT('Ctrl Pts',(-103.306841198093,21.4498700155395,-13.8521484100913));
#3203=CARTESIAN_POINT('Ctrl Pts',(-103.264386266944,21.2833333333334,-14.0164449144312));
#3204=CARTESIAN_POINT('Ctrl Pts',(-103.275,21.2833333333334,-14.0171221971451));
#3205=CARTESIAN_POINT('Ctrl Pts',(-103.285613733295,21.2833044488546,-14.0177994761117));
#3206=CARTESIAN_POINT('Ctrl Pts',(-103.296227465395,21.2832466770264,-14.018476773814));
#3207=CARTESIAN_POINT('Ctrl Pts',(-103.253772533887,21.1166666666667,-14.1827732837744));
#3208=CARTESIAN_POINT('Ctrl Pts',(-103.264386266944,21.1166666666667,-14.1834505664883));
#3209=CARTESIAN_POINT('Ctrl Pts',(-103.27500000012,21.1166522244273,-14.1841278473286));
#3210=CARTESIAN_POINT('Ctrl Pts',(-103.285613732698,21.1166233385132,-14.1848051375367));
#3211=CARTESIAN_POINT('Ctrl Pts',(-103.243158800831,20.95,-14.3491016531177));
#3212=CARTESIAN_POINT('Ctrl Pts',(-103.253772533887,20.95,-14.3497789358316));
#3213=CARTESIAN_POINT('Ctrl Pts',(-103.264386266944,20.95,-14.3504562185455));
#3214=CARTESIAN_POINT('Ctrl Pts',(-103.275,20.95,-14.3511335012594));
#3215=CARTESIAN_POINT('Ctrl Pts',(-103.306841198093,21.4498700155395,-13.8521484100913));
#3216=CARTESIAN_POINT('Ctrl Pts',(-103.296227466471,21.4499566732819,-13.8514711048948));
#3217=CARTESIAN_POINT('Ctrl Pts',(-103.285613733056,21.45,-13.8507938278018));
#3218=CARTESIAN_POINT('Ctrl Pts',(-103.275,21.45,-13.8501165450879));
#3219=CARTESIAN_POINT('Ctrl Pts',(-103.243158800831,20.95,-14.3491016531177));
#3220=CARTESIAN_POINT('Ctrl Pts',(-103.253772533887,20.95,-14.3497789358316));
#3221=CARTESIAN_POINT('Ctrl Pts',(-103.264386266944,20.95,-14.3504562185455));
#3222=CARTESIAN_POINT('Ctrl Pts',(-103.275,20.95,-14.3511335012594));
#3223=CARTESIAN_POINT('Origin',(11.925,-69.075,-2.));
#3224=CARTESIAN_POINT('',(8.02499999999999,-69.075,-2.));
#3225=CARTESIAN_POINT('',(8.02499999999999,-69.075,-2.));
#3226=CARTESIAN_POINT('',(-27.075,-69.075,-2.));
#3227=CARTESIAN_POINT('',(11.925,-69.075,-2.));
#3228=CARTESIAN_POINT('',(-27.075,-69.075,-8.48663107506247));
#3229=CARTESIAN_POINT('',(-27.075,-69.075,-2.));
#3230=CARTESIAN_POINT('',(-87.225,-69.075,-12.3249182287149));
#3231=CARTESIAN_POINT('',(-44.0784205995845,-69.075,-9.57165203691673));
#3232=CARTESIAN_POINT('',(-87.225,-69.075,-2.));
#3233=CARTESIAN_POINT('',(-87.225,-69.075,-2.));
#3234=CARTESIAN_POINT('',(-103.275,-69.075,-2.));
#3235=CARTESIAN_POINT('',(-83.325,-69.075,-2.));
#3236=CARTESIAN_POINT('',(-103.275,-69.075,-2.));
#3237=CARTESIAN_POINT('Origin',(8.02499999999999,-65.175,-2.));
#3238=CARTESIAN_POINT('',(11.925,-65.175,-2.));
#3239=CARTESIAN_POINT('',(11.925,-65.175,-2.));
#3240=CARTESIAN_POINT('Origin',(8.02499999999999,-65.175,-2.));
#3241=CARTESIAN_POINT('Origin',(11.925,21.45,-2.));
#3242=CARTESIAN_POINT('',(11.925,17.55,-2.));
#3243=CARTESIAN_POINT('',(11.925,17.55,-2.));
#3244=CARTESIAN_POINT('',(11.925,21.45,-2.));
#3245=CARTESIAN_POINT('',(11.925,2.3375,-3.7));
#3246=CARTESIAN_POINT('Origin',(11.925,3.18750000000001,-3.7));
#3247=CARTESIAN_POINT('',(11.925,-51.6625,-3.7));
#3248=CARTESIAN_POINT('Origin',(11.925,-50.8125,-3.7));
#3249=CARTESIAN_POINT('Origin',(8.02500000000002,17.55,-2.));
#3250=CARTESIAN_POINT('',(8.02500000000002,21.45,-2.));
#3251=CARTESIAN_POINT('',(8.02500000000002,21.45,-2.));
#3252=CARTESIAN_POINT('Origin',(8.02500000000002,17.55,-2.));
#3253=CARTESIAN_POINT('Origin',(-107.175,21.45,-2.));
#3254=CARTESIAN_POINT('',(-103.275,21.45,-2.));
#3255=CARTESIAN_POINT('',(-103.275,21.45,-2.));
#3256=CARTESIAN_POINT('',(-107.175,21.45,-2.));
#3257=CARTESIAN_POINT('',(-92.2499999999999,21.45,-8.54999999999993));
#3258=CARTESIAN_POINT('',(-98.2499999999999,21.45,-8.5499999999999));
#3259=CARTESIAN_POINT('',(-102.7125,21.45,-8.54999999999989));
#3260=CARTESIAN_POINT('',(-98.2499999999999,21.45,-12.0499999999999));
#3261=CARTESIAN_POINT('Origin',(-98.2499999999999,21.45,-10.2999999999999));
#3262=CARTESIAN_POINT('',(-92.2499999999999,21.45,-12.0499999999999));
#3263=CARTESIAN_POINT('',(-99.7125,21.45,-12.0499999999999));
#3264=CARTESIAN_POINT('Origin',(-92.2499999999999,21.45,-10.2999999999999));
#3265=CARTESIAN_POINT('Origin',(-107.175,0.,-14.6));
#3266=CARTESIAN_POINT('',(-90.25,17.95,-13.5199832073888));
#3267=CARTESIAN_POINT('Origin',(-89.5,17.95,-13.4721242653233));
#3268=CARTESIAN_POINT('',(-43.5767776171418,-50.15,-10.5416751460141));
#3269=CARTESIAN_POINT('Origin',(-41.4810401634168,-50.15,-10.4079421095036));
#3270=CARTESIAN_POINT('',(-43.5767776171418,-64.15,-10.5416751460141));
#3271=CARTESIAN_POINT('Origin',(-41.4810401634168,-64.15,-10.4079421095036));
#3272=CARTESIAN_POINT('',(-68.0853027096917,-57.15,-12.105611256034));
#3273=CARTESIAN_POINT('Origin',(-65.9895652559667,-57.15,-11.9718782195239));
#3274=CARTESIAN_POINT('Origin',(-36.075,-49.88625,-2.));
#3275=CARTESIAN_POINT('',(-30.975,-49.88625,-8.73549757380302));
#3276=CARTESIAN_POINT('',(-36.075,-44.78625,-9.06093837984836));
#3277=CARTESIAN_POINT('Origin',(-36.075,-49.88625,-9.06093837984836));
#3278=CARTESIAN_POINT('',(-30.975,-49.88625,-2.));
#3279=CARTESIAN_POINT('',(-30.975,-49.88625,-2.));
#3280=CARTESIAN_POINT('',(-36.075,-44.78625,-2.));
#3281=CARTESIAN_POINT('Origin',(-36.075,-49.88625,-2.));
#3282=CARTESIAN_POINT('',(-36.075,-44.78625,-2.));
#3283=CARTESIAN_POINT('Origin',(-30.975,-69.075,-2.));
#3284=CARTESIAN_POINT('',(-30.975,-54.19375,-8.73549757380302));
#3285=CARTESIAN_POINT('',(-30.975,-56.930625,-8.73549757380302));
#3286=CARTESIAN_POINT('',(-30.975,-54.19375,-2.));
#3287=CARTESIAN_POINT('',(-30.975,-54.19375,-5.25019399173783));
#3288=CARTESIAN_POINT('',(-30.975,-69.075,-2.));
#3289=CARTESIAN_POINT('Origin',(-78.225,-49.88625,-2.));
#3290=CARTESIAN_POINT('',(-78.225,-44.78625,-11.750610923929));
#3291=CARTESIAN_POINT('',(-83.325,-49.88625,-12.0760517299743));
#3292=CARTESIAN_POINT('Origin',(-78.225,-49.88625,-11.750610923929));
#3293=CARTESIAN_POINT('',(-78.225,-44.78625,-2.));
#3294=CARTESIAN_POINT('',(-78.225,-44.78625,-2.));
#3295=CARTESIAN_POINT('',(-83.325,-49.88625,-2.));
#3296=CARTESIAN_POINT('Origin',(-78.225,-49.88625,-2.));
#3297=CARTESIAN_POINT('',(-83.325,-49.88625,-2.));
#3298=CARTESIAN_POINT('Origin',(-30.975,-44.78625,-8.73549757380302));
#3299=CARTESIAN_POINT('',(-30.7609690005419,-44.78625,-8.72183984419864));
#3300=CARTESIAN_POINT('',(-83.325,-65.175,-12.0760517299743));
#3301=CARTESIAN_POINT('',(-83.325,-44.78625,-12.0760517299743));
#3302=CARTESIAN_POINT('Origin',(-87.225,-65.175,-12.3249182287149));
#3303=CARTESIAN_POINT('',(-30.975,-65.175,-8.73549757380302));
#3304=CARTESIAN_POINT('Origin',(-27.075,-65.175,-8.48663107506247));
#3305=CARTESIAN_POINT('',(-30.975,-60.10625,-8.73549757380302));
#3306=CARTESIAN_POINT('',(-30.975,-56.930625,-8.73549757380302));
#3307=CARTESIAN_POINT('',(-47.6499999999999,-60.10625,-9.79956138572577));
#3308=CARTESIAN_POINT('',(-39.3188682398338,-60.10625,-9.26793584939275));
#3309=CARTESIAN_POINT('',(-47.6499999999999,-54.19375,-9.79956138572577));
#3310=CARTESIAN_POINT('',(-47.65,-49.4900000000001,-9.79956138572577));
#3311=CARTESIAN_POINT('',(-27.5688682398338,-54.19375,-8.51814575703339));
#3312=CARTESIAN_POINT('',(-42.6424897994202,-50.15,-9.48002253161659));
#3313=CARTESIAN_POINT('Origin',(-41.5447225617547,-50.15,-9.40997189344478));
#3314=CARTESIAN_POINT('',(-42.6424897994202,-64.15,-9.48002253161659));
#3315=CARTESIAN_POINT('Origin',(-41.5447225617547,-64.15,-9.40997189344478));
#3316=CARTESIAN_POINT('',(-67.1510148919702,-57.15,-11.0439586416365));
#3317=CARTESIAN_POINT('Origin',(-66.0532476543047,-57.15,-10.9739080034647));
#3318=CARTESIAN_POINT('Origin',(-83.325,-44.78625,-2.));
#3319=CARTESIAN_POINT('',(-83.325,-65.175,-2.));
#3320=CARTESIAN_POINT('',(-83.325,-44.78625,-2.));
#3321=CARTESIAN_POINT('',(-83.325,-65.175,-2.));
#3322=CARTESIAN_POINT('Origin',(-103.275,17.55,-2.));
#3323=CARTESIAN_POINT('',(-107.175,17.55,-2.));
#3324=CARTESIAN_POINT('',(-107.175,17.55,-2.));
#3325=CARTESIAN_POINT('Origin',(-103.275,17.55,-2.));
#3326=CARTESIAN_POINT('Origin',(-47.625,-23.8125,-2.));
#3327=CARTESIAN_POINT('',(-107.175,-65.175,-2.));
#3328=CARTESIAN_POINT('',(-107.175,-69.075,-2.));
#3329=CARTESIAN_POINT('Origin',(-103.275,-65.175,-2.));
#3330=CARTESIAN_POINT('Origin',(-87.225,-65.175,-2.));
#3331=CARTESIAN_POINT('',(-30.975,-44.78625,-2.));
#3332=CARTESIAN_POINT('',(-29.15,-54.19375,-2.));
#3333=CARTESIAN_POINT('',(-35.8875,-54.19375,-2.));
#3334=CARTESIAN_POINT('',(-29.15,-38.675,-2.));
#3335=CARTESIAN_POINT('',(-29.15,-41.959375,-2.));
#3336=CARTESIAN_POINT('',(-47.05,-38.675,-2.));
#3337=CARTESIAN_POINT('',(-38.3875,-38.675,-2.));
#3338=CARTESIAN_POINT('',(-47.05,-39.6275,-2.));
#3339=CARTESIAN_POINT('',(-47.05,-31.24375,-2.));
#3340=CARTESIAN_POINT('',(-66.1,-39.6275,-2.));
#3341=CARTESIAN_POINT('',(-47.3375,-39.6275,-2.));
#3342=CARTESIAN_POINT('',(-66.1,-42.96125,-2.));
#3343=CARTESIAN_POINT('',(-66.1,-31.72,-2.));
#3344=CARTESIAN_POINT('',(-85.15,-42.96125,-2.));
#3345=CARTESIAN_POINT('',(-56.8625,-42.96125,-2.));
#3346=CARTESIAN_POINT('',(-85.15,-67.25,-2.));
#3347=CARTESIAN_POINT('',(-85.15,-45.53125,-2.));
#3348=CARTESIAN_POINT('',(-105.35,-67.25,-2.));
#3349=CARTESIAN_POINT('',(-76.4875,-67.25,-2.));
#3350=CARTESIAN_POINT('',(-105.35,-10.9200000000001,-2.));
#3351=CARTESIAN_POINT('',(-105.35,-2.09374999999999,-2.));
#3352=CARTESIAN_POINT('',(-106.175,-10.9200000000001,-2.));
#3353=CARTESIAN_POINT('',(-76.9,-10.9200000000001,-2.));
#3354=CARTESIAN_POINT('',(-106.175,-2.52000000000011,-2.));
#3355=CARTESIAN_POINT('',(-106.175,-15.26625,-2.));
#3356=CARTESIAN_POINT('',(-105.35,-2.52000000000011,-2.));
#3357=CARTESIAN_POINT('',(-76.9,-2.52000000000011,-2.));
#3358=CARTESIAN_POINT('',(-105.35,19.625,-2.));
#3359=CARTESIAN_POINT('',(-105.35,-2.09374999999999,-2.));
#3360=CARTESIAN_POINT('',(-85.15,19.625,-2.));
#3361=CARTESIAN_POINT('',(-66.3875,19.625,-2.));
#3362=CARTESIAN_POINT('',(-85.15,15.33875,-2.));
#3363=CARTESIAN_POINT('',(-85.15,-12.81375,-2.));
#3364=CARTESIAN_POINT('',(-67.25,15.33875,-2.));
#3365=CARTESIAN_POINT('',(-66.3875,15.33875,-2.));
#3366=CARTESIAN_POINT('',(-67.2500000000001,18.6725,-2.));
#3367=CARTESIAN_POINT('',(-67.2499999999998,-4.2368750000001,-2.));
#3368=CARTESIAN_POINT('',(-48.2,18.6725,-2.));
#3369=CARTESIAN_POINT('',(-57.4375,18.6725,-2.));
#3370=CARTESIAN_POINT('',(-48.2,19.625,-2.));
#3371=CARTESIAN_POINT('',(-48.2000000000006,-2.56999999999999,-2.));
#3372=CARTESIAN_POINT('',(-28.,19.625,-2.));
#3373=CARTESIAN_POINT('',(-47.9125,19.625,-2.));
#3374=CARTESIAN_POINT('',(-28.,17.24375,-2.));
#3375=CARTESIAN_POINT('',(-28.,-2.09374999999999,-2.));
#3376=CARTESIAN_POINT('',(-8.95000000000001,17.24375,-2.));
#3377=CARTESIAN_POINT('',(-37.8125,17.24375,-2.));
#3378=CARTESIAN_POINT('',(-8.95000000000001,10.1,-2.));
#3379=CARTESIAN_POINT('',(-8.95000000000001,-3.284375,-2.));
#3380=CARTESIAN_POINT('',(10.1,10.1,-2.));
#3381=CARTESIAN_POINT('',(-28.2875,10.1,-2.));
#3382=CARTESIAN_POINT('',(10.1,-67.25,-2.));
#3383=CARTESIAN_POINT('',(10.1,-6.85625,-2.));
#3384=CARTESIAN_POINT('',(-10.1,-67.25,-2.));
#3385=CARTESIAN_POINT('',(-18.7625,-67.25,-2.));
#3386=CARTESIAN_POINT('',(-10.1,-60.10625,-2.));
#3387=CARTESIAN_POINT('',(-10.1,-45.53125,-2.));
#3388=CARTESIAN_POINT('',(-30.975,-60.10625,-2.));
#3389=CARTESIAN_POINT('',(-47.6375,-60.10625,-2.));
#3390=CARTESIAN_POINT('',(-30.975,-65.175,-2.));
#3391=CARTESIAN_POINT('',(-30.975,-69.075,-2.));
#3392=CARTESIAN_POINT('Origin',(-27.075,-65.175,-2.));
#3393=CARTESIAN_POINT('Origin',(-27.075,-65.175,-2.));
#3394=CARTESIAN_POINT('',(-30.975,-65.175,-2.));
#3395=CARTESIAN_POINT('Origin',(-87.225,-65.175,-2.));
#3396=CARTESIAN_POINT('Origin',(-103.275,-65.175,-2.));
#3397=CARTESIAN_POINT('',(-107.175,-65.175,-2.));
#3398=CARTESIAN_POINT('Origin',(-107.175,-50.8125,-3.7));
#3399=CARTESIAN_POINT('',(-107.175,-51.6625,-3.7));
#3400=CARTESIAN_POINT('Origin',(-107.175,-50.8125,-3.7));
#3401=CARTESIAN_POINT('',(-105.35,-51.6625,-3.7));
#3402=CARTESIAN_POINT('',(-107.175,-51.6625,-3.7));
#3403=CARTESIAN_POINT('Origin',(-105.35,-50.8125,-3.7));
#3404=CARTESIAN_POINT('Origin',(-107.175,3.18750000000001,-3.7));
#3405=CARTESIAN_POINT('',(-107.175,2.3375,-3.7));
#3406=CARTESIAN_POINT('Origin',(-107.175,3.18750000000001,-3.7));
#3407=CARTESIAN_POINT('',(-105.35,2.3375,-3.7));
#3408=CARTESIAN_POINT('',(-107.175,2.3375,-3.7));
#3409=CARTESIAN_POINT('Origin',(-105.35,3.18750000000001,-3.7));
#3410=CARTESIAN_POINT('Origin',(11.925,-50.8125,-3.7));
#3411=CARTESIAN_POINT('',(10.1,-51.6625,-3.7));
#3412=CARTESIAN_POINT('',(11.925,-51.6625,-3.7));
#3413=CARTESIAN_POINT('Origin',(10.1,-50.8125,-3.7));
#3414=CARTESIAN_POINT('Origin',(11.925,3.18750000000001,-3.7));
#3415=CARTESIAN_POINT('',(10.1,2.3375,-3.7));
#3416=CARTESIAN_POINT('',(11.925,2.3375,-3.7));
#3417=CARTESIAN_POINT('Origin',(10.1,3.18750000000001,-3.7));
#3418=CARTESIAN_POINT('Origin',(-106.175,-9.22000000000011,-9.5));
#3419=CARTESIAN_POINT('',(-101.275,-9.22000000000011,-11.2));
#3420=CARTESIAN_POINT('',(-101.275,-10.9200000000001,-9.5));
#3421=CARTESIAN_POINT('Origin',(-101.275,-9.22000000000011,-9.5));
#3422=CARTESIAN_POINT('',(-106.175,-9.22000000000011,-11.2));
#3423=CARTESIAN_POINT('',(-106.175,-9.22000000000011,-11.2));
#3424=CARTESIAN_POINT('',(-106.175,-10.9200000000001,-9.5));
#3425=CARTESIAN_POINT('Origin',(-106.175,-9.22000000000011,-9.5));
#3426=CARTESIAN_POINT('',(-105.35,-10.9200000000001,-9.5));
#3427=CARTESIAN_POINT('',(-106.175,-10.9200000000001,-9.5));
#3428=CARTESIAN_POINT('',(-106.175,-10.9200000000001,-9.5));
#3429=CARTESIAN_POINT('Origin',(-106.175,-10.9200000000001,-2.));
#3430=CARTESIAN_POINT('',(-105.35,-10.9200000000001,-3.9));
#3431=CARTESIAN_POINT('',(-106.175,-10.9200000000001,-8.05));
#3432=CARTESIAN_POINT('Origin',(-106.175,-2.52000000000012,-9.5));
#3433=CARTESIAN_POINT('',(-105.35,-2.52000000000012,-9.5));
#3434=CARTESIAN_POINT('',(-105.35,-2.52000000000012,-7.64999999999999));
#3435=CARTESIAN_POINT('',(-106.175,-2.52000000000012,-9.5));
#3436=CARTESIAN_POINT('',(-106.175,-2.52000000000011,-4.3));
#3437=CARTESIAN_POINT('',(-106.175,-2.52000000000012,-9.5));
#3438=CARTESIAN_POINT('Origin',(-106.175,-4.22000000000011,-9.5));
#3439=CARTESIAN_POINT('',(-101.275,-2.52000000000012,-9.5));
#3440=CARTESIAN_POINT('',(-101.275,-4.22000000000012,-11.2));
#3441=CARTESIAN_POINT('Origin',(-101.275,-4.22000000000011,-9.5));
#3442=CARTESIAN_POINT('',(-104.74375,-2.52000000000012,-9.5));
#3443=CARTESIAN_POINT('',(-106.175,-4.22000000000012,-11.2));
#3444=CARTESIAN_POINT('Origin',(-106.175,-4.22000000000011,-9.5));
#3445=CARTESIAN_POINT('',(-106.175,-4.22000000000012,-11.2));
#3446=CARTESIAN_POINT('Origin',(-106.175,-6.72000000000011,-6.6));
#3447=CARTESIAN_POINT('',(-106.175,-7.52000000000012,-11.2));
#3448=CARTESIAN_POINT('',(-106.175,-7.12000000000008,-11.2));
#3449=CARTESIAN_POINT('',(-106.175,-7.52000000000012,-7.8));
#3450=CARTESIAN_POINT('Origin',(-106.175,-7.52000000000012,-9.5));
#3451=CARTESIAN_POINT('',(-106.175,-5.92000000000011,-7.8));
#3452=CARTESIAN_POINT('',(-106.175,-6.32000000000011,-7.8));
#3453=CARTESIAN_POINT('',(-106.175,-5.92000000000011,-11.2));
#3454=CARTESIAN_POINT('Origin',(-106.175,-5.92000000000011,-9.5));
#3455=CARTESIAN_POINT('',(-106.175,-5.47000000000008,-11.2));
#3456=CARTESIAN_POINT('Origin',(-105.35,19.625,-5.8));
#3457=CARTESIAN_POINT('',(-105.35,-67.25,-12.05));
#3458=CARTESIAN_POINT('',(-105.35,-67.25,-5.8));
#3459=CARTESIAN_POINT('',(-105.35,-11.2199999999999,-12.05));
#3460=CARTESIAN_POINT('',(-105.35,-45.53125,-12.05));
#3461=CARTESIAN_POINT('',(-105.35,-11.2199999999999,-9.5));
#3462=CARTESIAN_POINT('',(-105.35,-11.2199999999999,-7.65));
#3463=CARTESIAN_POINT('',(-105.35,6.45250000000003,-9.5));
#3464=CARTESIAN_POINT('Origin',(-107.175,-5.92000000000011,-9.5));
#3465=CARTESIAN_POINT('',(-107.175,-5.92000000000011,-7.8));
#3466=CARTESIAN_POINT('',(-107.175,-5.92000000000011,-7.8));
#3467=CARTESIAN_POINT('',(-107.175,-5.92000000000011,-11.2));
#3468=CARTESIAN_POINT('Origin',(-107.175,-5.92000000000011,-9.5));
#3469=CARTESIAN_POINT('',(-107.175,-5.92000000000011,-11.2));
#3470=CARTESIAN_POINT('Origin',(-107.175,-5.92000000000011,-7.8));
#3471=CARTESIAN_POINT('',(-107.175,-7.52000000000012,-7.8));
#3472=CARTESIAN_POINT('',(-107.175,-7.52000000000012,-7.8));
#3473=CARTESIAN_POINT('',(-107.175,-37.4975000000001,-7.8));
#3474=CARTESIAN_POINT('Origin',(-101.275,-2.22000000000001,-9.5));
#3475=CARTESIAN_POINT('',(-101.275,-4.07000000000006,-11.2));
#3476=CARTESIAN_POINT('',(-101.275,-11.22,-9.5));
#3477=CARTESIAN_POINT('',(-101.275,-4.46999999999999,-9.5));
#3478=CARTESIAN_POINT('',(-101.275,-11.22,-12.05));
#3479=CARTESIAN_POINT('',(-101.275,-11.22,-9.5));
#3480=CARTESIAN_POINT('',(-101.275,-2.22000000000001,-12.05));
#3481=CARTESIAN_POINT('',(-101.275,-13.01625,-12.05));
#3482=CARTESIAN_POINT('',(-101.275,-2.22000000000001,-9.5));
#3483=CARTESIAN_POINT('',(-101.275,-2.22000000000001,-9.5));
#3484=CARTESIAN_POINT('',(-101.275,-4.46999999999999,-9.5));
#3485=CARTESIAN_POINT('Origin',(-107.175,-7.52000000000012,-9.5));
#3486=CARTESIAN_POINT('',(-107.175,-7.52000000000012,-11.2));
#3487=CARTESIAN_POINT('',(-107.175,-7.52000000000012,-11.2));
#3488=CARTESIAN_POINT('Origin',(-107.175,-7.52000000000012,-9.5));
#3489=CARTESIAN_POINT('Origin',(-107.175,-7.52000000000012,-11.2));
#3490=CARTESIAN_POINT('',(-107.175,-38.2975000000001,-11.2));
#3491=CARTESIAN_POINT('Origin',(-105.35,19.625,-5.8));
#3492=CARTESIAN_POINT('',(-105.35,-2.21999999999991,-9.5));
#3493=CARTESIAN_POINT('',(-105.35,6.45250000000003,-9.5));
#3494=CARTESIAN_POINT('',(-105.35,-2.21999999999991,-12.05));
#3495=CARTESIAN_POINT('',(-105.35,-2.21999999999991,-7.65));
#3496=CARTESIAN_POINT('',(-105.35,13.45,-12.05));
#3497=CARTESIAN_POINT('',(-105.35,-45.53125,-12.05));
#3498=CARTESIAN_POINT('',(-105.35,13.45,-10.3));
#3499=CARTESIAN_POINT('',(-105.35,13.45,-8.925));
#3500=CARTESIAN_POINT('',(-105.35,19.95,-10.3));
#3501=CARTESIAN_POINT('',(-105.35,19.95,-10.3));
#3502=CARTESIAN_POINT('',(-105.35,19.95,-5.7));
#3503=CARTESIAN_POINT('',(-105.35,19.95,-9.15));
#3504=CARTESIAN_POINT('',(-105.35,19.625,-5.7));
#3505=CARTESIAN_POINT('',(-105.35,19.95,-5.7));
#3506=CARTESIAN_POINT('',(-105.35,19.625,-5.8));
#3507=CARTESIAN_POINT('Origin',(-103.3125,-6.71999999999996,-9.5));
#3508=CARTESIAN_POINT('',(-104.33125,-2.21999999999993,-9.5));
#3509=CARTESIAN_POINT('Origin',(-65.9895652559667,-57.15,-11.9718782195243));
#3510=CARTESIAN_POINT('',(-68.0980391893593,-57.15,-11.9060172128221));
#3511=CARTESIAN_POINT('',(-68.0853027096917,-57.15,-12.1056112560341));
#3512=CARTESIAN_POINT('Origin',(-66.0023017356343,-57.15,-11.7722841763124));
#3513=CARTESIAN_POINT('Origin',(-53.7480391893593,-57.15,-10.9903161213024));
#3514=CARTESIAN_POINT('',(-67.1000689732998,-57.15,-11.8423348144842));
#3515=CARTESIAN_POINT('Origin',(-66.0023017356343,-57.15,-11.7722841763124));
#3516=CARTESIAN_POINT('Origin',(-41.4810401634168,-64.15,-10.4079421095044));
#3517=CARTESIAN_POINT('',(-43.5895140968094,-64.15,-10.3420811028022));
#3518=CARTESIAN_POINT('',(-43.5767776171418,-64.15,-10.5416751460141));
#3519=CARTESIAN_POINT('Origin',(-41.4937766430844,-64.15,-10.2083480662925));
#3520=CARTESIAN_POINT('Origin',(-53.7480391893593,-57.15,-10.9903161213024));
#3521=CARTESIAN_POINT('',(-42.5915438807498,-64.15,-10.2783987044642));
#3522=CARTESIAN_POINT('Origin',(-41.4937766430844,-64.15,-10.2083480662925));
#3523=CARTESIAN_POINT('Origin',(-41.4810401634168,-50.15,-10.4079421095044));
#3524=CARTESIAN_POINT('',(-43.5895140968094,-50.15,-10.3420811028022));
#3525=CARTESIAN_POINT('',(-43.5767776171418,-50.15,-10.5416751460141));
#3526=CARTESIAN_POINT('Origin',(-41.4937766430844,-50.15,-10.2083480662925));
#3527=CARTESIAN_POINT('Origin',(-53.7480391893593,-57.15,-10.9903161213024));
#3528=CARTESIAN_POINT('',(-42.5915438807498,-50.15,-10.2783987044642));
#3529=CARTESIAN_POINT('Origin',(-41.4937766430844,-50.15,-10.2083480662925));
#3530=CARTESIAN_POINT('Origin',(-65.9895652559667,-57.15,-11.9718782195243));
#3531=CARTESIAN_POINT('',(-67.0873324936322,-57.15,-12.0419288576961));
#3532=CARTESIAN_POINT('Origin',(-41.4810401634168,-64.15,-10.4079421095044));
#3533=CARTESIAN_POINT('',(-42.5788074010822,-64.15,-10.4779927476761));
#3534=CARTESIAN_POINT('Origin',(-41.4810401634168,-50.15,-10.4079421095044));
#3535=CARTESIAN_POINT('',(-42.5788074010822,-50.15,-10.4779927476761));
#3536=CARTESIAN_POINT('Origin',(-47.6499999999999,-54.19375,-9.99996816819439));
#3537=CARTESIAN_POINT('',(-47.6499999999999,-60.10625,-9.99996816819439));
#3538=CARTESIAN_POINT('',(-47.6499999999999,-60.10625,-9.99996816819439));
#3539=CARTESIAN_POINT('',(-47.6499999999999,-54.19375,-9.99996816819439));
#3540=CARTESIAN_POINT('',(-47.6499999999999,-58.628125,-9.99996816819439));
#3541=CARTESIAN_POINT('',(-47.6499999999999,-54.19375,-9.99996816819439));
#3542=CARTESIAN_POINT('Origin',(-24.15,-54.19375,-8.50038798347567));
#3543=CARTESIAN_POINT('',(-24.15,-54.19375,-8.50038798347567));
#3544=CARTESIAN_POINT('',(-41.450867087529,-54.19375,-9.60438957764209));
#3545=CARTESIAN_POINT('',(-24.15,-54.19375,-5.8));
#3546=CARTESIAN_POINT('',(-24.15,-54.19375,-8.50038798347567));
#3547=CARTESIAN_POINT('',(-29.15,-54.19375,-5.8));
#3548=CARTESIAN_POINT('',(-30.8375,-54.19375,-5.8));
#3549=CARTESIAN_POINT('',(-29.15,-54.19375,-5.25019399173783));
#3550=CARTESIAN_POINT('Origin',(-24.15,-60.10625,-8.50038798347567));
#3551=CARTESIAN_POINT('',(-24.15,-60.10625,-5.8));
#3552=CARTESIAN_POINT('',(-24.15,-41.959375,-5.8));
#3553=CARTESIAN_POINT('',(-24.15,-60.10625,-8.50038798347567));
#3554=CARTESIAN_POINT('',(-24.15,-55.671875,-8.50038798347567));
#3555=CARTESIAN_POINT('',(-24.15,-60.10625,-8.50038798347567));
#3556=CARTESIAN_POINT('Origin',(-35.8872635203324,-57.15,-9.24936533657832));
#3557=CARTESIAN_POINT('',(-29.7485185998615,-60.10625,-8.85764021990679));
#3558=CARTESIAN_POINT('Origin',(-30.975,-44.78625,-2.));
#3559=CARTESIAN_POINT('Origin',(-30.975,-69.075,-2.));
#3560=CARTESIAN_POINT('',(-30.975,-60.10625,-5.99998408409719));
#3561=CARTESIAN_POINT('Origin',(-85.15,19.95,-5.7));
#3562=CARTESIAN_POINT('',(-85.15,19.625,-5.7));
#3563=CARTESIAN_POINT('',(-85.15,19.625,-5.7));
#3564=CARTESIAN_POINT('',(-85.15,19.95,-5.7));
#3565=CARTESIAN_POINT('',(-100.3,19.95,-5.7));
#3566=CARTESIAN_POINT('',(-85.15,19.95,-5.7));
#3567=CARTESIAN_POINT('Origin',(-95.25,19.95,-8.));
#3568=CARTESIAN_POINT('',(-99.9999999999999,19.95,-10.3));
#3569=CARTESIAN_POINT('',(-97.625,19.95,-10.3));
#3570=CARTESIAN_POINT('',(-98.2499999999999,19.95,-8.5499999999999));
#3571=CARTESIAN_POINT('Origin',(-98.2499999999999,19.95,-10.2999999999999));
#3572=CARTESIAN_POINT('',(-92.2499999999999,19.95,-8.54999999999993));
#3573=CARTESIAN_POINT('',(-96.75,19.95,-8.54999999999991));
#3574=CARTESIAN_POINT('',(-90.4999999999999,19.95,-10.3));
#3575=CARTESIAN_POINT('Origin',(-92.2499999999999,19.95,-10.2999999999999));
#3576=CARTESIAN_POINT('',(-85.15,19.95,-10.3));
#3577=CARTESIAN_POINT('',(-90.2,19.95,-10.3));
#3578=CARTESIAN_POINT('',(-85.15,19.95,-6.85));
#3579=CARTESIAN_POINT('Origin',(-85.15,-1.81499999999997,-5.8));
#3580=CARTESIAN_POINT('',(-85.15,13.45,-10.3));
#3581=CARTESIAN_POINT('',(-85.15,13.45,-12.05));
#3582=CARTESIAN_POINT('',(-85.15,13.45,-8.925));
#3583=CARTESIAN_POINT('',(-85.15,-1.81499999999997,-12.05));
#3584=CARTESIAN_POINT('',(-85.15,-2.09375,-12.05));
#3585=CARTESIAN_POINT('',(-85.15,-1.81499999999997,-5.8));
#3586=CARTESIAN_POINT('',(-85.15,-1.81499999999997,-5.8));
#3587=CARTESIAN_POINT('',(-85.15,15.33875,-5.8));
#3588=CARTESIAN_POINT('',(-85.15,-12.81375,-5.8));
#3589=CARTESIAN_POINT('',(-85.15,15.33875,-2.));
#3590=CARTESIAN_POINT('',(-85.15,19.625,-5.8));
#3591=CARTESIAN_POINT('',(-85.15,19.95,-10.3));
#3592=CARTESIAN_POINT('Origin',(-92.2499999999999,0.,-10.2999999999999));
#3593=CARTESIAN_POINT('',(-90.5,18.95,-10.3));
#3594=CARTESIAN_POINT('',(-90.4999999999999,0.,-10.3));
#3595=CARTESIAN_POINT('',(-92.2499999999999,0.,-8.54999999999993));
#3596=CARTESIAN_POINT('',(-92.2499999999999,13.45,-12.0499999999999));
#3597=CARTESIAN_POINT('',(-92.2499999999999,0.,-12.0499999999999));
#3598=CARTESIAN_POINT('',(-90.4999999999999,13.45,-10.3));
#3599=CARTESIAN_POINT('Origin',(-92.2499999999999,13.45,-10.2999999999999));
#3600=CARTESIAN_POINT('',(-90.5,16.95,-10.3));
#3601=CARTESIAN_POINT('',(-90.4999999999999,0.,-10.3));
#3602=CARTESIAN_POINT('',(-90.5,17.74375,-10.3));
#3603=CARTESIAN_POINT('Origin',(-98.2499999999999,0.,-8.5499999999999));
#3604=CARTESIAN_POINT('',(-98.2499999999999,0.,-8.5499999999999));
#3605=CARTESIAN_POINT('Origin',(-85.15,-17.7688,-7.4));
#3606=CARTESIAN_POINT('',(-85.15,-17.7688,-12.05));
#3607=CARTESIAN_POINT('',(-88.1063,-17.7688,-12.05));
#3608=CARTESIAN_POINT('',(-90.1,-17.7688,-12.05));
#3609=CARTESIAN_POINT('',(-85.15,-17.7688,-7.4));
#3610=CARTESIAN_POINT('',(-85.15,-17.7688,-6.6));
#3611=CARTESIAN_POINT('',(-88.1063,-17.7688,-7.4));
#3612=CARTESIAN_POINT('',(-86.389075,-17.7688,-7.4));
#3613=CARTESIAN_POINT('',(-88.1063,-17.7688,-7.4));
#3614=CARTESIAN_POINT('Origin',(-88.1063,-15.7688,-7.4));
#3615=CARTESIAN_POINT('',(-88.9563,-15.7688,-12.05));
#3616=CARTESIAN_POINT('Origin',(-88.1063,-15.7688,-12.05));
#3617=CARTESIAN_POINT('',(-88.9563,-15.7688,-7.4));
#3618=CARTESIAN_POINT('',(-88.9563,-15.7688,-7.4));
#3619=CARTESIAN_POINT('Origin',(-88.1063,-15.7688,-7.4));
#3620=CARTESIAN_POINT('Origin',(-88.1063,-13.7688,-7.4));
#3621=CARTESIAN_POINT('',(-88.1063,-13.7688,-12.05));
#3622=CARTESIAN_POINT('',(-85.15,-13.7688,-12.05));
#3623=CARTESIAN_POINT('',(-91.5781500000001,-13.7688,-12.05));
#3624=CARTESIAN_POINT('',(-88.1063,-13.7688,-7.4));
#3625=CARTESIAN_POINT('',(-88.1063,-13.7688,-7.4));
#3626=CARTESIAN_POINT('',(-85.15,-13.7688,-7.4));
#3627=CARTESIAN_POINT('',(-87.867225,-13.7688,-7.4));
#3628=CARTESIAN_POINT('',(-85.15,-13.7688,-6.6));
#3629=CARTESIAN_POINT('Origin',(-88.1063,-15.7688,-7.4));
#3630=CARTESIAN_POINT('Origin',(-88.1063,-15.7688,-12.05));
#3631=CARTESIAN_POINT('Origin',(-88.1063,-15.7688,-7.4));
#3632=CARTESIAN_POINT('Origin',(-87.62815,-15.7688,-7.4));
#3633=CARTESIAN_POINT('',(-85.15,-41.5094,-7.4));
#3634=CARTESIAN_POINT('Origin',(-85.15,-67.25,-5.8));
#3635=CARTESIAN_POINT('',(-85.15,-67.25,-12.05));
#3636=CARTESIAN_POINT('',(-85.15,-15.81375,-12.05));
#3637=CARTESIAN_POINT('',(-85.15,-67.25,-5.8));
#3638=CARTESIAN_POINT('',(-85.15,-42.96125,-5.8));
#3639=CARTESIAN_POINT('',(-85.15,-42.96125,-2.));
#3640=CARTESIAN_POINT('',(-85.15,-7.81499999999997,-5.8));
#3641=CARTESIAN_POINT('',(-85.15,-33.386875,-5.8));
#3642=CARTESIAN_POINT('',(-85.15,-7.81499999999997,-12.05));
#3643=CARTESIAN_POINT('',(-85.15,-7.81499999999997,-5.8));
#3644=CARTESIAN_POINT('',(-85.15,-15.81375,-12.05));
#3645=CARTESIAN_POINT('Origin',(-95.05,-23.8125,-12.05));
#3646=CARTESIAN_POINT('Origin',(-98.2499999999999,0.,-10.2999999999999));
#3647=CARTESIAN_POINT('',(-99.9999999999999,13.45,-10.3));
#3648=CARTESIAN_POINT('',(-99.9999999999999,0.,-10.3));
#3649=CARTESIAN_POINT('',(-98.2499999999999,13.45,-12.0499999999999));
#3650=CARTESIAN_POINT('Origin',(-98.2499999999999,13.45,-10.2999999999999));
#3651=CARTESIAN_POINT('',(-98.2499999999999,0.,-12.0499999999999));
#3652=CARTESIAN_POINT('Origin',(-85.15,19.625,-5.8));
#3653=CARTESIAN_POINT('Origin',(-95.05,-23.8125,-12.05));
#3654=CARTESIAN_POINT('',(-84.75,-7.81499999999998,-12.05));
#3655=CARTESIAN_POINT('',(-89.8999999999999,-7.81499999999989,-12.05));
#3656=CARTESIAN_POINT('',(-84.75,-1.81499999999998,-12.05));
#3657=CARTESIAN_POINT('',(-84.75,-12.81375,-12.05));
#3658=CARTESIAN_POINT('',(-90.0999999999998,-1.81499999999988,-12.05));
#3659=CARTESIAN_POINT('',(-100.2,13.45,-12.05));
#3660=CARTESIAN_POINT('',(-100.2,13.45,-12.05));
#3661=CARTESIAN_POINT('',(-100.2,-2.22000000000004,-12.05));
#3662=CARTESIAN_POINT('',(-98.1624999999999,-11.2200000000001,-12.05));
#3663=CARTESIAN_POINT('',(-90.1,-67.25,-12.05));
#3664=CARTESIAN_POINT('Origin',(-105.35,13.45,-12.05));
#3665=CARTESIAN_POINT('',(-90.2,13.45,-10.3));
#3666=CARTESIAN_POINT('Origin',(-95.25,16.5375,-10.3));
#3667=CARTESIAN_POINT('',(-88.5,18.95,-10.3));
#3668=CARTESIAN_POINT('',(-91.875,18.95,-10.3));
#3669=CARTESIAN_POINT('',(-88.5,16.95,-10.3));
#3670=CARTESIAN_POINT('',(-88.5000000000001,16.74375,-10.3));
#3671=CARTESIAN_POINT('',(-92.875,16.95,-10.3));
#3672=CARTESIAN_POINT('Origin',(-95.25,16.5375,-10.3));
#3673=CARTESIAN_POINT('',(-90.2,13.45,-10.3));
#3674=CARTESIAN_POINT('Origin',(-88.5,16.95,-12.05));
#3675=CARTESIAN_POINT('',(-90.5,16.95,-12.05));
#3676=CARTESIAN_POINT('',(-88.5,16.95,-12.05));
#3677=CARTESIAN_POINT('',(-91.775,16.95,-12.05));
#3678=CARTESIAN_POINT('',(-90.5,16.95,-12.05));
#3679=CARTESIAN_POINT('',(-88.5,16.95,-12.05));
#3680=CARTESIAN_POINT('Origin',(-88.5000000000001,18.95,-12.05));
#3681=CARTESIAN_POINT('',(-88.5,18.95,-12.05));
#3682=CARTESIAN_POINT('',(-88.5000000000001,-2.43124999999999,-12.05));
#3683=CARTESIAN_POINT('',(-88.5,18.95,-12.05));
#3684=CARTESIAN_POINT('Origin',(-90.5,18.95,-12.05));
#3685=CARTESIAN_POINT('',(-90.5,18.95,-12.05));
#3686=CARTESIAN_POINT('',(-92.775,18.95,-12.05));
#3687=CARTESIAN_POINT('',(-90.5,18.95,-12.05));
#3688=CARTESIAN_POINT('Origin',(-90.5,16.95,-12.05));
#3689=CARTESIAN_POINT('',(-90.5,-3.43124999999999,-12.05));
#3690=CARTESIAN_POINT('Origin',(-105.35,13.45,-12.05));
#3691=CARTESIAN_POINT('Origin',(-89.5,17.95,-12.05));
#3692=CARTESIAN_POINT('',(-90.25,17.95,-12.05));
#3693=CARTESIAN_POINT('Origin',(-89.5,17.95,-12.05));
#3694=CARTESIAN_POINT('',(-90.25,17.95,-12.05));
#3695=CARTESIAN_POINT('Origin',(-105.35,-2.21999999999991,-9.5));
#3696=CARTESIAN_POINT('Origin',(-101.275,-11.22,-9.5));
#3697=CARTESIAN_POINT('',(-102.29375,-11.22,-9.5));
#3698=CARTESIAN_POINT('Origin',(-103.3125,-6.71999999999996,-9.5));
#3699=CARTESIAN_POINT('Origin',(-84.75,-1.81499999999997,-5.8));
#3700=CARTESIAN_POINT('',(-84.75,-1.81499999999997,-5.8));
#3701=CARTESIAN_POINT('',(-61.1374999999998,-1.8150000000004,-5.8));
#3702=CARTESIAN_POINT('',(-84.75,-1.81499999999998,-5.8));
#3703=CARTESIAN_POINT('Origin',(-84.75,-7.81499999999998,-5.8));
#3704=CARTESIAN_POINT('',(-84.75,-7.81499999999998,-5.8));
#3705=CARTESIAN_POINT('',(-84.75,-15.81375,-5.8));
#3706=CARTESIAN_POINT('',(-84.75,-7.81499999999998,-5.8));
#3707=CARTESIAN_POINT('Origin',(-95.05,-23.8125,-12.05));
#3708=CARTESIAN_POINT('Origin',(-105.35,-67.25,-5.8));
#3709=CARTESIAN_POINT('Origin',(-85.15,-7.81499999999997,-5.8));
#3710=CARTESIAN_POINT('',(-61.3374999999999,-7.81500000000036,-5.8));
#3711=CARTESIAN_POINT('Origin',(-66.1,-42.96125,-2.));
#3712=CARTESIAN_POINT('',(-66.1,-42.96125,-5.8));
#3713=CARTESIAN_POINT('',(-66.1,-42.96125,-2.));
#3714=CARTESIAN_POINT('',(-51.8125,-42.96125,-5.8));
#3715=CARTESIAN_POINT('Origin',(-66.1,-39.6275,-2.));
#3716=CARTESIAN_POINT('',(-66.1,-39.6275,-5.8));
#3717=CARTESIAN_POINT('',(-66.1,-39.6275,-2.));
#3718=CARTESIAN_POINT('',(-66.1,-31.72,-5.8));
#3719=CARTESIAN_POINT('Origin',(-47.05,-39.6275,-2.));
#3720=CARTESIAN_POINT('',(-47.05,-39.6275,-5.8));
#3721=CARTESIAN_POINT('',(-47.05,-39.6275,-2.));
#3722=CARTESIAN_POINT('',(-42.2875,-39.6275,-5.8));
#3723=CARTESIAN_POINT('Origin',(-47.05,-38.675,-2.));
#3724=CARTESIAN_POINT('',(-47.05,-38.675,-5.8));
#3725=CARTESIAN_POINT('',(-47.05,-38.675,-2.));
#3726=CARTESIAN_POINT('',(-47.05,-31.24375,-5.8));
#3727=CARTESIAN_POINT('Origin',(-29.15,-38.675,-2.));
#3728=CARTESIAN_POINT('',(-29.15,-38.675,-5.8));
#3729=CARTESIAN_POINT('',(-29.15,-38.675,-2.));
#3730=CARTESIAN_POINT('',(-33.3375,-38.675,-5.8));
#3731=CARTESIAN_POINT('Origin',(-29.15,-60.10625,-2.));
#3732=CARTESIAN_POINT('',(-29.15,-41.959375,-5.8));
#3733=CARTESIAN_POINT('Origin',(-10.1,-60.10625,-2.));
#3734=CARTESIAN_POINT('',(-10.1,-60.10625,-5.8));
#3735=CARTESIAN_POINT('',(-10.1,-60.10625,-2.));
#3736=CARTESIAN_POINT('',(-23.8125,-60.10625,-5.8));
#3737=CARTESIAN_POINT('Origin',(-10.1,-67.25,-2.));
#3738=CARTESIAN_POINT('',(-10.1,-67.25,-5.8));
#3739=CARTESIAN_POINT('',(-10.1,-67.25,-2.));
#3740=CARTESIAN_POINT('',(-10.1,-45.53125,-5.8));
#3741=CARTESIAN_POINT('Origin',(10.1,-67.25,-2.));
#3742=CARTESIAN_POINT('',(10.1,-67.25,-5.8));
#3743=CARTESIAN_POINT('',(10.1,-67.25,-2.));
#3744=CARTESIAN_POINT('',(-13.7125,-67.25,-5.8));
#3745=CARTESIAN_POINT('Origin',(10.1,10.1,-2.));
#3746=CARTESIAN_POINT('',(10.1,10.1,-5.8));
#3747=CARTESIAN_POINT('',(10.1,10.1,-2.));
#3748=CARTESIAN_POINT('',(10.1,-6.85625000000001,-5.8));
#3749=CARTESIAN_POINT('Origin',(-8.95000000000001,10.1,-2.));
#3750=CARTESIAN_POINT('',(-8.95000000000001,10.1,-5.8));
#3751=CARTESIAN_POINT('',(-8.95000000000001,10.1,-2.));
#3752=CARTESIAN_POINT('',(-23.2375,10.1,-5.8));
#3753=CARTESIAN_POINT('Origin',(-8.95000000000002,17.24375,-2.));
#3754=CARTESIAN_POINT('',(-8.95000000000001,17.24375,-5.8));
#3755=CARTESIAN_POINT('',(-8.95000000000001,17.24375,-2.));
#3756=CARTESIAN_POINT('',(-8.95000000000001,-3.284375,-5.8));
#3757=CARTESIAN_POINT('Origin',(-28.,17.24375,-2.));
#3758=CARTESIAN_POINT('',(-28.,17.24375,-5.8));
#3759=CARTESIAN_POINT('',(-28.,17.24375,-2.));
#3760=CARTESIAN_POINT('',(-32.7625,17.24375,-5.8));
#3761=CARTESIAN_POINT('Origin',(-28.,19.625,-2.));
#3762=CARTESIAN_POINT('',(-28.,19.625,-5.8));
#3763=CARTESIAN_POINT('',(-28.,19.625,-2.));
#3764=CARTESIAN_POINT('',(-28.,-2.09375,-5.8));
#3765=CARTESIAN_POINT('Origin',(-48.2,19.625,-2.));
#3766=CARTESIAN_POINT('',(-48.2,19.625,-5.8));
#3767=CARTESIAN_POINT('',(-48.2,19.625,-2.));
#3768=CARTESIAN_POINT('',(-42.8625,19.625,-5.8));
#3769=CARTESIAN_POINT('Origin',(-48.2,18.6725,-2.));
#3770=CARTESIAN_POINT('',(-48.2,18.6725,-5.8));
#3771=CARTESIAN_POINT('',(-48.2,18.6725,-2.));
#3772=CARTESIAN_POINT('',(-48.2000000000006,-2.56999999999985,-5.8));
#3773=CARTESIAN_POINT('Origin',(-67.2500000000001,18.6725,-2.));
#3774=CARTESIAN_POINT('',(-67.2500000000001,18.6725,-5.8));
#3775=CARTESIAN_POINT('',(-67.2500000000001,18.6725,-2.));
#3776=CARTESIAN_POINT('',(-52.3875,18.6725,-5.8));
#3777=CARTESIAN_POINT('Origin',(-67.25,15.33875,-2.));
#3778=CARTESIAN_POINT('',(-67.25,15.33875,-5.8));
#3779=CARTESIAN_POINT('',(-67.25,15.33875,-2.));
#3780=CARTESIAN_POINT('',(-67.2499999999998,-4.23687500000015,-5.8));
#3781=CARTESIAN_POINT('Origin',(-85.15,15.33875,-2.));
#3782=CARTESIAN_POINT('',(-61.3375,15.33875,-5.8));
#3783=CARTESIAN_POINT('Origin',(-37.525,-23.8125,-5.8));
#3784=CARTESIAN_POINT('Origin',(-107.175,-69.075,-2.));
#3785=UNCERTAINTY_MEASURE_WITH_UNIT(LENGTH_MEASURE(0.01),#3789,
'DISTANCE_ACCURACY_VALUE',
'Maximum model space distance between geometric entities at asserted c
onnectivities');
#3786=UNCERTAINTY_MEASURE_WITH_UNIT(LENGTH_MEASURE(0.01),#3789,
'DISTANCE_ACCURACY_VALUE',
'Maximum model space distance between geometric entities at asserted c
onnectivities');
#3787=(
GEOMETRIC_REPRESENTATION_CONTEXT(3)
GLOBAL_UNCERTAINTY_ASSIGNED_CONTEXT((#3785))
GLOBAL_UNIT_ASSIGNED_CONTEXT((#3789,#3791,#3792))
REPRESENTATION_CONTEXT('','3D')
);
#3788=(
GEOMETRIC_REPRESENTATION_CONTEXT(3)
GLOBAL_UNCERTAINTY_ASSIGNED_CONTEXT((#3786))
GLOBAL_UNIT_ASSIGNED_CONTEXT((#3789,#3791,#3792))
REPRESENTATION_CONTEXT('','3D')
);
#3789=(
LENGTH_UNIT()
NAMED_UNIT(*)
SI_UNIT(.MILLI.,.METRE.)
);
#3790=(
LENGTH_UNIT()
NAMED_UNIT(*)
SI_UNIT($,.METRE.)
);
#3791=(
NAMED_UNIT(*)
PLANE_ANGLE_UNIT()
SI_UNIT($,.RADIAN.)
);
#3792=(
NAMED_UNIT(*)
SI_UNIT($,.STERADIAN.)
SOLID_ANGLE_UNIT()
);
#3793=SHAPE_DEFINITION_REPRESENTATION(#3794,#3795);
#3794=PRODUCT_DEFINITION_SHAPE('',$,#3797);
#3795=SHAPE_REPRESENTATION('',(#2237),#3787);
#3796=PRODUCT_DEFINITION_CONTEXT('part definition',#3801,'design');
#3797=PRODUCT_DEFINITION('Modey45_R2_BOTTOM','Modey45_R2_BOTTOM',#3798,
#3796);
#3798=PRODUCT_DEFINITION_FORMATION('',$,#3803);
#3799=PRODUCT_RELATED_PRODUCT_CATEGORY('Modey45_R2_BOTTOM',
'Modey45_R2_BOTTOM',(#3803));
#3800=APPLICATION_PROTOCOL_DEFINITION('international standard',
'automotive_design',2009,#3801);
#3801=APPLICATION_CONTEXT(
'Core Data for Automotive Mechanical Design Process');
#3802=PRODUCT_CONTEXT('part definition',#3801,'mechanical');
#3803=PRODUCT('Modey45_R2_BOTTOM','Modey45_R2_BOTTOM',$,(#3802));
#3804=PRESENTATION_STYLE_ASSIGNMENT((#3805));
#3805=SURFACE_STYLE_USAGE(.BOTH.,#3806);
#3806=SURFACE_SIDE_STYLE('',(#3807));
#3807=SURFACE_STYLE_FILL_AREA(#3808);
#3808=FILL_AREA_STYLE('\X2\92FC\X0\ - \X2\30B530C630F3\X0\',(#3809));
#3809=FILL_AREA_STYLE_COLOUR('\X2\92FC\X0\ - \X2\30B530C630F3\X0\',#3810);
#3810=COLOUR_RGB('\X2\92FC\X0\ - \X2\30B530C630F3\X0\',0.627450980392157,
0.627450980392157,0.627450980392157);
ENDSEC;
END-ISO-10303-21;
