ISO-10303-21;
HEADER;
/* Generated by software containing ST-Developer
 * from STEP Tools, Inc. (www.steptools.com) 
 */

FILE_DESCRIPTION(
/* description */ (''),
/* implementation_level */ '2;1');

FILE_NAME(
/* name */ 'Modey45_L2_TOP.step',
/* time_stamp */ '2026-07-22T00:32:57+09:00',
/* author */ (''),
/* organization */ (''),
/* preprocessor_version */ 'ST-DEVELOPER v20.1',
/* originating_system */ 'Autodesk Translation Framework v15.8.0.0',
/* authorisation */ '');

FILE_SCHEMA (('AUTOMOTIVE_DESIGN { 1 0 10303 214 3 1 1 }'));
ENDSEC;

DATA;
#10=MECHANICAL_DESIGN_GEOMETRIC_PRESENTATION_REPRESENTATION('',(#13),#2871);
#11=SHAPE_REPRESENTATION_RELATIONSHIP('SRR','None',#2878,#12);
#12=ADVANCED_BREP_SHAPE_REPRESENTATION('',(#14),#2870);
#13=STYLED_ITEM('',(#2887),#14);
#14=MANIFOLD_SOLID_BREP('\X2\30DC30C730A3\X0\1',#1663);
#15=CYLINDRICAL_SURFACE('',#1704,2.1);
#16=CYLINDRICAL_SURFACE('',#1709,2.1);
#17=CYLINDRICAL_SURFACE('',#1711,5.);
#18=CYLINDRICAL_SURFACE('',#1714,5.);
#19=CYLINDRICAL_SURFACE('',#1735,5.);
#20=CYLINDRICAL_SURFACE('',#1764,5.);
#21=CYLINDRICAL_SURFACE('',#1767,4.);
#22=CYLINDRICAL_SURFACE('',#1798,4.);
#23=CYLINDRICAL_SURFACE('',#1799,4.);
#24=CYLINDRICAL_SURFACE('',#1801,4.);
#25=CYLINDRICAL_SURFACE('',#1802,2.);
#26=CYLINDRICAL_SURFACE('',#1804,2.);
#27=CYLINDRICAL_SURFACE('',#1805,2.);
#28=CYLINDRICAL_SURFACE('',#1807,2.);
#29=CYLINDRICAL_SURFACE('',#1808,2.);
#30=CYLINDRICAL_SURFACE('',#1809,2.);
#31=CYLINDRICAL_SURFACE('',#1811,2.);
#32=CYLINDRICAL_SURFACE('',#1813,2.);
#33=CYLINDRICAL_SURFACE('',#1815,2.);
#34=CYLINDRICAL_SURFACE('',#1816,2.);
#35=CYLINDRICAL_SURFACE('',#1817,2.);
#36=CYLINDRICAL_SURFACE('',#1818,2.);
#37=CYLINDRICAL_SURFACE('',#1819,2.);
#38=CYLINDRICAL_SURFACE('',#1821,2.);
#39=CYLINDRICAL_SURFACE('',#1822,2.);
#40=CYLINDRICAL_SURFACE('',#1824,2.);
#41=CYLINDRICAL_SURFACE('',#1826,2.);
#42=CYLINDRICAL_SURFACE('',#1828,2.);
#43=CYLINDRICAL_SURFACE('',#1829,2.);
#44=CYLINDRICAL_SURFACE('',#1830,2.);
#45=CYLINDRICAL_SURFACE('',#1831,2.);
#46=CYLINDRICAL_SURFACE('',#1833,2.);
#47=CYLINDRICAL_SURFACE('',#1835,2.);
#48=CYLINDRICAL_SURFACE('',#1837,2.);
#49=CYLINDRICAL_SURFACE('',#1839,2.1);
#50=CYLINDRICAL_SURFACE('',#1843,2.1);
#51=CYLINDRICAL_SURFACE('',#1847,1.09999999999999);
#52=CYLINDRICAL_SURFACE('',#1849,1.09999999999999);
#53=CYLINDRICAL_SURFACE('',#1851,1.1);
#54=CYLINDRICAL_SURFACE('',#1853,1.1);
#55=FACE_BOUND('',#268,.T.);
#56=FACE_BOUND('',#271,.T.);
#57=FACE_BOUND('',#277,.T.);
#58=FACE_BOUND('',#289,.T.);
#59=FACE_BOUND('',#295,.T.);
#60=FACE_BOUND('',#340,.T.);
#61=FACE_BOUND('',#343,.T.);
#62=FACE_BOUND('',#349,.T.);
#63=FACE_BOUND('',#350,.T.);
#64=FACE_BOUND('',#352,.T.);
#65=FACE_BOUND('',#353,.T.);
#66=ELLIPSE('',#1682,2.96984848098351,2.1);
#67=ELLIPSE('',#1683,2.96984848098351,2.1);
#68=ELLIPSE('',#1684,2.96984848098351,2.1);
#69=ELLIPSE('',#1685,2.96984848098351,2.1);
#70=ELLIPSE('',#1694,2.96984848098352,2.1);
#71=ELLIPSE('',#1695,2.96984848098352,2.1);
#72=ELLIPSE('',#1696,2.96984848098352,2.1);
#73=ELLIPSE('',#1697,2.96984848098352,2.1);
#74=CIRCLE('',#1679,5.);
#75=CIRCLE('',#1680,4.5);
#76=CIRCLE('',#1687,5.);
#77=CIRCLE('',#1688,4.5);
#78=CIRCLE('',#1691,5.);
#79=CIRCLE('',#1692,4.5);
#80=CIRCLE('',#1699,5.);
#81=CIRCLE('',#1700,4.5);
#82=CIRCLE('',#1702,2.1);
#83=CIRCLE('',#1703,1.1);
#84=CIRCLE('',#1705,2.1);
#85=CIRCLE('',#1707,2.1);
#86=CIRCLE('',#1708,1.09999999999999);
#87=CIRCLE('',#1710,2.1);
#88=CIRCLE('',#1712,5.);
#89=CIRCLE('',#1715,5.);
#90=CIRCLE('',#1717,4.);
#91=CIRCLE('',#1718,4.);
#92=CIRCLE('',#1719,4.);
#93=CIRCLE('',#1720,4.);
#94=CIRCLE('',#1723,4.5);
#95=CIRCLE('',#1726,5.);
#96=CIRCLE('',#1727,4.5);
#97=CIRCLE('',#1730,5.);
#98=CIRCLE('',#1731,4.5);
#99=CIRCLE('',#1734,4.5);
#100=CIRCLE('',#1737,2.1);
#101=CIRCLE('',#1738,2.1);
#102=CIRCLE('',#1740,2.);
#103=CIRCLE('',#1741,2.);
#104=CIRCLE('',#1742,2.);
#105=CIRCLE('',#1743,2.);
#106=CIRCLE('',#1744,2.);
#107=CIRCLE('',#1745,2.);
#108=CIRCLE('',#1746,2.);
#109=CIRCLE('',#1747,2.);
#110=CIRCLE('',#1748,2.);
#111=CIRCLE('',#1749,2.);
#112=CIRCLE('',#1750,2.);
#113=CIRCLE('',#1751,2.);
#114=CIRCLE('',#1752,2.);
#115=CIRCLE('',#1753,2.);
#116=CIRCLE('',#1754,2.);
#117=CIRCLE('',#1755,2.);
#118=CIRCLE('',#1756,2.);
#119=CIRCLE('',#1757,2.);
#120=CIRCLE('',#1758,2.);
#121=CIRCLE('',#1759,2.);
#122=CIRCLE('',#1760,2.);
#123=CIRCLE('',#1761,2.);
#124=CIRCLE('',#1762,2.);
#125=CIRCLE('',#1763,2.);
#126=CIRCLE('',#1768,4.);
#127=CIRCLE('',#1770,4.);
#128=CIRCLE('',#1771,4.);
#129=CIRCLE('',#1772,4.);
#130=CIRCLE('',#1773,2.);
#131=CIRCLE('',#1774,2.);
#132=CIRCLE('',#1775,2.);
#133=CIRCLE('',#1776,2.);
#134=CIRCLE('',#1777,2.);
#135=CIRCLE('',#1778,2.);
#136=CIRCLE('',#1779,2.);
#137=CIRCLE('',#1780,2.);
#138=CIRCLE('',#1781,2.);
#139=CIRCLE('',#1782,2.);
#140=CIRCLE('',#1783,2.);
#141=CIRCLE('',#1784,2.);
#142=CIRCLE('',#1785,2.);
#143=CIRCLE('',#1786,2.);
#144=CIRCLE('',#1787,2.);
#145=CIRCLE('',#1788,2.);
#146=CIRCLE('',#1789,2.);
#147=CIRCLE('',#1790,2.);
#148=CIRCLE('',#1791,2.);
#149=CIRCLE('',#1792,2.);
#150=CIRCLE('',#1793,2.);
#151=CIRCLE('',#1794,2.);
#152=CIRCLE('',#1795,2.);
#153=CIRCLE('',#1796,2.);
#154=CIRCLE('',#1840,2.1);
#155=CIRCLE('',#1842,1.09999999999999);
#156=CIRCLE('',#1844,2.1);
#157=CIRCLE('',#1846,1.1);
#158=CIRCLE('',#1848,1.09999999999999);
#159=CIRCLE('',#1850,1.09999999999999);
#160=CIRCLE('',#1852,1.1);
#161=CIRCLE('',#1854,1.1);
#162=CONICAL_SURFACE('',#1678,4.75,0.785398163397446);
#163=CONICAL_SURFACE('',#1686,4.75,0.785398163397446);
#164=CONICAL_SURFACE('',#1690,4.75,0.785398163397446);
#165=CONICAL_SURFACE('',#1698,4.75,0.785398163397446);
#166=CONICAL_SURFACE('',#1722,4.75,0.785398163397447);
#167=CONICAL_SURFACE('',#1725,4.75,0.785398163397447);
#168=CONICAL_SURFACE('',#1729,4.75,0.785398163397447);
#169=CONICAL_SURFACE('',#1733,4.75,0.785398163397447);
#170=FACE_OUTER_BOUND('',#259,.T.);
#171=FACE_OUTER_BOUND('',#260,.T.);
#172=FACE_OUTER_BOUND('',#261,.T.);
#173=FACE_OUTER_BOUND('',#262,.T.);
#174=FACE_OUTER_BOUND('',#263,.T.);
#175=FACE_OUTER_BOUND('',#264,.T.);
#176=FACE_OUTER_BOUND('',#265,.T.);
#177=FACE_OUTER_BOUND('',#266,.T.);
#178=FACE_OUTER_BOUND('',#267,.T.);
#179=FACE_OUTER_BOUND('',#269,.T.);
#180=FACE_OUTER_BOUND('',#270,.T.);
#181=FACE_OUTER_BOUND('',#272,.T.);
#182=FACE_OUTER_BOUND('',#273,.T.);
#183=FACE_OUTER_BOUND('',#274,.T.);
#184=FACE_OUTER_BOUND('',#275,.T.);
#185=FACE_OUTER_BOUND('',#276,.T.);
#186=FACE_OUTER_BOUND('',#278,.T.);
#187=FACE_OUTER_BOUND('',#279,.T.);
#188=FACE_OUTER_BOUND('',#280,.T.);
#189=FACE_OUTER_BOUND('',#281,.T.);
#190=FACE_OUTER_BOUND('',#282,.T.);
#191=FACE_OUTER_BOUND('',#283,.T.);
#192=FACE_OUTER_BOUND('',#284,.T.);
#193=FACE_OUTER_BOUND('',#285,.T.);
#194=FACE_OUTER_BOUND('',#286,.T.);
#195=FACE_OUTER_BOUND('',#287,.T.);
#196=FACE_OUTER_BOUND('',#288,.T.);
#197=FACE_OUTER_BOUND('',#290,.T.);
#198=FACE_OUTER_BOUND('',#291,.T.);
#199=FACE_OUTER_BOUND('',#292,.T.);
#200=FACE_OUTER_BOUND('',#293,.T.);
#201=FACE_OUTER_BOUND('',#294,.T.);
#202=FACE_OUTER_BOUND('',#296,.T.);
#203=FACE_OUTER_BOUND('',#297,.T.);
#204=FACE_OUTER_BOUND('',#298,.T.);
#205=FACE_OUTER_BOUND('',#299,.T.);
#206=FACE_OUTER_BOUND('',#300,.T.);
#207=FACE_OUTER_BOUND('',#301,.T.);
#208=FACE_OUTER_BOUND('',#302,.T.);
#209=FACE_OUTER_BOUND('',#303,.T.);
#210=FACE_OUTER_BOUND('',#304,.T.);
#211=FACE_OUTER_BOUND('',#305,.T.);
#212=FACE_OUTER_BOUND('',#306,.T.);
#213=FACE_OUTER_BOUND('',#307,.T.);
#214=FACE_OUTER_BOUND('',#308,.T.);
#215=FACE_OUTER_BOUND('',#309,.T.);
#216=FACE_OUTER_BOUND('',#310,.T.);
#217=FACE_OUTER_BOUND('',#311,.T.);
#218=FACE_OUTER_BOUND('',#312,.T.);
#219=FACE_OUTER_BOUND('',#313,.T.);
#220=FACE_OUTER_BOUND('',#314,.T.);
#221=FACE_OUTER_BOUND('',#315,.T.);
#222=FACE_OUTER_BOUND('',#316,.T.);
#223=FACE_OUTER_BOUND('',#317,.T.);
#224=FACE_OUTER_BOUND('',#318,.T.);
#225=FACE_OUTER_BOUND('',#319,.T.);
#226=FACE_OUTER_BOUND('',#320,.T.);
#227=FACE_OUTER_BOUND('',#321,.T.);
#228=FACE_OUTER_BOUND('',#322,.T.);
#229=FACE_OUTER_BOUND('',#323,.T.);
#230=FACE_OUTER_BOUND('',#324,.T.);
#231=FACE_OUTER_BOUND('',#325,.T.);
#232=FACE_OUTER_BOUND('',#326,.T.);
#233=FACE_OUTER_BOUND('',#327,.T.);
#234=FACE_OUTER_BOUND('',#328,.T.);
#235=FACE_OUTER_BOUND('',#329,.T.);
#236=FACE_OUTER_BOUND('',#330,.T.);
#237=FACE_OUTER_BOUND('',#331,.T.);
#238=FACE_OUTER_BOUND('',#332,.T.);
#239=FACE_OUTER_BOUND('',#333,.T.);
#240=FACE_OUTER_BOUND('',#334,.T.);
#241=FACE_OUTER_BOUND('',#335,.T.);
#242=FACE_OUTER_BOUND('',#336,.T.);
#243=FACE_OUTER_BOUND('',#337,.T.);
#244=FACE_OUTER_BOUND('',#338,.T.);
#245=FACE_OUTER_BOUND('',#339,.T.);
#246=FACE_OUTER_BOUND('',#341,.T.);
#247=FACE_OUTER_BOUND('',#342,.T.);
#248=FACE_OUTER_BOUND('',#344,.T.);
#249=FACE_OUTER_BOUND('',#345,.T.);
#250=FACE_OUTER_BOUND('',#346,.T.);
#251=FACE_OUTER_BOUND('',#347,.T.);
#252=FACE_OUTER_BOUND('',#348,.T.);
#253=FACE_OUTER_BOUND('',#351,.T.);
#254=FACE_OUTER_BOUND('',#354,.T.);
#255=FACE_OUTER_BOUND('',#355,.T.);
#256=FACE_OUTER_BOUND('',#356,.T.);
#257=FACE_OUTER_BOUND('',#357,.T.);
#258=FACE_OUTER_BOUND('',#358,.T.);
#259=EDGE_LOOP('',(#1049,#1050,#1051,#1052));
#260=EDGE_LOOP('',(#1053,#1054,#1055,#1056));
#261=EDGE_LOOP('',(#1057,#1058,#1059,#1060,#1061,#1062,#1063,#1064,#1065,
#1066,#1067,#1068));
#262=EDGE_LOOP('',(#1069,#1070,#1071,#1072));
#263=EDGE_LOOP('',(#1073,#1074,#1075,#1076));
#264=EDGE_LOOP('',(#1077,#1078,#1079,#1080));
#265=EDGE_LOOP('',(#1081,#1082,#1083,#1084,#1085,#1086,#1087,#1088,#1089,
#1090,#1091,#1092));
#266=EDGE_LOOP('',(#1093,#1094,#1095,#1096));
#267=EDGE_LOOP('',(#1097,#1098));
#268=EDGE_LOOP('',(#1099));
#269=EDGE_LOOP('',(#1100,#1101,#1102,#1103));
#270=EDGE_LOOP('',(#1104,#1105));
#271=EDGE_LOOP('',(#1106));
#272=EDGE_LOOP('',(#1107,#1108,#1109,#1110));
#273=EDGE_LOOP('',(#1111,#1112,#1113,#1114));
#274=EDGE_LOOP('',(#1115,#1116,#1117,#1118));
#275=EDGE_LOOP('',(#1119,#1120,#1121,#1122));
#276=EDGE_LOOP('',(#1123,#1124,#1125,#1126,#1127,#1128,#1129,#1130));
#277=EDGE_LOOP('',(#1131,#1132,#1133,#1134,#1135,#1136,#1137,#1138));
#278=EDGE_LOOP('',(#1139,#1140,#1141,#1142));
#279=EDGE_LOOP('',(#1143,#1144,#1145,#1146));
#280=EDGE_LOOP('',(#1147,#1148,#1149,#1150));
#281=EDGE_LOOP('',(#1151,#1152,#1153,#1154));
#282=EDGE_LOOP('',(#1155,#1156,#1157,#1158));
#283=EDGE_LOOP('',(#1159,#1160,#1161,#1162));
#284=EDGE_LOOP('',(#1163,#1164,#1165,#1166));
#285=EDGE_LOOP('',(#1167,#1168,#1169,#1170));
#286=EDGE_LOOP('',(#1171,#1172,#1173,#1174));
#287=EDGE_LOOP('',(#1175,#1176,#1177,#1178,#1179,#1180,#1181,#1182));
#288=EDGE_LOOP('',(#1183,#1184,#1185,#1186,#1187,#1188,#1189,#1190));
#289=EDGE_LOOP('',(#1191,#1192,#1193,#1194,#1195,#1196,#1197,#1198,#1199,
#1200,#1201,#1202,#1203,#1204,#1205,#1206,#1207,#1208,#1209,#1210,#1211,
#1212,#1213,#1214,#1215,#1216,#1217,#1218,#1219,#1220,#1221,#1222,#1223,
#1224,#1225,#1226,#1227,#1228,#1229,#1230,#1231,#1232));
#290=EDGE_LOOP('',(#1233,#1234,#1235,#1236));
#291=EDGE_LOOP('',(#1237,#1238,#1239,#1240));
#292=EDGE_LOOP('',(#1241,#1242,#1243,#1244,#1245,#1246,#1247,#1248));
#293=EDGE_LOOP('',(#1249,#1250,#1251,#1252));
#294=EDGE_LOOP('',(#1253,#1254,#1255,#1256,#1257,#1258,#1259,#1260));
#295=EDGE_LOOP('',(#1261,#1262,#1263,#1264,#1265,#1266,#1267,#1268,#1269,
#1270,#1271,#1272,#1273,#1274,#1275,#1276,#1277,#1278,#1279,#1280,#1281,
#1282,#1283,#1284,#1285,#1286,#1287,#1288,#1289,#1290,#1291,#1292,#1293,
#1294,#1295,#1296,#1297,#1298,#1299,#1300,#1301,#1302));
#296=EDGE_LOOP('',(#1303,#1304,#1305,#1306));
#297=EDGE_LOOP('',(#1307,#1308,#1309,#1310));
#298=EDGE_LOOP('',(#1311,#1312,#1313,#1314));
#299=EDGE_LOOP('',(#1315,#1316,#1317,#1318));
#300=EDGE_LOOP('',(#1319,#1320,#1321,#1322));
#301=EDGE_LOOP('',(#1323,#1324,#1325,#1326));
#302=EDGE_LOOP('',(#1327,#1328,#1329,#1330));
#303=EDGE_LOOP('',(#1331,#1332,#1333,#1334));
#304=EDGE_LOOP('',(#1335,#1336,#1337,#1338));
#305=EDGE_LOOP('',(#1339,#1340,#1341,#1342));
#306=EDGE_LOOP('',(#1343,#1344,#1345,#1346));
#307=EDGE_LOOP('',(#1347,#1348,#1349,#1350));
#308=EDGE_LOOP('',(#1351,#1352,#1353,#1354));
#309=EDGE_LOOP('',(#1355,#1356,#1357,#1358));
#310=EDGE_LOOP('',(#1359,#1360,#1361,#1362));
#311=EDGE_LOOP('',(#1363,#1364,#1365,#1366));
#312=EDGE_LOOP('',(#1367,#1368,#1369,#1370));
#313=EDGE_LOOP('',(#1371,#1372,#1373,#1374));
#314=EDGE_LOOP('',(#1375,#1376,#1377,#1378));
#315=EDGE_LOOP('',(#1379,#1380,#1381,#1382));
#316=EDGE_LOOP('',(#1383,#1384,#1385,#1386));
#317=EDGE_LOOP('',(#1387,#1388,#1389,#1390));
#318=EDGE_LOOP('',(#1391,#1392,#1393,#1394));
#319=EDGE_LOOP('',(#1395,#1396,#1397,#1398));
#320=EDGE_LOOP('',(#1399,#1400,#1401,#1402));
#321=EDGE_LOOP('',(#1403,#1404,#1405,#1406));
#322=EDGE_LOOP('',(#1407,#1408,#1409,#1410));
#323=EDGE_LOOP('',(#1411,#1412,#1413,#1414));
#324=EDGE_LOOP('',(#1415,#1416,#1417,#1418));
#325=EDGE_LOOP('',(#1419,#1420,#1421,#1422));
#326=EDGE_LOOP('',(#1423,#1424,#1425,#1426));
#327=EDGE_LOOP('',(#1427,#1428,#1429,#1430));
#328=EDGE_LOOP('',(#1431,#1432,#1433,#1434));
#329=EDGE_LOOP('',(#1435,#1436,#1437,#1438));
#330=EDGE_LOOP('',(#1439,#1440,#1441,#1442));
#331=EDGE_LOOP('',(#1443,#1444,#1445,#1446));
#332=EDGE_LOOP('',(#1447,#1448,#1449,#1450));
#333=EDGE_LOOP('',(#1451,#1452,#1453,#1454));
#334=EDGE_LOOP('',(#1455,#1456,#1457,#1458));
#335=EDGE_LOOP('',(#1459,#1460,#1461,#1462));
#336=EDGE_LOOP('',(#1463,#1464,#1465,#1466));
#337=EDGE_LOOP('',(#1467,#1468,#1469,#1470));
#338=EDGE_LOOP('',(#1471,#1472,#1473,#1474));
#339=EDGE_LOOP('',(#1475,#1476));
#340=EDGE_LOOP('',(#1477));
#341=EDGE_LOOP('',(#1478,#1479,#1480,#1481));
#342=EDGE_LOOP('',(#1482,#1483));
#343=EDGE_LOOP('',(#1484));
#344=EDGE_LOOP('',(#1485,#1486,#1487,#1488));
#345=EDGE_LOOP('',(#1489,#1490,#1491,#1492));
#346=EDGE_LOOP('',(#1493,#1494,#1495,#1496));
#347=EDGE_LOOP('',(#1497,#1498,#1499,#1500));
#348=EDGE_LOOP('',(#1501,#1502,#1503,#1504));
#349=EDGE_LOOP('',(#1505));
#350=EDGE_LOOP('',(#1506));
#351=EDGE_LOOP('',(#1507,#1508,#1509,#1510));
#352=EDGE_LOOP('',(#1511));
#353=EDGE_LOOP('',(#1512));
#354=EDGE_LOOP('',(#1513,#1514,#1515,#1516));
#355=EDGE_LOOP('',(#1517,#1518,#1519,#1520));
#356=EDGE_LOOP('',(#1521,#1522,#1523,#1524));
#357=EDGE_LOOP('',(#1525,#1526,#1527,#1528));
#358=EDGE_LOOP('',(#1529,#1530,#1531,#1532));
#359=LINE('',#2384,#505);
#360=LINE('',#2386,#506);
#361=LINE('',#2388,#507);
#362=LINE('',#2389,#508);
#363=LINE('',#2394,#509);
#364=LINE('',#2401,#510);
#365=LINE('',#2403,#511);
#366=LINE('',#2404,#512);
#367=LINE('',#2406,#513);
#368=LINE('',#2410,#514);
#369=LINE('',#2414,#515);
#370=LINE('',#2417,#516);
#371=LINE('',#2422,#517);
#372=LINE('',#2427,#518);
#373=LINE('',#2428,#519);
#374=LINE('',#2429,#520);
#375=LINE('',#2434,#521);
#376=LINE('',#2441,#522);
#377=LINE('',#2443,#523);
#378=LINE('',#2444,#524);
#379=LINE('',#2446,#525);
#380=LINE('',#2450,#526);
#381=LINE('',#2454,#527);
#382=LINE('',#2457,#528);
#383=LINE('',#2475,#529);
#384=LINE('',#2478,#530);
#385=LINE('',#2481,#531);
#386=LINE('',#2482,#532);
#387=LINE('',#2485,#533);
#388=LINE('',#2490,#534);
#389=LINE('',#2494,#535);
#390=LINE('',#2498,#536);
#391=LINE('',#2502,#537);
#392=LINE('',#2506,#538);
#393=LINE('',#2508,#539);
#394=LINE('',#2509,#540);
#395=LINE('',#2512,#541);
#396=LINE('',#2517,#542);
#397=LINE('',#2518,#543);
#398=LINE('',#2519,#544);
#399=LINE('',#2524,#545);
#400=LINE('',#2529,#546);
#401=LINE('',#2530,#547);
#402=LINE('',#2531,#548);
#403=LINE('',#2536,#549);
#404=LINE('',#2540,#550);
#405=LINE('',#2541,#551);
#406=LINE('',#2542,#552);
#407=LINE('',#2546,#553);
#408=LINE('',#2547,#554);
#409=LINE('',#2558,#555);
#410=LINE('',#2562,#556);
#411=LINE('',#2566,#557);
#412=LINE('',#2570,#558);
#413=LINE('',#2574,#559);
#414=LINE('',#2578,#560);
#415=LINE('',#2582,#561);
#416=LINE('',#2588,#562);
#417=LINE('',#2594,#563);
#418=LINE('',#2600,#564);
#419=LINE('',#2604,#565);
#420=LINE('',#2608,#566);
#421=LINE('',#2612,#567);
#422=LINE('',#2616,#568);
#423=LINE('',#2620,#569);
#424=LINE('',#2624,#570);
#425=LINE('',#2630,#571);
#426=LINE('',#2635,#572);
#427=LINE('',#2637,#573);
#428=LINE('',#2638,#574);
#429=LINE('',#2645,#575);
#430=LINE('',#2646,#576);
#431=LINE('',#2649,#577);
#432=LINE('',#2653,#578);
#433=LINE('',#2657,#579);
#434=LINE('',#2660,#580);
#435=LINE('',#2665,#581);
#436=LINE('',#2671,#582);
#437=LINE('',#2677,#583);
#438=LINE('',#2681,#584);
#439=LINE('',#2685,#585);
#440=LINE('',#2689,#586);
#441=LINE('',#2693,#587);
#442=LINE('',#2697,#588);
#443=LINE('',#2701,#589);
#444=LINE('',#2707,#590);
#445=LINE('',#2713,#591);
#446=LINE('',#2719,#592);
#447=LINE('',#2723,#593);
#448=LINE('',#2727,#594);
#449=LINE('',#2731,#595);
#450=LINE('',#2735,#596);
#451=LINE('',#2739,#597);
#452=LINE('',#2743,#598);
#453=LINE('',#2746,#599);
#454=LINE('',#2748,#600);
#455=LINE('',#2750,#601);
#456=LINE('',#2751,#602);
#457=LINE('',#2753,#603);
#458=LINE('',#2755,#604);
#459=LINE('',#2757,#605);
#460=LINE('',#2758,#606);
#461=LINE('',#2760,#607);
#462=LINE('',#2762,#608);
#463=LINE('',#2764,#609);
#464=LINE('',#2765,#610);
#465=LINE('',#2767,#611);
#466=LINE('',#2769,#612);
#467=LINE('',#2770,#613);
#468=LINE('',#2772,#614);
#469=LINE('',#2774,#615);
#470=LINE('',#2775,#616);
#471=LINE('',#2777,#617);
#472=LINE('',#2779,#618);
#473=LINE('',#2780,#619);
#474=LINE('',#2783,#620);
#475=LINE('',#2784,#621);
#476=LINE('',#2786,#622);
#477=LINE('',#2789,#623);
#478=LINE('',#2791,#624);
#479=LINE('',#2792,#625);
#480=LINE('',#2794,#626);
#481=LINE('',#2796,#627);
#482=LINE('',#2797,#628);
#483=LINE('',#2799,#629);
#484=LINE('',#2801,#630);
#485=LINE('',#2803,#631);
#486=LINE('',#2804,#632);
#487=LINE('',#2807,#633);
#488=LINE('',#2808,#634);
#489=LINE('',#2811,#635);
#490=LINE('',#2812,#636);
#491=LINE('',#2814,#637);
#492=LINE('',#2816,#638);
#493=LINE('',#2818,#639);
#494=LINE('',#2819,#640);
#495=LINE('',#2822,#641);
#496=LINE('',#2825,#642);
#497=LINE('',#2826,#643);
#498=LINE('',#2829,#644);
#499=LINE('',#2830,#645);
#500=LINE('',#2833,#646);
#501=LINE('',#2848,#647);
#502=LINE('',#2851,#648);
#503=LINE('',#2856,#649);
#504=LINE('',#2859,#650);
#505=VECTOR('',#1866,10.);
#506=VECTOR('',#1867,10.);
#507=VECTOR('',#1868,10.);
#508=VECTOR('',#1869,10.);
#509=VECTOR('',#1874,10.);
#510=VECTOR('',#1881,10.);
#511=VECTOR('',#1882,10.);
#512=VECTOR('',#1883,10.);
#513=VECTOR('',#1884,10.);
#514=VECTOR('',#1887,10.);
#515=VECTOR('',#1890,10.);
#516=VECTOR('',#1893,10.);
#517=VECTOR('',#1898,10.);
#518=VECTOR('',#1903,10.);
#519=VECTOR('',#1904,10.);
#520=VECTOR('',#1905,10.);
#521=VECTOR('',#1910,10.);
#522=VECTOR('',#1917,10.);
#523=VECTOR('',#1918,10.);
#524=VECTOR('',#1919,10.);
#525=VECTOR('',#1920,10.);
#526=VECTOR('',#1923,10.);
#527=VECTOR('',#1926,10.);
#528=VECTOR('',#1929,10.);
#529=VECTOR('',#1958,10.);
#530=VECTOR('',#1961,10.);
#531=VECTOR('',#1964,10.);
#532=VECTOR('',#1965,10.);
#533=VECTOR('',#1968,10.);
#534=VECTOR('',#1973,10.);
#535=VECTOR('',#1976,10.);
#536=VECTOR('',#1979,10.);
#537=VECTOR('',#1982,10.);
#538=VECTOR('',#1987,10.);
#539=VECTOR('',#1988,10.);
#540=VECTOR('',#1989,10.);
#541=VECTOR('',#1992,10.);
#542=VECTOR('',#1997,10.);
#543=VECTOR('',#1998,10.);
#544=VECTOR('',#1999,10.);
#545=VECTOR('',#2004,10.);
#546=VECTOR('',#2009,10.);
#547=VECTOR('',#2010,10.);
#548=VECTOR('',#2011,10.);
#549=VECTOR('',#2016,10.);
#550=VECTOR('',#2021,10.);
#551=VECTOR('',#2022,10.);
#552=VECTOR('',#2023,10.);
#553=VECTOR('',#2030,10.);
#554=VECTOR('',#2031,10.);
#555=VECTOR('',#2044,10.);
#556=VECTOR('',#2047,10.);
#557=VECTOR('',#2050,10.);
#558=VECTOR('',#2053,10.);
#559=VECTOR('',#2056,10.);
#560=VECTOR('',#2059,10.);
#561=VECTOR('',#2062,10.);
#562=VECTOR('',#2067,10.);
#563=VECTOR('',#2072,10.);
#564=VECTOR('',#2077,10.);
#565=VECTOR('',#2080,10.);
#566=VECTOR('',#2083,10.);
#567=VECTOR('',#2086,10.);
#568=VECTOR('',#2089,10.);
#569=VECTOR('',#2092,10.);
#570=VECTOR('',#2095,10.);
#571=VECTOR('',#2100,10.);
#572=VECTOR('',#2105,10.);
#573=VECTOR('',#2108,10.);
#574=VECTOR('',#2109,10.);
#575=VECTOR('',#2118,10.);
#576=VECTOR('',#2119,10.);
#577=VECTOR('',#2122,10.);
#578=VECTOR('',#2125,10.);
#579=VECTOR('',#2128,10.);
#580=VECTOR('',#2131,10.);
#581=VECTOR('',#2134,10.);
#582=VECTOR('',#2139,10.);
#583=VECTOR('',#2144,10.);
#584=VECTOR('',#2147,10.);
#585=VECTOR('',#2150,10.);
#586=VECTOR('',#2153,10.);
#587=VECTOR('',#2156,10.);
#588=VECTOR('',#2159,10.);
#589=VECTOR('',#2162,10.);
#590=VECTOR('',#2167,10.);
#591=VECTOR('',#2172,10.);
#592=VECTOR('',#2177,10.);
#593=VECTOR('',#2180,10.);
#594=VECTOR('',#2183,10.);
#595=VECTOR('',#2186,10.);
#596=VECTOR('',#2189,10.);
#597=VECTOR('',#2192,10.);
#598=VECTOR('',#2195,10.);
#599=VECTOR('',#2200,10.);
#600=VECTOR('',#2203,10.);
#601=VECTOR('',#2206,10.);
#602=VECTOR('',#2207,10.);
#603=VECTOR('',#2210,10.);
#604=VECTOR('',#2213,10.);
#605=VECTOR('',#2216,2.);
#606=VECTOR('',#2217,2.);
#607=VECTOR('',#2220,10.);
#608=VECTOR('',#2223,10.);
#609=VECTOR('',#2226,10.);
#610=VECTOR('',#2227,10.);
#611=VECTOR('',#2230,10.);
#612=VECTOR('',#2233,2.);
#613=VECTOR('',#2234,2.);
#614=VECTOR('',#2237,10.);
#615=VECTOR('',#2240,10.);
#616=VECTOR('',#2241,10.);
#617=VECTOR('',#2244,10.);
#618=VECTOR('',#2247,10.);
#619=VECTOR('',#2248,10.);
#620=VECTOR('',#2253,10.);
#621=VECTOR('',#2254,10.);
#622=VECTOR('',#2257,10.);
#623=VECTOR('',#2262,2.);
#624=VECTOR('',#2265,2.);
#625=VECTOR('',#2266,2.);
#626=VECTOR('',#2269,10.);
#627=VECTOR('',#2272,10.);
#628=VECTOR('',#2273,10.);
#629=VECTOR('',#2276,10.);
#630=VECTOR('',#2279,10.);
#631=VECTOR('',#2282,10.);
#632=VECTOR('',#2283,10.);
#633=VECTOR('',#2288,10.);
#634=VECTOR('',#2289,10.);
#635=VECTOR('',#2294,10.);
#636=VECTOR('',#2295,10.);
#637=VECTOR('',#2298,10.);
#638=VECTOR('',#2301,10.);
#639=VECTOR('',#2304,2.);
#640=VECTOR('',#2305,2.);
#641=VECTOR('',#2310,2.);
#642=VECTOR('',#2315,10.);
#643=VECTOR('',#2316,10.);
#644=VECTOR('',#2321,10.);
#645=VECTOR('',#2322,10.);
#646=VECTOR('',#2327,10.);
#647=VECTOR('',#2350,1.09999999999999);
#648=VECTOR('',#2353,1.09999999999999);
#649=VECTOR('',#2360,1.1);
#650=VECTOR('',#2363,1.1);
#651=VERTEX_POINT('',#2382);
#652=VERTEX_POINT('',#2383);
#653=VERTEX_POINT('',#2385);
#654=VERTEX_POINT('',#2387);
#655=VERTEX_POINT('',#2391);
#656=VERTEX_POINT('',#2393);
#657=VERTEX_POINT('',#2397);
#658=VERTEX_POINT('',#2398);
#659=VERTEX_POINT('',#2400);
#660=VERTEX_POINT('',#2402);
#661=VERTEX_POINT('',#2405);
#662=VERTEX_POINT('',#2407);
#663=VERTEX_POINT('',#2409);
#664=VERTEX_POINT('',#2411);
#665=VERTEX_POINT('',#2413);
#666=VERTEX_POINT('',#2415);
#667=VERTEX_POINT('',#2419);
#668=VERTEX_POINT('',#2421);
#669=VERTEX_POINT('',#2425);
#670=VERTEX_POINT('',#2426);
#671=VERTEX_POINT('',#2431);
#672=VERTEX_POINT('',#2433);
#673=VERTEX_POINT('',#2437);
#674=VERTEX_POINT('',#2438);
#675=VERTEX_POINT('',#2440);
#676=VERTEX_POINT('',#2442);
#677=VERTEX_POINT('',#2445);
#678=VERTEX_POINT('',#2447);
#679=VERTEX_POINT('',#2449);
#680=VERTEX_POINT('',#2451);
#681=VERTEX_POINT('',#2453);
#682=VERTEX_POINT('',#2455);
#683=VERTEX_POINT('',#2463);
#684=VERTEX_POINT('',#2469);
#685=VERTEX_POINT('',#2474);
#686=VERTEX_POINT('',#2476);
#687=VERTEX_POINT('',#2480);
#688=VERTEX_POINT('',#2484);
#689=VERTEX_POINT('',#2488);
#690=VERTEX_POINT('',#2489);
#691=VERTEX_POINT('',#2491);
#692=VERTEX_POINT('',#2493);
#693=VERTEX_POINT('',#2495);
#694=VERTEX_POINT('',#2497);
#695=VERTEX_POINT('',#2499);
#696=VERTEX_POINT('',#2501);
#697=VERTEX_POINT('',#2505);
#698=VERTEX_POINT('',#2507);
#699=VERTEX_POINT('',#2511);
#700=VERTEX_POINT('',#2515);
#701=VERTEX_POINT('',#2516);
#702=VERTEX_POINT('',#2521);
#703=VERTEX_POINT('',#2523);
#704=VERTEX_POINT('',#2527);
#705=VERTEX_POINT('',#2528);
#706=VERTEX_POINT('',#2533);
#707=VERTEX_POINT('',#2535);
#708=VERTEX_POINT('',#2539);
#709=VERTEX_POINT('',#2552);
#710=VERTEX_POINT('',#2553);
#711=VERTEX_POINT('',#2555);
#712=VERTEX_POINT('',#2557);
#713=VERTEX_POINT('',#2559);
#714=VERTEX_POINT('',#2561);
#715=VERTEX_POINT('',#2563);
#716=VERTEX_POINT('',#2565);
#717=VERTEX_POINT('',#2567);
#718=VERTEX_POINT('',#2569);
#719=VERTEX_POINT('',#2571);
#720=VERTEX_POINT('',#2573);
#721=VERTEX_POINT('',#2575);
#722=VERTEX_POINT('',#2577);
#723=VERTEX_POINT('',#2579);
#724=VERTEX_POINT('',#2581);
#725=VERTEX_POINT('',#2583);
#726=VERTEX_POINT('',#2585);
#727=VERTEX_POINT('',#2587);
#728=VERTEX_POINT('',#2589);
#729=VERTEX_POINT('',#2591);
#730=VERTEX_POINT('',#2593);
#731=VERTEX_POINT('',#2595);
#732=VERTEX_POINT('',#2597);
#733=VERTEX_POINT('',#2599);
#734=VERTEX_POINT('',#2601);
#735=VERTEX_POINT('',#2603);
#736=VERTEX_POINT('',#2605);
#737=VERTEX_POINT('',#2607);
#738=VERTEX_POINT('',#2609);
#739=VERTEX_POINT('',#2611);
#740=VERTEX_POINT('',#2613);
#741=VERTEX_POINT('',#2615);
#742=VERTEX_POINT('',#2617);
#743=VERTEX_POINT('',#2619);
#744=VERTEX_POINT('',#2621);
#745=VERTEX_POINT('',#2623);
#746=VERTEX_POINT('',#2625);
#747=VERTEX_POINT('',#2627);
#748=VERTEX_POINT('',#2629);
#749=VERTEX_POINT('',#2631);
#750=VERTEX_POINT('',#2633);
#751=VERTEX_POINT('',#2642);
#752=VERTEX_POINT('',#2643);
#753=VERTEX_POINT('',#2648);
#754=VERTEX_POINT('',#2650);
#755=VERTEX_POINT('',#2652);
#756=VERTEX_POINT('',#2654);
#757=VERTEX_POINT('',#2656);
#758=VERTEX_POINT('',#2658);
#759=VERTEX_POINT('',#2661);
#760=VERTEX_POINT('',#2662);
#761=VERTEX_POINT('',#2664);
#762=VERTEX_POINT('',#2666);
#763=VERTEX_POINT('',#2668);
#764=VERTEX_POINT('',#2670);
#765=VERTEX_POINT('',#2672);
#766=VERTEX_POINT('',#2674);
#767=VERTEX_POINT('',#2676);
#768=VERTEX_POINT('',#2678);
#769=VERTEX_POINT('',#2680);
#770=VERTEX_POINT('',#2682);
#771=VERTEX_POINT('',#2684);
#772=VERTEX_POINT('',#2686);
#773=VERTEX_POINT('',#2688);
#774=VERTEX_POINT('',#2690);
#775=VERTEX_POINT('',#2692);
#776=VERTEX_POINT('',#2694);
#777=VERTEX_POINT('',#2696);
#778=VERTEX_POINT('',#2698);
#779=VERTEX_POINT('',#2700);
#780=VERTEX_POINT('',#2702);
#781=VERTEX_POINT('',#2704);
#782=VERTEX_POINT('',#2706);
#783=VERTEX_POINT('',#2708);
#784=VERTEX_POINT('',#2710);
#785=VERTEX_POINT('',#2712);
#786=VERTEX_POINT('',#2714);
#787=VERTEX_POINT('',#2716);
#788=VERTEX_POINT('',#2718);
#789=VERTEX_POINT('',#2720);
#790=VERTEX_POINT('',#2722);
#791=VERTEX_POINT('',#2724);
#792=VERTEX_POINT('',#2726);
#793=VERTEX_POINT('',#2728);
#794=VERTEX_POINT('',#2730);
#795=VERTEX_POINT('',#2732);
#796=VERTEX_POINT('',#2734);
#797=VERTEX_POINT('',#2736);
#798=VERTEX_POINT('',#2738);
#799=VERTEX_POINT('',#2740);
#800=VERTEX_POINT('',#2742);
#801=VERTEX_POINT('',#2838);
#802=VERTEX_POINT('',#2843);
#803=VERTEX_POINT('',#2846);
#804=VERTEX_POINT('',#2850);
#805=VERTEX_POINT('',#2854);
#806=VERTEX_POINT('',#2858);
#807=EDGE_CURVE('',#651,#652,#359,.T.);
#808=EDGE_CURVE('',#652,#653,#360,.T.);
#809=EDGE_CURVE('',#653,#654,#361,.T.);
#810=EDGE_CURVE('',#654,#651,#362,.T.);
#811=EDGE_CURVE('',#651,#655,#74,.T.);
#812=EDGE_CURVE('',#655,#656,#363,.T.);
#813=EDGE_CURVE('',#656,#652,#75,.T.);
#814=EDGE_CURVE('',#657,#658,#66,.T.);
#815=EDGE_CURVE('',#658,#659,#364,.T.);
#816=EDGE_CURVE('',#659,#660,#365,.T.);
#817=EDGE_CURVE('',#660,#656,#366,.T.);
#818=EDGE_CURVE('',#655,#661,#367,.T.);
#819=EDGE_CURVE('',#661,#662,#67,.T.);
#820=EDGE_CURVE('',#662,#663,#368,.T.);
#821=EDGE_CURVE('',#663,#664,#68,.T.);
#822=EDGE_CURVE('',#664,#665,#369,.T.);
#823=EDGE_CURVE('',#665,#666,#69,.T.);
#824=EDGE_CURVE('',#666,#657,#370,.T.);
#825=EDGE_CURVE('',#659,#667,#76,.T.);
#826=EDGE_CURVE('',#667,#668,#371,.T.);
#827=EDGE_CURVE('',#668,#660,#77,.T.);
#828=EDGE_CURVE('',#669,#670,#372,.T.);
#829=EDGE_CURVE('',#670,#668,#373,.T.);
#830=EDGE_CURVE('',#667,#669,#374,.T.);
#831=EDGE_CURVE('',#669,#671,#78,.T.);
#832=EDGE_CURVE('',#671,#672,#375,.T.);
#833=EDGE_CURVE('',#672,#670,#79,.T.);
#834=EDGE_CURVE('',#673,#674,#70,.T.);
#835=EDGE_CURVE('',#674,#675,#376,.T.);
#836=EDGE_CURVE('',#675,#676,#377,.T.);
#837=EDGE_CURVE('',#676,#672,#378,.T.);
#838=EDGE_CURVE('',#671,#677,#379,.T.);
#839=EDGE_CURVE('',#677,#678,#71,.T.);
#840=EDGE_CURVE('',#678,#679,#380,.T.);
#841=EDGE_CURVE('',#679,#680,#72,.T.);
#842=EDGE_CURVE('',#680,#681,#381,.T.);
#843=EDGE_CURVE('',#681,#682,#73,.T.);
#844=EDGE_CURVE('',#682,#673,#382,.T.);
#845=EDGE_CURVE('',#675,#654,#80,.T.);
#846=EDGE_CURVE('',#653,#676,#81,.T.);
#847=EDGE_CURVE('',#657,#666,#82,.T.);
#848=EDGE_CURVE('',#683,#683,#83,.T.);
#849=EDGE_CURVE('',#658,#665,#84,.T.);
#850=EDGE_CURVE('',#663,#662,#85,.T.);
#851=EDGE_CURVE('',#684,#684,#86,.T.);
#852=EDGE_CURVE('',#664,#661,#87,.T.);
#853=EDGE_CURVE('',#651,#685,#383,.T.);
#854=EDGE_CURVE('',#686,#685,#88,.T.);
#855=EDGE_CURVE('',#686,#655,#384,.T.);
#856=EDGE_CURVE('',#687,#654,#385,.T.);
#857=EDGE_CURVE('',#685,#687,#386,.T.);
#858=EDGE_CURVE('',#675,#688,#387,.T.);
#859=EDGE_CURVE('',#687,#688,#89,.T.);
#860=EDGE_CURVE('',#689,#690,#388,.T.);
#861=EDGE_CURVE('',#691,#690,#90,.T.);
#862=EDGE_CURVE('',#691,#692,#389,.T.);
#863=EDGE_CURVE('',#693,#692,#91,.T.);
#864=EDGE_CURVE('',#693,#694,#390,.T.);
#865=EDGE_CURVE('',#695,#694,#92,.T.);
#866=EDGE_CURVE('',#695,#696,#391,.T.);
#867=EDGE_CURVE('',#689,#696,#93,.T.);
#868=EDGE_CURVE('',#687,#697,#392,.T.);
#869=EDGE_CURVE('',#697,#698,#393,.T.);
#870=EDGE_CURVE('',#698,#685,#394,.T.);
#871=EDGE_CURVE('',#688,#699,#395,.T.);
#872=EDGE_CURVE('',#699,#697,#94,.T.);
#873=EDGE_CURVE('',#700,#701,#396,.T.);
#874=EDGE_CURVE('',#701,#699,#397,.T.);
#875=EDGE_CURVE('',#688,#700,#398,.T.);
#876=EDGE_CURVE('',#700,#702,#95,.T.);
#877=EDGE_CURVE('',#702,#703,#399,.T.);
#878=EDGE_CURVE('',#703,#701,#96,.T.);
#879=EDGE_CURVE('',#704,#705,#400,.T.);
#880=EDGE_CURVE('',#705,#703,#401,.T.);
#881=EDGE_CURVE('',#702,#704,#402,.T.);
#882=EDGE_CURVE('',#704,#706,#97,.T.);
#883=EDGE_CURVE('',#706,#707,#403,.T.);
#884=EDGE_CURVE('',#707,#705,#98,.T.);
#885=EDGE_CURVE('',#686,#708,#404,.T.);
#886=EDGE_CURVE('',#708,#707,#405,.T.);
#887=EDGE_CURVE('',#706,#686,#406,.T.);
#888=EDGE_CURVE('',#698,#708,#99,.T.);
#889=EDGE_CURVE('',#669,#702,#407,.T.);
#890=EDGE_CURVE('',#700,#671,#408,.T.);
#891=EDGE_CURVE('',#674,#681,#100,.T.);
#892=EDGE_CURVE('',#680,#677,#101,.T.);
#893=EDGE_CURVE('',#709,#710,#102,.T.);
#894=EDGE_CURVE('',#711,#709,#103,.T.);
#895=EDGE_CURVE('',#711,#712,#409,.T.);
#896=EDGE_CURVE('',#713,#712,#104,.T.);
#897=EDGE_CURVE('',#713,#714,#410,.T.);
#898=EDGE_CURVE('',#715,#714,#105,.T.);
#899=EDGE_CURVE('',#715,#716,#411,.T.);
#900=EDGE_CURVE('',#717,#716,#106,.T.);
#901=EDGE_CURVE('',#717,#718,#412,.T.);
#902=EDGE_CURVE('',#719,#718,#107,.T.);
#903=EDGE_CURVE('',#719,#720,#413,.T.);
#904=EDGE_CURVE('',#721,#720,#108,.T.);
#905=EDGE_CURVE('',#721,#722,#414,.T.);
#906=EDGE_CURVE('',#723,#722,#109,.T.);
#907=EDGE_CURVE('',#723,#724,#415,.T.);
#908=EDGE_CURVE('',#725,#724,#110,.T.);
#909=EDGE_CURVE('',#726,#725,#111,.T.);
#910=EDGE_CURVE('',#726,#727,#416,.T.);
#911=EDGE_CURVE('',#728,#727,#112,.T.);
#912=EDGE_CURVE('',#729,#728,#113,.T.);
#913=EDGE_CURVE('',#729,#730,#417,.T.);
#914=EDGE_CURVE('',#731,#730,#114,.T.);
#915=EDGE_CURVE('',#732,#731,#115,.T.);
#916=EDGE_CURVE('',#732,#733,#418,.T.);
#917=EDGE_CURVE('',#734,#733,#116,.T.);
#918=EDGE_CURVE('',#734,#735,#419,.T.);
#919=EDGE_CURVE('',#736,#735,#117,.T.);
#920=EDGE_CURVE('',#736,#737,#420,.T.);
#921=EDGE_CURVE('',#738,#737,#118,.T.);
#922=EDGE_CURVE('',#738,#739,#421,.T.);
#923=EDGE_CURVE('',#740,#739,#119,.T.);
#924=EDGE_CURVE('',#740,#741,#422,.T.);
#925=EDGE_CURVE('',#742,#741,#120,.T.);
#926=EDGE_CURVE('',#742,#743,#423,.T.);
#927=EDGE_CURVE('',#744,#743,#121,.T.);
#928=EDGE_CURVE('',#744,#745,#424,.T.);
#929=EDGE_CURVE('',#746,#745,#122,.T.);
#930=EDGE_CURVE('',#747,#746,#123,.T.);
#931=EDGE_CURVE('',#747,#748,#425,.T.);
#932=EDGE_CURVE('',#749,#748,#124,.T.);
#933=EDGE_CURVE('',#750,#749,#125,.T.);
#934=EDGE_CURVE('',#750,#710,#426,.T.);
#935=EDGE_CURVE('',#659,#706,#427,.T.);
#936=EDGE_CURVE('',#704,#667,#428,.T.);
#937=EDGE_CURVE('',#751,#752,#126,.T.);
#938=EDGE_CURVE('',#751,#693,#429,.T.);
#939=EDGE_CURVE('',#692,#752,#430,.T.);
#940=EDGE_CURVE('',#752,#753,#431,.T.);
#941=EDGE_CURVE('',#753,#754,#127,.T.);
#942=EDGE_CURVE('',#754,#755,#432,.T.);
#943=EDGE_CURVE('',#755,#756,#128,.T.);
#944=EDGE_CURVE('',#756,#757,#433,.T.);
#945=EDGE_CURVE('',#757,#758,#129,.T.);
#946=EDGE_CURVE('',#758,#751,#434,.T.);
#947=EDGE_CURVE('',#759,#760,#130,.T.);
#948=EDGE_CURVE('',#761,#759,#435,.T.);
#949=EDGE_CURVE('',#762,#761,#131,.T.);
#950=EDGE_CURVE('',#762,#763,#132,.F.);
#951=EDGE_CURVE('',#764,#763,#436,.T.);
#952=EDGE_CURVE('',#765,#764,#133,.T.);
#953=EDGE_CURVE('',#766,#765,#134,.T.);
#954=EDGE_CURVE('',#767,#766,#437,.T.);
#955=EDGE_CURVE('',#768,#767,#135,.T.);
#956=EDGE_CURVE('',#769,#768,#438,.T.);
#957=EDGE_CURVE('',#770,#769,#136,.T.);
#958=EDGE_CURVE('',#771,#770,#439,.T.);
#959=EDGE_CURVE('',#772,#771,#137,.T.);
#960=EDGE_CURVE('',#773,#772,#440,.T.);
#961=EDGE_CURVE('',#774,#773,#138,.T.);
#962=EDGE_CURVE('',#775,#774,#441,.T.);
#963=EDGE_CURVE('',#776,#775,#139,.T.);
#964=EDGE_CURVE('',#777,#776,#442,.T.);
#965=EDGE_CURVE('',#778,#777,#140,.T.);
#966=EDGE_CURVE('',#779,#778,#443,.T.);
#967=EDGE_CURVE('',#780,#779,#141,.T.);
#968=EDGE_CURVE('',#781,#780,#142,.T.);
#969=EDGE_CURVE('',#782,#781,#444,.T.);
#970=EDGE_CURVE('',#783,#782,#143,.T.);
#971=EDGE_CURVE('',#783,#784,#144,.F.);
#972=EDGE_CURVE('',#785,#784,#445,.T.);
#973=EDGE_CURVE('',#786,#785,#145,.T.);
#974=EDGE_CURVE('',#787,#786,#146,.T.);
#975=EDGE_CURVE('',#788,#787,#446,.T.);
#976=EDGE_CURVE('',#789,#788,#147,.T.);
#977=EDGE_CURVE('',#790,#789,#447,.T.);
#978=EDGE_CURVE('',#791,#790,#148,.T.);
#979=EDGE_CURVE('',#792,#791,#448,.T.);
#980=EDGE_CURVE('',#793,#792,#149,.T.);
#981=EDGE_CURVE('',#794,#793,#449,.T.);
#982=EDGE_CURVE('',#795,#794,#150,.T.);
#983=EDGE_CURVE('',#796,#795,#450,.T.);
#984=EDGE_CURVE('',#797,#796,#151,.T.);
#985=EDGE_CURVE('',#798,#797,#451,.T.);
#986=EDGE_CURVE('',#799,#798,#152,.T.);
#987=EDGE_CURVE('',#800,#799,#452,.T.);
#988=EDGE_CURVE('',#760,#800,#153,.T.);
#989=EDGE_CURVE('',#753,#691,#453,.T.);
#990=EDGE_CURVE('',#690,#754,#454,.T.);
#991=EDGE_CURVE('',#755,#689,#455,.T.);
#992=EDGE_CURVE('',#696,#756,#456,.T.);
#993=EDGE_CURVE('',#757,#695,#457,.T.);
#994=EDGE_CURVE('',#694,#758,#458,.T.);
#995=EDGE_CURVE('',#760,#709,#459,.T.);
#996=EDGE_CURVE('',#710,#759,#460,.T.);
#997=EDGE_CURVE('',#761,#750,#461,.T.);
#998=EDGE_CURVE('',#749,#762,#462,.T.);
#999=EDGE_CURVE('',#728,#783,#463,.T.);
#1000=EDGE_CURVE('',#782,#729,#464,.T.);
#1001=EDGE_CURVE('',#730,#781,#465,.T.);
#1002=EDGE_CURVE('',#786,#725,#466,.T.);
#1003=EDGE_CURVE('',#724,#787,#467,.T.);
#1004=EDGE_CURVE('',#785,#726,#468,.T.);
#1005=EDGE_CURVE('',#794,#717,#469,.T.);
#1006=EDGE_CURVE('',#716,#795,#470,.T.);
#1007=EDGE_CURVE('',#718,#793,#471,.T.);
#1008=EDGE_CURVE('',#796,#715,#472,.T.);
#1009=EDGE_CURVE('',#714,#797,#473,.T.);
#1010=EDGE_CURVE('',#712,#799,#474,.T.);
#1011=EDGE_CURVE('',#798,#713,#475,.T.);
#1012=EDGE_CURVE('',#800,#711,#476,.T.);
#1013=EDGE_CURVE('',#748,#763,#477,.T.);
#1014=EDGE_CURVE('',#746,#765,#478,.T.);
#1015=EDGE_CURVE('',#764,#747,#479,.T.);
#1016=EDGE_CURVE('',#745,#766,#480,.T.);
#1017=EDGE_CURVE('',#743,#768,#481,.T.);
#1018=EDGE_CURVE('',#767,#744,#482,.T.);
#1019=EDGE_CURVE('',#769,#742,#483,.T.);
#1020=EDGE_CURVE('',#741,#770,#484,.T.);
#1021=EDGE_CURVE('',#771,#740,#485,.T.);
#1022=EDGE_CURVE('',#739,#772,#486,.T.);
#1023=EDGE_CURVE('',#773,#738,#487,.T.);
#1024=EDGE_CURVE('',#737,#774,#488,.T.);
#1025=EDGE_CURVE('',#735,#776,#489,.T.);
#1026=EDGE_CURVE('',#775,#736,#490,.T.);
#1027=EDGE_CURVE('',#777,#734,#491,.T.);
#1028=EDGE_CURVE('',#733,#778,#492,.T.);
#1029=EDGE_CURVE('',#731,#780,#493,.T.);
#1030=EDGE_CURVE('',#779,#732,#494,.T.);
#1031=EDGE_CURVE('',#727,#784,#495,.T.);
#1032=EDGE_CURVE('',#788,#723,#496,.T.);
#1033=EDGE_CURVE('',#722,#789,#497,.T.);
#1034=EDGE_CURVE('',#720,#791,#498,.T.);
#1035=EDGE_CURVE('',#790,#721,#499,.T.);
#1036=EDGE_CURVE('',#792,#719,#500,.T.);
#1037=EDGE_CURVE('',#673,#682,#154,.T.);
#1038=EDGE_CURVE('',#801,#801,#155,.T.);
#1039=EDGE_CURVE('',#679,#678,#156,.T.);
#1040=EDGE_CURVE('',#802,#802,#157,.T.);
#1041=EDGE_CURVE('',#803,#803,#158,.T.);
#1042=EDGE_CURVE('',#803,#801,#501,.T.);
#1043=EDGE_CURVE('',#684,#804,#502,.T.);
#1044=EDGE_CURVE('',#804,#804,#159,.T.);
#1045=EDGE_CURVE('',#805,#805,#160,.T.);
#1046=EDGE_CURVE('',#805,#802,#503,.T.);
#1047=EDGE_CURVE('',#683,#806,#504,.T.);
#1048=EDGE_CURVE('',#806,#806,#161,.T.);
#1049=ORIENTED_EDGE('',*,*,#807,.T.);
#1050=ORIENTED_EDGE('',*,*,#808,.T.);
#1051=ORIENTED_EDGE('',*,*,#809,.T.);
#1052=ORIENTED_EDGE('',*,*,#810,.T.);
#1053=ORIENTED_EDGE('',*,*,#807,.F.);
#1054=ORIENTED_EDGE('',*,*,#811,.T.);
#1055=ORIENTED_EDGE('',*,*,#812,.T.);
#1056=ORIENTED_EDGE('',*,*,#813,.T.);
#1057=ORIENTED_EDGE('',*,*,#814,.T.);
#1058=ORIENTED_EDGE('',*,*,#815,.T.);
#1059=ORIENTED_EDGE('',*,*,#816,.T.);
#1060=ORIENTED_EDGE('',*,*,#817,.T.);
#1061=ORIENTED_EDGE('',*,*,#812,.F.);
#1062=ORIENTED_EDGE('',*,*,#818,.T.);
#1063=ORIENTED_EDGE('',*,*,#819,.T.);
#1064=ORIENTED_EDGE('',*,*,#820,.T.);
#1065=ORIENTED_EDGE('',*,*,#821,.T.);
#1066=ORIENTED_EDGE('',*,*,#822,.T.);
#1067=ORIENTED_EDGE('',*,*,#823,.T.);
#1068=ORIENTED_EDGE('',*,*,#824,.T.);
#1069=ORIENTED_EDGE('',*,*,#816,.F.);
#1070=ORIENTED_EDGE('',*,*,#825,.T.);
#1071=ORIENTED_EDGE('',*,*,#826,.T.);
#1072=ORIENTED_EDGE('',*,*,#827,.T.);
#1073=ORIENTED_EDGE('',*,*,#828,.T.);
#1074=ORIENTED_EDGE('',*,*,#829,.T.);
#1075=ORIENTED_EDGE('',*,*,#826,.F.);
#1076=ORIENTED_EDGE('',*,*,#830,.T.);
#1077=ORIENTED_EDGE('',*,*,#828,.F.);
#1078=ORIENTED_EDGE('',*,*,#831,.T.);
#1079=ORIENTED_EDGE('',*,*,#832,.T.);
#1080=ORIENTED_EDGE('',*,*,#833,.T.);
#1081=ORIENTED_EDGE('',*,*,#834,.T.);
#1082=ORIENTED_EDGE('',*,*,#835,.T.);
#1083=ORIENTED_EDGE('',*,*,#836,.T.);
#1084=ORIENTED_EDGE('',*,*,#837,.T.);
#1085=ORIENTED_EDGE('',*,*,#832,.F.);
#1086=ORIENTED_EDGE('',*,*,#838,.T.);
#1087=ORIENTED_EDGE('',*,*,#839,.T.);
#1088=ORIENTED_EDGE('',*,*,#840,.T.);
#1089=ORIENTED_EDGE('',*,*,#841,.T.);
#1090=ORIENTED_EDGE('',*,*,#842,.T.);
#1091=ORIENTED_EDGE('',*,*,#843,.T.);
#1092=ORIENTED_EDGE('',*,*,#844,.T.);
#1093=ORIENTED_EDGE('',*,*,#836,.F.);
#1094=ORIENTED_EDGE('',*,*,#845,.T.);
#1095=ORIENTED_EDGE('',*,*,#809,.F.);
#1096=ORIENTED_EDGE('',*,*,#846,.T.);
#1097=ORIENTED_EDGE('',*,*,#824,.F.);
#1098=ORIENTED_EDGE('',*,*,#847,.F.);
#1099=ORIENTED_EDGE('',*,*,#848,.F.);
#1100=ORIENTED_EDGE('',*,*,#814,.F.);
#1101=ORIENTED_EDGE('',*,*,#847,.T.);
#1102=ORIENTED_EDGE('',*,*,#823,.F.);
#1103=ORIENTED_EDGE('',*,*,#849,.F.);
#1104=ORIENTED_EDGE('',*,*,#820,.F.);
#1105=ORIENTED_EDGE('',*,*,#850,.F.);
#1106=ORIENTED_EDGE('',*,*,#851,.F.);
#1107=ORIENTED_EDGE('',*,*,#821,.F.);
#1108=ORIENTED_EDGE('',*,*,#850,.T.);
#1109=ORIENTED_EDGE('',*,*,#819,.F.);
#1110=ORIENTED_EDGE('',*,*,#852,.F.);
#1111=ORIENTED_EDGE('',*,*,#811,.F.);
#1112=ORIENTED_EDGE('',*,*,#853,.T.);
#1113=ORIENTED_EDGE('',*,*,#854,.F.);
#1114=ORIENTED_EDGE('',*,*,#855,.T.);
#1115=ORIENTED_EDGE('',*,*,#810,.F.);
#1116=ORIENTED_EDGE('',*,*,#856,.F.);
#1117=ORIENTED_EDGE('',*,*,#857,.F.);
#1118=ORIENTED_EDGE('',*,*,#853,.F.);
#1119=ORIENTED_EDGE('',*,*,#845,.F.);
#1120=ORIENTED_EDGE('',*,*,#858,.T.);
#1121=ORIENTED_EDGE('',*,*,#859,.F.);
#1122=ORIENTED_EDGE('',*,*,#856,.T.);
#1123=ORIENTED_EDGE('',*,*,#808,.F.);
#1124=ORIENTED_EDGE('',*,*,#813,.F.);
#1125=ORIENTED_EDGE('',*,*,#817,.F.);
#1126=ORIENTED_EDGE('',*,*,#827,.F.);
#1127=ORIENTED_EDGE('',*,*,#829,.F.);
#1128=ORIENTED_EDGE('',*,*,#833,.F.);
#1129=ORIENTED_EDGE('',*,*,#837,.F.);
#1130=ORIENTED_EDGE('',*,*,#846,.F.);
#1131=ORIENTED_EDGE('',*,*,#860,.T.);
#1132=ORIENTED_EDGE('',*,*,#861,.F.);
#1133=ORIENTED_EDGE('',*,*,#862,.T.);
#1134=ORIENTED_EDGE('',*,*,#863,.F.);
#1135=ORIENTED_EDGE('',*,*,#864,.T.);
#1136=ORIENTED_EDGE('',*,*,#865,.F.);
#1137=ORIENTED_EDGE('',*,*,#866,.T.);
#1138=ORIENTED_EDGE('',*,*,#867,.F.);
#1139=ORIENTED_EDGE('',*,*,#868,.T.);
#1140=ORIENTED_EDGE('',*,*,#869,.T.);
#1141=ORIENTED_EDGE('',*,*,#870,.T.);
#1142=ORIENTED_EDGE('',*,*,#857,.T.);
#1143=ORIENTED_EDGE('',*,*,#868,.F.);
#1144=ORIENTED_EDGE('',*,*,#859,.T.);
#1145=ORIENTED_EDGE('',*,*,#871,.T.);
#1146=ORIENTED_EDGE('',*,*,#872,.T.);
#1147=ORIENTED_EDGE('',*,*,#873,.T.);
#1148=ORIENTED_EDGE('',*,*,#874,.T.);
#1149=ORIENTED_EDGE('',*,*,#871,.F.);
#1150=ORIENTED_EDGE('',*,*,#875,.T.);
#1151=ORIENTED_EDGE('',*,*,#873,.F.);
#1152=ORIENTED_EDGE('',*,*,#876,.T.);
#1153=ORIENTED_EDGE('',*,*,#877,.T.);
#1154=ORIENTED_EDGE('',*,*,#878,.T.);
#1155=ORIENTED_EDGE('',*,*,#879,.T.);
#1156=ORIENTED_EDGE('',*,*,#880,.T.);
#1157=ORIENTED_EDGE('',*,*,#877,.F.);
#1158=ORIENTED_EDGE('',*,*,#881,.T.);
#1159=ORIENTED_EDGE('',*,*,#879,.F.);
#1160=ORIENTED_EDGE('',*,*,#882,.T.);
#1161=ORIENTED_EDGE('',*,*,#883,.T.);
#1162=ORIENTED_EDGE('',*,*,#884,.T.);
#1163=ORIENTED_EDGE('',*,*,#885,.T.);
#1164=ORIENTED_EDGE('',*,*,#886,.T.);
#1165=ORIENTED_EDGE('',*,*,#883,.F.);
#1166=ORIENTED_EDGE('',*,*,#887,.T.);
#1167=ORIENTED_EDGE('',*,*,#885,.F.);
#1168=ORIENTED_EDGE('',*,*,#854,.T.);
#1169=ORIENTED_EDGE('',*,*,#870,.F.);
#1170=ORIENTED_EDGE('',*,*,#888,.T.);
#1171=ORIENTED_EDGE('',*,*,#831,.F.);
#1172=ORIENTED_EDGE('',*,*,#889,.T.);
#1173=ORIENTED_EDGE('',*,*,#876,.F.);
#1174=ORIENTED_EDGE('',*,*,#890,.T.);
#1175=ORIENTED_EDGE('',*,*,#838,.F.);
#1176=ORIENTED_EDGE('',*,*,#890,.F.);
#1177=ORIENTED_EDGE('',*,*,#875,.F.);
#1178=ORIENTED_EDGE('',*,*,#858,.F.);
#1179=ORIENTED_EDGE('',*,*,#835,.F.);
#1180=ORIENTED_EDGE('',*,*,#891,.T.);
#1181=ORIENTED_EDGE('',*,*,#842,.F.);
#1182=ORIENTED_EDGE('',*,*,#892,.T.);
#1183=ORIENTED_EDGE('',*,*,#869,.F.);
#1184=ORIENTED_EDGE('',*,*,#872,.F.);
#1185=ORIENTED_EDGE('',*,*,#874,.F.);
#1186=ORIENTED_EDGE('',*,*,#878,.F.);
#1187=ORIENTED_EDGE('',*,*,#880,.F.);
#1188=ORIENTED_EDGE('',*,*,#884,.F.);
#1189=ORIENTED_EDGE('',*,*,#886,.F.);
#1190=ORIENTED_EDGE('',*,*,#888,.F.);
#1191=ORIENTED_EDGE('',*,*,#893,.F.);
#1192=ORIENTED_EDGE('',*,*,#894,.F.);
#1193=ORIENTED_EDGE('',*,*,#895,.T.);
#1194=ORIENTED_EDGE('',*,*,#896,.F.);
#1195=ORIENTED_EDGE('',*,*,#897,.T.);
#1196=ORIENTED_EDGE('',*,*,#898,.F.);
#1197=ORIENTED_EDGE('',*,*,#899,.T.);
#1198=ORIENTED_EDGE('',*,*,#900,.F.);
#1199=ORIENTED_EDGE('',*,*,#901,.T.);
#1200=ORIENTED_EDGE('',*,*,#902,.F.);
#1201=ORIENTED_EDGE('',*,*,#903,.T.);
#1202=ORIENTED_EDGE('',*,*,#904,.F.);
#1203=ORIENTED_EDGE('',*,*,#905,.T.);
#1204=ORIENTED_EDGE('',*,*,#906,.F.);
#1205=ORIENTED_EDGE('',*,*,#907,.T.);
#1206=ORIENTED_EDGE('',*,*,#908,.F.);
#1207=ORIENTED_EDGE('',*,*,#909,.F.);
#1208=ORIENTED_EDGE('',*,*,#910,.T.);
#1209=ORIENTED_EDGE('',*,*,#911,.F.);
#1210=ORIENTED_EDGE('',*,*,#912,.F.);
#1211=ORIENTED_EDGE('',*,*,#913,.T.);
#1212=ORIENTED_EDGE('',*,*,#914,.F.);
#1213=ORIENTED_EDGE('',*,*,#915,.F.);
#1214=ORIENTED_EDGE('',*,*,#916,.T.);
#1215=ORIENTED_EDGE('',*,*,#917,.F.);
#1216=ORIENTED_EDGE('',*,*,#918,.T.);
#1217=ORIENTED_EDGE('',*,*,#919,.F.);
#1218=ORIENTED_EDGE('',*,*,#920,.T.);
#1219=ORIENTED_EDGE('',*,*,#921,.F.);
#1220=ORIENTED_EDGE('',*,*,#922,.T.);
#1221=ORIENTED_EDGE('',*,*,#923,.F.);
#1222=ORIENTED_EDGE('',*,*,#924,.T.);
#1223=ORIENTED_EDGE('',*,*,#925,.F.);
#1224=ORIENTED_EDGE('',*,*,#926,.T.);
#1225=ORIENTED_EDGE('',*,*,#927,.F.);
#1226=ORIENTED_EDGE('',*,*,#928,.T.);
#1227=ORIENTED_EDGE('',*,*,#929,.F.);
#1228=ORIENTED_EDGE('',*,*,#930,.F.);
#1229=ORIENTED_EDGE('',*,*,#931,.T.);
#1230=ORIENTED_EDGE('',*,*,#932,.F.);
#1231=ORIENTED_EDGE('',*,*,#933,.F.);
#1232=ORIENTED_EDGE('',*,*,#934,.T.);
#1233=ORIENTED_EDGE('',*,*,#825,.F.);
#1234=ORIENTED_EDGE('',*,*,#935,.T.);
#1235=ORIENTED_EDGE('',*,*,#882,.F.);
#1236=ORIENTED_EDGE('',*,*,#936,.T.);
#1237=ORIENTED_EDGE('',*,*,#830,.F.);
#1238=ORIENTED_EDGE('',*,*,#936,.F.);
#1239=ORIENTED_EDGE('',*,*,#881,.F.);
#1240=ORIENTED_EDGE('',*,*,#889,.F.);
#1241=ORIENTED_EDGE('',*,*,#815,.F.);
#1242=ORIENTED_EDGE('',*,*,#849,.T.);
#1243=ORIENTED_EDGE('',*,*,#822,.F.);
#1244=ORIENTED_EDGE('',*,*,#852,.T.);
#1245=ORIENTED_EDGE('',*,*,#818,.F.);
#1246=ORIENTED_EDGE('',*,*,#855,.F.);
#1247=ORIENTED_EDGE('',*,*,#887,.F.);
#1248=ORIENTED_EDGE('',*,*,#935,.F.);
#1249=ORIENTED_EDGE('',*,*,#937,.F.);
#1250=ORIENTED_EDGE('',*,*,#938,.T.);
#1251=ORIENTED_EDGE('',*,*,#863,.T.);
#1252=ORIENTED_EDGE('',*,*,#939,.T.);
#1253=ORIENTED_EDGE('',*,*,#937,.T.);
#1254=ORIENTED_EDGE('',*,*,#940,.T.);
#1255=ORIENTED_EDGE('',*,*,#941,.T.);
#1256=ORIENTED_EDGE('',*,*,#942,.T.);
#1257=ORIENTED_EDGE('',*,*,#943,.T.);
#1258=ORIENTED_EDGE('',*,*,#944,.T.);
#1259=ORIENTED_EDGE('',*,*,#945,.T.);
#1260=ORIENTED_EDGE('',*,*,#946,.T.);
#1261=ORIENTED_EDGE('',*,*,#947,.F.);
#1262=ORIENTED_EDGE('',*,*,#948,.F.);
#1263=ORIENTED_EDGE('',*,*,#949,.F.);
#1264=ORIENTED_EDGE('',*,*,#950,.T.);
#1265=ORIENTED_EDGE('',*,*,#951,.F.);
#1266=ORIENTED_EDGE('',*,*,#952,.F.);
#1267=ORIENTED_EDGE('',*,*,#953,.F.);
#1268=ORIENTED_EDGE('',*,*,#954,.F.);
#1269=ORIENTED_EDGE('',*,*,#955,.F.);
#1270=ORIENTED_EDGE('',*,*,#956,.F.);
#1271=ORIENTED_EDGE('',*,*,#957,.F.);
#1272=ORIENTED_EDGE('',*,*,#958,.F.);
#1273=ORIENTED_EDGE('',*,*,#959,.F.);
#1274=ORIENTED_EDGE('',*,*,#960,.F.);
#1275=ORIENTED_EDGE('',*,*,#961,.F.);
#1276=ORIENTED_EDGE('',*,*,#962,.F.);
#1277=ORIENTED_EDGE('',*,*,#963,.F.);
#1278=ORIENTED_EDGE('',*,*,#964,.F.);
#1279=ORIENTED_EDGE('',*,*,#965,.F.);
#1280=ORIENTED_EDGE('',*,*,#966,.F.);
#1281=ORIENTED_EDGE('',*,*,#967,.F.);
#1282=ORIENTED_EDGE('',*,*,#968,.F.);
#1283=ORIENTED_EDGE('',*,*,#969,.F.);
#1284=ORIENTED_EDGE('',*,*,#970,.F.);
#1285=ORIENTED_EDGE('',*,*,#971,.T.);
#1286=ORIENTED_EDGE('',*,*,#972,.F.);
#1287=ORIENTED_EDGE('',*,*,#973,.F.);
#1288=ORIENTED_EDGE('',*,*,#974,.F.);
#1289=ORIENTED_EDGE('',*,*,#975,.F.);
#1290=ORIENTED_EDGE('',*,*,#976,.F.);
#1291=ORIENTED_EDGE('',*,*,#977,.F.);
#1292=ORIENTED_EDGE('',*,*,#978,.F.);
#1293=ORIENTED_EDGE('',*,*,#979,.F.);
#1294=ORIENTED_EDGE('',*,*,#980,.F.);
#1295=ORIENTED_EDGE('',*,*,#981,.F.);
#1296=ORIENTED_EDGE('',*,*,#982,.F.);
#1297=ORIENTED_EDGE('',*,*,#983,.F.);
#1298=ORIENTED_EDGE('',*,*,#984,.F.);
#1299=ORIENTED_EDGE('',*,*,#985,.F.);
#1300=ORIENTED_EDGE('',*,*,#986,.F.);
#1301=ORIENTED_EDGE('',*,*,#987,.F.);
#1302=ORIENTED_EDGE('',*,*,#988,.F.);
#1303=ORIENTED_EDGE('',*,*,#939,.F.);
#1304=ORIENTED_EDGE('',*,*,#862,.F.);
#1305=ORIENTED_EDGE('',*,*,#989,.F.);
#1306=ORIENTED_EDGE('',*,*,#940,.F.);
#1307=ORIENTED_EDGE('',*,*,#941,.F.);
#1308=ORIENTED_EDGE('',*,*,#989,.T.);
#1309=ORIENTED_EDGE('',*,*,#861,.T.);
#1310=ORIENTED_EDGE('',*,*,#990,.T.);
#1311=ORIENTED_EDGE('',*,*,#943,.F.);
#1312=ORIENTED_EDGE('',*,*,#991,.T.);
#1313=ORIENTED_EDGE('',*,*,#867,.T.);
#1314=ORIENTED_EDGE('',*,*,#992,.T.);
#1315=ORIENTED_EDGE('',*,*,#992,.F.);
#1316=ORIENTED_EDGE('',*,*,#866,.F.);
#1317=ORIENTED_EDGE('',*,*,#993,.F.);
#1318=ORIENTED_EDGE('',*,*,#944,.F.);
#1319=ORIENTED_EDGE('',*,*,#945,.F.);
#1320=ORIENTED_EDGE('',*,*,#993,.T.);
#1321=ORIENTED_EDGE('',*,*,#865,.T.);
#1322=ORIENTED_EDGE('',*,*,#994,.T.);
#1323=ORIENTED_EDGE('',*,*,#947,.T.);
#1324=ORIENTED_EDGE('',*,*,#995,.T.);
#1325=ORIENTED_EDGE('',*,*,#893,.T.);
#1326=ORIENTED_EDGE('',*,*,#996,.T.);
#1327=ORIENTED_EDGE('',*,*,#996,.F.);
#1328=ORIENTED_EDGE('',*,*,#934,.F.);
#1329=ORIENTED_EDGE('',*,*,#997,.F.);
#1330=ORIENTED_EDGE('',*,*,#948,.T.);
#1331=ORIENTED_EDGE('',*,*,#933,.T.);
#1332=ORIENTED_EDGE('',*,*,#998,.T.);
#1333=ORIENTED_EDGE('',*,*,#949,.T.);
#1334=ORIENTED_EDGE('',*,*,#997,.T.);
#1335=ORIENTED_EDGE('',*,*,#912,.T.);
#1336=ORIENTED_EDGE('',*,*,#999,.T.);
#1337=ORIENTED_EDGE('',*,*,#970,.T.);
#1338=ORIENTED_EDGE('',*,*,#1000,.T.);
#1339=ORIENTED_EDGE('',*,*,#1000,.F.);
#1340=ORIENTED_EDGE('',*,*,#969,.T.);
#1341=ORIENTED_EDGE('',*,*,#1001,.F.);
#1342=ORIENTED_EDGE('',*,*,#913,.F.);
#1343=ORIENTED_EDGE('',*,*,#974,.T.);
#1344=ORIENTED_EDGE('',*,*,#1002,.T.);
#1345=ORIENTED_EDGE('',*,*,#908,.T.);
#1346=ORIENTED_EDGE('',*,*,#1003,.T.);
#1347=ORIENTED_EDGE('',*,*,#1002,.F.);
#1348=ORIENTED_EDGE('',*,*,#973,.T.);
#1349=ORIENTED_EDGE('',*,*,#1004,.T.);
#1350=ORIENTED_EDGE('',*,*,#909,.T.);
#1351=ORIENTED_EDGE('',*,*,#982,.T.);
#1352=ORIENTED_EDGE('',*,*,#1005,.T.);
#1353=ORIENTED_EDGE('',*,*,#900,.T.);
#1354=ORIENTED_EDGE('',*,*,#1006,.T.);
#1355=ORIENTED_EDGE('',*,*,#1005,.F.);
#1356=ORIENTED_EDGE('',*,*,#981,.T.);
#1357=ORIENTED_EDGE('',*,*,#1007,.F.);
#1358=ORIENTED_EDGE('',*,*,#901,.F.);
#1359=ORIENTED_EDGE('',*,*,#984,.T.);
#1360=ORIENTED_EDGE('',*,*,#1008,.T.);
#1361=ORIENTED_EDGE('',*,*,#898,.T.);
#1362=ORIENTED_EDGE('',*,*,#1009,.T.);
#1363=ORIENTED_EDGE('',*,*,#1006,.F.);
#1364=ORIENTED_EDGE('',*,*,#899,.F.);
#1365=ORIENTED_EDGE('',*,*,#1008,.F.);
#1366=ORIENTED_EDGE('',*,*,#983,.T.);
#1367=ORIENTED_EDGE('',*,*,#896,.T.);
#1368=ORIENTED_EDGE('',*,*,#1010,.T.);
#1369=ORIENTED_EDGE('',*,*,#986,.T.);
#1370=ORIENTED_EDGE('',*,*,#1011,.T.);
#1371=ORIENTED_EDGE('',*,*,#1010,.F.);
#1372=ORIENTED_EDGE('',*,*,#895,.F.);
#1373=ORIENTED_EDGE('',*,*,#1012,.F.);
#1374=ORIENTED_EDGE('',*,*,#987,.T.);
#1375=ORIENTED_EDGE('',*,*,#995,.F.);
#1376=ORIENTED_EDGE('',*,*,#988,.T.);
#1377=ORIENTED_EDGE('',*,*,#1012,.T.);
#1378=ORIENTED_EDGE('',*,*,#894,.T.);
#1379=ORIENTED_EDGE('',*,*,#998,.F.);
#1380=ORIENTED_EDGE('',*,*,#932,.T.);
#1381=ORIENTED_EDGE('',*,*,#1013,.T.);
#1382=ORIENTED_EDGE('',*,*,#950,.F.);
#1383=ORIENTED_EDGE('',*,*,#930,.T.);
#1384=ORIENTED_EDGE('',*,*,#1014,.T.);
#1385=ORIENTED_EDGE('',*,*,#952,.T.);
#1386=ORIENTED_EDGE('',*,*,#1015,.T.);
#1387=ORIENTED_EDGE('',*,*,#1014,.F.);
#1388=ORIENTED_EDGE('',*,*,#929,.T.);
#1389=ORIENTED_EDGE('',*,*,#1016,.T.);
#1390=ORIENTED_EDGE('',*,*,#953,.T.);
#1391=ORIENTED_EDGE('',*,*,#927,.T.);
#1392=ORIENTED_EDGE('',*,*,#1017,.T.);
#1393=ORIENTED_EDGE('',*,*,#955,.T.);
#1394=ORIENTED_EDGE('',*,*,#1018,.T.);
#1395=ORIENTED_EDGE('',*,*,#1017,.F.);
#1396=ORIENTED_EDGE('',*,*,#926,.F.);
#1397=ORIENTED_EDGE('',*,*,#1019,.F.);
#1398=ORIENTED_EDGE('',*,*,#956,.T.);
#1399=ORIENTED_EDGE('',*,*,#957,.T.);
#1400=ORIENTED_EDGE('',*,*,#1019,.T.);
#1401=ORIENTED_EDGE('',*,*,#925,.T.);
#1402=ORIENTED_EDGE('',*,*,#1020,.T.);
#1403=ORIENTED_EDGE('',*,*,#959,.T.);
#1404=ORIENTED_EDGE('',*,*,#1021,.T.);
#1405=ORIENTED_EDGE('',*,*,#923,.T.);
#1406=ORIENTED_EDGE('',*,*,#1022,.T.);
#1407=ORIENTED_EDGE('',*,*,#1020,.F.);
#1408=ORIENTED_EDGE('',*,*,#924,.F.);
#1409=ORIENTED_EDGE('',*,*,#1021,.F.);
#1410=ORIENTED_EDGE('',*,*,#958,.T.);
#1411=ORIENTED_EDGE('',*,*,#961,.T.);
#1412=ORIENTED_EDGE('',*,*,#1023,.T.);
#1413=ORIENTED_EDGE('',*,*,#921,.T.);
#1414=ORIENTED_EDGE('',*,*,#1024,.T.);
#1415=ORIENTED_EDGE('',*,*,#1022,.F.);
#1416=ORIENTED_EDGE('',*,*,#922,.F.);
#1417=ORIENTED_EDGE('',*,*,#1023,.F.);
#1418=ORIENTED_EDGE('',*,*,#960,.T.);
#1419=ORIENTED_EDGE('',*,*,#919,.T.);
#1420=ORIENTED_EDGE('',*,*,#1025,.T.);
#1421=ORIENTED_EDGE('',*,*,#963,.T.);
#1422=ORIENTED_EDGE('',*,*,#1026,.T.);
#1423=ORIENTED_EDGE('',*,*,#1025,.F.);
#1424=ORIENTED_EDGE('',*,*,#918,.F.);
#1425=ORIENTED_EDGE('',*,*,#1027,.F.);
#1426=ORIENTED_EDGE('',*,*,#964,.T.);
#1427=ORIENTED_EDGE('',*,*,#965,.T.);
#1428=ORIENTED_EDGE('',*,*,#1027,.T.);
#1429=ORIENTED_EDGE('',*,*,#917,.T.);
#1430=ORIENTED_EDGE('',*,*,#1028,.T.);
#1431=ORIENTED_EDGE('',*,*,#915,.T.);
#1432=ORIENTED_EDGE('',*,*,#1029,.T.);
#1433=ORIENTED_EDGE('',*,*,#967,.T.);
#1434=ORIENTED_EDGE('',*,*,#1030,.T.);
#1435=ORIENTED_EDGE('',*,*,#1029,.F.);
#1436=ORIENTED_EDGE('',*,*,#914,.T.);
#1437=ORIENTED_EDGE('',*,*,#1001,.T.);
#1438=ORIENTED_EDGE('',*,*,#968,.T.);
#1439=ORIENTED_EDGE('',*,*,#999,.F.);
#1440=ORIENTED_EDGE('',*,*,#911,.T.);
#1441=ORIENTED_EDGE('',*,*,#1031,.T.);
#1442=ORIENTED_EDGE('',*,*,#971,.F.);
#1443=ORIENTED_EDGE('',*,*,#1031,.F.);
#1444=ORIENTED_EDGE('',*,*,#910,.F.);
#1445=ORIENTED_EDGE('',*,*,#1004,.F.);
#1446=ORIENTED_EDGE('',*,*,#972,.T.);
#1447=ORIENTED_EDGE('',*,*,#976,.T.);
#1448=ORIENTED_EDGE('',*,*,#1032,.T.);
#1449=ORIENTED_EDGE('',*,*,#906,.T.);
#1450=ORIENTED_EDGE('',*,*,#1033,.T.);
#1451=ORIENTED_EDGE('',*,*,#1003,.F.);
#1452=ORIENTED_EDGE('',*,*,#907,.F.);
#1453=ORIENTED_EDGE('',*,*,#1032,.F.);
#1454=ORIENTED_EDGE('',*,*,#975,.T.);
#1455=ORIENTED_EDGE('',*,*,#904,.T.);
#1456=ORIENTED_EDGE('',*,*,#1034,.T.);
#1457=ORIENTED_EDGE('',*,*,#978,.T.);
#1458=ORIENTED_EDGE('',*,*,#1035,.T.);
#1459=ORIENTED_EDGE('',*,*,#1033,.F.);
#1460=ORIENTED_EDGE('',*,*,#905,.F.);
#1461=ORIENTED_EDGE('',*,*,#1035,.F.);
#1462=ORIENTED_EDGE('',*,*,#977,.T.);
#1463=ORIENTED_EDGE('',*,*,#980,.T.);
#1464=ORIENTED_EDGE('',*,*,#1036,.T.);
#1465=ORIENTED_EDGE('',*,*,#902,.T.);
#1466=ORIENTED_EDGE('',*,*,#1007,.T.);
#1467=ORIENTED_EDGE('',*,*,#1034,.F.);
#1468=ORIENTED_EDGE('',*,*,#903,.F.);
#1469=ORIENTED_EDGE('',*,*,#1036,.F.);
#1470=ORIENTED_EDGE('',*,*,#979,.T.);
#1471=ORIENTED_EDGE('',*,*,#843,.F.);
#1472=ORIENTED_EDGE('',*,*,#891,.F.);
#1473=ORIENTED_EDGE('',*,*,#834,.F.);
#1474=ORIENTED_EDGE('',*,*,#1037,.T.);
#1475=ORIENTED_EDGE('',*,*,#844,.F.);
#1476=ORIENTED_EDGE('',*,*,#1037,.F.);
#1477=ORIENTED_EDGE('',*,*,#1038,.F.);
#1478=ORIENTED_EDGE('',*,*,#839,.F.);
#1479=ORIENTED_EDGE('',*,*,#892,.F.);
#1480=ORIENTED_EDGE('',*,*,#841,.F.);
#1481=ORIENTED_EDGE('',*,*,#1039,.T.);
#1482=ORIENTED_EDGE('',*,*,#840,.F.);
#1483=ORIENTED_EDGE('',*,*,#1039,.F.);
#1484=ORIENTED_EDGE('',*,*,#1040,.F.);
#1485=ORIENTED_EDGE('',*,*,#1041,.F.);
#1486=ORIENTED_EDGE('',*,*,#1042,.T.);
#1487=ORIENTED_EDGE('',*,*,#1038,.T.);
#1488=ORIENTED_EDGE('',*,*,#1042,.F.);
#1489=ORIENTED_EDGE('',*,*,#851,.T.);
#1490=ORIENTED_EDGE('',*,*,#1043,.T.);
#1491=ORIENTED_EDGE('',*,*,#1044,.F.);
#1492=ORIENTED_EDGE('',*,*,#1043,.F.);
#1493=ORIENTED_EDGE('',*,*,#1045,.F.);
#1494=ORIENTED_EDGE('',*,*,#1046,.T.);
#1495=ORIENTED_EDGE('',*,*,#1040,.T.);
#1496=ORIENTED_EDGE('',*,*,#1046,.F.);
#1497=ORIENTED_EDGE('',*,*,#848,.T.);
#1498=ORIENTED_EDGE('',*,*,#1047,.T.);
#1499=ORIENTED_EDGE('',*,*,#1048,.F.);
#1500=ORIENTED_EDGE('',*,*,#1047,.F.);
#1501=ORIENTED_EDGE('',*,*,#938,.F.);
#1502=ORIENTED_EDGE('',*,*,#946,.F.);
#1503=ORIENTED_EDGE('',*,*,#994,.F.);
#1504=ORIENTED_EDGE('',*,*,#864,.F.);
#1505=ORIENTED_EDGE('',*,*,#1044,.T.);
#1506=ORIENTED_EDGE('',*,*,#1048,.T.);
#1507=ORIENTED_EDGE('',*,*,#990,.F.);
#1508=ORIENTED_EDGE('',*,*,#860,.F.);
#1509=ORIENTED_EDGE('',*,*,#991,.F.);
#1510=ORIENTED_EDGE('',*,*,#942,.F.);
#1511=ORIENTED_EDGE('',*,*,#1041,.T.);
#1512=ORIENTED_EDGE('',*,*,#1045,.T.);
#1513=ORIENTED_EDGE('',*,*,#1009,.F.);
#1514=ORIENTED_EDGE('',*,*,#897,.F.);
#1515=ORIENTED_EDGE('',*,*,#1011,.F.);
#1516=ORIENTED_EDGE('',*,*,#985,.T.);
#1517=ORIENTED_EDGE('',*,*,#1013,.F.);
#1518=ORIENTED_EDGE('',*,*,#931,.F.);
#1519=ORIENTED_EDGE('',*,*,#1015,.F.);
#1520=ORIENTED_EDGE('',*,*,#951,.T.);
#1521=ORIENTED_EDGE('',*,*,#1016,.F.);
#1522=ORIENTED_EDGE('',*,*,#928,.F.);
#1523=ORIENTED_EDGE('',*,*,#1018,.F.);
#1524=ORIENTED_EDGE('',*,*,#954,.T.);
#1525=ORIENTED_EDGE('',*,*,#1024,.F.);
#1526=ORIENTED_EDGE('',*,*,#920,.F.);
#1527=ORIENTED_EDGE('',*,*,#1026,.F.);
#1528=ORIENTED_EDGE('',*,*,#962,.T.);
#1529=ORIENTED_EDGE('',*,*,#1028,.F.);
#1530=ORIENTED_EDGE('',*,*,#916,.F.);
#1531=ORIENTED_EDGE('',*,*,#1030,.F.);
#1532=ORIENTED_EDGE('',*,*,#966,.T.);
#1533=PLANE('',#1677);
#1534=PLANE('',#1681);
#1535=PLANE('',#1689);
#1536=PLANE('',#1693);
#1537=PLANE('',#1701);
#1538=PLANE('',#1706);
#1539=PLANE('',#1713);
#1540=PLANE('',#1716);
#1541=PLANE('',#1721);
#1542=PLANE('',#1724);
#1543=PLANE('',#1728);
#1544=PLANE('',#1732);
#1545=PLANE('',#1736);
#1546=PLANE('',#1739);
#1547=PLANE('',#1765);
#1548=PLANE('',#1766);
#1549=PLANE('',#1769);
#1550=PLANE('',#1797);
#1551=PLANE('',#1800);
#1552=PLANE('',#1803);
#1553=PLANE('',#1806);
#1554=PLANE('',#1810);
#1555=PLANE('',#1812);
#1556=PLANE('',#1814);
#1557=PLANE('',#1820);
#1558=PLANE('',#1823);
#1559=PLANE('',#1825);
#1560=PLANE('',#1827);
#1561=PLANE('',#1832);
#1562=PLANE('',#1834);
#1563=PLANE('',#1836);
#1564=PLANE('',#1838);
#1565=PLANE('',#1841);
#1566=PLANE('',#1845);
#1567=PLANE('',#1855);
#1568=PLANE('',#1856);
#1569=PLANE('',#1857);
#1570=PLANE('',#1858);
#1571=PLANE('',#1859);
#1572=PLANE('',#1860);
#1573=PLANE('',#1861);
#1574=ADVANCED_FACE('',(#170),#1533,.T.);
#1575=ADVANCED_FACE('',(#171),#162,.T.);
#1576=ADVANCED_FACE('',(#172),#1534,.T.);
#1577=ADVANCED_FACE('',(#173),#163,.T.);
#1578=ADVANCED_FACE('',(#174),#1535,.T.);
#1579=ADVANCED_FACE('',(#175),#164,.T.);
#1580=ADVANCED_FACE('',(#176),#1536,.T.);
#1581=ADVANCED_FACE('',(#177),#165,.T.);
#1582=ADVANCED_FACE('',(#178,#55),#1537,.T.);
#1583=ADVANCED_FACE('',(#179),#15,.F.);
#1584=ADVANCED_FACE('',(#180,#56),#1538,.T.);
#1585=ADVANCED_FACE('',(#181),#16,.F.);
#1586=ADVANCED_FACE('',(#182),#17,.T.);
#1587=ADVANCED_FACE('',(#183),#1539,.T.);
#1588=ADVANCED_FACE('',(#184),#18,.T.);
#1589=ADVANCED_FACE('',(#185,#57),#1540,.T.);
#1590=ADVANCED_FACE('',(#186),#1541,.T.);
#1591=ADVANCED_FACE('',(#187),#166,.T.);
#1592=ADVANCED_FACE('',(#188),#1542,.T.);
#1593=ADVANCED_FACE('',(#189),#167,.T.);
#1594=ADVANCED_FACE('',(#190),#1543,.T.);
#1595=ADVANCED_FACE('',(#191),#168,.T.);
#1596=ADVANCED_FACE('',(#192),#1544,.T.);
#1597=ADVANCED_FACE('',(#193),#169,.T.);
#1598=ADVANCED_FACE('',(#194),#19,.T.);
#1599=ADVANCED_FACE('',(#195),#1545,.T.);
#1600=ADVANCED_FACE('',(#196,#58),#1546,.T.);
#1601=ADVANCED_FACE('',(#197),#20,.T.);
#1602=ADVANCED_FACE('',(#198),#1547,.T.);
#1603=ADVANCED_FACE('',(#199),#1548,.T.);
#1604=ADVANCED_FACE('',(#200),#21,.F.);
#1605=ADVANCED_FACE('',(#201,#59),#1549,.F.);
#1606=ADVANCED_FACE('',(#202),#1550,.T.);
#1607=ADVANCED_FACE('',(#203),#22,.F.);
#1608=ADVANCED_FACE('',(#204),#23,.F.);
#1609=ADVANCED_FACE('',(#205),#1551,.T.);
#1610=ADVANCED_FACE('',(#206),#24,.F.);
#1611=ADVANCED_FACE('',(#207),#25,.T.);
#1612=ADVANCED_FACE('',(#208),#1552,.T.);
#1613=ADVANCED_FACE('',(#209),#26,.T.);
#1614=ADVANCED_FACE('',(#210),#27,.T.);
#1615=ADVANCED_FACE('',(#211),#1553,.T.);
#1616=ADVANCED_FACE('',(#212),#28,.T.);
#1617=ADVANCED_FACE('',(#213),#29,.F.);
#1618=ADVANCED_FACE('',(#214),#30,.F.);
#1619=ADVANCED_FACE('',(#215),#1554,.T.);
#1620=ADVANCED_FACE('',(#216),#31,.F.);
#1621=ADVANCED_FACE('',(#217),#1555,.T.);
#1622=ADVANCED_FACE('',(#218),#32,.T.);
#1623=ADVANCED_FACE('',(#219),#1556,.T.);
#1624=ADVANCED_FACE('',(#220),#33,.F.);
#1625=ADVANCED_FACE('',(#221),#34,.F.);
#1626=ADVANCED_FACE('',(#222),#35,.T.);
#1627=ADVANCED_FACE('',(#223),#36,.F.);
#1628=ADVANCED_FACE('',(#224),#37,.T.);
#1629=ADVANCED_FACE('',(#225),#1557,.T.);
#1630=ADVANCED_FACE('',(#226),#38,.F.);
#1631=ADVANCED_FACE('',(#227),#39,.F.);
#1632=ADVANCED_FACE('',(#228),#1558,.T.);
#1633=ADVANCED_FACE('',(#229),#40,.F.);
#1634=ADVANCED_FACE('',(#230),#1559,.T.);
#1635=ADVANCED_FACE('',(#231),#41,.T.);
#1636=ADVANCED_FACE('',(#232),#1560,.T.);
#1637=ADVANCED_FACE('',(#233),#42,.F.);
#1638=ADVANCED_FACE('',(#234),#43,.T.);
#1639=ADVANCED_FACE('',(#235),#44,.F.);
#1640=ADVANCED_FACE('',(#236),#45,.F.);
#1641=ADVANCED_FACE('',(#237),#1561,.T.);
#1642=ADVANCED_FACE('',(#238),#46,.F.);
#1643=ADVANCED_FACE('',(#239),#1562,.T.);
#1644=ADVANCED_FACE('',(#240),#47,.T.);
#1645=ADVANCED_FACE('',(#241),#1563,.T.);
#1646=ADVANCED_FACE('',(#242),#48,.F.);
#1647=ADVANCED_FACE('',(#243),#1564,.T.);
#1648=ADVANCED_FACE('',(#244),#49,.F.);
#1649=ADVANCED_FACE('',(#245,#60),#1565,.T.);
#1650=ADVANCED_FACE('',(#246),#50,.F.);
#1651=ADVANCED_FACE('',(#247,#61),#1566,.T.);
#1652=ADVANCED_FACE('',(#248),#51,.F.);
#1653=ADVANCED_FACE('',(#249),#52,.F.);
#1654=ADVANCED_FACE('',(#250),#53,.F.);
#1655=ADVANCED_FACE('',(#251),#54,.F.);
#1656=ADVANCED_FACE('',(#252,#62,#63),#1567,.T.);
#1657=ADVANCED_FACE('',(#253,#64,#65),#1568,.T.);
#1658=ADVANCED_FACE('',(#254),#1569,.T.);
#1659=ADVANCED_FACE('',(#255),#1570,.T.);
#1660=ADVANCED_FACE('',(#256),#1571,.T.);
#1661=ADVANCED_FACE('',(#257),#1572,.T.);
#1662=ADVANCED_FACE('',(#258),#1573,.T.);
#1663=CLOSED_SHELL('',(#1574,#1575,#1576,#1577,#1578,#1579,#1580,#1581,
#1582,#1583,#1584,#1585,#1586,#1587,#1588,#1589,#1590,#1591,#1592,#1593,
#1594,#1595,#1596,#1597,#1598,#1599,#1600,#1601,#1602,#1603,#1604,#1605,
#1606,#1607,#1608,#1609,#1610,#1611,#1612,#1613,#1614,#1615,#1616,#1617,
#1618,#1619,#1620,#1621,#1622,#1623,#1624,#1625,#1626,#1627,#1628,#1629,
#1630,#1631,#1632,#1633,#1634,#1635,#1636,#1637,#1638,#1639,#1640,#1641,
#1642,#1643,#1644,#1645,#1646,#1647,#1648,#1649,#1650,#1651,#1652,#1653,
#1654,#1655,#1656,#1657,#1658,#1659,#1660,#1661,#1662));
#1664=DERIVED_UNIT_ELEMENT(#1666,1.);
#1665=DERIVED_UNIT_ELEMENT(#2873,-3.);
#1666=(
MASS_UNIT()
NAMED_UNIT(*)
SI_UNIT(.KILO.,.GRAM.)
);
#1667=DERIVED_UNIT((#1664,#1665));
#1668=MEASURE_REPRESENTATION_ITEM('density measure',
POSITIVE_RATIO_MEASURE(7850.),#1667);
#1669=PROPERTY_DEFINITION_REPRESENTATION(#1674,#1671);
#1670=PROPERTY_DEFINITION_REPRESENTATION(#1675,#1672);
#1671=REPRESENTATION('material name',(#1673),#2870);
#1672=REPRESENTATION('density',(#1668),#2870);
#1673=DESCRIPTIVE_REPRESENTATION_ITEM('\X2\92FC\X0\','\X2\92FC\X0\');
#1674=PROPERTY_DEFINITION('material property','material name',#2880);
#1675=PROPERTY_DEFINITION('material property','density of part',#2880);
#1676=AXIS2_PLACEMENT_3D('',#2380,#1862,#1863);
#1677=AXIS2_PLACEMENT_3D('',#2381,#1864,#1865);
#1678=AXIS2_PLACEMENT_3D('',#2390,#1870,#1871);
#1679=AXIS2_PLACEMENT_3D('',#2392,#1872,#1873);
#1680=AXIS2_PLACEMENT_3D('',#2395,#1875,#1876);
#1681=AXIS2_PLACEMENT_3D('',#2396,#1877,#1878);
#1682=AXIS2_PLACEMENT_3D('',#2399,#1879,#1880);
#1683=AXIS2_PLACEMENT_3D('',#2408,#1885,#1886);
#1684=AXIS2_PLACEMENT_3D('',#2412,#1888,#1889);
#1685=AXIS2_PLACEMENT_3D('',#2416,#1891,#1892);
#1686=AXIS2_PLACEMENT_3D('',#2418,#1894,#1895);
#1687=AXIS2_PLACEMENT_3D('',#2420,#1896,#1897);
#1688=AXIS2_PLACEMENT_3D('',#2423,#1899,#1900);
#1689=AXIS2_PLACEMENT_3D('',#2424,#1901,#1902);
#1690=AXIS2_PLACEMENT_3D('',#2430,#1906,#1907);
#1691=AXIS2_PLACEMENT_3D('',#2432,#1908,#1909);
#1692=AXIS2_PLACEMENT_3D('',#2435,#1911,#1912);
#1693=AXIS2_PLACEMENT_3D('',#2436,#1913,#1914);
#1694=AXIS2_PLACEMENT_3D('',#2439,#1915,#1916);
#1695=AXIS2_PLACEMENT_3D('',#2448,#1921,#1922);
#1696=AXIS2_PLACEMENT_3D('',#2452,#1924,#1925);
#1697=AXIS2_PLACEMENT_3D('',#2456,#1927,#1928);
#1698=AXIS2_PLACEMENT_3D('',#2458,#1930,#1931);
#1699=AXIS2_PLACEMENT_3D('',#2459,#1932,#1933);
#1700=AXIS2_PLACEMENT_3D('',#2460,#1934,#1935);
#1701=AXIS2_PLACEMENT_3D('',#2461,#1936,#1937);
#1702=AXIS2_PLACEMENT_3D('',#2462,#1938,#1939);
#1703=AXIS2_PLACEMENT_3D('',#2464,#1940,#1941);
#1704=AXIS2_PLACEMENT_3D('',#2465,#1942,#1943);
#1705=AXIS2_PLACEMENT_3D('',#2466,#1944,#1945);
#1706=AXIS2_PLACEMENT_3D('',#2467,#1946,#1947);
#1707=AXIS2_PLACEMENT_3D('',#2468,#1948,#1949);
#1708=AXIS2_PLACEMENT_3D('',#2470,#1950,#1951);
#1709=AXIS2_PLACEMENT_3D('',#2471,#1952,#1953);
#1710=AXIS2_PLACEMENT_3D('',#2472,#1954,#1955);
#1711=AXIS2_PLACEMENT_3D('',#2473,#1956,#1957);
#1712=AXIS2_PLACEMENT_3D('',#2477,#1959,#1960);
#1713=AXIS2_PLACEMENT_3D('',#2479,#1962,#1963);
#1714=AXIS2_PLACEMENT_3D('',#2483,#1966,#1967);
#1715=AXIS2_PLACEMENT_3D('',#2486,#1969,#1970);
#1716=AXIS2_PLACEMENT_3D('',#2487,#1971,#1972);
#1717=AXIS2_PLACEMENT_3D('',#2492,#1974,#1975);
#1718=AXIS2_PLACEMENT_3D('',#2496,#1977,#1978);
#1719=AXIS2_PLACEMENT_3D('',#2500,#1980,#1981);
#1720=AXIS2_PLACEMENT_3D('',#2503,#1983,#1984);
#1721=AXIS2_PLACEMENT_3D('',#2504,#1985,#1986);
#1722=AXIS2_PLACEMENT_3D('',#2510,#1990,#1991);
#1723=AXIS2_PLACEMENT_3D('',#2513,#1993,#1994);
#1724=AXIS2_PLACEMENT_3D('',#2514,#1995,#1996);
#1725=AXIS2_PLACEMENT_3D('',#2520,#2000,#2001);
#1726=AXIS2_PLACEMENT_3D('',#2522,#2002,#2003);
#1727=AXIS2_PLACEMENT_3D('',#2525,#2005,#2006);
#1728=AXIS2_PLACEMENT_3D('',#2526,#2007,#2008);
#1729=AXIS2_PLACEMENT_3D('',#2532,#2012,#2013);
#1730=AXIS2_PLACEMENT_3D('',#2534,#2014,#2015);
#1731=AXIS2_PLACEMENT_3D('',#2537,#2017,#2018);
#1732=AXIS2_PLACEMENT_3D('',#2538,#2019,#2020);
#1733=AXIS2_PLACEMENT_3D('',#2543,#2024,#2025);
#1734=AXIS2_PLACEMENT_3D('',#2544,#2026,#2027);
#1735=AXIS2_PLACEMENT_3D('',#2545,#2028,#2029);
#1736=AXIS2_PLACEMENT_3D('',#2548,#2032,#2033);
#1737=AXIS2_PLACEMENT_3D('',#2549,#2034,#2035);
#1738=AXIS2_PLACEMENT_3D('',#2550,#2036,#2037);
#1739=AXIS2_PLACEMENT_3D('',#2551,#2038,#2039);
#1740=AXIS2_PLACEMENT_3D('',#2554,#2040,#2041);
#1741=AXIS2_PLACEMENT_3D('',#2556,#2042,#2043);
#1742=AXIS2_PLACEMENT_3D('',#2560,#2045,#2046);
#1743=AXIS2_PLACEMENT_3D('',#2564,#2048,#2049);
#1744=AXIS2_PLACEMENT_3D('',#2568,#2051,#2052);
#1745=AXIS2_PLACEMENT_3D('',#2572,#2054,#2055);
#1746=AXIS2_PLACEMENT_3D('',#2576,#2057,#2058);
#1747=AXIS2_PLACEMENT_3D('',#2580,#2060,#2061);
#1748=AXIS2_PLACEMENT_3D('',#2584,#2063,#2064);
#1749=AXIS2_PLACEMENT_3D('',#2586,#2065,#2066);
#1750=AXIS2_PLACEMENT_3D('',#2590,#2068,#2069);
#1751=AXIS2_PLACEMENT_3D('',#2592,#2070,#2071);
#1752=AXIS2_PLACEMENT_3D('',#2596,#2073,#2074);
#1753=AXIS2_PLACEMENT_3D('',#2598,#2075,#2076);
#1754=AXIS2_PLACEMENT_3D('',#2602,#2078,#2079);
#1755=AXIS2_PLACEMENT_3D('',#2606,#2081,#2082);
#1756=AXIS2_PLACEMENT_3D('',#2610,#2084,#2085);
#1757=AXIS2_PLACEMENT_3D('',#2614,#2087,#2088);
#1758=AXIS2_PLACEMENT_3D('',#2618,#2090,#2091);
#1759=AXIS2_PLACEMENT_3D('',#2622,#2093,#2094);
#1760=AXIS2_PLACEMENT_3D('',#2626,#2096,#2097);
#1761=AXIS2_PLACEMENT_3D('',#2628,#2098,#2099);
#1762=AXIS2_PLACEMENT_3D('',#2632,#2101,#2102);
#1763=AXIS2_PLACEMENT_3D('',#2634,#2103,#2104);
#1764=AXIS2_PLACEMENT_3D('',#2636,#2106,#2107);
#1765=AXIS2_PLACEMENT_3D('',#2639,#2110,#2111);
#1766=AXIS2_PLACEMENT_3D('',#2640,#2112,#2113);
#1767=AXIS2_PLACEMENT_3D('',#2641,#2114,#2115);
#1768=AXIS2_PLACEMENT_3D('',#2644,#2116,#2117);
#1769=AXIS2_PLACEMENT_3D('',#2647,#2120,#2121);
#1770=AXIS2_PLACEMENT_3D('',#2651,#2123,#2124);
#1771=AXIS2_PLACEMENT_3D('',#2655,#2126,#2127);
#1772=AXIS2_PLACEMENT_3D('',#2659,#2129,#2130);
#1773=AXIS2_PLACEMENT_3D('',#2663,#2132,#2133);
#1774=AXIS2_PLACEMENT_3D('',#2667,#2135,#2136);
#1775=AXIS2_PLACEMENT_3D('',#2669,#2137,#2138);
#1776=AXIS2_PLACEMENT_3D('',#2673,#2140,#2141);
#1777=AXIS2_PLACEMENT_3D('',#2675,#2142,#2143);
#1778=AXIS2_PLACEMENT_3D('',#2679,#2145,#2146);
#1779=AXIS2_PLACEMENT_3D('',#2683,#2148,#2149);
#1780=AXIS2_PLACEMENT_3D('',#2687,#2151,#2152);
#1781=AXIS2_PLACEMENT_3D('',#2691,#2154,#2155);
#1782=AXIS2_PLACEMENT_3D('',#2695,#2157,#2158);
#1783=AXIS2_PLACEMENT_3D('',#2699,#2160,#2161);
#1784=AXIS2_PLACEMENT_3D('',#2703,#2163,#2164);
#1785=AXIS2_PLACEMENT_3D('',#2705,#2165,#2166);
#1786=AXIS2_PLACEMENT_3D('',#2709,#2168,#2169);
#1787=AXIS2_PLACEMENT_3D('',#2711,#2170,#2171);
#1788=AXIS2_PLACEMENT_3D('',#2715,#2173,#2174);
#1789=AXIS2_PLACEMENT_3D('',#2717,#2175,#2176);
#1790=AXIS2_PLACEMENT_3D('',#2721,#2178,#2179);
#1791=AXIS2_PLACEMENT_3D('',#2725,#2181,#2182);
#1792=AXIS2_PLACEMENT_3D('',#2729,#2184,#2185);
#1793=AXIS2_PLACEMENT_3D('',#2733,#2187,#2188);
#1794=AXIS2_PLACEMENT_3D('',#2737,#2190,#2191);
#1795=AXIS2_PLACEMENT_3D('',#2741,#2193,#2194);
#1796=AXIS2_PLACEMENT_3D('',#2744,#2196,#2197);
#1797=AXIS2_PLACEMENT_3D('',#2745,#2198,#2199);
#1798=AXIS2_PLACEMENT_3D('',#2747,#2201,#2202);
#1799=AXIS2_PLACEMENT_3D('',#2749,#2204,#2205);
#1800=AXIS2_PLACEMENT_3D('',#2752,#2208,#2209);
#1801=AXIS2_PLACEMENT_3D('',#2754,#2211,#2212);
#1802=AXIS2_PLACEMENT_3D('',#2756,#2214,#2215);
#1803=AXIS2_PLACEMENT_3D('',#2759,#2218,#2219);
#1804=AXIS2_PLACEMENT_3D('',#2761,#2221,#2222);
#1805=AXIS2_PLACEMENT_3D('',#2763,#2224,#2225);
#1806=AXIS2_PLACEMENT_3D('',#2766,#2228,#2229);
#1807=AXIS2_PLACEMENT_3D('',#2768,#2231,#2232);
#1808=AXIS2_PLACEMENT_3D('',#2771,#2235,#2236);
#1809=AXIS2_PLACEMENT_3D('',#2773,#2238,#2239);
#1810=AXIS2_PLACEMENT_3D('',#2776,#2242,#2243);
#1811=AXIS2_PLACEMENT_3D('',#2778,#2245,#2246);
#1812=AXIS2_PLACEMENT_3D('',#2781,#2249,#2250);
#1813=AXIS2_PLACEMENT_3D('',#2782,#2251,#2252);
#1814=AXIS2_PLACEMENT_3D('',#2785,#2255,#2256);
#1815=AXIS2_PLACEMENT_3D('',#2787,#2258,#2259);
#1816=AXIS2_PLACEMENT_3D('',#2788,#2260,#2261);
#1817=AXIS2_PLACEMENT_3D('',#2790,#2263,#2264);
#1818=AXIS2_PLACEMENT_3D('',#2793,#2267,#2268);
#1819=AXIS2_PLACEMENT_3D('',#2795,#2270,#2271);
#1820=AXIS2_PLACEMENT_3D('',#2798,#2274,#2275);
#1821=AXIS2_PLACEMENT_3D('',#2800,#2277,#2278);
#1822=AXIS2_PLACEMENT_3D('',#2802,#2280,#2281);
#1823=AXIS2_PLACEMENT_3D('',#2805,#2284,#2285);
#1824=AXIS2_PLACEMENT_3D('',#2806,#2286,#2287);
#1825=AXIS2_PLACEMENT_3D('',#2809,#2290,#2291);
#1826=AXIS2_PLACEMENT_3D('',#2810,#2292,#2293);
#1827=AXIS2_PLACEMENT_3D('',#2813,#2296,#2297);
#1828=AXIS2_PLACEMENT_3D('',#2815,#2299,#2300);
#1829=AXIS2_PLACEMENT_3D('',#2817,#2302,#2303);
#1830=AXIS2_PLACEMENT_3D('',#2820,#2306,#2307);
#1831=AXIS2_PLACEMENT_3D('',#2821,#2308,#2309);
#1832=AXIS2_PLACEMENT_3D('',#2823,#2311,#2312);
#1833=AXIS2_PLACEMENT_3D('',#2824,#2313,#2314);
#1834=AXIS2_PLACEMENT_3D('',#2827,#2317,#2318);
#1835=AXIS2_PLACEMENT_3D('',#2828,#2319,#2320);
#1836=AXIS2_PLACEMENT_3D('',#2831,#2323,#2324);
#1837=AXIS2_PLACEMENT_3D('',#2832,#2325,#2326);
#1838=AXIS2_PLACEMENT_3D('',#2834,#2328,#2329);
#1839=AXIS2_PLACEMENT_3D('',#2835,#2330,#2331);
#1840=AXIS2_PLACEMENT_3D('',#2836,#2332,#2333);
#1841=AXIS2_PLACEMENT_3D('',#2837,#2334,#2335);
#1842=AXIS2_PLACEMENT_3D('',#2839,#2336,#2337);
#1843=AXIS2_PLACEMENT_3D('',#2840,#2338,#2339);
#1844=AXIS2_PLACEMENT_3D('',#2841,#2340,#2341);
#1845=AXIS2_PLACEMENT_3D('',#2842,#2342,#2343);
#1846=AXIS2_PLACEMENT_3D('',#2844,#2344,#2345);
#1847=AXIS2_PLACEMENT_3D('',#2845,#2346,#2347);
#1848=AXIS2_PLACEMENT_3D('',#2847,#2348,#2349);
#1849=AXIS2_PLACEMENT_3D('',#2849,#2351,#2352);
#1850=AXIS2_PLACEMENT_3D('',#2852,#2354,#2355);
#1851=AXIS2_PLACEMENT_3D('',#2853,#2356,#2357);
#1852=AXIS2_PLACEMENT_3D('',#2855,#2358,#2359);
#1853=AXIS2_PLACEMENT_3D('',#2857,#2361,#2362);
#1854=AXIS2_PLACEMENT_3D('',#2860,#2364,#2365);
#1855=AXIS2_PLACEMENT_3D('',#2861,#2366,#2367);
#1856=AXIS2_PLACEMENT_3D('',#2862,#2368,#2369);
#1857=AXIS2_PLACEMENT_3D('',#2863,#2370,#2371);
#1858=AXIS2_PLACEMENT_3D('',#2864,#2372,#2373);
#1859=AXIS2_PLACEMENT_3D('',#2865,#2374,#2375);
#1860=AXIS2_PLACEMENT_3D('',#2866,#2376,#2377);
#1861=AXIS2_PLACEMENT_3D('',#2867,#2378,#2379);
#1862=DIRECTION('axis',(0.,0.,1.));
#1863=DIRECTION('refdir',(1.,0.,0.));
#1864=DIRECTION('center_axis',(0.,-0.707106781186549,-0.707106781186546));
#1865=DIRECTION('ref_axis',(-1.,0.,0.));
#1866=DIRECTION('',(0.,0.707106781186546,-0.707106781186549));
#1867=DIRECTION('',(1.,0.,0.));
#1868=DIRECTION('',(0.,-0.707106781186546,0.707106781186549));
#1869=DIRECTION('',(-1.,0.,0.));
#1870=DIRECTION('center_axis',(0.,0.,1.));
#1871=DIRECTION('ref_axis',(-0.707106781186547,-0.707106781186547,0.));
#1872=DIRECTION('center_axis',(0.,0.,-1.));
#1873=DIRECTION('ref_axis',(-0.707106781186547,-0.707106781186547,0.));
#1874=DIRECTION('',(0.707106781186546,0.,-0.707106781186549));
#1875=DIRECTION('center_axis',(0.,0.,1.));
#1876=DIRECTION('ref_axis',(-0.707106781186548,-0.707106781186548,0.));
#1877=DIRECTION('center_axis',(-0.707106781186546,0.,-0.707106781186549));
#1878=DIRECTION('ref_axis',(-0.707106781186549,0.,0.707106781186546));
#1879=DIRECTION('center_axis',(0.707106781186546,0.,0.707106781186549));
#1880=DIRECTION('ref_axis',(-0.707106781186549,0.,0.707106781186546));
#1881=DIRECTION('',(0.,1.,0.));
#1882=DIRECTION('',(0.707106781186549,0.,-0.707106781186546));
#1883=DIRECTION('',(0.,-1.,0.));
#1884=DIRECTION('',(0.,1.,0.));
#1885=DIRECTION('center_axis',(0.707106781186546,0.,0.707106781186549));
#1886=DIRECTION('ref_axis',(-0.707106781186549,0.,0.707106781186546));
#1887=DIRECTION('',(0.,1.,0.));
#1888=DIRECTION('center_axis',(0.707106781186546,0.,0.707106781186549));
#1889=DIRECTION('ref_axis',(-0.707106781186549,0.,0.707106781186546));
#1890=DIRECTION('',(0.,1.,0.));
#1891=DIRECTION('center_axis',(0.707106781186546,0.,0.707106781186549));
#1892=DIRECTION('ref_axis',(-0.707106781186549,0.,0.707106781186546));
#1893=DIRECTION('',(0.,1.,0.));
#1894=DIRECTION('center_axis',(0.,0.,1.));
#1895=DIRECTION('ref_axis',(-0.707106781186547,0.707106781186547,0.));
#1896=DIRECTION('center_axis',(0.,0.,-1.));
#1897=DIRECTION('ref_axis',(-0.707106781186547,0.707106781186547,0.));
#1898=DIRECTION('',(0.,-0.707106781186546,-0.707106781186549));
#1899=DIRECTION('center_axis',(0.,0.,1.));
#1900=DIRECTION('ref_axis',(-0.707106781186548,0.707106781186548,0.));
#1901=DIRECTION('center_axis',(0.,0.707106781186549,-0.707106781186546));
#1902=DIRECTION('ref_axis',(-1.,0.,0.));
#1903=DIRECTION('',(0.,-0.707106781186546,-0.707106781186549));
#1904=DIRECTION('',(-1.,0.,0.));
#1905=DIRECTION('',(1.,0.,0.));
#1906=DIRECTION('center_axis',(0.,0.,1.));
#1907=DIRECTION('ref_axis',(0.707106781186547,0.707106781186547,0.));
#1908=DIRECTION('center_axis',(0.,0.,-1.));
#1909=DIRECTION('ref_axis',(0.707106781186547,0.707106781186547,0.));
#1910=DIRECTION('',(-0.707106781186552,0.,-0.707106781186543));
#1911=DIRECTION('center_axis',(0.,0.,1.));
#1912=DIRECTION('ref_axis',(0.707106781186548,0.707106781186548,0.));
#1913=DIRECTION('center_axis',(0.707106781186543,0.,-0.707106781186552));
#1914=DIRECTION('ref_axis',(-0.707106781186552,0.,-0.707106781186543));
#1915=DIRECTION('center_axis',(-0.707106781186543,0.,0.707106781186552));
#1916=DIRECTION('ref_axis',(-0.707106781186552,0.,-0.707106781186543));
#1917=DIRECTION('',(0.,-1.,0.));
#1918=DIRECTION('',(-0.707106781186552,0.,-0.707106781186543));
#1919=DIRECTION('',(0.,1.,0.));
#1920=DIRECTION('',(0.,-1.,0.));
#1921=DIRECTION('center_axis',(-0.707106781186543,0.,0.707106781186552));
#1922=DIRECTION('ref_axis',(-0.707106781186552,0.,-0.707106781186543));
#1923=DIRECTION('',(0.,-1.,0.));
#1924=DIRECTION('center_axis',(-0.707106781186543,0.,0.707106781186552));
#1925=DIRECTION('ref_axis',(-0.707106781186552,0.,-0.707106781186543));
#1926=DIRECTION('',(0.,-1.,0.));
#1927=DIRECTION('center_axis',(-0.707106781186543,0.,0.707106781186552));
#1928=DIRECTION('ref_axis',(-0.707106781186552,0.,-0.707106781186543));
#1929=DIRECTION('',(0.,-1.,0.));
#1930=DIRECTION('center_axis',(0.,0.,1.));
#1931=DIRECTION('ref_axis',(0.707106781186547,-0.707106781186547,0.));
#1932=DIRECTION('center_axis',(0.,0.,-1.));
#1933=DIRECTION('ref_axis',(0.707106781186547,-0.707106781186547,0.));
#1934=DIRECTION('center_axis',(0.,0.,1.));
#1935=DIRECTION('ref_axis',(0.707106781186548,-0.707106781186548,0.));
#1936=DIRECTION('center_axis',(-1.,0.,0.));
#1937=DIRECTION('ref_axis',(0.,0.,1.));
#1938=DIRECTION('center_axis',(1.,0.,0.));
#1939=DIRECTION('ref_axis',(0.,1.,0.));
#1940=DIRECTION('center_axis',(-1.,0.,0.));
#1941=DIRECTION('ref_axis',(0.,1.,0.));
#1942=DIRECTION('center_axis',(1.,0.,0.));
#1943=DIRECTION('ref_axis',(0.,5.0532154980743E-16,1.));
#1944=DIRECTION('center_axis',(1.,0.,0.));
#1945=DIRECTION('ref_axis',(0.,1.,0.));
#1946=DIRECTION('center_axis',(-1.,0.,0.));
#1947=DIRECTION('ref_axis',(0.,0.,1.));
#1948=DIRECTION('center_axis',(1.,0.,0.));
#1949=DIRECTION('ref_axis',(0.,1.,0.));
#1950=DIRECTION('center_axis',(-1.,0.,0.));
#1951=DIRECTION('ref_axis',(0.,1.,0.));
#1952=DIRECTION('center_axis',(1.,0.,0.));
#1953=DIRECTION('ref_axis',(0.,2.83276944882399E-16,1.));
#1954=DIRECTION('center_axis',(1.,0.,0.));
#1955=DIRECTION('ref_axis',(0.,1.,0.));
#1956=DIRECTION('center_axis',(0.,0.,1.));
#1957=DIRECTION('ref_axis',(-0.707106781186547,-0.707106781186547,0.));
#1958=DIRECTION('',(0.,0.,1.));
#1959=DIRECTION('center_axis',(0.,0.,1.));
#1960=DIRECTION('ref_axis',(-0.707106781186547,-0.707106781186547,0.));
#1961=DIRECTION('',(0.,0.,-1.));
#1962=DIRECTION('center_axis',(0.,-1.,0.));
#1963=DIRECTION('ref_axis',(1.,0.,0.));
#1964=DIRECTION('',(0.,0.,-1.));
#1965=DIRECTION('',(1.,0.,0.));
#1966=DIRECTION('center_axis',(0.,0.,1.));
#1967=DIRECTION('ref_axis',(0.707106781186547,-0.707106781186547,0.));
#1968=DIRECTION('',(0.,0.,1.));
#1969=DIRECTION('center_axis',(0.,0.,1.));
#1970=DIRECTION('ref_axis',(0.707106781186547,-0.707106781186547,0.));
#1971=DIRECTION('center_axis',(0.,0.,-1.));
#1972=DIRECTION('ref_axis',(-1.,0.,0.));
#1973=DIRECTION('',(0.,1.,0.));
#1974=DIRECTION('center_axis',(0.,0.,-1.));
#1975=DIRECTION('ref_axis',(0.707106781186546,0.707106781186549,0.));
#1976=DIRECTION('',(-1.,0.,0.));
#1977=DIRECTION('center_axis',(0.,0.,-1.));
#1978=DIRECTION('ref_axis',(-0.707106781186548,0.707106781186548,0.));
#1979=DIRECTION('',(2.44744673381131E-17,-1.,0.));
#1980=DIRECTION('center_axis',(0.,0.,-1.));
#1981=DIRECTION('ref_axis',(-0.707106781186547,-0.707106781186548,0.));
#1982=DIRECTION('',(1.,0.,0.));
#1983=DIRECTION('center_axis',(0.,0.,-1.));
#1984=DIRECTION('ref_axis',(0.707106781186549,-0.707106781186546,0.));
#1985=DIRECTION('center_axis',(0.,-0.707106781186549,0.707106781186546));
#1986=DIRECTION('ref_axis',(1.,0.,0.));
#1987=DIRECTION('',(0.,0.707106781186546,0.707106781186549));
#1988=DIRECTION('',(-1.,0.,0.));
#1989=DIRECTION('',(0.,-0.707106781186546,-0.707106781186549));
#1990=DIRECTION('center_axis',(0.,0.,-1.));
#1991=DIRECTION('ref_axis',(0.707106781186547,-0.707106781186547,0.));
#1992=DIRECTION('',(-0.707106781186553,0.,0.707106781186542));
#1993=DIRECTION('center_axis',(0.,0.,-1.));
#1994=DIRECTION('ref_axis',(0.707106781186548,-0.707106781186548,0.));
#1995=DIRECTION('center_axis',(0.707106781186542,0.,0.707106781186553));
#1996=DIRECTION('ref_axis',(0.707106781186553,0.,-0.707106781186542));
#1997=DIRECTION('',(-0.707106781186553,0.,0.707106781186542));
#1998=DIRECTION('',(0.,-1.,0.));
#1999=DIRECTION('',(0.,1.,0.));
#2000=DIRECTION('center_axis',(0.,0.,-1.));
#2001=DIRECTION('ref_axis',(0.707106781186547,0.707106781186547,0.));
#2002=DIRECTION('center_axis',(0.,0.,1.));
#2003=DIRECTION('ref_axis',(0.707106781186547,0.707106781186547,0.));
#2004=DIRECTION('',(0.,-0.707106781186546,0.707106781186549));
#2005=DIRECTION('center_axis',(0.,0.,-1.));
#2006=DIRECTION('ref_axis',(0.707106781186548,0.707106781186548,0.));
#2007=DIRECTION('center_axis',(0.,0.707106781186549,0.707106781186546));
#2008=DIRECTION('ref_axis',(1.,0.,0.));
#2009=DIRECTION('',(0.,-0.707106781186546,0.707106781186549));
#2010=DIRECTION('',(1.,0.,0.));
#2011=DIRECTION('',(-1.,0.,0.));
#2012=DIRECTION('center_axis',(0.,0.,-1.));
#2013=DIRECTION('ref_axis',(-0.707106781186547,0.707106781186547,0.));
#2014=DIRECTION('center_axis',(0.,0.,1.));
#2015=DIRECTION('ref_axis',(-0.707106781186547,0.707106781186547,0.));
#2016=DIRECTION('',(0.707106781186546,0.,0.707106781186549));
#2017=DIRECTION('center_axis',(0.,0.,-1.));
#2018=DIRECTION('ref_axis',(-0.707106781186548,0.707106781186548,0.));
#2019=DIRECTION('center_axis',(-0.707106781186546,0.,0.707106781186549));
#2020=DIRECTION('ref_axis',(0.707106781186549,0.,0.707106781186546));
#2021=DIRECTION('',(0.707106781186549,0.,0.707106781186546));
#2022=DIRECTION('',(0.,1.,0.));
#2023=DIRECTION('',(0.,-1.,0.));
#2024=DIRECTION('center_axis',(0.,0.,-1.));
#2025=DIRECTION('ref_axis',(-0.707106781186547,-0.707106781186547,0.));
#2026=DIRECTION('center_axis',(0.,0.,-1.));
#2027=DIRECTION('ref_axis',(-0.707106781186548,-0.707106781186548,0.));
#2028=DIRECTION('center_axis',(0.,0.,1.));
#2029=DIRECTION('ref_axis',(0.707106781186547,0.707106781186547,0.));
#2030=DIRECTION('',(0.,0.,1.));
#2031=DIRECTION('',(0.,0.,-1.));
#2032=DIRECTION('center_axis',(1.,0.,0.));
#2033=DIRECTION('ref_axis',(0.,1.,0.));
#2034=DIRECTION('center_axis',(-1.,0.,0.));
#2035=DIRECTION('ref_axis',(0.,1.,0.));
#2036=DIRECTION('center_axis',(-1.,0.,0.));
#2037=DIRECTION('ref_axis',(0.,1.,0.));
#2038=DIRECTION('center_axis',(0.,0.,1.));
#2039=DIRECTION('ref_axis',(1.,0.,0.));
#2040=DIRECTION('center_axis',(0.,0.,-1.));
#2041=DIRECTION('ref_axis',(0.,-1.,0.));
#2042=DIRECTION('center_axis',(0.,0.,1.));
#2043=DIRECTION('ref_axis',(0.707106781186549,-0.707106781186546,0.));
#2044=DIRECTION('',(-1.,-4.66235390918701E-16,0.));
#2045=DIRECTION('center_axis',(0.,0.,-1.));
#2046=DIRECTION('ref_axis',(-0.707106781186549,0.707106781186546,0.));
#2047=DIRECTION('',(-9.32470781837402E-16,-1.,0.));
#2048=DIRECTION('center_axis',(0.,0.,1.));
#2049=DIRECTION('ref_axis',(0.707106781186549,-0.707106781186546,0.));
#2050=DIRECTION('',(-1.,-4.42981755461409E-16,0.));
#2051=DIRECTION('center_axis',(0.,0.,1.));
#2052=DIRECTION('ref_axis',(-0.707106781186545,-0.70710678118655,0.));
#2053=DIRECTION('',(0.,1.,0.));
#2054=DIRECTION('center_axis',(0.,0.,1.));
#2055=DIRECTION('ref_axis',(-0.707106781186548,0.707106781186547,0.));
#2056=DIRECTION('',(1.,0.,0.));
#2057=DIRECTION('center_axis',(0.,0.,-1.));
#2058=DIRECTION('ref_axis',(0.707106781186547,-0.707106781186548,0.));
#2059=DIRECTION('',(-3.10823593945801E-16,1.,0.));
#2060=DIRECTION('center_axis',(0.,0.,1.));
#2061=DIRECTION('ref_axis',(-0.707106781186548,0.707106781186548,0.));
#2062=DIRECTION('',(1.,3.49676543189026E-16,0.));
#2063=DIRECTION('center_axis',(0.,0.,-1.));
#2064=DIRECTION('ref_axis',(0.,1.,0.));
#2065=DIRECTION('center_axis',(0.,0.,1.));
#2066=DIRECTION('ref_axis',(-0.707106781186548,0.707106781186547,0.));
#2067=DIRECTION('',(1.,0.,0.));
#2068=DIRECTION('center_axis',(0.,0.,1.));
#2069=DIRECTION('ref_axis',(0.851872019437191,0.523750000000001,0.));
#2070=DIRECTION('center_axis',(0.,0.,-1.));
#2071=DIRECTION('ref_axis',(-0.345054343546055,-0.938582708129657,0.));
#2072=DIRECTION('',(1.,0.,0.));
#2073=DIRECTION('center_axis',(0.,0.,1.));
#2074=DIRECTION('ref_axis',(0.707106781186546,0.707106781186549,0.));
#2075=DIRECTION('center_axis',(0.,0.,-1.));
#2076=DIRECTION('ref_axis',(0.,1.,0.));
#2077=DIRECTION('',(1.,-1.3987061727561E-15,0.));
#2078=DIRECTION('center_axis',(0.,0.,1.));
#2079=DIRECTION('ref_axis',(0.707106781186547,0.707106781186548,0.));
#2080=DIRECTION('',(0.,-1.,0.));
#2081=DIRECTION('center_axis',(0.,0.,-1.));
#2082=DIRECTION('ref_axis',(-0.707106781186547,-0.707106781186548,0.));
#2083=DIRECTION('',(1.,-8.15911934107726E-16,0.));
#2084=DIRECTION('center_axis',(0.,0.,1.));
#2085=DIRECTION('ref_axis',(0.707106781186546,0.707106781186549,0.));
#2086=DIRECTION('',(0.,-1.,0.));
#2087=DIRECTION('center_axis',(0.,0.,1.));
#2088=DIRECTION('ref_axis',(0.707106781186548,-0.707106781186548,0.));
#2089=DIRECTION('',(-1.,4.42981755461408E-16,0.));
#2090=DIRECTION('center_axis',(0.,0.,1.));
#2091=DIRECTION('ref_axis',(-0.707106781186548,-0.707106781186548,0.));
#2092=DIRECTION('',(0.,1.,0.));
#2093=DIRECTION('center_axis',(0.,0.,-1.));
#2094=DIRECTION('ref_axis',(0.707106781186544,0.707106781186551,0.));
#2095=DIRECTION('',(-1.,0.,0.));
#2096=DIRECTION('center_axis',(0.,0.,1.));
#2097=DIRECTION('ref_axis',(-0.707106781186548,-0.707106781186548,0.));
#2098=DIRECTION('center_axis',(0.,0.,-1.));
#2099=DIRECTION('ref_axis',(0.,-1.,0.));
#2100=DIRECTION('',(-1.,0.,0.));
#2101=DIRECTION('center_axis',(0.,0.,1.));
#2102=DIRECTION('ref_axis',(-0.851872019437189,-0.523750000000005,0.));
#2103=DIRECTION('center_axis',(0.,0.,-1.));
#2104=DIRECTION('ref_axis',(0.345054343546055,0.938582708129657,0.));
#2105=DIRECTION('',(-1.,0.,0.));
#2106=DIRECTION('center_axis',(0.,0.,-1.));
#2107=DIRECTION('ref_axis',(-0.707106781186547,0.707106781186547,0.));
#2108=DIRECTION('',(0.,0.,1.));
#2109=DIRECTION('',(0.,0.,-1.));
#2110=DIRECTION('center_axis',(0.,1.,0.));
#2111=DIRECTION('ref_axis',(-1.,0.,0.));
#2112=DIRECTION('center_axis',(-1.,0.,0.));
#2113=DIRECTION('ref_axis',(0.,-1.,0.));
#2114=DIRECTION('center_axis',(0.,0.,-1.));
#2115=DIRECTION('ref_axis',(-0.707106781186548,0.707106781186548,0.));
#2116=DIRECTION('center_axis',(0.,0.,-1.));
#2117=DIRECTION('ref_axis',(-0.707106781186548,0.707106781186548,0.));
#2118=DIRECTION('',(0.,0.,-1.));
#2119=DIRECTION('',(0.,0.,1.));
#2120=DIRECTION('center_axis',(0.,0.,1.));
#2121=DIRECTION('ref_axis',(1.,0.,0.));
#2122=DIRECTION('',(1.,0.,0.));
#2123=DIRECTION('center_axis',(0.,0.,-1.));
#2124=DIRECTION('ref_axis',(0.707106781186546,0.707106781186549,0.));
#2125=DIRECTION('',(0.,-1.,0.));
#2126=DIRECTION('center_axis',(0.,0.,-1.));
#2127=DIRECTION('ref_axis',(0.707106781186549,-0.707106781186546,0.));
#2128=DIRECTION('',(-1.,0.,0.));
#2129=DIRECTION('center_axis',(0.,0.,-1.));
#2130=DIRECTION('ref_axis',(-0.707106781186547,-0.707106781186548,0.));
#2131=DIRECTION('',(-2.44744673381131E-17,1.,0.));
#2132=DIRECTION('center_axis',(0.,0.,1.));
#2133=DIRECTION('ref_axis',(0.,-1.,0.));
#2134=DIRECTION('',(-1.,0.,0.));
#2135=DIRECTION('center_axis',(0.,0.,1.));
#2136=DIRECTION('ref_axis',(0.345054343546055,0.938582708129657,0.));
#2137=DIRECTION('center_axis',(0.,0.,-1.));
#2138=DIRECTION('ref_axis',(-0.851872019437189,-0.523750000000005,0.));
#2139=DIRECTION('',(-1.,0.,0.));
#2140=DIRECTION('center_axis',(0.,0.,1.));
#2141=DIRECTION('ref_axis',(0.,-1.,0.));
#2142=DIRECTION('center_axis',(0.,0.,-1.));
#2143=DIRECTION('ref_axis',(-0.707106781186548,-0.707106781186548,0.));
#2144=DIRECTION('',(-1.,0.,0.));
#2145=DIRECTION('center_axis',(0.,0.,1.));
#2146=DIRECTION('ref_axis',(0.707106781186544,0.707106781186551,0.));
#2147=DIRECTION('',(0.,1.,0.));
#2148=DIRECTION('center_axis',(0.,0.,-1.));
#2149=DIRECTION('ref_axis',(-0.707106781186548,-0.707106781186548,0.));
#2150=DIRECTION('',(-1.,4.42981755461408E-16,0.));
#2151=DIRECTION('center_axis',(0.,0.,-1.));
#2152=DIRECTION('ref_axis',(0.707106781186548,-0.707106781186548,0.));
#2153=DIRECTION('',(0.,-1.,0.));
#2154=DIRECTION('center_axis',(0.,0.,-1.));
#2155=DIRECTION('ref_axis',(0.707106781186546,0.707106781186549,0.));
#2156=DIRECTION('',(1.,-8.15911934107726E-16,0.));
#2157=DIRECTION('center_axis',(0.,0.,1.));
#2158=DIRECTION('ref_axis',(-0.707106781186547,-0.707106781186548,0.));
#2159=DIRECTION('',(0.,-1.,0.));
#2160=DIRECTION('center_axis',(0.,0.,-1.));
#2161=DIRECTION('ref_axis',(0.707106781186547,0.707106781186548,0.));
#2162=DIRECTION('',(1.,-1.3987061727561E-15,0.));
#2163=DIRECTION('center_axis',(0.,0.,1.));
#2164=DIRECTION('ref_axis',(0.,1.,0.));
#2165=DIRECTION('center_axis',(0.,0.,-1.));
#2166=DIRECTION('ref_axis',(0.707106781186546,0.707106781186549,0.));
#2167=DIRECTION('',(1.,0.,0.));
#2168=DIRECTION('center_axis',(0.,0.,1.));
#2169=DIRECTION('ref_axis',(-0.345054343546055,-0.938582708129657,0.));
#2170=DIRECTION('center_axis',(0.,0.,-1.));
#2171=DIRECTION('ref_axis',(0.851872019437191,0.523750000000001,0.));
#2172=DIRECTION('',(1.,0.,0.));
#2173=DIRECTION('center_axis',(0.,0.,-1.));
#2174=DIRECTION('ref_axis',(-0.707106781186548,0.707106781186547,0.));
#2175=DIRECTION('center_axis',(0.,0.,1.));
#2176=DIRECTION('ref_axis',(0.,1.,0.));
#2177=DIRECTION('',(1.,3.49676543189026E-16,0.));
#2178=DIRECTION('center_axis',(0.,0.,-1.));
#2179=DIRECTION('ref_axis',(-0.707106781186548,0.707106781186548,0.));
#2180=DIRECTION('',(-3.10823593945801E-16,1.,0.));
#2181=DIRECTION('center_axis',(0.,0.,1.));
#2182=DIRECTION('ref_axis',(0.707106781186547,-0.707106781186548,0.));
#2183=DIRECTION('',(1.,0.,0.));
#2184=DIRECTION('center_axis',(0.,0.,-1.));
#2185=DIRECTION('ref_axis',(-0.707106781186548,0.707106781186547,0.));
#2186=DIRECTION('',(0.,1.,0.));
#2187=DIRECTION('center_axis',(0.,0.,-1.));
#2188=DIRECTION('ref_axis',(-0.707106781186545,-0.70710678118655,0.));
#2189=DIRECTION('',(-1.,-4.42981755461409E-16,0.));
#2190=DIRECTION('center_axis',(0.,0.,-1.));
#2191=DIRECTION('ref_axis',(0.707106781186549,-0.707106781186546,0.));
#2192=DIRECTION('',(-9.32470781837402E-16,-1.,0.));
#2193=DIRECTION('center_axis',(0.,0.,1.));
#2194=DIRECTION('ref_axis',(-0.707106781186549,0.707106781186546,0.));
#2195=DIRECTION('',(-1.,-4.66235390918701E-16,0.));
#2196=DIRECTION('center_axis',(0.,0.,-1.));
#2197=DIRECTION('ref_axis',(0.707106781186549,-0.707106781186546,0.));
#2198=DIRECTION('center_axis',(0.,-1.,0.));
#2199=DIRECTION('ref_axis',(-1.,0.,0.));
#2200=DIRECTION('',(0.,0.,-1.));
#2201=DIRECTION('center_axis',(0.,0.,-1.));
#2202=DIRECTION('ref_axis',(0.707106781186546,0.707106781186549,0.));
#2203=DIRECTION('',(0.,0.,1.));
#2204=DIRECTION('center_axis',(0.,0.,-1.));
#2205=DIRECTION('ref_axis',(0.707106781186549,-0.707106781186546,0.));
#2206=DIRECTION('',(0.,0.,-1.));
#2207=DIRECTION('',(0.,0.,1.));
#2208=DIRECTION('center_axis',(0.,1.,0.));
#2209=DIRECTION('ref_axis',(1.,0.,0.));
#2210=DIRECTION('',(0.,0.,-1.));
#2211=DIRECTION('center_axis',(0.,0.,-1.));
#2212=DIRECTION('ref_axis',(-0.707106781186547,-0.707106781186548,0.));
#2213=DIRECTION('',(0.,0.,1.));
#2214=DIRECTION('center_axis',(0.,0.,1.));
#2215=DIRECTION('ref_axis',(0.,-1.,0.));
#2216=DIRECTION('',(0.,0.,1.));
#2217=DIRECTION('',(0.,0.,-1.));
#2218=DIRECTION('center_axis',(0.,1.,0.));
#2219=DIRECTION('ref_axis',(-1.,0.,0.));
#2220=DIRECTION('',(0.,0.,1.));
#2221=DIRECTION('center_axis',(0.,0.,1.));
#2222=DIRECTION('ref_axis',(0.345054343546055,0.938582708129657,0.));
#2223=DIRECTION('',(0.,0.,-1.));
#2224=DIRECTION('center_axis',(0.,0.,1.));
#2225=DIRECTION('ref_axis',(-0.345054343546055,-0.938582708129657,0.));
#2226=DIRECTION('',(0.,0.,-1.));
#2227=DIRECTION('',(0.,0.,1.));
#2228=DIRECTION('center_axis',(0.,-1.,0.));
#2229=DIRECTION('ref_axis',(1.,0.,0.));
#2230=DIRECTION('',(0.,0.,-1.));
#2231=DIRECTION('center_axis',(0.,0.,1.));
#2232=DIRECTION('ref_axis',(0.,1.,0.));
#2233=DIRECTION('',(0.,0.,1.));
#2234=DIRECTION('',(0.,0.,-1.));
#2235=DIRECTION('center_axis',(0.,0.,1.));
#2236=DIRECTION('ref_axis',(-0.707106781186548,0.707106781186547,0.));
#2237=DIRECTION('',(0.,0.,1.));
#2238=DIRECTION('center_axis',(0.,0.,1.));
#2239=DIRECTION('ref_axis',(-0.707106781186545,-0.70710678118655,0.));
#2240=DIRECTION('',(0.,0.,1.));
#2241=DIRECTION('',(0.,0.,-1.));
#2242=DIRECTION('center_axis',(1.,0.,0.));
#2243=DIRECTION('ref_axis',(0.,1.,0.));
#2244=DIRECTION('',(0.,0.,-1.));
#2245=DIRECTION('center_axis',(0.,0.,1.));
#2246=DIRECTION('ref_axis',(0.707106781186549,-0.707106781186546,0.));
#2247=DIRECTION('',(0.,0.,1.));
#2248=DIRECTION('',(0.,0.,-1.));
#2249=DIRECTION('center_axis',(-4.42981755461409E-16,1.,0.));
#2250=DIRECTION('ref_axis',(-1.,-4.42981755461409E-16,0.));
#2251=DIRECTION('center_axis',(0.,0.,1.));
#2252=DIRECTION('ref_axis',(-0.707106781186549,0.707106781186546,0.));
#2253=DIRECTION('',(0.,0.,-1.));
#2254=DIRECTION('',(0.,0.,1.));
#2255=DIRECTION('center_axis',(-4.66235390918701E-16,1.,0.));
#2256=DIRECTION('ref_axis',(-1.,-4.66235390918701E-16,0.));
#2257=DIRECTION('',(0.,0.,1.));
#2258=DIRECTION('center_axis',(0.,0.,1.));
#2259=DIRECTION('ref_axis',(0.707106781186549,-0.707106781186546,0.));
#2260=DIRECTION('center_axis',(0.,0.,1.));
#2261=DIRECTION('ref_axis',(-0.851872019437189,-0.523750000000005,0.));
#2262=DIRECTION('',(0.,0.,-1.));
#2263=DIRECTION('center_axis',(0.,0.,-1.));
#2264=DIRECTION('ref_axis',(0.,-1.,0.));
#2265=DIRECTION('',(0.,0.,-1.));
#2266=DIRECTION('',(0.,0.,1.));
#2267=DIRECTION('center_axis',(0.,0.,1.));
#2268=DIRECTION('ref_axis',(-0.707106781186548,-0.707106781186548,0.));
#2269=DIRECTION('',(0.,0.,-1.));
#2270=DIRECTION('center_axis',(0.,0.,1.));
#2271=DIRECTION('ref_axis',(0.707106781186544,0.707106781186551,0.));
#2272=DIRECTION('',(0.,0.,-1.));
#2273=DIRECTION('',(0.,0.,1.));
#2274=DIRECTION('center_axis',(1.,0.,0.));
#2275=DIRECTION('ref_axis',(0.,1.,0.));
#2276=DIRECTION('',(0.,0.,1.));
#2277=DIRECTION('center_axis',(0.,0.,1.));
#2278=DIRECTION('ref_axis',(-0.707106781186548,-0.707106781186548,0.));
#2279=DIRECTION('',(0.,0.,-1.));
#2280=DIRECTION('center_axis',(0.,0.,1.));
#2281=DIRECTION('ref_axis',(0.707106781186548,-0.707106781186548,0.));
#2282=DIRECTION('',(0.,0.,1.));
#2283=DIRECTION('',(0.,0.,-1.));
#2284=DIRECTION('center_axis',(4.42981755461409E-16,1.,0.));
#2285=DIRECTION('ref_axis',(-1.,4.42981755461408E-16,0.));
#2286=DIRECTION('center_axis',(0.,0.,1.));
#2287=DIRECTION('ref_axis',(0.707106781186546,0.707106781186549,0.));
#2288=DIRECTION('',(0.,0.,1.));
#2289=DIRECTION('',(0.,0.,-1.));
#2290=DIRECTION('center_axis',(-1.,0.,0.));
#2291=DIRECTION('ref_axis',(0.,-1.,0.));
#2292=DIRECTION('center_axis',(0.,0.,1.));
#2293=DIRECTION('ref_axis',(-0.707106781186547,-0.707106781186548,0.));
#2294=DIRECTION('',(0.,0.,-1.));
#2295=DIRECTION('',(0.,0.,1.));
#2296=DIRECTION('center_axis',(-1.,0.,0.));
#2297=DIRECTION('ref_axis',(0.,-1.,0.));
#2298=DIRECTION('',(0.,0.,1.));
#2299=DIRECTION('center_axis',(0.,0.,1.));
#2300=DIRECTION('ref_axis',(0.707106781186547,0.707106781186548,0.));
#2301=DIRECTION('',(0.,0.,-1.));
#2302=DIRECTION('center_axis',(0.,0.,-1.));
#2303=DIRECTION('ref_axis',(0.,1.,0.));
#2304=DIRECTION('',(0.,0.,-1.));
#2305=DIRECTION('',(0.,0.,1.));
#2306=DIRECTION('center_axis',(0.,0.,1.));
#2307=DIRECTION('ref_axis',(0.707106781186546,0.707106781186549,0.));
#2308=DIRECTION('center_axis',(0.,0.,1.));
#2309=DIRECTION('ref_axis',(0.851872019437191,0.523750000000001,0.));
#2310=DIRECTION('',(0.,0.,-1.));
#2311=DIRECTION('center_axis',(0.,-1.,0.));
#2312=DIRECTION('ref_axis',(1.,0.,0.));
#2313=DIRECTION('center_axis',(0.,0.,1.));
#2314=DIRECTION('ref_axis',(-0.707106781186548,0.707106781186548,0.));
#2315=DIRECTION('',(0.,0.,1.));
#2316=DIRECTION('',(0.,0.,-1.));
#2317=DIRECTION('center_axis',(3.49676543189026E-16,-1.,0.));
#2318=DIRECTION('ref_axis',(1.,3.49676543189026E-16,0.));
#2319=DIRECTION('center_axis',(0.,0.,1.));
#2320=DIRECTION('ref_axis',(0.707106781186547,-0.707106781186548,0.));
#2321=DIRECTION('',(0.,0.,-1.));
#2322=DIRECTION('',(0.,0.,1.));
#2323=DIRECTION('center_axis',(1.,3.10823593945801E-16,0.));
#2324=DIRECTION('ref_axis',(-3.10823593945801E-16,1.,0.));
#2325=DIRECTION('center_axis',(0.,0.,1.));
#2326=DIRECTION('ref_axis',(-0.707106781186548,0.707106781186547,0.));
#2327=DIRECTION('',(0.,0.,1.));
#2328=DIRECTION('center_axis',(0.,-1.,0.));
#2329=DIRECTION('ref_axis',(1.,0.,0.));
#2330=DIRECTION('center_axis',(-1.,0.,0.));
#2331=DIRECTION('ref_axis',(0.,6.12323399573677E-17,1.));
#2332=DIRECTION('center_axis',(-1.,0.,0.));
#2333=DIRECTION('ref_axis',(0.,1.,0.));
#2334=DIRECTION('center_axis',(1.,0.,0.));
#2335=DIRECTION('ref_axis',(0.,0.,-1.));
#2336=DIRECTION('center_axis',(1.,0.,0.));
#2337=DIRECTION('ref_axis',(0.,1.,0.));
#2338=DIRECTION('center_axis',(-1.,0.,0.));
#2339=DIRECTION('ref_axis',(0.,6.12323399573677E-17,1.));
#2340=DIRECTION('center_axis',(-1.,0.,0.));
#2341=DIRECTION('ref_axis',(0.,1.,0.));
#2342=DIRECTION('center_axis',(1.,0.,0.));
#2343=DIRECTION('ref_axis',(0.,0.,-1.));
#2344=DIRECTION('center_axis',(1.,0.,0.));
#2345=DIRECTION('ref_axis',(0.,1.,0.));
#2346=DIRECTION('center_axis',(1.,0.,0.));
#2347=DIRECTION('ref_axis',(0.,1.,0.));
#2348=DIRECTION('center_axis',(1.,0.,0.));
#2349=DIRECTION('ref_axis',(0.,1.,0.));
#2350=DIRECTION('',(1.,0.,0.));
#2351=DIRECTION('center_axis',(1.,0.,0.));
#2352=DIRECTION('ref_axis',(0.,1.,0.));
#2353=DIRECTION('',(1.,0.,0.));
#2354=DIRECTION('center_axis',(-1.,-2.44744673381131E-17,0.));
#2355=DIRECTION('ref_axis',(0.,1.,0.));
#2356=DIRECTION('center_axis',(1.,0.,0.));
#2357=DIRECTION('ref_axis',(0.,1.,0.));
#2358=DIRECTION('center_axis',(1.,0.,0.));
#2359=DIRECTION('ref_axis',(0.,1.,0.));
#2360=DIRECTION('',(1.,0.,0.));
#2361=DIRECTION('center_axis',(1.,0.,0.));
#2362=DIRECTION('ref_axis',(0.,1.,0.));
#2363=DIRECTION('',(1.,0.,0.));
#2364=DIRECTION('center_axis',(-1.,-2.44744673381131E-17,0.));
#2365=DIRECTION('ref_axis',(0.,1.,0.));
#2366=DIRECTION('center_axis',(1.,2.44744673381131E-17,0.));
#2367=DIRECTION('ref_axis',(2.44744673381131E-17,-1.,0.));
#2368=DIRECTION('center_axis',(-1.,0.,0.));
#2369=DIRECTION('ref_axis',(0.,1.,0.));
#2370=DIRECTION('center_axis',(-1.,9.32470781837402E-16,0.));
#2371=DIRECTION('ref_axis',(-9.32470781837402E-16,-1.,0.));
#2372=DIRECTION('center_axis',(0.,1.,0.));
#2373=DIRECTION('ref_axis',(-1.,0.,0.));
#2374=DIRECTION('center_axis',(0.,1.,0.));
#2375=DIRECTION('ref_axis',(-1.,0.,0.));
#2376=DIRECTION('center_axis',(-8.15911934107726E-16,-1.,0.));
#2377=DIRECTION('ref_axis',(1.,-8.15911934107726E-16,0.));
#2378=DIRECTION('center_axis',(-1.3987061727561E-15,-1.,0.));
#2379=DIRECTION('ref_axis',(1.,-1.3987061727561E-15,0.));
#2380=CARTESIAN_POINT('',(0.,0.,0.));
#2381=CARTESIAN_POINT('Origin',(17.3,-69.925,-5.75));
#2382=CARTESIAN_POINT('',(-8.025,-70.175,-5.5));
#2383=CARTESIAN_POINT('',(-8.025,-69.675,-6.));
#2384=CARTESIAN_POINT('',(-8.025,-70.175,-5.5));
#2385=CARTESIAN_POINT('',(103.275,-69.675,-6.));
#2386=CARTESIAN_POINT('',(17.3,-69.675,-6.));
#2387=CARTESIAN_POINT('',(103.275,-70.175,-5.5));
#2388=CARTESIAN_POINT('',(103.275,-69.675,-6.));
#2389=CARTESIAN_POINT('',(17.3,-70.175,-5.5));
#2390=CARTESIAN_POINT('Origin',(-8.025,-65.175,-5.75));
#2391=CARTESIAN_POINT('',(-13.025,-65.175,-5.5));
#2392=CARTESIAN_POINT('Origin',(-8.025,-65.175,-5.5));
#2393=CARTESIAN_POINT('',(-12.525,-65.175,-6.));
#2394=CARTESIAN_POINT('',(-13.025,-65.175,-5.5));
#2395=CARTESIAN_POINT('Origin',(-8.025,-65.175,-6.));
#2396=CARTESIAN_POINT('Origin',(-12.775,-0.63124999999999,-5.75));
#2397=CARTESIAN_POINT('',(-12.825,3.8278124237433,-5.7));
#2398=CARTESIAN_POINT('',(-13.025,4.2691653826392,-5.5));
#2399=CARTESIAN_POINT('Origin',(-14.825,3.1875,-3.7));
#2400=CARTESIAN_POINT('',(-13.025,17.55,-5.5));
#2401=CARTESIAN_POINT('',(-13.025,-0.63124999999999,-5.5));
#2402=CARTESIAN_POINT('',(-12.525,17.55,-6.));
#2403=CARTESIAN_POINT('',(-13.025,17.55,-5.5));
#2404=CARTESIAN_POINT('',(-12.525,-0.63124999999999,-6.));
#2405=CARTESIAN_POINT('',(-13.025,-51.8941653826392,-5.5));
#2406=CARTESIAN_POINT('',(-13.025,-0.63124999999999,-5.5));
#2407=CARTESIAN_POINT('',(-12.825,-51.4528124237433,-5.7));
#2408=CARTESIAN_POINT('Origin',(-14.825,-50.8125,-3.7));
#2409=CARTESIAN_POINT('',(-12.825,-50.1721875762567,-5.7));
#2410=CARTESIAN_POINT('',(-12.825,-12.221875,-5.7));
#2411=CARTESIAN_POINT('',(-13.025,-49.7308346173608,-5.5));
#2412=CARTESIAN_POINT('Origin',(-14.825,-50.8125,-3.7));
#2413=CARTESIAN_POINT('',(-13.025,2.10583461736079,-5.5));
#2414=CARTESIAN_POINT('',(-13.025,-0.63124999999999,-5.5));
#2415=CARTESIAN_POINT('',(-12.825,2.5471875762567,-5.7));
#2416=CARTESIAN_POINT('Origin',(-14.825,3.1875,-3.7));
#2417=CARTESIAN_POINT('',(-12.825,-12.221875,-5.7));
#2418=CARTESIAN_POINT('Origin',(-8.025,17.55,-5.75));
#2419=CARTESIAN_POINT('',(-8.025,22.55,-5.5));
#2420=CARTESIAN_POINT('Origin',(-8.025,17.55,-5.5));
#2421=CARTESIAN_POINT('',(-8.025,22.05,-6.));
#2422=CARTESIAN_POINT('',(-8.025,22.55,-5.5));
#2423=CARTESIAN_POINT('Origin',(-8.025,17.55,-6.));
#2424=CARTESIAN_POINT('Origin',(77.95,22.3,-5.75));
#2425=CARTESIAN_POINT('',(103.275,22.55,-5.5));
#2426=CARTESIAN_POINT('',(103.275,22.05,-6.));
#2427=CARTESIAN_POINT('',(103.275,22.55,-5.5));
#2428=CARTESIAN_POINT('',(77.95,22.05,-6.));
#2429=CARTESIAN_POINT('',(77.95,22.55,-5.5));
#2430=CARTESIAN_POINT('Origin',(103.275,17.55,-5.75));
#2431=CARTESIAN_POINT('',(108.275,17.55,-5.5));
#2432=CARTESIAN_POINT('Origin',(103.275,17.55,-5.5));
#2433=CARTESIAN_POINT('',(107.775,17.55,-6.));
#2434=CARTESIAN_POINT('',(108.275,17.55,-5.5));
#2435=CARTESIAN_POINT('Origin',(103.275,17.55,-6.));
#2436=CARTESIAN_POINT('Origin',(108.025,-46.99375,-5.75));
#2437=CARTESIAN_POINT('',(108.075,-51.4528124237434,-5.69999999999998));
#2438=CARTESIAN_POINT('',(108.275,-51.8941653826392,-5.5));
#2439=CARTESIAN_POINT('Origin',(110.075,-50.8125,-3.7));
#2440=CARTESIAN_POINT('',(108.275,-65.175,-5.5));
#2441=CARTESIAN_POINT('',(108.275,-46.99375,-5.5));
#2442=CARTESIAN_POINT('',(107.775,-65.175,-6.));
#2443=CARTESIAN_POINT('',(108.275,-65.175,-5.5));
#2444=CARTESIAN_POINT('',(107.775,-46.99375,-6.));
#2445=CARTESIAN_POINT('',(108.275,4.2691653826392,-5.5));
#2446=CARTESIAN_POINT('',(108.275,-46.99375,-5.5));
#2447=CARTESIAN_POINT('',(108.075,3.82781242374337,-5.69999999999998));
#2448=CARTESIAN_POINT('Origin',(110.075,3.1875,-3.7));
#2449=CARTESIAN_POINT('',(108.075,2.54718757625662,-5.69999999999998));
#2450=CARTESIAN_POINT('',(108.075,-35.403125,-5.69999999999999));
#2451=CARTESIAN_POINT('',(108.275,2.10583461736079,-5.5));
#2452=CARTESIAN_POINT('Origin',(110.075,3.1875,-3.7));
#2453=CARTESIAN_POINT('',(108.275,-49.7308346173608,-5.5));
#2454=CARTESIAN_POINT('',(108.275,-46.99375,-5.5));
#2455=CARTESIAN_POINT('',(108.075,-50.1721875762566,-5.69999999999998));
#2456=CARTESIAN_POINT('Origin',(110.075,-50.8125,-3.7));
#2457=CARTESIAN_POINT('',(108.075,-35.403125,-5.69999999999999));
#2458=CARTESIAN_POINT('Origin',(103.275,-65.175,-5.75));
#2459=CARTESIAN_POINT('Origin',(103.275,-65.175,-5.5));
#2460=CARTESIAN_POINT('Origin',(103.275,-65.175,-6.));
#2461=CARTESIAN_POINT('Origin',(-12.825,-23.8125,-3.7));
#2462=CARTESIAN_POINT('Origin',(-12.825,3.1875,-3.7));
#2463=CARTESIAN_POINT('',(-12.825,2.0875,-3.7));
#2464=CARTESIAN_POINT('Origin',(-12.825,3.1875,-3.7));
#2465=CARTESIAN_POINT('Origin',(-13.025,3.1875,-3.7));
#2466=CARTESIAN_POINT('Origin',(-13.025,3.1875,-3.7));
#2467=CARTESIAN_POINT('Origin',(-12.825,-23.8125,-3.7));
#2468=CARTESIAN_POINT('Origin',(-12.825,-50.8125,-3.7));
#2469=CARTESIAN_POINT('',(-12.825,-51.9125,-3.7));
#2470=CARTESIAN_POINT('Origin',(-12.825,-50.8125,-3.7));
#2471=CARTESIAN_POINT('Origin',(-13.025,-50.8125,-3.7));
#2472=CARTESIAN_POINT('Origin',(-13.025,-50.8125,-3.7));
#2473=CARTESIAN_POINT('Origin',(-8.025,-65.175,0.));
#2474=CARTESIAN_POINT('',(-8.025,-70.175,3.4));
#2475=CARTESIAN_POINT('',(-8.025,-70.175,0.));
#2476=CARTESIAN_POINT('',(-13.025,-65.175,3.4));
#2477=CARTESIAN_POINT('Origin',(-8.025,-65.175,3.4));
#2478=CARTESIAN_POINT('',(-13.025,-65.175,0.));
#2479=CARTESIAN_POINT('Origin',(-13.025,-70.175,0.));
#2480=CARTESIAN_POINT('',(103.275,-70.175,3.4));
#2481=CARTESIAN_POINT('',(103.275,-70.175,0.));
#2482=CARTESIAN_POINT('',(17.3,-70.175,3.4));
#2483=CARTESIAN_POINT('Origin',(103.275,-65.175,0.));
#2484=CARTESIAN_POINT('',(108.275,-65.175,3.4));
#2485=CARTESIAN_POINT('',(108.275,-65.175,0.));
#2486=CARTESIAN_POINT('Origin',(103.275,-65.175,3.4));
#2487=CARTESIAN_POINT('Origin',(47.625,-23.8125,-6.));
#2488=CARTESIAN_POINT('',(107.275,-65.175,-6.));
#2489=CARTESIAN_POINT('',(107.275,17.55,-6.));
#2490=CARTESIAN_POINT('',(107.275,-69.175,-6.));
#2491=CARTESIAN_POINT('',(103.275,21.55,-6.));
#2492=CARTESIAN_POINT('Origin',(103.275,17.55,-6.));
#2493=CARTESIAN_POINT('',(-8.025,21.55,-6.));
#2494=CARTESIAN_POINT('',(107.275,21.55,-6.));
#2495=CARTESIAN_POINT('',(-12.025,17.55,-6.));
#2496=CARTESIAN_POINT('Origin',(-8.025,17.55,-6.));
#2497=CARTESIAN_POINT('',(-12.025,-65.175,-6.));
#2498=CARTESIAN_POINT('',(-12.025,21.55,-6.));
#2499=CARTESIAN_POINT('',(-8.025,-69.175,-6.));
#2500=CARTESIAN_POINT('Origin',(-8.025,-65.175,-6.));
#2501=CARTESIAN_POINT('',(103.275,-69.175,-6.));
#2502=CARTESIAN_POINT('',(-12.025,-69.175,-6.));
#2503=CARTESIAN_POINT('Origin',(103.275,-65.175,-6.));
#2504=CARTESIAN_POINT('Origin',(17.3,-69.925,3.65));
#2505=CARTESIAN_POINT('',(103.275,-69.675,3.9));
#2506=CARTESIAN_POINT('',(103.275,-70.175,3.4));
#2507=CARTESIAN_POINT('',(-8.025,-69.675,3.9));
#2508=CARTESIAN_POINT('',(17.3,-69.675,3.9));
#2509=CARTESIAN_POINT('',(-8.025,-69.675,3.9));
#2510=CARTESIAN_POINT('Origin',(103.275,-65.175,3.65));
#2511=CARTESIAN_POINT('',(107.775,-65.175,3.9));
#2512=CARTESIAN_POINT('',(108.275,-65.175,3.4));
#2513=CARTESIAN_POINT('Origin',(103.275,-65.175,3.9));
#2514=CARTESIAN_POINT('Origin',(108.025,-46.99375,3.65));
#2515=CARTESIAN_POINT('',(108.275,17.55,3.4));
#2516=CARTESIAN_POINT('',(107.775,17.55,3.9));
#2517=CARTESIAN_POINT('',(108.275,17.55,3.4));
#2518=CARTESIAN_POINT('',(107.775,-46.99375,3.9));
#2519=CARTESIAN_POINT('',(108.275,-46.99375,3.4));
#2520=CARTESIAN_POINT('Origin',(103.275,17.55,3.65));
#2521=CARTESIAN_POINT('',(103.275,22.55,3.4));
#2522=CARTESIAN_POINT('Origin',(103.275,17.55,3.4));
#2523=CARTESIAN_POINT('',(103.275,22.05,3.9));
#2524=CARTESIAN_POINT('',(103.275,22.55,3.4));
#2525=CARTESIAN_POINT('Origin',(103.275,17.55,3.9));
#2526=CARTESIAN_POINT('Origin',(77.95,22.3,3.65));
#2527=CARTESIAN_POINT('',(-8.025,22.55,3.4));
#2528=CARTESIAN_POINT('',(-8.025,22.05,3.9));
#2529=CARTESIAN_POINT('',(-8.025,22.55,3.4));
#2530=CARTESIAN_POINT('',(77.95,22.05,3.9));
#2531=CARTESIAN_POINT('',(77.95,22.55,3.4));
#2532=CARTESIAN_POINT('Origin',(-8.025,17.55,3.65));
#2533=CARTESIAN_POINT('',(-13.025,17.55,3.4));
#2534=CARTESIAN_POINT('Origin',(-8.025,17.55,3.4));
#2535=CARTESIAN_POINT('',(-12.525,17.55,3.9));
#2536=CARTESIAN_POINT('',(-13.025,17.55,3.4));
#2537=CARTESIAN_POINT('Origin',(-8.025,17.55,3.9));
#2538=CARTESIAN_POINT('Origin',(-12.775,-0.63124999999999,3.65));
#2539=CARTESIAN_POINT('',(-12.525,-65.175,3.9));
#2540=CARTESIAN_POINT('',(-13.025,-65.175,3.4));
#2541=CARTESIAN_POINT('',(-12.525,-0.63124999999999,3.9));
#2542=CARTESIAN_POINT('',(-13.025,-0.63124999999999,3.4));
#2543=CARTESIAN_POINT('Origin',(-8.025,-65.175,3.65));
#2544=CARTESIAN_POINT('Origin',(-8.025,-65.175,3.9));
#2545=CARTESIAN_POINT('Origin',(103.275,17.55,0.));
#2546=CARTESIAN_POINT('',(103.275,22.55,0.));
#2547=CARTESIAN_POINT('',(108.275,17.55,0.));
#2548=CARTESIAN_POINT('Origin',(108.275,-70.175,0.));
#2549=CARTESIAN_POINT('Origin',(108.275,-50.8125,-3.7));
#2550=CARTESIAN_POINT('Origin',(108.275,3.1875,-3.7));
#2551=CARTESIAN_POINT('Origin',(47.625,-23.8125,3.9));
#2552=CARTESIAN_POINT('',(28.9039100878324,-58.840625,3.9));
#2553=CARTESIAN_POINT('',(30.7328201756647,-57.65,3.9));
#2554=CARTESIAN_POINT('Origin',(30.7328201756647,-59.65,3.9));
#2555=CARTESIAN_POINT('',(27.075,-60.03125,3.9));
#2556=CARTESIAN_POINT('Origin',(27.075,-58.03125,3.9));
#2557=CARTESIAN_POINT('',(12.025,-60.03125,3.9));
#2558=CARTESIAN_POINT('',(10.025,-60.03125,3.9));
#2559=CARTESIAN_POINT('',(10.025,-62.03125,3.9));
#2560=CARTESIAN_POINT('Origin',(12.025,-62.03125,3.9));
#2561=CARTESIAN_POINT('',(10.025,-65.175,3.9));
#2562=CARTESIAN_POINT('',(10.025,-67.175,3.9));
#2563=CARTESIAN_POINT('',(8.025,-67.175,3.9));
#2564=CARTESIAN_POINT('Origin',(8.025,-65.175,3.9));
#2565=CARTESIAN_POINT('',(-8.025,-67.175,3.9));
#2566=CARTESIAN_POINT('',(-10.025,-67.175,3.9));
#2567=CARTESIAN_POINT('',(-10.025,-65.175,3.9));
#2568=CARTESIAN_POINT('Origin',(-8.025,-65.175,3.9));
#2569=CARTESIAN_POINT('',(-10.025,8.025,3.9));
#2570=CARTESIAN_POINT('',(-10.025,10.025,3.9));
#2571=CARTESIAN_POINT('',(-8.025,10.025,3.9));
#2572=CARTESIAN_POINT('Origin',(-8.025,8.025,3.9));
#2573=CARTESIAN_POINT('',(7.025,10.025,3.9));
#2574=CARTESIAN_POINT('',(9.025,10.025,3.9));
#2575=CARTESIAN_POINT('',(9.025,12.025,3.9));
#2576=CARTESIAN_POINT('Origin',(7.025,12.025,3.9));
#2577=CARTESIAN_POINT('',(9.025,15.16875,3.9));
#2578=CARTESIAN_POINT('',(9.025,17.16875,3.9));
#2579=CARTESIAN_POINT('',(11.025,17.16875,3.9));
#2580=CARTESIAN_POINT('Origin',(11.025,15.16875,3.9));
#2581=CARTESIAN_POINT('',(26.4171798243353,17.16875,3.9));
#2582=CARTESIAN_POINT('',(28.075,17.16875,3.9));
#2583=CARTESIAN_POINT('',(28.2460899121676,18.359375,3.9));
#2584=CARTESIAN_POINT('Origin',(26.4171798243353,19.16875,3.9));
#2585=CARTESIAN_POINT('',(30.075,19.55,3.9));
#2586=CARTESIAN_POINT('Origin',(30.075,17.55,3.9));
#2587=CARTESIAN_POINT('',(46.4212559611256,19.55,3.9));
#2588=CARTESIAN_POINT('',(48.125,19.55,3.9));
#2589=CARTESIAN_POINT('',(47.7167041219951,19.07375,3.9));
#2590=CARTESIAN_POINT('Origin',(46.4212559611256,17.55,3.9));
#2591=CARTESIAN_POINT('',(49.0121522828645,18.5975,3.9));
#2592=CARTESIAN_POINT('Origin',(49.0121522828645,20.5975,3.9));
#2593=CARTESIAN_POINT('',(65.175,18.5975,3.9));
#2594=CARTESIAN_POINT('',(67.175,18.5975,3.9));
#2595=CARTESIAN_POINT('',(67.1470617978083,16.930625,3.9));
#2596=CARTESIAN_POINT('Origin',(65.175,16.5975,3.9));
#2597=CARTESIAN_POINT('',(69.1191235956167,15.26375,3.9));
#2598=CARTESIAN_POINT('Origin',(69.1191235956167,17.26375,3.9));
#2599=CARTESIAN_POINT('',(84.225,15.26375,3.9));
#2600=CARTESIAN_POINT('',(86.225,15.26375,3.9));
#2601=CARTESIAN_POINT('',(86.225,13.26375,3.9));
#2602=CARTESIAN_POINT('Origin',(84.225,13.26375,3.9));
#2603=CARTESIAN_POINT('',(86.225,12.025,3.9));
#2604=CARTESIAN_POINT('',(86.225,10.025,3.9));
#2605=CARTESIAN_POINT('',(88.225,10.025,3.9));
#2606=CARTESIAN_POINT('Origin',(88.225,12.025,3.9));
#2607=CARTESIAN_POINT('',(103.275,10.025,3.9));
#2608=CARTESIAN_POINT('',(105.275,10.025,3.9));
#2609=CARTESIAN_POINT('',(105.275,8.02499999999999,3.9));
#2610=CARTESIAN_POINT('Origin',(103.275,8.025,3.9));
#2611=CARTESIAN_POINT('',(105.275,-65.175,3.9));
#2612=CARTESIAN_POINT('',(105.275,-67.175,3.9));
#2613=CARTESIAN_POINT('',(103.275,-67.175,3.9));
#2614=CARTESIAN_POINT('Origin',(103.275,-65.175,3.9));
#2615=CARTESIAN_POINT('',(87.225,-67.175,3.9));
#2616=CARTESIAN_POINT('',(85.225,-67.175,3.9));
#2617=CARTESIAN_POINT('',(85.225,-65.175,3.9));
#2618=CARTESIAN_POINT('Origin',(87.225,-65.175,3.9));
#2619=CARTESIAN_POINT('',(85.225,-63.93625,3.9));
#2620=CARTESIAN_POINT('',(85.225,-61.93625,3.9));
#2621=CARTESIAN_POINT('',(83.225,-61.93625,3.9));
#2622=CARTESIAN_POINT('Origin',(83.225,-63.93625,3.9));
#2623=CARTESIAN_POINT('',(68.175,-61.93625,3.9));
#2624=CARTESIAN_POINT('',(66.175,-61.93625,3.9));
#2625=CARTESIAN_POINT('',(66.2029382021917,-60.269375,3.9));
#2626=CARTESIAN_POINT('Origin',(68.175,-59.93625,3.9));
#2627=CARTESIAN_POINT('',(64.2308764043834,-58.6025,3.9));
#2628=CARTESIAN_POINT('Origin',(64.2308764043834,-60.6025,3.9));
#2629=CARTESIAN_POINT('',(48.8287440388744,-58.6025,3.9));
#2630=CARTESIAN_POINT('',(47.125,-58.6025,3.9));
#2631=CARTESIAN_POINT('',(47.5332958780049,-58.12625,3.9));
#2632=CARTESIAN_POINT('Origin',(48.8287440388744,-56.6025,3.9));
#2633=CARTESIAN_POINT('',(46.2378477171355,-57.65,3.9));
#2634=CARTESIAN_POINT('Origin',(46.2378477171355,-59.65,3.9));
#2635=CARTESIAN_POINT('',(29.075,-57.65,3.9));
#2636=CARTESIAN_POINT('Origin',(-8.025,17.55,0.));
#2637=CARTESIAN_POINT('',(-13.025,17.55,0.));
#2638=CARTESIAN_POINT('',(-8.025,22.55,0.));
#2639=CARTESIAN_POINT('Origin',(108.275,22.55,0.));
#2640=CARTESIAN_POINT('Origin',(-13.025,22.55,0.));
#2641=CARTESIAN_POINT('Origin',(-8.025,17.55,0.));
#2642=CARTESIAN_POINT('',(-12.025,17.55,0.));
#2643=CARTESIAN_POINT('',(-8.02500000000001,21.55,0.));
#2644=CARTESIAN_POINT('Origin',(-8.025,17.55,0.));
#2645=CARTESIAN_POINT('',(-12.025,17.55,0.));
#2646=CARTESIAN_POINT('',(-8.025,21.55,0.));
#2647=CARTESIAN_POINT('Origin',(47.625,-23.8125,0.));
#2648=CARTESIAN_POINT('',(103.275,21.55,0.));
#2649=CARTESIAN_POINT('',(77.45,21.55,0.));
#2650=CARTESIAN_POINT('',(107.275,17.55,0.));
#2651=CARTESIAN_POINT('Origin',(103.275,17.55,0.));
#2652=CARTESIAN_POINT('',(107.275,-65.175,0.));
#2653=CARTESIAN_POINT('',(107.275,-46.49375,0.));
#2654=CARTESIAN_POINT('',(103.275,-69.175,0.));
#2655=CARTESIAN_POINT('Origin',(103.275,-65.175,0.));
#2656=CARTESIAN_POINT('',(-8.025,-69.175,0.));
#2657=CARTESIAN_POINT('',(17.8,-69.175,0.));
#2658=CARTESIAN_POINT('',(-12.025,-65.175,0.));
#2659=CARTESIAN_POINT('Origin',(-8.025,-65.175,0.));
#2660=CARTESIAN_POINT('',(-12.025,-1.13124999999999,0.));
#2661=CARTESIAN_POINT('',(30.7328201756647,-57.65,0.));
#2662=CARTESIAN_POINT('',(28.9039100878324,-58.840625,0.));
#2663=CARTESIAN_POINT('Origin',(30.7328201756647,-59.65,0.));
#2664=CARTESIAN_POINT('',(46.2378477171355,-57.65,0.));
#2665=CARTESIAN_POINT('',(29.075,-57.65,0.));
#2666=CARTESIAN_POINT('',(47.5332958780049,-58.12625,0.));
#2667=CARTESIAN_POINT('Origin',(46.2378477171355,-59.65,0.));
#2668=CARTESIAN_POINT('',(48.8287440388744,-58.6025,0.));
#2669=CARTESIAN_POINT('Origin',(48.8287440388744,-56.6025,0.));
#2670=CARTESIAN_POINT('',(64.2308764043834,-58.6025,0.));
#2671=CARTESIAN_POINT('',(47.125,-58.6025,0.));
#2672=CARTESIAN_POINT('',(66.2029382021917,-60.269375,0.));
#2673=CARTESIAN_POINT('Origin',(64.2308764043834,-60.6025,0.));
#2674=CARTESIAN_POINT('',(68.175,-61.93625,0.));
#2675=CARTESIAN_POINT('Origin',(68.175,-59.93625,0.));
#2676=CARTESIAN_POINT('',(83.225,-61.93625,0.));
#2677=CARTESIAN_POINT('',(66.175,-61.93625,0.));
#2678=CARTESIAN_POINT('',(85.225,-63.93625,0.));
#2679=CARTESIAN_POINT('Origin',(83.225,-63.93625,0.));
#2680=CARTESIAN_POINT('',(85.225,-65.175,0.));
#2681=CARTESIAN_POINT('',(85.225,-61.93625,0.));
#2682=CARTESIAN_POINT('',(87.225,-67.175,0.));
#2683=CARTESIAN_POINT('Origin',(87.225,-65.175,0.));
#2684=CARTESIAN_POINT('',(103.275,-67.175,0.));
#2685=CARTESIAN_POINT('',(85.225,-67.175,0.));
#2686=CARTESIAN_POINT('',(105.275,-65.175,0.));
#2687=CARTESIAN_POINT('Origin',(103.275,-65.175,0.));
#2688=CARTESIAN_POINT('',(105.275,8.02499999999999,0.));
#2689=CARTESIAN_POINT('',(105.275,-67.175,0.));
#2690=CARTESIAN_POINT('',(103.275,10.025,0.));
#2691=CARTESIAN_POINT('Origin',(103.275,8.025,0.));
#2692=CARTESIAN_POINT('',(88.225,10.025,0.));
#2693=CARTESIAN_POINT('',(105.275,10.025,0.));
#2694=CARTESIAN_POINT('',(86.225,12.025,0.));
#2695=CARTESIAN_POINT('Origin',(88.225,12.025,0.));
#2696=CARTESIAN_POINT('',(86.225,13.26375,0.));
#2697=CARTESIAN_POINT('',(86.225,10.025,0.));
#2698=CARTESIAN_POINT('',(84.225,15.26375,0.));
#2699=CARTESIAN_POINT('Origin',(84.225,13.26375,0.));
#2700=CARTESIAN_POINT('',(69.1191235956167,15.26375,0.));
#2701=CARTESIAN_POINT('',(86.225,15.26375,0.));
#2702=CARTESIAN_POINT('',(67.1470617978083,16.930625,0.));
#2703=CARTESIAN_POINT('Origin',(69.1191235956167,17.26375,0.));
#2704=CARTESIAN_POINT('',(65.175,18.5975,0.));
#2705=CARTESIAN_POINT('Origin',(65.175,16.5975,0.));
#2706=CARTESIAN_POINT('',(49.0121522828645,18.5975,0.));
#2707=CARTESIAN_POINT('',(67.175,18.5975,0.));
#2708=CARTESIAN_POINT('',(47.7167041219951,19.07375,0.));
#2709=CARTESIAN_POINT('Origin',(49.0121522828645,20.5975,0.));
#2710=CARTESIAN_POINT('',(46.4212559611256,19.55,0.));
#2711=CARTESIAN_POINT('Origin',(46.4212559611256,17.55,0.));
#2712=CARTESIAN_POINT('',(30.075,19.55,0.));
#2713=CARTESIAN_POINT('',(48.125,19.55,0.));
#2714=CARTESIAN_POINT('',(28.2460899121676,18.359375,0.));
#2715=CARTESIAN_POINT('Origin',(30.075,17.55,0.));
#2716=CARTESIAN_POINT('',(26.4171798243353,17.16875,0.));
#2717=CARTESIAN_POINT('Origin',(26.4171798243353,19.16875,0.));
#2718=CARTESIAN_POINT('',(11.025,17.16875,0.));
#2719=CARTESIAN_POINT('',(28.075,17.16875,0.));
#2720=CARTESIAN_POINT('',(9.025,15.16875,0.));
#2721=CARTESIAN_POINT('Origin',(11.025,15.16875,0.));
#2722=CARTESIAN_POINT('',(9.025,12.025,0.));
#2723=CARTESIAN_POINT('',(9.025,17.16875,0.));
#2724=CARTESIAN_POINT('',(7.025,10.025,0.));
#2725=CARTESIAN_POINT('Origin',(7.025,12.025,0.));
#2726=CARTESIAN_POINT('',(-8.025,10.025,0.));
#2727=CARTESIAN_POINT('',(9.025,10.025,0.));
#2728=CARTESIAN_POINT('',(-10.025,8.025,0.));
#2729=CARTESIAN_POINT('Origin',(-8.025,8.025,0.));
#2730=CARTESIAN_POINT('',(-10.025,-65.175,0.));
#2731=CARTESIAN_POINT('',(-10.025,10.025,0.));
#2732=CARTESIAN_POINT('',(-8.025,-67.175,0.));
#2733=CARTESIAN_POINT('Origin',(-8.025,-65.175,0.));
#2734=CARTESIAN_POINT('',(8.025,-67.175,0.));
#2735=CARTESIAN_POINT('',(-10.025,-67.175,0.));
#2736=CARTESIAN_POINT('',(10.025,-65.175,0.));
#2737=CARTESIAN_POINT('Origin',(8.025,-65.175,0.));
#2738=CARTESIAN_POINT('',(10.025,-62.03125,0.));
#2739=CARTESIAN_POINT('',(10.025,-67.175,0.));
#2740=CARTESIAN_POINT('',(12.025,-60.03125,0.));
#2741=CARTESIAN_POINT('Origin',(12.025,-62.03125,0.));
#2742=CARTESIAN_POINT('',(27.075,-60.03125,0.));
#2743=CARTESIAN_POINT('',(10.025,-60.03125,0.));
#2744=CARTESIAN_POINT('Origin',(27.075,-58.03125,0.));
#2745=CARTESIAN_POINT('Origin',(107.275,21.55,0.));
#2746=CARTESIAN_POINT('',(103.275,21.55,0.));
#2747=CARTESIAN_POINT('Origin',(103.275,17.55,0.));
#2748=CARTESIAN_POINT('',(107.275,17.55,0.));
#2749=CARTESIAN_POINT('Origin',(103.275,-65.175,0.));
#2750=CARTESIAN_POINT('',(107.275,-65.175,0.));
#2751=CARTESIAN_POINT('',(103.275,-69.175,0.));
#2752=CARTESIAN_POINT('Origin',(-12.025,-69.175,0.));
#2753=CARTESIAN_POINT('',(-8.025,-69.175,0.));
#2754=CARTESIAN_POINT('Origin',(-8.025,-65.175,0.));
#2755=CARTESIAN_POINT('',(-12.025,-65.175,0.));
#2756=CARTESIAN_POINT('Origin',(30.7328201756647,-59.65,0.));
#2757=CARTESIAN_POINT('',(28.9039100878324,-58.840625,0.));
#2758=CARTESIAN_POINT('',(30.7328201756647,-57.65,0.));
#2759=CARTESIAN_POINT('Origin',(47.125,-57.65,0.));
#2760=CARTESIAN_POINT('',(46.2378477171355,-57.65,0.));
#2761=CARTESIAN_POINT('Origin',(46.2378477171355,-59.65,0.));
#2762=CARTESIAN_POINT('',(47.5332958780049,-58.12625,0.));
#2763=CARTESIAN_POINT('Origin',(49.0121522828645,20.5975,0.));
#2764=CARTESIAN_POINT('',(47.7167041219951,19.07375,0.));
#2765=CARTESIAN_POINT('',(49.0121522828645,18.5975,0.));
#2766=CARTESIAN_POINT('Origin',(48.125,18.5975,0.));
#2767=CARTESIAN_POINT('',(65.175,18.5975,0.));
#2768=CARTESIAN_POINT('Origin',(26.4171798243353,19.16875,0.));
#2769=CARTESIAN_POINT('',(28.2460899121676,18.359375,0.));
#2770=CARTESIAN_POINT('',(26.4171798243353,17.16875,0.));
#2771=CARTESIAN_POINT('Origin',(30.075,17.55,0.));
#2772=CARTESIAN_POINT('',(30.075,19.55,0.));
#2773=CARTESIAN_POINT('Origin',(-8.025,-65.175,0.));
#2774=CARTESIAN_POINT('',(-10.025,-65.175,0.));
#2775=CARTESIAN_POINT('',(-8.025,-67.175,0.));
#2776=CARTESIAN_POINT('Origin',(-10.025,-67.175,0.));
#2777=CARTESIAN_POINT('',(-10.025,8.025,0.));
#2778=CARTESIAN_POINT('Origin',(8.025,-65.175,0.));
#2779=CARTESIAN_POINT('',(8.02500000000001,-67.175,0.));
#2780=CARTESIAN_POINT('',(10.025,-65.175,0.));
#2781=CARTESIAN_POINT('Origin',(10.025,-67.175,0.));
#2782=CARTESIAN_POINT('Origin',(12.025,-62.03125,0.));
#2783=CARTESIAN_POINT('',(12.025,-60.03125,0.));
#2784=CARTESIAN_POINT('',(10.025,-62.03125,0.));
#2785=CARTESIAN_POINT('Origin',(29.075,-60.03125,0.));
#2786=CARTESIAN_POINT('',(27.075,-60.03125,0.));
#2787=CARTESIAN_POINT('Origin',(27.075,-58.03125,0.));
#2788=CARTESIAN_POINT('Origin',(48.8287440388744,-56.6025,0.));
#2789=CARTESIAN_POINT('',(48.8287440388744,-58.6025,0.));
#2790=CARTESIAN_POINT('Origin',(64.2308764043834,-60.6025,0.));
#2791=CARTESIAN_POINT('',(66.2029382021917,-60.269375,0.));
#2792=CARTESIAN_POINT('',(64.2308764043834,-58.6025,0.));
#2793=CARTESIAN_POINT('Origin',(68.175,-59.93625,0.));
#2794=CARTESIAN_POINT('',(68.175,-61.93625,0.));
#2795=CARTESIAN_POINT('Origin',(83.225,-63.93625,0.));
#2796=CARTESIAN_POINT('',(85.225,-63.93625,0.));
#2797=CARTESIAN_POINT('',(83.225,-61.93625,0.));
#2798=CARTESIAN_POINT('Origin',(85.225,-67.175,0.));
#2799=CARTESIAN_POINT('',(85.225,-65.175,0.));
#2800=CARTESIAN_POINT('Origin',(87.225,-65.175,0.));
#2801=CARTESIAN_POINT('',(87.225,-67.175,0.));
#2802=CARTESIAN_POINT('Origin',(103.275,-65.175,0.));
#2803=CARTESIAN_POINT('',(103.275,-67.175,0.));
#2804=CARTESIAN_POINT('',(105.275,-65.175,0.));
#2805=CARTESIAN_POINT('Origin',(105.275,-67.175,0.));
#2806=CARTESIAN_POINT('Origin',(103.275,8.025,0.));
#2807=CARTESIAN_POINT('',(105.275,8.025,0.));
#2808=CARTESIAN_POINT('',(103.275,10.025,0.));
#2809=CARTESIAN_POINT('Origin',(105.275,10.025,0.));
#2810=CARTESIAN_POINT('Origin',(88.225,12.025,0.));
#2811=CARTESIAN_POINT('',(86.225,12.025,0.));
#2812=CARTESIAN_POINT('',(88.225,10.025,0.));
#2813=CARTESIAN_POINT('Origin',(86.225,15.26375,0.));
#2814=CARTESIAN_POINT('',(86.225,13.26375,0.));
#2815=CARTESIAN_POINT('Origin',(84.225,13.26375,0.));
#2816=CARTESIAN_POINT('',(84.225,15.26375,0.));
#2817=CARTESIAN_POINT('Origin',(69.1191235956167,17.26375,0.));
#2818=CARTESIAN_POINT('',(67.1470617978083,16.930625,0.));
#2819=CARTESIAN_POINT('',(69.1191235956167,15.26375,0.));
#2820=CARTESIAN_POINT('Origin',(65.175,16.5975,0.));
#2821=CARTESIAN_POINT('Origin',(46.4212559611256,17.55,0.));
#2822=CARTESIAN_POINT('',(46.4212559611256,19.55,0.));
#2823=CARTESIAN_POINT('Origin',(28.075,19.55,0.));
#2824=CARTESIAN_POINT('Origin',(11.025,15.16875,0.));
#2825=CARTESIAN_POINT('',(11.025,17.16875,0.));
#2826=CARTESIAN_POINT('',(9.025,15.16875,0.));
#2827=CARTESIAN_POINT('Origin',(9.025,17.16875,0.));
#2828=CARTESIAN_POINT('Origin',(7.025,12.025,0.));
#2829=CARTESIAN_POINT('',(7.025,10.025,0.));
#2830=CARTESIAN_POINT('',(9.025,12.025,0.));
#2831=CARTESIAN_POINT('Origin',(9.025,10.025,0.));
#2832=CARTESIAN_POINT('Origin',(-8.025,8.025,0.));
#2833=CARTESIAN_POINT('',(-8.025,10.025,0.));
#2834=CARTESIAN_POINT('Origin',(-10.025,10.025,0.));
#2835=CARTESIAN_POINT('Origin',(108.275,-50.8125,-3.7));
#2836=CARTESIAN_POINT('Origin',(108.075,-50.8125,-3.7));
#2837=CARTESIAN_POINT('Origin',(108.075,-23.8125,-3.7));
#2838=CARTESIAN_POINT('',(108.075,-51.9125,-3.7));
#2839=CARTESIAN_POINT('Origin',(108.075,-50.8125,-3.7));
#2840=CARTESIAN_POINT('Origin',(108.275,3.1875,-3.7));
#2841=CARTESIAN_POINT('Origin',(108.075,3.1875,-3.7));
#2842=CARTESIAN_POINT('Origin',(108.075,-23.8125,-3.7));
#2843=CARTESIAN_POINT('',(108.075,2.0875,-3.7));
#2844=CARTESIAN_POINT('Origin',(108.075,3.1875,-3.7));
#2845=CARTESIAN_POINT('Origin',(0.,-50.8125,-3.7));
#2846=CARTESIAN_POINT('',(107.275,-51.9125,-3.7));
#2847=CARTESIAN_POINT('Origin',(107.275,-50.8125,-3.7));
#2848=CARTESIAN_POINT('',(0.,-51.9125,-3.7));
#2849=CARTESIAN_POINT('Origin',(0.,-50.8125,-3.7));
#2850=CARTESIAN_POINT('',(-12.025,-51.9125,-3.7));
#2851=CARTESIAN_POINT('',(0.,-51.9125,-3.7));
#2852=CARTESIAN_POINT('Origin',(-12.025,-50.8125,-3.7));
#2853=CARTESIAN_POINT('Origin',(0.,3.1875,-3.7));
#2854=CARTESIAN_POINT('',(107.275,2.0875,-3.7));
#2855=CARTESIAN_POINT('Origin',(107.275,3.1875,-3.7));
#2856=CARTESIAN_POINT('',(0.,2.0875,-3.7));
#2857=CARTESIAN_POINT('Origin',(0.,3.1875,-3.7));
#2858=CARTESIAN_POINT('',(-12.025,2.0875,-3.7));
#2859=CARTESIAN_POINT('',(0.,2.0875,-3.7));
#2860=CARTESIAN_POINT('Origin',(-12.025,3.1875,-3.7));
#2861=CARTESIAN_POINT('Origin',(-12.025,21.55,0.));
#2862=CARTESIAN_POINT('Origin',(107.275,-69.175,0.));
#2863=CARTESIAN_POINT('Origin',(10.025,-60.03125,0.));
#2864=CARTESIAN_POINT('Origin',(66.175,-58.6025,0.));
#2865=CARTESIAN_POINT('Origin',(85.225,-61.93625,0.));
#2866=CARTESIAN_POINT('Origin',(86.225,10.025,0.));
#2867=CARTESIAN_POINT('Origin',(67.175,15.26375,0.));
#2868=UNCERTAINTY_MEASURE_WITH_UNIT(LENGTH_MEASURE(0.01),#2872,
'DISTANCE_ACCURACY_VALUE',
'Maximum model space distance between geometric entities at asserted c
onnectivities');
#2869=UNCERTAINTY_MEASURE_WITH_UNIT(LENGTH_MEASURE(0.01),#2872,
'DISTANCE_ACCURACY_VALUE',
'Maximum model space distance between geometric entities at asserted c
onnectivities');
#2870=(
GEOMETRIC_REPRESENTATION_CONTEXT(3)
GLOBAL_UNCERTAINTY_ASSIGNED_CONTEXT((#2868))
GLOBAL_UNIT_ASSIGNED_CONTEXT((#2872,#2874,#2875))
REPRESENTATION_CONTEXT('','3D')
);
#2871=(
GEOMETRIC_REPRESENTATION_CONTEXT(3)
GLOBAL_UNCERTAINTY_ASSIGNED_CONTEXT((#2869))
GLOBAL_UNIT_ASSIGNED_CONTEXT((#2872,#2874,#2875))
REPRESENTATION_CONTEXT('','3D')
);
#2872=(
LENGTH_UNIT()
NAMED_UNIT(*)
SI_UNIT(.MILLI.,.METRE.)
);
#2873=(
LENGTH_UNIT()
NAMED_UNIT(*)
SI_UNIT($,.METRE.)
);
#2874=(
NAMED_UNIT(*)
PLANE_ANGLE_UNIT()
SI_UNIT($,.RADIAN.)
);
#2875=(
NAMED_UNIT(*)
SI_UNIT($,.STERADIAN.)
SOLID_ANGLE_UNIT()
);
#2876=SHAPE_DEFINITION_REPRESENTATION(#2877,#2878);
#2877=PRODUCT_DEFINITION_SHAPE('',$,#2880);
#2878=SHAPE_REPRESENTATION('',(#1676),#2870);
#2879=PRODUCT_DEFINITION_CONTEXT('part definition',#2884,'design');
#2880=PRODUCT_DEFINITION('2026-07-16-23-31-28-528','Modey45_L2_TOP',#2881,
#2879);
#2881=PRODUCT_DEFINITION_FORMATION('',$,#2886);
#2882=PRODUCT_RELATED_PRODUCT_CATEGORY('Modey45_L2_TOP',
'Modey45_L2_TOP',(#2886));
#2883=APPLICATION_PROTOCOL_DEFINITION('international standard',
'automotive_design',2009,#2884);
#2884=APPLICATION_CONTEXT(
'Core Data for Automotive Mechanical Design Process');
#2885=PRODUCT_CONTEXT('part definition',#2884,'mechanical');
#2886=PRODUCT('2026-07-16-23-31-28-528','Modey45_L2_TOP',$,(#2885));
#2887=PRESENTATION_STYLE_ASSIGNMENT((#2888));
#2888=SURFACE_STYLE_USAGE(.BOTH.,#2889);
#2889=SURFACE_SIDE_STYLE('',(#2890));
#2890=SURFACE_STYLE_FILL_AREA(#2891);
#2891=FILL_AREA_STYLE('\X2\92FC\X0\ - \X2\30B530C630F3\X0\',(#2892));
#2892=FILL_AREA_STYLE_COLOUR('\X2\92FC\X0\ - \X2\30B530C630F3\X0\',#2893);
#2893=COLOUR_RGB('\X2\92FC\X0\ - \X2\30B530C630F3\X0\',0.627450980392157,
0.627450980392157,0.627450980392157);
ENDSEC;
END-ISO-10303-21;
