ISO-10303-21;
HEADER;
/* Generated by software containing ST-Developer
 * from STEP Tools, Inc. (www.steptools.com) 
 */

FILE_DESCRIPTION(
/* description */ (''),
/* implementation_level */ '2;1');

FILE_NAME(
/* name */ 'Modey45_L2_BOTTOM.step',
/* time_stamp */ '2026-07-22T00:36:06+09:00',
/* author */ (''),
/* organization */ (''),
/* preprocessor_version */ 'ST-DEVELOPER v20.1',
/* originating_system */ 'Autodesk Translation Framework v15.8.0.0',
/* authorisation */ '');

FILE_SCHEMA (('AUTOMOTIVE_DESIGN { 1 0 10303 214 3 1 1 }'));
ENDSEC;

DATA;
#10=MECHANICAL_DESIGN_GEOMETRIC_PRESENTATION_REPRESENTATION('',(#13),#3076);
#11=SHAPE_REPRESENTATION_RELATIONSHIP('SRR','None',#3083,#12);
#12=ADVANCED_BREP_SHAPE_REPRESENTATION('',(#14),#3075);
#13=STYLED_ITEM('',(#3092),#14);
#14=MANIFOLD_SOLID_BREP('\X2\30DC30C730A3\X0\2',#1800);
#15=ELLIPSE('',#1828,0.751525434257314,0.750000000000011);
#16=FACE_BOUND('',#249,.T.);
#17=FACE_BOUND('',#250,.T.);
#18=FACE_BOUND('',#251,.T.);
#19=FACE_BOUND('',#254,.T.);
#20=FACE_BOUND('',#256,.T.);
#21=FACE_BOUND('',#259,.T.);
#22=FACE_BOUND('',#260,.T.);
#23=FACE_BOUND('',#274,.T.);
#24=FACE_BOUND('',#279,.T.);
#25=FACE_BOUND('',#281,.T.);
#26=FACE_BOUND('',#299,.T.);
#27=FACE_BOUND('',#310,.T.);
#28=FACE_BOUND('',#327,.T.);
#29=FACE_BOUND('',#328,.T.);
#30=CIRCLE('',#1819,3.9);
#31=CIRCLE('',#1821,1.7);
#32=CIRCLE('',#1822,1.7);
#33=CIRCLE('',#1823,0.85);
#34=CIRCLE('',#1824,0.849999999999999);
#35=CIRCLE('',#1826,3.9);
#36=CIRCLE('',#1830,3.9);
#37=CIRCLE('',#1831,3.9);
#38=CIRCLE('',#1834,0.849999999999999);
#39=CIRCLE('',#1835,0.85);
#40=CIRCLE('',#1838,0.849999999999999);
#41=CIRCLE('',#1840,0.849999999999999);
#42=CIRCLE('',#1842,0.85);
#43=CIRCLE('',#1844,0.85);
#44=CIRCLE('',#1847,1.7);
#45=CIRCLE('',#1848,1.7);
#46=CIRCLE('',#1851,1.7);
#47=CIRCLE('',#1852,1.7);
#48=CIRCLE('',#1854,1.7);
#49=CIRCLE('',#1855,1.7);
#50=CIRCLE('',#1864,1.75000000000001);
#51=CIRCLE('',#1865,1.74999999999999);
#52=CIRCLE('',#1868,1.74999999999999);
#53=CIRCLE('',#1869,1.75000000000001);
#54=CIRCLE('',#1872,2.);
#55=CIRCLE('',#1875,1.75000000000001);
#56=CIRCLE('',#1878,1.74999999999999);
#57=CIRCLE('',#1888,0.750000000000011);
#58=CIRCLE('',#1896,0.850000000000009);
#59=CIRCLE('',#1897,0.850000000000009);
#60=CIRCLE('',#1899,2.);
#61=CYLINDRICAL_SURFACE('',#1818,3.9);
#62=CYLINDRICAL_SURFACE('',#1825,3.9);
#63=CYLINDRICAL_SURFACE('',#1832,3.9);
#64=CYLINDRICAL_SURFACE('',#1836,3.9);
#65=CYLINDRICAL_SURFACE('',#1837,0.849999999999999);
#66=CYLINDRICAL_SURFACE('',#1839,0.849999999999999);
#67=CYLINDRICAL_SURFACE('',#1841,0.85);
#68=CYLINDRICAL_SURFACE('',#1843,0.85);
#69=CYLINDRICAL_SURFACE('',#1846,1.7);
#70=CYLINDRICAL_SURFACE('',#1850,1.7);
#71=CYLINDRICAL_SURFACE('',#1856,1.7);
#72=CYLINDRICAL_SURFACE('',#1860,1.7);
#73=CYLINDRICAL_SURFACE('',#1874,1.75000000000001);
#74=CYLINDRICAL_SURFACE('',#1880,1.74999999999999);
#75=CYLINDRICAL_SURFACE('',#1889,0.750000000000011);
#76=CYLINDRICAL_SURFACE('',#1895,0.850000000000009);
#77=CYLINDRICAL_SURFACE('',#1898,2.);
#78=PLANE('',#1814);
#79=PLANE('',#1815);
#80=PLANE('',#1816);
#81=PLANE('',#1817);
#82=PLANE('',#1820);
#83=PLANE('',#1827);
#84=PLANE('',#1829);
#85=PLANE('',#1833);
#86=PLANE('',#1845);
#87=PLANE('',#1849);
#88=PLANE('',#1853);
#89=PLANE('',#1857);
#90=PLANE('',#1858);
#91=PLANE('',#1859);
#92=PLANE('',#1861);
#93=PLANE('',#1862);
#94=PLANE('',#1863);
#95=PLANE('',#1866);
#96=PLANE('',#1867);
#97=PLANE('',#1870);
#98=PLANE('',#1871);
#99=PLANE('',#1873);
#100=PLANE('',#1876);
#101=PLANE('',#1877);
#102=PLANE('',#1879);
#103=PLANE('',#1881);
#104=PLANE('',#1882);
#105=PLANE('',#1883);
#106=PLANE('',#1884);
#107=PLANE('',#1885);
#108=PLANE('',#1886);
#109=PLANE('',#1887);
#110=PLANE('',#1890);
#111=PLANE('',#1891);
#112=PLANE('',#1892);
#113=PLANE('',#1893);
#114=PLANE('',#1894);
#115=PLANE('',#1900);
#116=PLANE('',#1901);
#117=PLANE('',#1902);
#118=PLANE('',#1903);
#119=PLANE('',#1904);
#120=PLANE('',#1905);
#121=PLANE('',#1906);
#122=PLANE('',#1907);
#123=PLANE('',#1908);
#124=PLANE('',#1909);
#125=PLANE('',#1910);
#126=PLANE('',#1911);
#127=PLANE('',#1912);
#128=PLANE('',#1913);
#129=PLANE('',#1914);
#130=PLANE('',#1915);
#131=PLANE('',#1916);
#132=PLANE('',#1917);
#133=PLANE('',#1918);
#134=PLANE('',#1919);
#135=PLANE('',#1920);
#136=PLANE('',#1921);
#137=PLANE('',#1922);
#138=PLANE('',#1923);
#139=PLANE('',#1924);
#140=PLANE('',#1925);
#141=PLANE('',#1926);
#142=PLANE('',#1927);
#143=PLANE('',#1928);
#144=FACE_OUTER_BOUND('',#235,.T.);
#145=FACE_OUTER_BOUND('',#236,.T.);
#146=FACE_OUTER_BOUND('',#237,.T.);
#147=FACE_OUTER_BOUND('',#238,.T.);
#148=FACE_OUTER_BOUND('',#239,.T.);
#149=FACE_OUTER_BOUND('',#240,.T.);
#150=FACE_OUTER_BOUND('',#241,.T.);
#151=FACE_OUTER_BOUND('',#242,.T.);
#152=FACE_OUTER_BOUND('',#243,.T.);
#153=FACE_OUTER_BOUND('',#244,.T.);
#154=FACE_OUTER_BOUND('',#245,.T.);
#155=FACE_OUTER_BOUND('',#246,.T.);
#156=FACE_OUTER_BOUND('',#247,.T.);
#157=FACE_OUTER_BOUND('',#248,.T.);
#158=FACE_OUTER_BOUND('',#252,.T.);
#159=FACE_OUTER_BOUND('',#253,.T.);
#160=FACE_OUTER_BOUND('',#255,.T.);
#161=FACE_OUTER_BOUND('',#257,.T.);
#162=FACE_OUTER_BOUND('',#258,.T.);
#163=FACE_OUTER_BOUND('',#261,.T.);
#164=FACE_OUTER_BOUND('',#262,.T.);
#165=FACE_OUTER_BOUND('',#263,.T.);
#166=FACE_OUTER_BOUND('',#264,.T.);
#167=FACE_OUTER_BOUND('',#265,.T.);
#168=FACE_OUTER_BOUND('',#266,.T.);
#169=FACE_OUTER_BOUND('',#267,.T.);
#170=FACE_OUTER_BOUND('',#268,.T.);
#171=FACE_OUTER_BOUND('',#269,.T.);
#172=FACE_OUTER_BOUND('',#270,.T.);
#173=FACE_OUTER_BOUND('',#271,.T.);
#174=FACE_OUTER_BOUND('',#272,.T.);
#175=FACE_OUTER_BOUND('',#273,.T.);
#176=FACE_OUTER_BOUND('',#275,.T.);
#177=FACE_OUTER_BOUND('',#276,.T.);
#178=FACE_OUTER_BOUND('',#277,.T.);
#179=FACE_OUTER_BOUND('',#278,.T.);
#180=FACE_OUTER_BOUND('',#280,.T.);
#181=FACE_OUTER_BOUND('',#282,.T.);
#182=FACE_OUTER_BOUND('',#283,.T.);
#183=FACE_OUTER_BOUND('',#284,.T.);
#184=FACE_OUTER_BOUND('',#285,.T.);
#185=FACE_OUTER_BOUND('',#286,.T.);
#186=FACE_OUTER_BOUND('',#287,.T.);
#187=FACE_OUTER_BOUND('',#288,.T.);
#188=FACE_OUTER_BOUND('',#289,.T.);
#189=FACE_OUTER_BOUND('',#290,.T.);
#190=FACE_OUTER_BOUND('',#291,.T.);
#191=FACE_OUTER_BOUND('',#292,.T.);
#192=FACE_OUTER_BOUND('',#293,.T.);
#193=FACE_OUTER_BOUND('',#294,.T.);
#194=FACE_OUTER_BOUND('',#295,.T.);
#195=FACE_OUTER_BOUND('',#296,.T.);
#196=FACE_OUTER_BOUND('',#297,.T.);
#197=FACE_OUTER_BOUND('',#298,.T.);
#198=FACE_OUTER_BOUND('',#300,.T.);
#199=FACE_OUTER_BOUND('',#301,.T.);
#200=FACE_OUTER_BOUND('',#302,.T.);
#201=FACE_OUTER_BOUND('',#303,.T.);
#202=FACE_OUTER_BOUND('',#304,.T.);
#203=FACE_OUTER_BOUND('',#305,.T.);
#204=FACE_OUTER_BOUND('',#306,.T.);
#205=FACE_OUTER_BOUND('',#307,.T.);
#206=FACE_OUTER_BOUND('',#308,.T.);
#207=FACE_OUTER_BOUND('',#309,.T.);
#208=FACE_OUTER_BOUND('',#311,.T.);
#209=FACE_OUTER_BOUND('',#312,.T.);
#210=FACE_OUTER_BOUND('',#313,.T.);
#211=FACE_OUTER_BOUND('',#314,.T.);
#212=FACE_OUTER_BOUND('',#315,.T.);
#213=FACE_OUTER_BOUND('',#316,.T.);
#214=FACE_OUTER_BOUND('',#317,.T.);
#215=FACE_OUTER_BOUND('',#318,.T.);
#216=FACE_OUTER_BOUND('',#319,.T.);
#217=FACE_OUTER_BOUND('',#320,.T.);
#218=FACE_OUTER_BOUND('',#321,.T.);
#219=FACE_OUTER_BOUND('',#322,.T.);
#220=FACE_OUTER_BOUND('',#323,.T.);
#221=FACE_OUTER_BOUND('',#324,.T.);
#222=FACE_OUTER_BOUND('',#325,.T.);
#223=FACE_OUTER_BOUND('',#326,.T.);
#224=FACE_OUTER_BOUND('',#329,.T.);
#225=FACE_OUTER_BOUND('',#330,.T.);
#226=FACE_OUTER_BOUND('',#331,.T.);
#227=FACE_OUTER_BOUND('',#332,.T.);
#228=FACE_OUTER_BOUND('',#333,.T.);
#229=FACE_OUTER_BOUND('',#334,.T.);
#230=FACE_OUTER_BOUND('',#335,.T.);
#231=FACE_OUTER_BOUND('',#336,.T.);
#232=FACE_OUTER_BOUND('',#337,.T.);
#233=FACE_OUTER_BOUND('',#338,.T.);
#234=FACE_OUTER_BOUND('',#339,.T.);
#235=EDGE_LOOP('',(#1191,#1192,#1193,#1194));
#236=EDGE_LOOP('',(#1195,#1196,#1197,#1198));
#237=EDGE_LOOP('',(#1199,#1200,#1201,#1202));
#238=EDGE_LOOP('',(#1203,#1204,#1205,#1206));
#239=EDGE_LOOP('',(#1207,#1208,#1209,#1210));
#240=EDGE_LOOP('',(#1211,#1212,#1213,#1214));
#241=EDGE_LOOP('',(#1215,#1216,#1217,#1218));
#242=EDGE_LOOP('',(#1219,#1220,#1221,#1222));
#243=EDGE_LOOP('',(#1223,#1224,#1225,#1226));
#244=EDGE_LOOP('',(#1227,#1228,#1229,#1230));
#245=EDGE_LOOP('',(#1231,#1232,#1233,#1234));
#246=EDGE_LOOP('',(#1235,#1236,#1237,#1238));
#247=EDGE_LOOP('',(#1239,#1240,#1241,#1242,#1243));
#248=EDGE_LOOP('',(#1244,#1245,#1246,#1247));
#249=EDGE_LOOP('',(#1248,#1249,#1250,#1251));
#250=EDGE_LOOP('',(#1252));
#251=EDGE_LOOP('',(#1253));
#252=EDGE_LOOP('',(#1254,#1255,#1256,#1257,#1258));
#253=EDGE_LOOP('',(#1259,#1260,#1261,#1262,#1263,#1264,#1265,#1266,#1267,
#1268,#1269,#1270));
#254=EDGE_LOOP('',(#1271));
#255=EDGE_LOOP('',(#1272,#1273,#1274,#1275,#1276,#1277,#1278,#1279));
#256=EDGE_LOOP('',(#1280,#1281,#1282,#1283,#1284,#1285,#1286,#1287,#1288,
#1289,#1290,#1291,#1292,#1293,#1294,#1295,#1296,#1297,#1298,#1299,#1300,
#1301,#1302,#1303,#1304,#1305,#1306,#1307));
#257=EDGE_LOOP('',(#1308,#1309,#1310,#1311));
#258=EDGE_LOOP('',(#1312,#1313,#1314,#1315));
#259=EDGE_LOOP('',(#1316));
#260=EDGE_LOOP('',(#1317));
#261=EDGE_LOOP('',(#1318,#1319,#1320,#1321));
#262=EDGE_LOOP('',(#1322,#1323,#1324,#1325));
#263=EDGE_LOOP('',(#1326,#1327,#1328,#1329));
#264=EDGE_LOOP('',(#1330,#1331,#1332,#1333));
#265=EDGE_LOOP('',(#1334,#1335,#1336,#1337));
#266=EDGE_LOOP('',(#1338,#1339,#1340,#1341));
#267=EDGE_LOOP('',(#1342,#1343,#1344,#1345,#1346));
#268=EDGE_LOOP('',(#1347,#1348,#1349,#1350));
#269=EDGE_LOOP('',(#1351,#1352,#1353,#1354,#1355));
#270=EDGE_LOOP('',(#1356,#1357,#1358,#1359,#1360,#1361,#1362,#1363,#1364,
#1365));
#271=EDGE_LOOP('',(#1366,#1367,#1368,#1369));
#272=EDGE_LOOP('',(#1370,#1371,#1372,#1373,#1374,#1375,#1376,#1377));
#273=EDGE_LOOP('',(#1378,#1379,#1380,#1381,#1382,#1383));
#274=EDGE_LOOP('',(#1384));
#275=EDGE_LOOP('',(#1385,#1386,#1387,#1388));
#276=EDGE_LOOP('',(#1389,#1390,#1391,#1392));
#277=EDGE_LOOP('',(#1393,#1394,#1395,#1396));
#278=EDGE_LOOP('',(#1397,#1398,#1399,#1400,#1401,#1402,#1403,#1404,#1405,
#1406));
#279=EDGE_LOOP('',(#1407));
#280=EDGE_LOOP('',(#1408,#1409,#1410,#1411,#1412));
#281=EDGE_LOOP('',(#1413,#1414,#1415,#1416));
#282=EDGE_LOOP('',(#1417,#1418,#1419,#1420));
#283=EDGE_LOOP('',(#1421,#1422,#1423,#1424,#1425,#1426,#1427,#1428));
#284=EDGE_LOOP('',(#1429,#1430,#1431,#1432));
#285=EDGE_LOOP('',(#1433,#1434,#1435,#1436,#1437,#1438,#1439,#1440,#1441,
#1442,#1443,#1444,#1445,#1446,#1447,#1448,#1449,#1450,#1451,#1452));
#286=EDGE_LOOP('',(#1453,#1454,#1455,#1456,#1457,#1458,#1459,#1460,#1461,
#1462));
#287=EDGE_LOOP('',(#1463,#1464,#1465,#1466,#1467,#1468,#1469,#1470));
#288=EDGE_LOOP('',(#1471,#1472,#1473,#1474));
#289=EDGE_LOOP('',(#1475,#1476,#1477,#1478));
#290=EDGE_LOOP('',(#1479,#1480,#1481,#1482,#1483,#1484,#1485,#1486));
#291=EDGE_LOOP('',(#1487,#1488,#1489,#1490,#1491,#1492));
#292=EDGE_LOOP('',(#1493,#1494,#1495,#1496));
#293=EDGE_LOOP('',(#1497,#1498,#1499,#1500));
#294=EDGE_LOOP('',(#1501,#1502,#1503,#1504));
#295=EDGE_LOOP('',(#1505,#1506,#1507,#1508));
#296=EDGE_LOOP('',(#1509,#1510,#1511,#1512));
#297=EDGE_LOOP('',(#1513,#1514,#1515,#1516));
#298=EDGE_LOOP('',(#1517,#1518,#1519,#1520));
#299=EDGE_LOOP('',(#1521));
#300=EDGE_LOOP('',(#1522,#1523,#1524,#1525));
#301=EDGE_LOOP('',(#1526,#1527,#1528,#1529));
#302=EDGE_LOOP('',(#1530,#1531,#1532,#1533,#1534,#1535,#1536,#1537));
#303=EDGE_LOOP('',(#1538,#1539,#1540,#1541));
#304=EDGE_LOOP('',(#1542,#1543,#1544,#1545));
#305=EDGE_LOOP('',(#1546,#1547,#1548,#1549));
#306=EDGE_LOOP('',(#1550,#1551,#1552,#1553));
#307=EDGE_LOOP('',(#1554,#1555,#1556,#1557));
#308=EDGE_LOOP('',(#1558,#1559,#1560,#1561));
#309=EDGE_LOOP('',(#1562,#1563,#1564,#1565));
#310=EDGE_LOOP('',(#1566));
#311=EDGE_LOOP('',(#1567,#1568,#1569,#1570,#1571,#1572,#1573,#1574,#1575,
#1576));
#312=EDGE_LOOP('',(#1577,#1578,#1579,#1580));
#313=EDGE_LOOP('',(#1581,#1582,#1583,#1584));
#314=EDGE_LOOP('',(#1585,#1586,#1587,#1588));
#315=EDGE_LOOP('',(#1589));
#316=EDGE_LOOP('',(#1590,#1591,#1592,#1593));
#317=EDGE_LOOP('',(#1594,#1595,#1596,#1597,#1598,#1599,#1600,#1601,#1602,
#1603,#1604,#1605,#1606,#1607,#1608,#1609,#1610,#1611,#1612,#1613,#1614,
#1615,#1616,#1617));
#318=EDGE_LOOP('',(#1618,#1619,#1620,#1621));
#319=EDGE_LOOP('',(#1622,#1623,#1624,#1625));
#320=EDGE_LOOP('',(#1626,#1627,#1628,#1629));
#321=EDGE_LOOP('',(#1630,#1631,#1632,#1633));
#322=EDGE_LOOP('',(#1634,#1635,#1636,#1637));
#323=EDGE_LOOP('',(#1638,#1639,#1640,#1641));
#324=EDGE_LOOP('',(#1642,#1643,#1644,#1645));
#325=EDGE_LOOP('',(#1646,#1647,#1648,#1649));
#326=EDGE_LOOP('',(#1650,#1651,#1652,#1653));
#327=EDGE_LOOP('',(#1654));
#328=EDGE_LOOP('',(#1655));
#329=EDGE_LOOP('',(#1656,#1657,#1658,#1659));
#330=EDGE_LOOP('',(#1660,#1661,#1662,#1663));
#331=EDGE_LOOP('',(#1664,#1665,#1666,#1667));
#332=EDGE_LOOP('',(#1668,#1669,#1670,#1671));
#333=EDGE_LOOP('',(#1672,#1673,#1674,#1675));
#334=EDGE_LOOP('',(#1676,#1677,#1678,#1679));
#335=EDGE_LOOP('',(#1680,#1681,#1682,#1683));
#336=EDGE_LOOP('',(#1684,#1685,#1686,#1687));
#337=EDGE_LOOP('',(#1688,#1689,#1690,#1691));
#338=EDGE_LOOP('',(#1692,#1693,#1694,#1695));
#339=EDGE_LOOP('',(#1696,#1697,#1698,#1699,#1700));
#340=B_SPLINE_CURVE_WITH_KNOTS('',3,(#2393,#2394,#2395,#2396,#2397),
 .UNSPECIFIED.,.F.,.F.,(4,1,4),(-1.5626320973622,-0.892932627064114,9.86334670309157E-16),
 .UNSPECIFIED.);
#341=B_SPLINE_CURVE_WITH_KNOTS('',3,(#2400,#2401,#2402,#2403,#2404),
 .UNSPECIFIED.,.F.,.F.,(4,1,4),(-9.86334670309157E-16,0.892932627064114,
1.5626320973622),.UNSPECIFIED.);
#342=B_SPLINE_CURVE_WITH_KNOTS('',3,(#2434,#2435,#2436,#2437,#2438),
 .UNSPECIFIED.,.F.,.F.,(4,1,4),(-1.5626320973622,-0.669699470298083,3.5454873938939E-15),
 .UNSPECIFIED.);
#343=B_SPLINE_CURVE_WITH_KNOTS('',3,(#2439,#2440,#2441,#2442,#2443),
 .UNSPECIFIED.,.F.,.F.,(4,1,4),(-3.5454873938939E-15,0.669699470298083,
1.5626320973622),.UNSPECIFIED.);
#344=B_SPLINE_CURVE_WITH_KNOTS('',3,(#2469,#2470,#2471,#2472),
 .UNSPECIFIED.,.F.,.F.,(4,4),(-1.5707963267949,-1.5626320973622),
 .UNSPECIFIED.);
#345=B_SPLINE_CURVE_WITH_KNOTS('',3,(#2473,#2474,#2475,#2476),
 .UNSPECIFIED.,.F.,.F.,(4,4),(1.5626320973622,1.5707963267949),
 .UNSPECIFIED.);
#346=B_SPLINE_CURVE_WITH_KNOTS('',3,(#2501,#2502,#2503,#2504,#2505),
 .UNSPECIFIED.,.F.,.F.,(4,1,4),(-1.96333558752062E-31,0.897597901025655,
1.5707963267949),.UNSPECIFIED.);
#347=B_SPLINE_CURVE_WITH_KNOTS('',3,(#2508,#2509,#2510,#2511,#2512),
 .UNSPECIFIED.,.F.,.F.,(4,1,4),(-1.5707963267949,-0.897597901025655,1.96333558752062E-31),
 .UNSPECIFIED.);
#348=B_SPLINE_CURVE_WITH_KNOTS('',3,(#2542,#2543,#2544,#2545,#2546),
 .UNSPECIFIED.,.F.,.F.,(4,1,4),(-1.5707963267949,-0.673198425769244,-4.9960036108132E-16),
 .UNSPECIFIED.);
#349=B_SPLINE_CURVE_WITH_KNOTS('',3,(#2547,#2548,#2549,#2550,#2551),
 .UNSPECIFIED.,.F.,.F.,(4,1,4),(4.9960036108132E-16,0.673198425769244,1.5707963267949),
 .UNSPECIFIED.);
#350=B_SPLINE_CURVE_WITH_KNOTS('',3,(#2568,#2569,#2570,#2571),
 .UNSPECIFIED.,.F.,.F.,(4,4),(0.350673314860875,0.353863910998574),
 .UNSPECIFIED.);
#351=B_SPLINE_CURVE_WITH_KNOTS('',3,(#2572,#2573,#2574,#2575),
 .UNSPECIFIED.,.F.,.F.,(4,4),(-0.353863910998574,-0.350673314860875),
 .UNSPECIFIED.);
#352=B_SPLINE_CURVE_WITH_KNOTS('',3,(#2601,#2602,#2603,#2604),
 .UNSPECIFIED.,.F.,.F.,(4,4),(5.58904872563598,5.59223932177368),
 .UNSPECIFIED.);
#353=B_SPLINE_CURVE_WITH_KNOTS('',3,(#2605,#2606,#2607,#2608),
 .UNSPECIFIED.,.F.,.F.,(4,4),(-5.59223932177368,-5.58904872563598),
 .UNSPECIFIED.);
#354=B_SPLINE_CURVE_WITH_KNOTS('',3,(#2625,#2626,#2627,#2628),
 .UNSPECIFIED.,.F.,.F.,(4,4),(1.5626320973622,1.5707963267949),
 .UNSPECIFIED.);
#355=B_SPLINE_CURVE_WITH_KNOTS('',3,(#2629,#2630,#2631,#2632),
 .UNSPECIFIED.,.F.,.F.,(4,4),(-1.5707963267949,-1.5626320973622),
 .UNSPECIFIED.);
#356=LINE('',#2391,#563);
#357=LINE('',#2399,#564);
#358=LINE('',#2408,#565);
#359=LINE('',#2409,#566);
#360=LINE('',#2410,#567);
#361=LINE('',#2433,#568);
#362=LINE('',#2447,#569);
#363=LINE('',#2449,#570);
#364=LINE('',#2451,#571);
#365=LINE('',#2452,#572);
#366=LINE('',#2499,#573);
#367=LINE('',#2507,#574);
#368=LINE('',#2515,#575);
#369=LINE('',#2517,#576);
#370=LINE('',#2518,#577);
#371=LINE('',#2541,#578);
#372=LINE('',#2579,#579);
#373=LINE('',#2581,#580);
#374=LINE('',#2583,#581);
#375=LINE('',#2584,#582);
#376=LINE('',#2635,#583);
#377=LINE('',#2638,#584);
#378=LINE('',#2641,#585);
#379=LINE('',#2642,#586);
#380=LINE('',#2647,#587);
#381=LINE('',#2650,#588);
#382=LINE('',#2657,#589);
#383=LINE('',#2664,#590);
#384=LINE('',#2668,#591);
#385=LINE('',#2671,#592);
#386=LINE('',#2674,#593);
#387=LINE('',#2676,#594);
#388=LINE('',#2678,#595);
#389=LINE('',#2680,#596);
#390=LINE('',#2682,#597);
#391=LINE('',#2684,#598);
#392=LINE('',#2686,#599);
#393=LINE('',#2688,#600);
#394=LINE('',#2690,#601);
#395=LINE('',#2692,#602);
#396=LINE('',#2694,#603);
#397=LINE('',#2696,#604);
#398=LINE('',#2698,#605);
#399=LINE('',#2700,#606);
#400=LINE('',#2702,#607);
#401=LINE('',#2704,#608);
#402=LINE('',#2706,#609);
#403=LINE('',#2708,#610);
#404=LINE('',#2710,#611);
#405=LINE('',#2712,#612);
#406=LINE('',#2714,#613);
#407=LINE('',#2716,#614);
#408=LINE('',#2718,#615);
#409=LINE('',#2720,#616);
#410=LINE('',#2722,#617);
#411=LINE('',#2724,#618);
#412=LINE('',#2726,#619);
#413=LINE('',#2727,#620);
#414=LINE('',#2729,#621);
#415=LINE('',#2730,#622);
#416=LINE('',#2732,#623);
#417=LINE('',#2738,#624);
#418=LINE('',#2741,#625);
#419=LINE('',#2746,#626);
#420=LINE('',#2749,#627);
#421=LINE('',#2754,#628);
#422=LINE('',#2757,#629);
#423=LINE('',#2759,#630);
#424=LINE('',#2760,#631);
#425=LINE('',#2766,#632);
#426=LINE('',#2770,#633);
#427=LINE('',#2771,#634);
#428=LINE('',#2773,#635);
#429=LINE('',#2774,#636);
#430=LINE('',#2779,#637);
#431=LINE('',#2782,#638);
#432=LINE('',#2788,#639);
#433=LINE('',#2791,#640);
#434=LINE('',#2792,#641);
#435=LINE('',#2794,#642);
#436=LINE('',#2795,#643);
#437=LINE('',#2797,#644);
#438=LINE('',#2798,#645);
#439=LINE('',#2801,#646);
#440=LINE('',#2803,#647);
#441=LINE('',#2805,#648);
#442=LINE('',#2806,#649);
#443=LINE('',#2809,#650);
#444=LINE('',#2810,#651);
#445=LINE('',#2812,#652);
#446=LINE('',#2816,#653);
#447=LINE('',#2818,#654);
#448=LINE('',#2820,#655);
#449=LINE('',#2822,#656);
#450=LINE('',#2824,#657);
#451=LINE('',#2826,#658);
#452=LINE('',#2828,#659);
#453=LINE('',#2829,#660);
#454=LINE('',#2835,#661);
#455=LINE('',#2838,#662);
#456=LINE('',#2841,#663);
#457=LINE('',#2843,#664);
#458=LINE('',#2844,#665);
#459=LINE('',#2850,#666);
#460=LINE('',#2853,#667);
#461=LINE('',#2855,#668);
#462=LINE('',#2856,#669);
#463=LINE('',#2858,#670);
#464=LINE('',#2861,#671);
#465=LINE('',#2863,#672);
#466=LINE('',#2865,#673);
#467=LINE('',#2867,#674);
#468=LINE('',#2869,#675);
#469=LINE('',#2871,#676);
#470=LINE('',#2873,#677);
#471=LINE('',#2875,#678);
#472=LINE('',#2877,#679);
#473=LINE('',#2881,#680);
#474=LINE('',#2883,#681);
#475=LINE('',#2884,#682);
#476=LINE('',#2886,#683);
#477=LINE('',#2888,#684);
#478=LINE('',#2889,#685);
#479=LINE('',#2890,#686);
#480=LINE('',#2893,#687);
#481=LINE('',#2895,#688);
#482=LINE('',#2896,#689);
#483=LINE('',#2898,#690);
#484=LINE('',#2899,#691);
#485=LINE('',#2901,#692);
#486=LINE('',#2905,#693);
#487=LINE('',#2907,#694);
#488=LINE('',#2908,#695);
#489=LINE('',#2910,#696);
#490=LINE('',#2914,#697);
#491=LINE('',#2917,#698);
#492=LINE('',#2919,#699);
#493=LINE('',#2920,#700);
#494=LINE('',#2922,#701);
#495=LINE('',#2923,#702);
#496=LINE('',#2928,#703);
#497=LINE('',#2929,#704);
#498=LINE('',#2930,#705);
#499=LINE('',#2933,#706);
#500=LINE('',#2934,#707);
#501=LINE('',#2937,#708);
#502=LINE('',#2938,#709);
#503=LINE('',#2940,#710);
#504=LINE('',#2946,#711);
#505=LINE('',#2949,#712);
#506=LINE('',#2950,#713);
#507=LINE('',#2952,#714);
#508=LINE('',#2953,#715);
#509=LINE('',#2958,#716);
#510=LINE('',#2960,#717);
#511=LINE('',#2961,#718);
#512=LINE('',#2966,#719);
#513=LINE('',#2970,#720);
#514=LINE('',#2974,#721);
#515=LINE('',#2975,#722);
#516=LINE('',#2977,#723);
#517=LINE('',#2980,#724);
#518=LINE('',#2982,#725);
#519=LINE('',#2983,#726);
#520=LINE('',#2984,#727);
#521=LINE('',#2987,#728);
#522=LINE('',#2988,#729);
#523=LINE('',#2991,#730);
#524=LINE('',#2992,#731);
#525=LINE('',#2994,#732);
#526=LINE('',#2999,#733);
#527=LINE('',#3001,#734);
#528=LINE('',#3003,#735);
#529=LINE('',#3005,#736);
#530=LINE('',#3007,#737);
#531=LINE('',#3009,#738);
#532=LINE('',#3011,#739);
#533=LINE('',#3013,#740);
#534=LINE('',#3015,#741);
#535=LINE('',#3017,#742);
#536=LINE('',#3019,#743);
#537=LINE('',#3021,#744);
#538=LINE('',#3023,#745);
#539=LINE('',#3025,#746);
#540=LINE('',#3027,#747);
#541=LINE('',#3029,#748);
#542=LINE('',#3031,#749);
#543=LINE('',#3033,#750);
#544=LINE('',#3034,#751);
#545=LINE('',#3036,#752);
#546=LINE('',#3037,#753);
#547=LINE('',#3039,#754);
#548=LINE('',#3041,#755);
#549=LINE('',#3043,#756);
#550=LINE('',#3045,#757);
#551=LINE('',#3047,#758);
#552=LINE('',#3049,#759);
#553=LINE('',#3051,#760);
#554=LINE('',#3053,#761);
#555=LINE('',#3055,#762);
#556=LINE('',#3057,#763);
#557=LINE('',#3059,#764);
#558=LINE('',#3061,#765);
#559=LINE('',#3063,#766);
#560=LINE('',#3065,#767);
#561=LINE('',#3067,#768);
#562=LINE('',#3069,#769);
#563=VECTOR('',#1931,10.);
#564=VECTOR('',#1932,10.);
#565=VECTOR('',#1935,10.);
#566=VECTOR('',#1936,10.);
#567=VECTOR('',#1937,10.);
#568=VECTOR('',#1938,10.);
#569=VECTOR('',#1941,10.);
#570=VECTOR('',#1942,10.);
#571=VECTOR('',#1943,10.);
#572=VECTOR('',#1944,10.);
#573=VECTOR('',#1945,10.);
#574=VECTOR('',#1946,10.);
#575=VECTOR('',#1949,10.);
#576=VECTOR('',#1950,10.);
#577=VECTOR('',#1951,10.);
#578=VECTOR('',#1952,10.);
#579=VECTOR('',#1955,10.);
#580=VECTOR('',#1956,10.);
#581=VECTOR('',#1957,10.);
#582=VECTOR('',#1958,10.);
#583=VECTOR('',#1961,10.);
#584=VECTOR('',#1964,10.);
#585=VECTOR('',#1967,10.);
#586=VECTOR('',#1968,10.);
#587=VECTOR('',#1971,10.);
#588=VECTOR('',#1974,10.);
#589=VECTOR('',#1981,10.);
#590=VECTOR('',#1990,10.);
#591=VECTOR('',#1993,10.);
#592=VECTOR('',#1996,10.);
#593=VECTOR('',#1997,10.);
#594=VECTOR('',#1998,10.);
#595=VECTOR('',#1999,10.);
#596=VECTOR('',#2000,10.);
#597=VECTOR('',#2001,10.);
#598=VECTOR('',#2002,10.);
#599=VECTOR('',#2003,10.);
#600=VECTOR('',#2004,10.);
#601=VECTOR('',#2005,10.);
#602=VECTOR('',#2006,10.);
#603=VECTOR('',#2007,10.);
#604=VECTOR('',#2008,10.);
#605=VECTOR('',#2009,10.);
#606=VECTOR('',#2010,10.);
#607=VECTOR('',#2011,10.);
#608=VECTOR('',#2012,10.);
#609=VECTOR('',#2013,10.);
#610=VECTOR('',#2014,10.);
#611=VECTOR('',#2015,10.);
#612=VECTOR('',#2016,10.);
#613=VECTOR('',#2017,10.);
#614=VECTOR('',#2018,10.);
#615=VECTOR('',#2019,10.);
#616=VECTOR('',#2020,10.);
#617=VECTOR('',#2021,10.);
#618=VECTOR('',#2022,10.);
#619=VECTOR('',#2023,10.);
#620=VECTOR('',#2024,10.);
#621=VECTOR('',#2027,10.);
#622=VECTOR('',#2028,10.);
#623=VECTOR('',#2031,10.);
#624=VECTOR('',#2038,10.);
#625=VECTOR('',#2041,0.849999999999999);
#626=VECTOR('',#2048,0.849999999999999);
#627=VECTOR('',#2051,0.85);
#628=VECTOR('',#2058,0.85);
#629=VECTOR('',#2061,10.);
#630=VECTOR('',#2062,10.);
#631=VECTOR('',#2063,10.);
#632=VECTOR('',#2068,10.);
#633=VECTOR('',#2071,10.);
#634=VECTOR('',#2072,10.);
#635=VECTOR('',#2075,10.);
#636=VECTOR('',#2076,10.);
#637=VECTOR('',#2081,10.);
#638=VECTOR('',#2084,10.);
#639=VECTOR('',#2089,10.);
#640=VECTOR('',#2092,10.);
#641=VECTOR('',#2093,10.);
#642=VECTOR('',#2096,10.);
#643=VECTOR('',#2097,10.);
#644=VECTOR('',#2100,10.);
#645=VECTOR('',#2101,10.);
#646=VECTOR('',#2104,10.);
#647=VECTOR('',#2105,10.);
#648=VECTOR('',#2106,10.);
#649=VECTOR('',#2107,10.);
#650=VECTOR('',#2110,10.);
#651=VECTOR('',#2111,10.);
#652=VECTOR('',#2114,10.);
#653=VECTOR('',#2119,10.);
#654=VECTOR('',#2120,10.);
#655=VECTOR('',#2121,10.);
#656=VECTOR('',#2122,10.);
#657=VECTOR('',#2123,10.);
#658=VECTOR('',#2124,10.);
#659=VECTOR('',#2125,10.);
#660=VECTOR('',#2126,10.);
#661=VECTOR('',#2131,10.);
#662=VECTOR('',#2134,10.);
#663=VECTOR('',#2137,10.);
#664=VECTOR('',#2138,10.);
#665=VECTOR('',#2139,10.);
#666=VECTOR('',#2144,10.);
#667=VECTOR('',#2147,10.);
#668=VECTOR('',#2148,10.);
#669=VECTOR('',#2149,10.);
#670=VECTOR('',#2152,10.);
#671=VECTOR('',#2155,10.);
#672=VECTOR('',#2156,10.);
#673=VECTOR('',#2157,10.);
#674=VECTOR('',#2158,10.);
#675=VECTOR('',#2159,10.);
#676=VECTOR('',#2160,10.);
#677=VECTOR('',#2161,10.);
#678=VECTOR('',#2162,10.);
#679=VECTOR('',#2163,10.);
#680=VECTOR('',#2166,10.);
#681=VECTOR('',#2167,10.);
#682=VECTOR('',#2168,10.);
#683=VECTOR('',#2169,10.);
#684=VECTOR('',#2170,10.);
#685=VECTOR('',#2171,10.);
#686=VECTOR('',#2172,10.);
#687=VECTOR('',#2175,10.);
#688=VECTOR('',#2176,10.);
#689=VECTOR('',#2177,10.);
#690=VECTOR('',#2178,10.);
#691=VECTOR('',#2179,10.);
#692=VECTOR('',#2182,10.);
#693=VECTOR('',#2185,10.);
#694=VECTOR('',#2186,10.);
#695=VECTOR('',#2187,10.);
#696=VECTOR('',#2190,10.);
#697=VECTOR('',#2195,10.);
#698=VECTOR('',#2198,10.);
#699=VECTOR('',#2199,10.);
#700=VECTOR('',#2200,10.);
#701=VECTOR('',#2203,10.);
#702=VECTOR('',#2204,10.);
#703=VECTOR('',#2209,10.);
#704=VECTOR('',#2210,10.);
#705=VECTOR('',#2211,10.);
#706=VECTOR('',#2214,10.);
#707=VECTOR('',#2215,10.);
#708=VECTOR('',#2218,10.);
#709=VECTOR('',#2219,10.);
#710=VECTOR('',#2222,10.);
#711=VECTOR('',#2231,0.750000000000011);
#712=VECTOR('',#2234,10.);
#713=VECTOR('',#2235,10.);
#714=VECTOR('',#2238,10.);
#715=VECTOR('',#2239,10.);
#716=VECTOR('',#2246,10.);
#717=VECTOR('',#2247,10.);
#718=VECTOR('',#2248,10.);
#719=VECTOR('',#2253,0.850000000000009);
#720=VECTOR('',#2258,10.);
#721=VECTOR('',#2263,10.);
#722=VECTOR('',#2264,10.);
#723=VECTOR('',#2267,10.);
#724=VECTOR('',#2270,10.);
#725=VECTOR('',#2271,10.);
#726=VECTOR('',#2272,10.);
#727=VECTOR('',#2273,10.);
#728=VECTOR('',#2276,10.);
#729=VECTOR('',#2277,10.);
#730=VECTOR('',#2280,10.);
#731=VECTOR('',#2281,10.);
#732=VECTOR('',#2284,10.);
#733=VECTOR('',#2291,10.);
#734=VECTOR('',#2292,10.);
#735=VECTOR('',#2293,10.);
#736=VECTOR('',#2294,10.);
#737=VECTOR('',#2295,10.);
#738=VECTOR('',#2296,10.);
#739=VECTOR('',#2297,10.);
#740=VECTOR('',#2298,10.);
#741=VECTOR('',#2299,10.);
#742=VECTOR('',#2300,10.);
#743=VECTOR('',#2301,10.);
#744=VECTOR('',#2302,10.);
#745=VECTOR('',#2303,10.);
#746=VECTOR('',#2304,10.);
#747=VECTOR('',#2305,10.);
#748=VECTOR('',#2306,10.);
#749=VECTOR('',#2307,10.);
#750=VECTOR('',#2308,10.);
#751=VECTOR('',#2309,10.);
#752=VECTOR('',#2312,10.);
#753=VECTOR('',#2313,10.);
#754=VECTOR('',#2316,10.);
#755=VECTOR('',#2319,10.);
#756=VECTOR('',#2322,10.);
#757=VECTOR('',#2325,10.);
#758=VECTOR('',#2328,10.);
#759=VECTOR('',#2331,10.);
#760=VECTOR('',#2334,10.);
#761=VECTOR('',#2337,10.);
#762=VECTOR('',#2340,10.);
#763=VECTOR('',#2343,10.);
#764=VECTOR('',#2346,10.);
#765=VECTOR('',#2349,10.);
#766=VECTOR('',#2352,10.);
#767=VECTOR('',#2355,10.);
#768=VECTOR('',#2358,10.);
#769=VECTOR('',#2361,10.);
#770=VERTEX_POINT('',#2389);
#771=VERTEX_POINT('',#2390);
#772=VERTEX_POINT('',#2392);
#773=VERTEX_POINT('',#2398);
#774=VERTEX_POINT('',#2406);
#775=VERTEX_POINT('',#2407);
#776=VERTEX_POINT('',#2431);
#777=VERTEX_POINT('',#2432);
#778=VERTEX_POINT('',#2445);
#779=VERTEX_POINT('',#2446);
#780=VERTEX_POINT('',#2448);
#781=VERTEX_POINT('',#2450);
#782=VERTEX_POINT('',#2497);
#783=VERTEX_POINT('',#2498);
#784=VERTEX_POINT('',#2500);
#785=VERTEX_POINT('',#2506);
#786=VERTEX_POINT('',#2514);
#787=VERTEX_POINT('',#2516);
#788=VERTEX_POINT('',#2539);
#789=VERTEX_POINT('',#2540);
#790=VERTEX_POINT('',#2577);
#791=VERTEX_POINT('',#2578);
#792=VERTEX_POINT('',#2580);
#793=VERTEX_POINT('',#2582);
#794=VERTEX_POINT('',#2634);
#795=VERTEX_POINT('',#2636);
#796=VERTEX_POINT('',#2640);
#797=VERTEX_POINT('',#2643);
#798=VERTEX_POINT('',#2644);
#799=VERTEX_POINT('',#2646);
#800=VERTEX_POINT('',#2648);
#801=VERTEX_POINT('',#2651);
#802=VERTEX_POINT('',#2653);
#803=VERTEX_POINT('',#2656);
#804=VERTEX_POINT('',#2660);
#805=VERTEX_POINT('',#2663);
#806=VERTEX_POINT('',#2665);
#807=VERTEX_POINT('',#2667);
#808=VERTEX_POINT('',#2669);
#809=VERTEX_POINT('',#2672);
#810=VERTEX_POINT('',#2673);
#811=VERTEX_POINT('',#2675);
#812=VERTEX_POINT('',#2677);
#813=VERTEX_POINT('',#2679);
#814=VERTEX_POINT('',#2681);
#815=VERTEX_POINT('',#2683);
#816=VERTEX_POINT('',#2685);
#817=VERTEX_POINT('',#2687);
#818=VERTEX_POINT('',#2689);
#819=VERTEX_POINT('',#2691);
#820=VERTEX_POINT('',#2693);
#821=VERTEX_POINT('',#2695);
#822=VERTEX_POINT('',#2697);
#823=VERTEX_POINT('',#2699);
#824=VERTEX_POINT('',#2701);
#825=VERTEX_POINT('',#2703);
#826=VERTEX_POINT('',#2705);
#827=VERTEX_POINT('',#2707);
#828=VERTEX_POINT('',#2709);
#829=VERTEX_POINT('',#2711);
#830=VERTEX_POINT('',#2713);
#831=VERTEX_POINT('',#2715);
#832=VERTEX_POINT('',#2717);
#833=VERTEX_POINT('',#2719);
#834=VERTEX_POINT('',#2721);
#835=VERTEX_POINT('',#2723);
#836=VERTEX_POINT('',#2725);
#837=VERTEX_POINT('',#2733);
#838=VERTEX_POINT('',#2735);
#839=VERTEX_POINT('',#2740);
#840=VERTEX_POINT('',#2744);
#841=VERTEX_POINT('',#2748);
#842=VERTEX_POINT('',#2752);
#843=VERTEX_POINT('',#2756);
#844=VERTEX_POINT('',#2758);
#845=VERTEX_POINT('',#2762);
#846=VERTEX_POINT('',#2763);
#847=VERTEX_POINT('',#2765);
#848=VERTEX_POINT('',#2767);
#849=VERTEX_POINT('',#2769);
#850=VERTEX_POINT('',#2776);
#851=VERTEX_POINT('',#2777);
#852=VERTEX_POINT('',#2780);
#853=VERTEX_POINT('',#2784);
#854=VERTEX_POINT('',#2785);
#855=VERTEX_POINT('',#2787);
#856=VERTEX_POINT('',#2789);
#857=VERTEX_POINT('',#2800);
#858=VERTEX_POINT('',#2802);
#859=VERTEX_POINT('',#2804);
#860=VERTEX_POINT('',#2808);
#861=VERTEX_POINT('',#2815);
#862=VERTEX_POINT('',#2817);
#863=VERTEX_POINT('',#2819);
#864=VERTEX_POINT('',#2821);
#865=VERTEX_POINT('',#2823);
#866=VERTEX_POINT('',#2825);
#867=VERTEX_POINT('',#2827);
#868=VERTEX_POINT('',#2831);
#869=VERTEX_POINT('',#2832);
#870=VERTEX_POINT('',#2834);
#871=VERTEX_POINT('',#2836);
#872=VERTEX_POINT('',#2840);
#873=VERTEX_POINT('',#2842);
#874=VERTEX_POINT('',#2846);
#875=VERTEX_POINT('',#2847);
#876=VERTEX_POINT('',#2849);
#877=VERTEX_POINT('',#2851);
#878=VERTEX_POINT('',#2854);
#879=VERTEX_POINT('',#2860);
#880=VERTEX_POINT('',#2862);
#881=VERTEX_POINT('',#2864);
#882=VERTEX_POINT('',#2866);
#883=VERTEX_POINT('',#2868);
#884=VERTEX_POINT('',#2870);
#885=VERTEX_POINT('',#2872);
#886=VERTEX_POINT('',#2874);
#887=VERTEX_POINT('',#2876);
#888=VERTEX_POINT('',#2878);
#889=VERTEX_POINT('',#2880);
#890=VERTEX_POINT('',#2882);
#891=VERTEX_POINT('',#2885);
#892=VERTEX_POINT('',#2887);
#893=VERTEX_POINT('',#2892);
#894=VERTEX_POINT('',#2894);
#895=VERTEX_POINT('',#2897);
#896=VERTEX_POINT('',#2902);
#897=VERTEX_POINT('',#2904);
#898=VERTEX_POINT('',#2906);
#899=VERTEX_POINT('',#2912);
#900=VERTEX_POINT('',#2916);
#901=VERTEX_POINT('',#2918);
#902=VERTEX_POINT('',#2926);
#903=VERTEX_POINT('',#2927);
#904=VERTEX_POINT('',#2932);
#905=VERTEX_POINT('',#2936);
#906=VERTEX_POINT('',#2943);
#907=VERTEX_POINT('',#2948);
#908=VERTEX_POINT('',#2957);
#909=VERTEX_POINT('',#2959);
#910=VERTEX_POINT('',#2963);
#911=VERTEX_POINT('',#2965);
#912=VERTEX_POINT('',#2969);
#913=VERTEX_POINT('',#2973);
#914=VERTEX_POINT('',#2979);
#915=VERTEX_POINT('',#2981);
#916=VERTEX_POINT('',#2986);
#917=VERTEX_POINT('',#2990);
#918=VERTEX_POINT('',#2998);
#919=VERTEX_POINT('',#3000);
#920=VERTEX_POINT('',#3002);
#921=VERTEX_POINT('',#3004);
#922=VERTEX_POINT('',#3006);
#923=VERTEX_POINT('',#3008);
#924=VERTEX_POINT('',#3010);
#925=VERTEX_POINT('',#3012);
#926=VERTEX_POINT('',#3014);
#927=VERTEX_POINT('',#3016);
#928=VERTEX_POINT('',#3018);
#929=VERTEX_POINT('',#3020);
#930=VERTEX_POINT('',#3022);
#931=VERTEX_POINT('',#3024);
#932=VERTEX_POINT('',#3026);
#933=VERTEX_POINT('',#3028);
#934=VERTEX_POINT('',#3030);
#935=VERTEX_POINT('',#3032);
#936=EDGE_CURVE('',#770,#771,#356,.T.);
#937=EDGE_CURVE('',#771,#772,#340,.T.);
#938=EDGE_CURVE('',#772,#773,#357,.T.);
#939=EDGE_CURVE('',#773,#770,#341,.T.);
#940=EDGE_CURVE('',#774,#775,#358,.T.);
#941=EDGE_CURVE('',#775,#773,#359,.T.);
#942=EDGE_CURVE('',#772,#774,#360,.T.);
#943=EDGE_CURVE('',#776,#777,#361,.T.);
#944=EDGE_CURVE('',#777,#775,#342,.T.);
#945=EDGE_CURVE('',#774,#776,#343,.T.);
#946=EDGE_CURVE('',#778,#779,#362,.T.);
#947=EDGE_CURVE('',#779,#780,#363,.T.);
#948=EDGE_CURVE('',#780,#781,#364,.T.);
#949=EDGE_CURVE('',#781,#778,#365,.T.);
#950=EDGE_CURVE('',#780,#777,#344,.T.);
#951=EDGE_CURVE('',#776,#781,#345,.T.);
#952=EDGE_CURVE('',#782,#783,#366,.T.);
#953=EDGE_CURVE('',#783,#784,#346,.T.);
#954=EDGE_CURVE('',#784,#785,#367,.T.);
#955=EDGE_CURVE('',#785,#782,#347,.T.);
#956=EDGE_CURVE('',#782,#786,#368,.T.);
#957=EDGE_CURVE('',#786,#787,#369,.T.);
#958=EDGE_CURVE('',#787,#783,#370,.T.);
#959=EDGE_CURVE('',#788,#789,#371,.T.);
#960=EDGE_CURVE('',#789,#787,#348,.T.);
#961=EDGE_CURVE('',#786,#788,#349,.T.);
#962=EDGE_CURVE('',#784,#779,#350,.T.);
#963=EDGE_CURVE('',#778,#785,#351,.T.);
#964=EDGE_CURVE('',#790,#791,#372,.T.);
#965=EDGE_CURVE('',#791,#792,#373,.T.);
#966=EDGE_CURVE('',#792,#793,#374,.T.);
#967=EDGE_CURVE('',#793,#790,#375,.T.);
#968=EDGE_CURVE('',#790,#789,#352,.T.);
#969=EDGE_CURVE('',#788,#791,#353,.T.);
#970=EDGE_CURVE('',#770,#793,#354,.T.);
#971=EDGE_CURVE('',#792,#771,#355,.T.);
#972=EDGE_CURVE('',#783,#794,#376,.T.);
#973=EDGE_CURVE('',#794,#795,#30,.T.);
#974=EDGE_CURVE('',#795,#779,#377,.T.);
#975=EDGE_CURVE('',#796,#787,#378,.T.);
#976=EDGE_CURVE('',#794,#796,#379,.T.);
#977=EDGE_CURVE('',#797,#798,#31,.T.);
#978=EDGE_CURVE('',#798,#799,#380,.T.);
#979=EDGE_CURVE('',#799,#800,#32,.T.);
#980=EDGE_CURVE('',#800,#797,#381,.T.);
#981=EDGE_CURVE('',#801,#801,#33,.T.);
#982=EDGE_CURVE('',#802,#802,#34,.T.);
#983=EDGE_CURVE('',#790,#803,#382,.T.);
#984=EDGE_CURVE('',#803,#796,#35,.T.);
#985=EDGE_CURVE('',#804,#804,#15,.T.);
#986=EDGE_CURVE('',#803,#805,#383,.T.);
#987=EDGE_CURVE('',#806,#805,#36,.T.);
#988=EDGE_CURVE('',#806,#807,#384,.T.);
#989=EDGE_CURVE('',#808,#807,#37,.T.);
#990=EDGE_CURVE('',#808,#795,#385,.T.);
#991=EDGE_CURVE('',#809,#810,#386,.T.);
#992=EDGE_CURVE('',#810,#811,#387,.T.);
#993=EDGE_CURVE('',#811,#812,#388,.T.);
#994=EDGE_CURVE('',#812,#813,#389,.T.);
#995=EDGE_CURVE('',#813,#814,#390,.T.);
#996=EDGE_CURVE('',#814,#815,#391,.T.);
#997=EDGE_CURVE('',#815,#816,#392,.T.);
#998=EDGE_CURVE('',#816,#817,#393,.T.);
#999=EDGE_CURVE('',#817,#818,#394,.T.);
#1000=EDGE_CURVE('',#818,#819,#395,.T.);
#1001=EDGE_CURVE('',#819,#820,#396,.T.);
#1002=EDGE_CURVE('',#820,#821,#397,.T.);
#1003=EDGE_CURVE('',#821,#822,#398,.T.);
#1004=EDGE_CURVE('',#822,#823,#399,.T.);
#1005=EDGE_CURVE('',#823,#824,#400,.T.);
#1006=EDGE_CURVE('',#824,#825,#401,.T.);
#1007=EDGE_CURVE('',#825,#826,#402,.T.);
#1008=EDGE_CURVE('',#826,#827,#403,.T.);
#1009=EDGE_CURVE('',#827,#828,#404,.T.);
#1010=EDGE_CURVE('',#828,#829,#405,.T.);
#1011=EDGE_CURVE('',#829,#830,#406,.T.);
#1012=EDGE_CURVE('',#830,#831,#407,.T.);
#1013=EDGE_CURVE('',#831,#832,#408,.T.);
#1014=EDGE_CURVE('',#832,#833,#409,.T.);
#1015=EDGE_CURVE('',#833,#834,#410,.T.);
#1016=EDGE_CURVE('',#834,#835,#411,.T.);
#1017=EDGE_CURVE('',#835,#836,#412,.T.);
#1018=EDGE_CURVE('',#836,#809,#413,.T.);
#1019=EDGE_CURVE('',#773,#806,#414,.T.);
#1020=EDGE_CURVE('',#805,#770,#415,.T.);
#1021=EDGE_CURVE('',#807,#775,#416,.T.);
#1022=EDGE_CURVE('',#837,#837,#38,.T.);
#1023=EDGE_CURVE('',#838,#838,#39,.T.);
#1024=EDGE_CURVE('',#777,#808,#417,.T.);
#1025=EDGE_CURVE('',#837,#839,#418,.T.);
#1026=EDGE_CURVE('',#839,#839,#40,.T.);
#1027=EDGE_CURVE('',#840,#840,#41,.T.);
#1028=EDGE_CURVE('',#840,#802,#419,.T.);
#1029=EDGE_CURVE('',#838,#841,#420,.T.);
#1030=EDGE_CURVE('',#841,#841,#42,.T.);
#1031=EDGE_CURVE('',#842,#842,#43,.T.);
#1032=EDGE_CURVE('',#842,#801,#421,.T.);
#1033=EDGE_CURVE('',#812,#843,#422,.T.);
#1034=EDGE_CURVE('',#844,#811,#423,.T.);
#1035=EDGE_CURVE('',#844,#843,#424,.T.);
#1036=EDGE_CURVE('',#845,#846,#44,.T.);
#1037=EDGE_CURVE('',#847,#845,#425,.T.);
#1038=EDGE_CURVE('',#848,#847,#45,.T.);
#1039=EDGE_CURVE('',#848,#849,#426,.T.);
#1040=EDGE_CURVE('',#846,#849,#427,.T.);
#1041=EDGE_CURVE('',#849,#809,#428,.T.);
#1042=EDGE_CURVE('',#810,#848,#429,.T.);
#1043=EDGE_CURVE('',#850,#851,#46,.T.);
#1044=EDGE_CURVE('',#843,#850,#430,.T.);
#1045=EDGE_CURVE('',#852,#844,#47,.T.);
#1046=EDGE_CURVE('',#852,#851,#431,.T.);
#1047=EDGE_CURVE('',#853,#854,#48,.T.);
#1048=EDGE_CURVE('',#855,#853,#432,.T.);
#1049=EDGE_CURVE('',#856,#855,#49,.T.);
#1050=EDGE_CURVE('',#856,#852,#433,.T.);
#1051=EDGE_CURVE('',#847,#854,#434,.T.);
#1052=EDGE_CURVE('',#854,#798,#435,.T.);
#1053=EDGE_CURVE('',#853,#797,#436,.T.);
#1054=EDGE_CURVE('',#856,#799,#437,.T.);
#1055=EDGE_CURVE('',#851,#845,#438,.T.);
#1056=EDGE_CURVE('',#843,#857,#439,.T.);
#1057=EDGE_CURVE('',#857,#858,#440,.T.);
#1058=EDGE_CURVE('',#858,#859,#441,.T.);
#1059=EDGE_CURVE('',#813,#859,#442,.T.);
#1060=EDGE_CURVE('',#860,#850,#443,.T.);
#1061=EDGE_CURVE('',#857,#860,#444,.T.);
#1062=EDGE_CURVE('',#855,#800,#445,.T.);
#1063=EDGE_CURVE('',#836,#861,#446,.T.);
#1064=EDGE_CURVE('',#862,#861,#447,.T.);
#1065=EDGE_CURVE('',#863,#862,#448,.T.);
#1066=EDGE_CURVE('',#863,#864,#449,.T.);
#1067=EDGE_CURVE('',#864,#865,#450,.T.);
#1068=EDGE_CURVE('',#865,#866,#451,.T.);
#1069=EDGE_CURVE('',#866,#867,#452,.T.);
#1070=EDGE_CURVE('',#867,#849,#453,.T.);
#1071=EDGE_CURVE('',#868,#869,#50,.T.);
#1072=EDGE_CURVE('',#869,#870,#454,.T.);
#1073=EDGE_CURVE('',#870,#871,#51,.T.);
#1074=EDGE_CURVE('',#871,#868,#455,.T.);
#1075=EDGE_CURVE('',#872,#861,#456,.T.);
#1076=EDGE_CURVE('',#873,#872,#457,.T.);
#1077=EDGE_CURVE('',#862,#873,#458,.T.);
#1078=EDGE_CURVE('',#874,#875,#52,.T.);
#1079=EDGE_CURVE('',#876,#874,#459,.T.);
#1080=EDGE_CURVE('',#877,#876,#53,.T.);
#1081=EDGE_CURVE('',#877,#863,#460,.T.);
#1082=EDGE_CURVE('',#873,#878,#461,.T.);
#1083=EDGE_CURVE('',#878,#875,#462,.T.);
#1084=EDGE_CURVE('',#835,#872,#463,.T.);
#1085=EDGE_CURVE('',#868,#879,#464,.T.);
#1086=EDGE_CURVE('',#871,#880,#465,.T.);
#1087=EDGE_CURVE('',#880,#881,#466,.T.);
#1088=EDGE_CURVE('',#882,#881,#467,.T.);
#1089=EDGE_CURVE('',#883,#882,#468,.T.);
#1090=EDGE_CURVE('',#884,#883,#469,.T.);
#1091=EDGE_CURVE('',#885,#884,#470,.T.);
#1092=EDGE_CURVE('',#886,#885,#471,.T.);
#1093=EDGE_CURVE('',#886,#887,#472,.T.);
#1094=EDGE_CURVE('',#887,#888,#54,.T.);
#1095=EDGE_CURVE('',#888,#889,#473,.T.);
#1096=EDGE_CURVE('',#890,#889,#474,.T.);
#1097=EDGE_CURVE('',#859,#890,#475,.T.);
#1098=EDGE_CURVE('',#858,#891,#476,.T.);
#1099=EDGE_CURVE('',#891,#892,#477,.T.);
#1100=EDGE_CURVE('',#892,#866,#478,.T.);
#1101=EDGE_CURVE('',#865,#879,#479,.T.);
#1102=EDGE_CURVE('',#834,#893,#480,.T.);
#1103=EDGE_CURVE('',#893,#894,#481,.T.);
#1104=EDGE_CURVE('',#894,#882,#482,.T.);
#1105=EDGE_CURVE('',#881,#895,#483,.T.);
#1106=EDGE_CURVE('',#895,#878,#484,.T.);
#1107=EDGE_CURVE('',#869,#876,#485,.T.);
#1108=EDGE_CURVE('',#896,#879,#55,.T.);
#1109=EDGE_CURVE('',#897,#896,#486,.T.);
#1110=EDGE_CURVE('',#897,#898,#487,.T.);
#1111=EDGE_CURVE('',#877,#898,#488,.T.);
#1112=EDGE_CURVE('',#896,#864,#489,.T.);
#1113=EDGE_CURVE('',#880,#899,#56,.T.);
#1114=EDGE_CURVE('',#895,#899,#490,.T.);
#1115=EDGE_CURVE('',#898,#900,#491,.T.);
#1116=EDGE_CURVE('',#900,#901,#492,.T.);
#1117=EDGE_CURVE('',#901,#897,#493,.T.);
#1118=EDGE_CURVE('',#870,#874,#494,.T.);
#1119=EDGE_CURVE('',#899,#875,#495,.T.);
#1120=EDGE_CURVE('',#902,#903,#496,.T.);
#1121=EDGE_CURVE('',#902,#898,#497,.T.);
#1122=EDGE_CURVE('',#903,#897,#498,.T.);
#1123=EDGE_CURVE('',#903,#904,#499,.T.);
#1124=EDGE_CURVE('',#904,#901,#500,.T.);
#1125=EDGE_CURVE('',#904,#905,#501,.T.);
#1126=EDGE_CURVE('',#905,#900,#502,.T.);
#1127=EDGE_CURVE('',#905,#902,#503,.T.);
#1128=EDGE_CURVE('',#906,#906,#57,.T.);
#1129=EDGE_CURVE('',#906,#804,#504,.T.);
#1130=EDGE_CURVE('',#907,#892,#505,.T.);
#1131=EDGE_CURVE('',#907,#867,#506,.T.);
#1132=EDGE_CURVE('',#846,#907,#507,.T.);
#1133=EDGE_CURVE('',#860,#891,#508,.T.);
#1134=EDGE_CURVE('',#908,#888,#509,.T.);
#1135=EDGE_CURVE('',#908,#909,#510,.T.);
#1136=EDGE_CURVE('',#889,#909,#511,.T.);
#1137=EDGE_CURVE('',#910,#910,#58,.T.);
#1138=EDGE_CURVE('',#910,#911,#512,.T.);
#1139=EDGE_CURVE('',#911,#911,#59,.T.);
#1140=EDGE_CURVE('',#912,#887,#513,.T.);
#1141=EDGE_CURVE('',#912,#908,#60,.T.);
#1142=EDGE_CURVE('',#913,#886,#514,.T.);
#1143=EDGE_CURVE('',#913,#912,#515,.T.);
#1144=EDGE_CURVE('',#909,#913,#516,.T.);
#1145=EDGE_CURVE('',#914,#885,#517,.T.);
#1146=EDGE_CURVE('',#914,#915,#518,.T.);
#1147=EDGE_CURVE('',#815,#915,#519,.T.);
#1148=EDGE_CURVE('',#814,#890,#520,.T.);
#1149=EDGE_CURVE('',#914,#916,#521,.T.);
#1150=EDGE_CURVE('',#884,#916,#522,.T.);
#1151=EDGE_CURVE('',#916,#917,#523,.T.);
#1152=EDGE_CURVE('',#917,#883,#524,.T.);
#1153=EDGE_CURVE('',#917,#894,#525,.T.);
#1154=EDGE_CURVE('',#918,#893,#526,.T.);
#1155=EDGE_CURVE('',#919,#918,#527,.T.);
#1156=EDGE_CURVE('',#920,#919,#528,.T.);
#1157=EDGE_CURVE('',#921,#920,#529,.T.);
#1158=EDGE_CURVE('',#922,#921,#530,.T.);
#1159=EDGE_CURVE('',#923,#922,#531,.T.);
#1160=EDGE_CURVE('',#924,#923,#532,.T.);
#1161=EDGE_CURVE('',#925,#924,#533,.T.);
#1162=EDGE_CURVE('',#926,#925,#534,.T.);
#1163=EDGE_CURVE('',#927,#926,#535,.T.);
#1164=EDGE_CURVE('',#928,#927,#536,.T.);
#1165=EDGE_CURVE('',#929,#928,#537,.T.);
#1166=EDGE_CURVE('',#930,#929,#538,.T.);
#1167=EDGE_CURVE('',#931,#930,#539,.T.);
#1168=EDGE_CURVE('',#932,#931,#540,.T.);
#1169=EDGE_CURVE('',#933,#932,#541,.T.);
#1170=EDGE_CURVE('',#934,#933,#542,.T.);
#1171=EDGE_CURVE('',#935,#934,#543,.T.);
#1172=EDGE_CURVE('',#915,#935,#544,.T.);
#1173=EDGE_CURVE('',#832,#919,#545,.T.);
#1174=EDGE_CURVE('',#833,#918,#546,.T.);
#1175=EDGE_CURVE('',#831,#920,#547,.T.);
#1176=EDGE_CURVE('',#830,#921,#548,.T.);
#1177=EDGE_CURVE('',#829,#922,#549,.T.);
#1178=EDGE_CURVE('',#828,#923,#550,.T.);
#1179=EDGE_CURVE('',#827,#924,#551,.T.);
#1180=EDGE_CURVE('',#826,#925,#552,.T.);
#1181=EDGE_CURVE('',#825,#926,#553,.T.);
#1182=EDGE_CURVE('',#824,#927,#554,.T.);
#1183=EDGE_CURVE('',#823,#928,#555,.T.);
#1184=EDGE_CURVE('',#822,#929,#556,.T.);
#1185=EDGE_CURVE('',#821,#930,#557,.T.);
#1186=EDGE_CURVE('',#820,#931,#558,.T.);
#1187=EDGE_CURVE('',#819,#932,#559,.T.);
#1188=EDGE_CURVE('',#818,#933,#560,.T.);
#1189=EDGE_CURVE('',#817,#934,#561,.T.);
#1190=EDGE_CURVE('',#816,#935,#562,.T.);
#1191=ORIENTED_EDGE('',*,*,#936,.T.);
#1192=ORIENTED_EDGE('',*,*,#937,.T.);
#1193=ORIENTED_EDGE('',*,*,#938,.T.);
#1194=ORIENTED_EDGE('',*,*,#939,.T.);
#1195=ORIENTED_EDGE('',*,*,#940,.T.);
#1196=ORIENTED_EDGE('',*,*,#941,.T.);
#1197=ORIENTED_EDGE('',*,*,#938,.F.);
#1198=ORIENTED_EDGE('',*,*,#942,.T.);
#1199=ORIENTED_EDGE('',*,*,#943,.T.);
#1200=ORIENTED_EDGE('',*,*,#944,.T.);
#1201=ORIENTED_EDGE('',*,*,#940,.F.);
#1202=ORIENTED_EDGE('',*,*,#945,.T.);
#1203=ORIENTED_EDGE('',*,*,#946,.T.);
#1204=ORIENTED_EDGE('',*,*,#947,.T.);
#1205=ORIENTED_EDGE('',*,*,#948,.T.);
#1206=ORIENTED_EDGE('',*,*,#949,.T.);
#1207=ORIENTED_EDGE('',*,*,#948,.F.);
#1208=ORIENTED_EDGE('',*,*,#950,.T.);
#1209=ORIENTED_EDGE('',*,*,#943,.F.);
#1210=ORIENTED_EDGE('',*,*,#951,.T.);
#1211=ORIENTED_EDGE('',*,*,#952,.T.);
#1212=ORIENTED_EDGE('',*,*,#953,.T.);
#1213=ORIENTED_EDGE('',*,*,#954,.T.);
#1214=ORIENTED_EDGE('',*,*,#955,.T.);
#1215=ORIENTED_EDGE('',*,*,#952,.F.);
#1216=ORIENTED_EDGE('',*,*,#956,.T.);
#1217=ORIENTED_EDGE('',*,*,#957,.T.);
#1218=ORIENTED_EDGE('',*,*,#958,.T.);
#1219=ORIENTED_EDGE('',*,*,#959,.T.);
#1220=ORIENTED_EDGE('',*,*,#960,.T.);
#1221=ORIENTED_EDGE('',*,*,#957,.F.);
#1222=ORIENTED_EDGE('',*,*,#961,.T.);
#1223=ORIENTED_EDGE('',*,*,#954,.F.);
#1224=ORIENTED_EDGE('',*,*,#962,.T.);
#1225=ORIENTED_EDGE('',*,*,#946,.F.);
#1226=ORIENTED_EDGE('',*,*,#963,.T.);
#1227=ORIENTED_EDGE('',*,*,#964,.T.);
#1228=ORIENTED_EDGE('',*,*,#965,.T.);
#1229=ORIENTED_EDGE('',*,*,#966,.T.);
#1230=ORIENTED_EDGE('',*,*,#967,.T.);
#1231=ORIENTED_EDGE('',*,*,#964,.F.);
#1232=ORIENTED_EDGE('',*,*,#968,.T.);
#1233=ORIENTED_EDGE('',*,*,#959,.F.);
#1234=ORIENTED_EDGE('',*,*,#969,.T.);
#1235=ORIENTED_EDGE('',*,*,#936,.F.);
#1236=ORIENTED_EDGE('',*,*,#970,.T.);
#1237=ORIENTED_EDGE('',*,*,#966,.F.);
#1238=ORIENTED_EDGE('',*,*,#971,.T.);
#1239=ORIENTED_EDGE('',*,*,#962,.F.);
#1240=ORIENTED_EDGE('',*,*,#953,.F.);
#1241=ORIENTED_EDGE('',*,*,#972,.T.);
#1242=ORIENTED_EDGE('',*,*,#973,.T.);
#1243=ORIENTED_EDGE('',*,*,#974,.T.);
#1244=ORIENTED_EDGE('',*,*,#958,.F.);
#1245=ORIENTED_EDGE('',*,*,#975,.F.);
#1246=ORIENTED_EDGE('',*,*,#976,.F.);
#1247=ORIENTED_EDGE('',*,*,#972,.F.);
#1248=ORIENTED_EDGE('',*,*,#977,.T.);
#1249=ORIENTED_EDGE('',*,*,#978,.T.);
#1250=ORIENTED_EDGE('',*,*,#979,.T.);
#1251=ORIENTED_EDGE('',*,*,#980,.T.);
#1252=ORIENTED_EDGE('',*,*,#981,.T.);
#1253=ORIENTED_EDGE('',*,*,#982,.T.);
#1254=ORIENTED_EDGE('',*,*,#960,.F.);
#1255=ORIENTED_EDGE('',*,*,#968,.F.);
#1256=ORIENTED_EDGE('',*,*,#983,.T.);
#1257=ORIENTED_EDGE('',*,*,#984,.T.);
#1258=ORIENTED_EDGE('',*,*,#975,.T.);
#1259=ORIENTED_EDGE('',*,*,#965,.F.);
#1260=ORIENTED_EDGE('',*,*,#969,.F.);
#1261=ORIENTED_EDGE('',*,*,#961,.F.);
#1262=ORIENTED_EDGE('',*,*,#956,.F.);
#1263=ORIENTED_EDGE('',*,*,#955,.F.);
#1264=ORIENTED_EDGE('',*,*,#963,.F.);
#1265=ORIENTED_EDGE('',*,*,#949,.F.);
#1266=ORIENTED_EDGE('',*,*,#951,.F.);
#1267=ORIENTED_EDGE('',*,*,#945,.F.);
#1268=ORIENTED_EDGE('',*,*,#942,.F.);
#1269=ORIENTED_EDGE('',*,*,#937,.F.);
#1270=ORIENTED_EDGE('',*,*,#971,.F.);
#1271=ORIENTED_EDGE('',*,*,#985,.F.);
#1272=ORIENTED_EDGE('',*,*,#984,.F.);
#1273=ORIENTED_EDGE('',*,*,#986,.T.);
#1274=ORIENTED_EDGE('',*,*,#987,.F.);
#1275=ORIENTED_EDGE('',*,*,#988,.T.);
#1276=ORIENTED_EDGE('',*,*,#989,.F.);
#1277=ORIENTED_EDGE('',*,*,#990,.T.);
#1278=ORIENTED_EDGE('',*,*,#973,.F.);
#1279=ORIENTED_EDGE('',*,*,#976,.T.);
#1280=ORIENTED_EDGE('',*,*,#991,.T.);
#1281=ORIENTED_EDGE('',*,*,#992,.T.);
#1282=ORIENTED_EDGE('',*,*,#993,.T.);
#1283=ORIENTED_EDGE('',*,*,#994,.T.);
#1284=ORIENTED_EDGE('',*,*,#995,.T.);
#1285=ORIENTED_EDGE('',*,*,#996,.T.);
#1286=ORIENTED_EDGE('',*,*,#997,.T.);
#1287=ORIENTED_EDGE('',*,*,#998,.T.);
#1288=ORIENTED_EDGE('',*,*,#999,.T.);
#1289=ORIENTED_EDGE('',*,*,#1000,.T.);
#1290=ORIENTED_EDGE('',*,*,#1001,.T.);
#1291=ORIENTED_EDGE('',*,*,#1002,.T.);
#1292=ORIENTED_EDGE('',*,*,#1003,.T.);
#1293=ORIENTED_EDGE('',*,*,#1004,.T.);
#1294=ORIENTED_EDGE('',*,*,#1005,.T.);
#1295=ORIENTED_EDGE('',*,*,#1006,.T.);
#1296=ORIENTED_EDGE('',*,*,#1007,.T.);
#1297=ORIENTED_EDGE('',*,*,#1008,.T.);
#1298=ORIENTED_EDGE('',*,*,#1009,.T.);
#1299=ORIENTED_EDGE('',*,*,#1010,.T.);
#1300=ORIENTED_EDGE('',*,*,#1011,.T.);
#1301=ORIENTED_EDGE('',*,*,#1012,.T.);
#1302=ORIENTED_EDGE('',*,*,#1013,.T.);
#1303=ORIENTED_EDGE('',*,*,#1014,.T.);
#1304=ORIENTED_EDGE('',*,*,#1015,.T.);
#1305=ORIENTED_EDGE('',*,*,#1016,.T.);
#1306=ORIENTED_EDGE('',*,*,#1017,.T.);
#1307=ORIENTED_EDGE('',*,*,#1018,.T.);
#1308=ORIENTED_EDGE('',*,*,#939,.F.);
#1309=ORIENTED_EDGE('',*,*,#1019,.T.);
#1310=ORIENTED_EDGE('',*,*,#987,.T.);
#1311=ORIENTED_EDGE('',*,*,#1020,.T.);
#1312=ORIENTED_EDGE('',*,*,#941,.F.);
#1313=ORIENTED_EDGE('',*,*,#1021,.F.);
#1314=ORIENTED_EDGE('',*,*,#988,.F.);
#1315=ORIENTED_EDGE('',*,*,#1019,.F.);
#1316=ORIENTED_EDGE('',*,*,#1022,.T.);
#1317=ORIENTED_EDGE('',*,*,#1023,.T.);
#1318=ORIENTED_EDGE('',*,*,#944,.F.);
#1319=ORIENTED_EDGE('',*,*,#1024,.T.);
#1320=ORIENTED_EDGE('',*,*,#989,.T.);
#1321=ORIENTED_EDGE('',*,*,#1021,.T.);
#1322=ORIENTED_EDGE('',*,*,#1022,.F.);
#1323=ORIENTED_EDGE('',*,*,#1025,.T.);
#1324=ORIENTED_EDGE('',*,*,#1026,.F.);
#1325=ORIENTED_EDGE('',*,*,#1025,.F.);
#1326=ORIENTED_EDGE('',*,*,#1027,.F.);
#1327=ORIENTED_EDGE('',*,*,#1028,.T.);
#1328=ORIENTED_EDGE('',*,*,#982,.F.);
#1329=ORIENTED_EDGE('',*,*,#1028,.F.);
#1330=ORIENTED_EDGE('',*,*,#1023,.F.);
#1331=ORIENTED_EDGE('',*,*,#1029,.T.);
#1332=ORIENTED_EDGE('',*,*,#1030,.F.);
#1333=ORIENTED_EDGE('',*,*,#1029,.F.);
#1334=ORIENTED_EDGE('',*,*,#1031,.F.);
#1335=ORIENTED_EDGE('',*,*,#1032,.T.);
#1336=ORIENTED_EDGE('',*,*,#981,.F.);
#1337=ORIENTED_EDGE('',*,*,#1032,.F.);
#1338=ORIENTED_EDGE('',*,*,#1033,.F.);
#1339=ORIENTED_EDGE('',*,*,#993,.F.);
#1340=ORIENTED_EDGE('',*,*,#1034,.F.);
#1341=ORIENTED_EDGE('',*,*,#1035,.T.);
#1342=ORIENTED_EDGE('',*,*,#1036,.F.);
#1343=ORIENTED_EDGE('',*,*,#1037,.F.);
#1344=ORIENTED_EDGE('',*,*,#1038,.F.);
#1345=ORIENTED_EDGE('',*,*,#1039,.T.);
#1346=ORIENTED_EDGE('',*,*,#1040,.F.);
#1347=ORIENTED_EDGE('',*,*,#1041,.F.);
#1348=ORIENTED_EDGE('',*,*,#1039,.F.);
#1349=ORIENTED_EDGE('',*,*,#1042,.F.);
#1350=ORIENTED_EDGE('',*,*,#991,.F.);
#1351=ORIENTED_EDGE('',*,*,#1043,.F.);
#1352=ORIENTED_EDGE('',*,*,#1044,.F.);
#1353=ORIENTED_EDGE('',*,*,#1035,.F.);
#1354=ORIENTED_EDGE('',*,*,#1045,.F.);
#1355=ORIENTED_EDGE('',*,*,#1046,.T.);
#1356=ORIENTED_EDGE('',*,*,#1047,.F.);
#1357=ORIENTED_EDGE('',*,*,#1048,.F.);
#1358=ORIENTED_EDGE('',*,*,#1049,.F.);
#1359=ORIENTED_EDGE('',*,*,#1050,.T.);
#1360=ORIENTED_EDGE('',*,*,#1045,.T.);
#1361=ORIENTED_EDGE('',*,*,#1034,.T.);
#1362=ORIENTED_EDGE('',*,*,#992,.F.);
#1363=ORIENTED_EDGE('',*,*,#1042,.T.);
#1364=ORIENTED_EDGE('',*,*,#1038,.T.);
#1365=ORIENTED_EDGE('',*,*,#1051,.T.);
#1366=ORIENTED_EDGE('',*,*,#1047,.T.);
#1367=ORIENTED_EDGE('',*,*,#1052,.T.);
#1368=ORIENTED_EDGE('',*,*,#977,.F.);
#1369=ORIENTED_EDGE('',*,*,#1053,.F.);
#1370=ORIENTED_EDGE('',*,*,#1054,.T.);
#1371=ORIENTED_EDGE('',*,*,#978,.F.);
#1372=ORIENTED_EDGE('',*,*,#1052,.F.);
#1373=ORIENTED_EDGE('',*,*,#1051,.F.);
#1374=ORIENTED_EDGE('',*,*,#1037,.T.);
#1375=ORIENTED_EDGE('',*,*,#1055,.F.);
#1376=ORIENTED_EDGE('',*,*,#1046,.F.);
#1377=ORIENTED_EDGE('',*,*,#1050,.F.);
#1378=ORIENTED_EDGE('',*,*,#1033,.T.);
#1379=ORIENTED_EDGE('',*,*,#1056,.T.);
#1380=ORIENTED_EDGE('',*,*,#1057,.T.);
#1381=ORIENTED_EDGE('',*,*,#1058,.T.);
#1382=ORIENTED_EDGE('',*,*,#1059,.F.);
#1383=ORIENTED_EDGE('',*,*,#994,.F.);
#1384=ORIENTED_EDGE('',*,*,#1031,.T.);
#1385=ORIENTED_EDGE('',*,*,#1044,.T.);
#1386=ORIENTED_EDGE('',*,*,#1060,.F.);
#1387=ORIENTED_EDGE('',*,*,#1061,.F.);
#1388=ORIENTED_EDGE('',*,*,#1056,.F.);
#1389=ORIENTED_EDGE('',*,*,#1049,.T.);
#1390=ORIENTED_EDGE('',*,*,#1062,.T.);
#1391=ORIENTED_EDGE('',*,*,#979,.F.);
#1392=ORIENTED_EDGE('',*,*,#1054,.F.);
#1393=ORIENTED_EDGE('',*,*,#1048,.T.);
#1394=ORIENTED_EDGE('',*,*,#1053,.T.);
#1395=ORIENTED_EDGE('',*,*,#980,.F.);
#1396=ORIENTED_EDGE('',*,*,#1062,.F.);
#1397=ORIENTED_EDGE('',*,*,#1041,.T.);
#1398=ORIENTED_EDGE('',*,*,#1018,.F.);
#1399=ORIENTED_EDGE('',*,*,#1063,.T.);
#1400=ORIENTED_EDGE('',*,*,#1064,.F.);
#1401=ORIENTED_EDGE('',*,*,#1065,.F.);
#1402=ORIENTED_EDGE('',*,*,#1066,.T.);
#1403=ORIENTED_EDGE('',*,*,#1067,.T.);
#1404=ORIENTED_EDGE('',*,*,#1068,.T.);
#1405=ORIENTED_EDGE('',*,*,#1069,.T.);
#1406=ORIENTED_EDGE('',*,*,#1070,.T.);
#1407=ORIENTED_EDGE('',*,*,#1027,.T.);
#1408=ORIENTED_EDGE('',*,*,#970,.F.);
#1409=ORIENTED_EDGE('',*,*,#1020,.F.);
#1410=ORIENTED_EDGE('',*,*,#986,.F.);
#1411=ORIENTED_EDGE('',*,*,#983,.F.);
#1412=ORIENTED_EDGE('',*,*,#967,.F.);
#1413=ORIENTED_EDGE('',*,*,#1071,.T.);
#1414=ORIENTED_EDGE('',*,*,#1072,.T.);
#1415=ORIENTED_EDGE('',*,*,#1073,.T.);
#1416=ORIENTED_EDGE('',*,*,#1074,.T.);
#1417=ORIENTED_EDGE('',*,*,#1075,.F.);
#1418=ORIENTED_EDGE('',*,*,#1076,.F.);
#1419=ORIENTED_EDGE('',*,*,#1077,.F.);
#1420=ORIENTED_EDGE('',*,*,#1064,.T.);
#1421=ORIENTED_EDGE('',*,*,#1078,.F.);
#1422=ORIENTED_EDGE('',*,*,#1079,.F.);
#1423=ORIENTED_EDGE('',*,*,#1080,.F.);
#1424=ORIENTED_EDGE('',*,*,#1081,.T.);
#1425=ORIENTED_EDGE('',*,*,#1065,.T.);
#1426=ORIENTED_EDGE('',*,*,#1077,.T.);
#1427=ORIENTED_EDGE('',*,*,#1082,.T.);
#1428=ORIENTED_EDGE('',*,*,#1083,.T.);
#1429=ORIENTED_EDGE('',*,*,#1075,.T.);
#1430=ORIENTED_EDGE('',*,*,#1063,.F.);
#1431=ORIENTED_EDGE('',*,*,#1017,.F.);
#1432=ORIENTED_EDGE('',*,*,#1084,.T.);
#1433=ORIENTED_EDGE('',*,*,#1085,.F.);
#1434=ORIENTED_EDGE('',*,*,#1074,.F.);
#1435=ORIENTED_EDGE('',*,*,#1086,.T.);
#1436=ORIENTED_EDGE('',*,*,#1087,.T.);
#1437=ORIENTED_EDGE('',*,*,#1088,.F.);
#1438=ORIENTED_EDGE('',*,*,#1089,.F.);
#1439=ORIENTED_EDGE('',*,*,#1090,.F.);
#1440=ORIENTED_EDGE('',*,*,#1091,.F.);
#1441=ORIENTED_EDGE('',*,*,#1092,.F.);
#1442=ORIENTED_EDGE('',*,*,#1093,.T.);
#1443=ORIENTED_EDGE('',*,*,#1094,.T.);
#1444=ORIENTED_EDGE('',*,*,#1095,.T.);
#1445=ORIENTED_EDGE('',*,*,#1096,.F.);
#1446=ORIENTED_EDGE('',*,*,#1097,.F.);
#1447=ORIENTED_EDGE('',*,*,#1058,.F.);
#1448=ORIENTED_EDGE('',*,*,#1098,.T.);
#1449=ORIENTED_EDGE('',*,*,#1099,.T.);
#1450=ORIENTED_EDGE('',*,*,#1100,.T.);
#1451=ORIENTED_EDGE('',*,*,#1068,.F.);
#1452=ORIENTED_EDGE('',*,*,#1101,.T.);
#1453=ORIENTED_EDGE('',*,*,#1084,.F.);
#1454=ORIENTED_EDGE('',*,*,#1016,.F.);
#1455=ORIENTED_EDGE('',*,*,#1102,.T.);
#1456=ORIENTED_EDGE('',*,*,#1103,.T.);
#1457=ORIENTED_EDGE('',*,*,#1104,.T.);
#1458=ORIENTED_EDGE('',*,*,#1088,.T.);
#1459=ORIENTED_EDGE('',*,*,#1105,.T.);
#1460=ORIENTED_EDGE('',*,*,#1106,.T.);
#1461=ORIENTED_EDGE('',*,*,#1082,.F.);
#1462=ORIENTED_EDGE('',*,*,#1076,.T.);
#1463=ORIENTED_EDGE('',*,*,#1080,.T.);
#1464=ORIENTED_EDGE('',*,*,#1107,.F.);
#1465=ORIENTED_EDGE('',*,*,#1071,.F.);
#1466=ORIENTED_EDGE('',*,*,#1085,.T.);
#1467=ORIENTED_EDGE('',*,*,#1108,.F.);
#1468=ORIENTED_EDGE('',*,*,#1109,.F.);
#1469=ORIENTED_EDGE('',*,*,#1110,.T.);
#1470=ORIENTED_EDGE('',*,*,#1111,.F.);
#1471=ORIENTED_EDGE('',*,*,#1108,.T.);
#1472=ORIENTED_EDGE('',*,*,#1101,.F.);
#1473=ORIENTED_EDGE('',*,*,#1067,.F.);
#1474=ORIENTED_EDGE('',*,*,#1112,.F.);
#1475=ORIENTED_EDGE('',*,*,#1113,.T.);
#1476=ORIENTED_EDGE('',*,*,#1114,.F.);
#1477=ORIENTED_EDGE('',*,*,#1105,.F.);
#1478=ORIENTED_EDGE('',*,*,#1087,.F.);
#1479=ORIENTED_EDGE('',*,*,#1111,.T.);
#1480=ORIENTED_EDGE('',*,*,#1115,.T.);
#1481=ORIENTED_EDGE('',*,*,#1116,.T.);
#1482=ORIENTED_EDGE('',*,*,#1117,.T.);
#1483=ORIENTED_EDGE('',*,*,#1109,.T.);
#1484=ORIENTED_EDGE('',*,*,#1112,.T.);
#1485=ORIENTED_EDGE('',*,*,#1066,.F.);
#1486=ORIENTED_EDGE('',*,*,#1081,.F.);
#1487=ORIENTED_EDGE('',*,*,#1086,.F.);
#1488=ORIENTED_EDGE('',*,*,#1073,.F.);
#1489=ORIENTED_EDGE('',*,*,#1118,.T.);
#1490=ORIENTED_EDGE('',*,*,#1078,.T.);
#1491=ORIENTED_EDGE('',*,*,#1119,.F.);
#1492=ORIENTED_EDGE('',*,*,#1113,.F.);
#1493=ORIENTED_EDGE('',*,*,#1079,.T.);
#1494=ORIENTED_EDGE('',*,*,#1118,.F.);
#1495=ORIENTED_EDGE('',*,*,#1072,.F.);
#1496=ORIENTED_EDGE('',*,*,#1107,.T.);
#1497=ORIENTED_EDGE('',*,*,#1120,.F.);
#1498=ORIENTED_EDGE('',*,*,#1121,.T.);
#1499=ORIENTED_EDGE('',*,*,#1110,.F.);
#1500=ORIENTED_EDGE('',*,*,#1122,.F.);
#1501=ORIENTED_EDGE('',*,*,#1123,.F.);
#1502=ORIENTED_EDGE('',*,*,#1122,.T.);
#1503=ORIENTED_EDGE('',*,*,#1117,.F.);
#1504=ORIENTED_EDGE('',*,*,#1124,.F.);
#1505=ORIENTED_EDGE('',*,*,#1125,.F.);
#1506=ORIENTED_EDGE('',*,*,#1124,.T.);
#1507=ORIENTED_EDGE('',*,*,#1116,.F.);
#1508=ORIENTED_EDGE('',*,*,#1126,.F.);
#1509=ORIENTED_EDGE('',*,*,#1127,.F.);
#1510=ORIENTED_EDGE('',*,*,#1126,.T.);
#1511=ORIENTED_EDGE('',*,*,#1115,.F.);
#1512=ORIENTED_EDGE('',*,*,#1121,.F.);
#1513=ORIENTED_EDGE('',*,*,#1119,.T.);
#1514=ORIENTED_EDGE('',*,*,#1083,.F.);
#1515=ORIENTED_EDGE('',*,*,#1106,.F.);
#1516=ORIENTED_EDGE('',*,*,#1114,.T.);
#1517=ORIENTED_EDGE('',*,*,#1120,.T.);
#1518=ORIENTED_EDGE('',*,*,#1123,.T.);
#1519=ORIENTED_EDGE('',*,*,#1125,.T.);
#1520=ORIENTED_EDGE('',*,*,#1127,.T.);
#1521=ORIENTED_EDGE('',*,*,#1128,.T.);
#1522=ORIENTED_EDGE('',*,*,#1128,.F.);
#1523=ORIENTED_EDGE('',*,*,#1129,.T.);
#1524=ORIENTED_EDGE('',*,*,#985,.T.);
#1525=ORIENTED_EDGE('',*,*,#1129,.F.);
#1526=ORIENTED_EDGE('',*,*,#1100,.F.);
#1527=ORIENTED_EDGE('',*,*,#1130,.F.);
#1528=ORIENTED_EDGE('',*,*,#1131,.T.);
#1529=ORIENTED_EDGE('',*,*,#1069,.F.);
#1530=ORIENTED_EDGE('',*,*,#1036,.T.);
#1531=ORIENTED_EDGE('',*,*,#1132,.T.);
#1532=ORIENTED_EDGE('',*,*,#1130,.T.);
#1533=ORIENTED_EDGE('',*,*,#1099,.F.);
#1534=ORIENTED_EDGE('',*,*,#1133,.F.);
#1535=ORIENTED_EDGE('',*,*,#1060,.T.);
#1536=ORIENTED_EDGE('',*,*,#1043,.T.);
#1537=ORIENTED_EDGE('',*,*,#1055,.T.);
#1538=ORIENTED_EDGE('',*,*,#1098,.F.);
#1539=ORIENTED_EDGE('',*,*,#1057,.F.);
#1540=ORIENTED_EDGE('',*,*,#1061,.T.);
#1541=ORIENTED_EDGE('',*,*,#1133,.T.);
#1542=ORIENTED_EDGE('',*,*,#1040,.T.);
#1543=ORIENTED_EDGE('',*,*,#1070,.F.);
#1544=ORIENTED_EDGE('',*,*,#1131,.F.);
#1545=ORIENTED_EDGE('',*,*,#1132,.F.);
#1546=ORIENTED_EDGE('',*,*,#1095,.F.);
#1547=ORIENTED_EDGE('',*,*,#1134,.F.);
#1548=ORIENTED_EDGE('',*,*,#1135,.T.);
#1549=ORIENTED_EDGE('',*,*,#1136,.F.);
#1550=ORIENTED_EDGE('',*,*,#1137,.F.);
#1551=ORIENTED_EDGE('',*,*,#1138,.T.);
#1552=ORIENTED_EDGE('',*,*,#1139,.T.);
#1553=ORIENTED_EDGE('',*,*,#1138,.F.);
#1554=ORIENTED_EDGE('',*,*,#1094,.F.);
#1555=ORIENTED_EDGE('',*,*,#1140,.F.);
#1556=ORIENTED_EDGE('',*,*,#1141,.T.);
#1557=ORIENTED_EDGE('',*,*,#1134,.T.);
#1558=ORIENTED_EDGE('',*,*,#1093,.F.);
#1559=ORIENTED_EDGE('',*,*,#1142,.F.);
#1560=ORIENTED_EDGE('',*,*,#1143,.T.);
#1561=ORIENTED_EDGE('',*,*,#1140,.T.);
#1562=ORIENTED_EDGE('',*,*,#1144,.F.);
#1563=ORIENTED_EDGE('',*,*,#1135,.F.);
#1564=ORIENTED_EDGE('',*,*,#1141,.F.);
#1565=ORIENTED_EDGE('',*,*,#1143,.F.);
#1566=ORIENTED_EDGE('',*,*,#1139,.F.);
#1567=ORIENTED_EDGE('',*,*,#1142,.T.);
#1568=ORIENTED_EDGE('',*,*,#1092,.T.);
#1569=ORIENTED_EDGE('',*,*,#1145,.F.);
#1570=ORIENTED_EDGE('',*,*,#1146,.T.);
#1571=ORIENTED_EDGE('',*,*,#1147,.F.);
#1572=ORIENTED_EDGE('',*,*,#996,.F.);
#1573=ORIENTED_EDGE('',*,*,#1148,.T.);
#1574=ORIENTED_EDGE('',*,*,#1096,.T.);
#1575=ORIENTED_EDGE('',*,*,#1136,.T.);
#1576=ORIENTED_EDGE('',*,*,#1144,.T.);
#1577=ORIENTED_EDGE('',*,*,#1149,.F.);
#1578=ORIENTED_EDGE('',*,*,#1145,.T.);
#1579=ORIENTED_EDGE('',*,*,#1091,.T.);
#1580=ORIENTED_EDGE('',*,*,#1150,.T.);
#1581=ORIENTED_EDGE('',*,*,#1151,.F.);
#1582=ORIENTED_EDGE('',*,*,#1150,.F.);
#1583=ORIENTED_EDGE('',*,*,#1090,.T.);
#1584=ORIENTED_EDGE('',*,*,#1152,.F.);
#1585=ORIENTED_EDGE('',*,*,#1153,.F.);
#1586=ORIENTED_EDGE('',*,*,#1152,.T.);
#1587=ORIENTED_EDGE('',*,*,#1089,.T.);
#1588=ORIENTED_EDGE('',*,*,#1104,.F.);
#1589=ORIENTED_EDGE('',*,*,#1137,.T.);
#1590=ORIENTED_EDGE('',*,*,#995,.F.);
#1591=ORIENTED_EDGE('',*,*,#1059,.T.);
#1592=ORIENTED_EDGE('',*,*,#1097,.T.);
#1593=ORIENTED_EDGE('',*,*,#1148,.F.);
#1594=ORIENTED_EDGE('',*,*,#1149,.T.);
#1595=ORIENTED_EDGE('',*,*,#1151,.T.);
#1596=ORIENTED_EDGE('',*,*,#1153,.T.);
#1597=ORIENTED_EDGE('',*,*,#1103,.F.);
#1598=ORIENTED_EDGE('',*,*,#1154,.F.);
#1599=ORIENTED_EDGE('',*,*,#1155,.F.);
#1600=ORIENTED_EDGE('',*,*,#1156,.F.);
#1601=ORIENTED_EDGE('',*,*,#1157,.F.);
#1602=ORIENTED_EDGE('',*,*,#1158,.F.);
#1603=ORIENTED_EDGE('',*,*,#1159,.F.);
#1604=ORIENTED_EDGE('',*,*,#1160,.F.);
#1605=ORIENTED_EDGE('',*,*,#1161,.F.);
#1606=ORIENTED_EDGE('',*,*,#1162,.F.);
#1607=ORIENTED_EDGE('',*,*,#1163,.F.);
#1608=ORIENTED_EDGE('',*,*,#1164,.F.);
#1609=ORIENTED_EDGE('',*,*,#1165,.F.);
#1610=ORIENTED_EDGE('',*,*,#1166,.F.);
#1611=ORIENTED_EDGE('',*,*,#1167,.F.);
#1612=ORIENTED_EDGE('',*,*,#1168,.F.);
#1613=ORIENTED_EDGE('',*,*,#1169,.F.);
#1614=ORIENTED_EDGE('',*,*,#1170,.F.);
#1615=ORIENTED_EDGE('',*,*,#1171,.F.);
#1616=ORIENTED_EDGE('',*,*,#1172,.F.);
#1617=ORIENTED_EDGE('',*,*,#1146,.F.);
#1618=ORIENTED_EDGE('',*,*,#1014,.F.);
#1619=ORIENTED_EDGE('',*,*,#1173,.T.);
#1620=ORIENTED_EDGE('',*,*,#1155,.T.);
#1621=ORIENTED_EDGE('',*,*,#1174,.F.);
#1622=ORIENTED_EDGE('',*,*,#1013,.F.);
#1623=ORIENTED_EDGE('',*,*,#1175,.T.);
#1624=ORIENTED_EDGE('',*,*,#1156,.T.);
#1625=ORIENTED_EDGE('',*,*,#1173,.F.);
#1626=ORIENTED_EDGE('',*,*,#1012,.F.);
#1627=ORIENTED_EDGE('',*,*,#1176,.T.);
#1628=ORIENTED_EDGE('',*,*,#1157,.T.);
#1629=ORIENTED_EDGE('',*,*,#1175,.F.);
#1630=ORIENTED_EDGE('',*,*,#1011,.F.);
#1631=ORIENTED_EDGE('',*,*,#1177,.T.);
#1632=ORIENTED_EDGE('',*,*,#1158,.T.);
#1633=ORIENTED_EDGE('',*,*,#1176,.F.);
#1634=ORIENTED_EDGE('',*,*,#1010,.F.);
#1635=ORIENTED_EDGE('',*,*,#1178,.T.);
#1636=ORIENTED_EDGE('',*,*,#1159,.T.);
#1637=ORIENTED_EDGE('',*,*,#1177,.F.);
#1638=ORIENTED_EDGE('',*,*,#1009,.F.);
#1639=ORIENTED_EDGE('',*,*,#1179,.T.);
#1640=ORIENTED_EDGE('',*,*,#1160,.T.);
#1641=ORIENTED_EDGE('',*,*,#1178,.F.);
#1642=ORIENTED_EDGE('',*,*,#1008,.F.);
#1643=ORIENTED_EDGE('',*,*,#1180,.T.);
#1644=ORIENTED_EDGE('',*,*,#1161,.T.);
#1645=ORIENTED_EDGE('',*,*,#1179,.F.);
#1646=ORIENTED_EDGE('',*,*,#1007,.F.);
#1647=ORIENTED_EDGE('',*,*,#1181,.T.);
#1648=ORIENTED_EDGE('',*,*,#1162,.T.);
#1649=ORIENTED_EDGE('',*,*,#1180,.F.);
#1650=ORIENTED_EDGE('',*,*,#1006,.F.);
#1651=ORIENTED_EDGE('',*,*,#1182,.T.);
#1652=ORIENTED_EDGE('',*,*,#1163,.T.);
#1653=ORIENTED_EDGE('',*,*,#1181,.F.);
#1654=ORIENTED_EDGE('',*,*,#1026,.T.);
#1655=ORIENTED_EDGE('',*,*,#1030,.T.);
#1656=ORIENTED_EDGE('',*,*,#1005,.F.);
#1657=ORIENTED_EDGE('',*,*,#1183,.T.);
#1658=ORIENTED_EDGE('',*,*,#1164,.T.);
#1659=ORIENTED_EDGE('',*,*,#1182,.F.);
#1660=ORIENTED_EDGE('',*,*,#1004,.F.);
#1661=ORIENTED_EDGE('',*,*,#1184,.T.);
#1662=ORIENTED_EDGE('',*,*,#1165,.T.);
#1663=ORIENTED_EDGE('',*,*,#1183,.F.);
#1664=ORIENTED_EDGE('',*,*,#1003,.F.);
#1665=ORIENTED_EDGE('',*,*,#1185,.T.);
#1666=ORIENTED_EDGE('',*,*,#1166,.T.);
#1667=ORIENTED_EDGE('',*,*,#1184,.F.);
#1668=ORIENTED_EDGE('',*,*,#1002,.F.);
#1669=ORIENTED_EDGE('',*,*,#1186,.T.);
#1670=ORIENTED_EDGE('',*,*,#1167,.T.);
#1671=ORIENTED_EDGE('',*,*,#1185,.F.);
#1672=ORIENTED_EDGE('',*,*,#1001,.F.);
#1673=ORIENTED_EDGE('',*,*,#1187,.T.);
#1674=ORIENTED_EDGE('',*,*,#1168,.T.);
#1675=ORIENTED_EDGE('',*,*,#1186,.F.);
#1676=ORIENTED_EDGE('',*,*,#1000,.F.);
#1677=ORIENTED_EDGE('',*,*,#1188,.T.);
#1678=ORIENTED_EDGE('',*,*,#1169,.T.);
#1679=ORIENTED_EDGE('',*,*,#1187,.F.);
#1680=ORIENTED_EDGE('',*,*,#999,.F.);
#1681=ORIENTED_EDGE('',*,*,#1189,.T.);
#1682=ORIENTED_EDGE('',*,*,#1170,.T.);
#1683=ORIENTED_EDGE('',*,*,#1188,.F.);
#1684=ORIENTED_EDGE('',*,*,#998,.F.);
#1685=ORIENTED_EDGE('',*,*,#1190,.T.);
#1686=ORIENTED_EDGE('',*,*,#1171,.T.);
#1687=ORIENTED_EDGE('',*,*,#1189,.F.);
#1688=ORIENTED_EDGE('',*,*,#997,.F.);
#1689=ORIENTED_EDGE('',*,*,#1147,.T.);
#1690=ORIENTED_EDGE('',*,*,#1172,.T.);
#1691=ORIENTED_EDGE('',*,*,#1190,.F.);
#1692=ORIENTED_EDGE('',*,*,#1015,.F.);
#1693=ORIENTED_EDGE('',*,*,#1174,.T.);
#1694=ORIENTED_EDGE('',*,*,#1154,.T.);
#1695=ORIENTED_EDGE('',*,*,#1102,.F.);
#1696=ORIENTED_EDGE('',*,*,#947,.F.);
#1697=ORIENTED_EDGE('',*,*,#974,.F.);
#1698=ORIENTED_EDGE('',*,*,#990,.F.);
#1699=ORIENTED_EDGE('',*,*,#1024,.F.);
#1700=ORIENTED_EDGE('',*,*,#950,.F.);
#1701=B_SPLINE_SURFACE_WITH_KNOTS('',3,3,((#2369,#2370,#2371,#2372,#2373),
(#2374,#2375,#2376,#2377,#2378),(#2379,#2380,#2381,#2382,#2383),(#2384,
#2385,#2386,#2387,#2388)),.UNSPECIFIED.,.F.,.F.,.F.,(4,4),(4,1,4),(0.,1.),
(-1.5626320973622,-0.892932627064114,9.86334670309157E-16),
 .UNSPECIFIED.);
#1702=B_SPLINE_SURFACE_WITH_KNOTS('',3,3,((#2411,#2412,#2413,#2414,#2415),
(#2416,#2417,#2418,#2419,#2420),(#2421,#2422,#2423,#2424,#2425),(#2426,
#2427,#2428,#2429,#2430)),.UNSPECIFIED.,.F.,.F.,.F.,(4,4),(4,1,4),(0.,1.),
(-3.5454873938939E-15,0.669699470298083,1.5626320973622),.UNSPECIFIED.);
#1703=B_SPLINE_SURFACE_WITH_KNOTS('',3,3,((#2453,#2454,#2455,#2456),(#2457,
#2458,#2459,#2460),(#2461,#2462,#2463,#2464),(#2465,#2466,#2467,#2468)),
 .UNSPECIFIED.,.F.,.F.,.F.,(4,4),(4,4),(0.,1.),(1.5626320973622,1.5707963267949),
 .UNSPECIFIED.);
#1704=B_SPLINE_SURFACE_WITH_KNOTS('',3,3,((#2477,#2478,#2479,#2480,#2481),
(#2482,#2483,#2484,#2485,#2486),(#2487,#2488,#2489,#2490,#2491),(#2492,
#2493,#2494,#2495,#2496)),.UNSPECIFIED.,.F.,.F.,.F.,(4,4),(4,1,4),(0.,1.),
(-1.5707963267949,-0.897597901025655,1.96333558752062E-31),
 .UNSPECIFIED.);
#1705=B_SPLINE_SURFACE_WITH_KNOTS('',3,3,((#2519,#2520,#2521,#2522,#2523),
(#2524,#2525,#2526,#2527,#2528),(#2529,#2530,#2531,#2532,#2533),(#2534,
#2535,#2536,#2537,#2538)),.UNSPECIFIED.,.F.,.F.,.F.,(4,4),(4,1,4),(0.,1.),
(4.9960036108132E-16,0.673198425769244,1.5707963267949),.UNSPECIFIED.);
#1706=B_SPLINE_SURFACE_WITH_KNOTS('',3,3,((#2552,#2553,#2554,#2555),(#2556,
#2557,#2558,#2559),(#2560,#2561,#2562,#2563),(#2564,#2565,#2566,#2567)),
 .UNSPECIFIED.,.F.,.F.,.F.,(4,4),(4,4),(0.,1.),(-0.353863910998574,-0.350673314860875),
 .UNSPECIFIED.);
#1707=B_SPLINE_SURFACE_WITH_KNOTS('',3,3,((#2585,#2586,#2587,#2588),(#2589,
#2590,#2591,#2592),(#2593,#2594,#2595,#2596),(#2597,#2598,#2599,#2600)),
 .UNSPECIFIED.,.F.,.F.,.F.,(4,4),(4,4),(0.,1.),(-5.59223932177368,-5.58904872563598),
 .UNSPECIFIED.);
#1708=B_SPLINE_SURFACE_WITH_KNOTS('',3,3,((#2609,#2610,#2611,#2612),(#2613,
#2614,#2615,#2616),(#2617,#2618,#2619,#2620),(#2621,#2622,#2623,#2624)),
 .UNSPECIFIED.,.F.,.F.,.F.,(4,4),(4,4),(0.,1.),(-1.5707963267949,-1.5626320973622),
 .UNSPECIFIED.);
#1709=ADVANCED_FACE('',(#144),#1701,.T.);
#1710=ADVANCED_FACE('',(#145),#78,.T.);
#1711=ADVANCED_FACE('',(#146),#1702,.T.);
#1712=ADVANCED_FACE('',(#147),#79,.T.);
#1713=ADVANCED_FACE('',(#148),#1703,.T.);
#1714=ADVANCED_FACE('',(#149),#1704,.T.);
#1715=ADVANCED_FACE('',(#150),#80,.T.);
#1716=ADVANCED_FACE('',(#151),#1705,.T.);
#1717=ADVANCED_FACE('',(#152),#1706,.T.);
#1718=ADVANCED_FACE('',(#153),#81,.T.);
#1719=ADVANCED_FACE('',(#154),#1707,.T.);
#1720=ADVANCED_FACE('',(#155),#1708,.T.);
#1721=ADVANCED_FACE('',(#156),#61,.T.);
#1722=ADVANCED_FACE('',(#157,#16,#17,#18),#82,.T.);
#1723=ADVANCED_FACE('',(#158),#62,.T.);
#1724=ADVANCED_FACE('',(#159,#19),#83,.F.);
#1725=ADVANCED_FACE('',(#160,#20),#84,.T.);
#1726=ADVANCED_FACE('',(#161),#63,.T.);
#1727=ADVANCED_FACE('',(#162,#21,#22),#85,.T.);
#1728=ADVANCED_FACE('',(#163),#64,.T.);
#1729=ADVANCED_FACE('',(#164),#65,.F.);
#1730=ADVANCED_FACE('',(#165),#66,.F.);
#1731=ADVANCED_FACE('',(#166),#67,.F.);
#1732=ADVANCED_FACE('',(#167),#68,.F.);
#1733=ADVANCED_FACE('',(#168),#86,.F.);
#1734=ADVANCED_FACE('',(#169),#69,.F.);
#1735=ADVANCED_FACE('',(#170),#87,.F.);
#1736=ADVANCED_FACE('',(#171),#70,.F.);
#1737=ADVANCED_FACE('',(#172),#88,.F.);
#1738=ADVANCED_FACE('',(#173),#71,.F.);
#1739=ADVANCED_FACE('',(#174),#89,.F.);
#1740=ADVANCED_FACE('',(#175,#23),#90,.F.);
#1741=ADVANCED_FACE('',(#176),#91,.T.);
#1742=ADVANCED_FACE('',(#177),#72,.F.);
#1743=ADVANCED_FACE('',(#178),#92,.F.);
#1744=ADVANCED_FACE('',(#179,#24),#93,.F.);
#1745=ADVANCED_FACE('',(#180,#25),#94,.T.);
#1746=ADVANCED_FACE('',(#181),#95,.F.);
#1747=ADVANCED_FACE('',(#182),#96,.F.);
#1748=ADVANCED_FACE('',(#183),#97,.F.);
#1749=ADVANCED_FACE('',(#184),#98,.F.);
#1750=ADVANCED_FACE('',(#185),#99,.F.);
#1751=ADVANCED_FACE('',(#186),#73,.F.);
#1752=ADVANCED_FACE('',(#187),#100,.T.);
#1753=ADVANCED_FACE('',(#188),#101,.T.);
#1754=ADVANCED_FACE('',(#189),#102,.T.);
#1755=ADVANCED_FACE('',(#190),#74,.F.);
#1756=ADVANCED_FACE('',(#191),#103,.F.);
#1757=ADVANCED_FACE('',(#192),#104,.T.);
#1758=ADVANCED_FACE('',(#193),#105,.T.);
#1759=ADVANCED_FACE('',(#194),#106,.T.);
#1760=ADVANCED_FACE('',(#195),#107,.T.);
#1761=ADVANCED_FACE('',(#196),#108,.T.);
#1762=ADVANCED_FACE('',(#197,#26),#109,.F.);
#1763=ADVANCED_FACE('',(#198),#75,.F.);
#1764=ADVANCED_FACE('',(#199),#110,.T.);
#1765=ADVANCED_FACE('',(#200),#111,.T.);
#1766=ADVANCED_FACE('',(#201),#112,.T.);
#1767=ADVANCED_FACE('',(#202),#113,.T.);
#1768=ADVANCED_FACE('',(#203),#114,.T.);
#1769=ADVANCED_FACE('',(#204),#76,.F.);
#1770=ADVANCED_FACE('',(#205),#77,.T.);
#1771=ADVANCED_FACE('',(#206),#115,.T.);
#1772=ADVANCED_FACE('',(#207,#27),#116,.T.);
#1773=ADVANCED_FACE('',(#208),#117,.F.);
#1774=ADVANCED_FACE('',(#209),#118,.F.);
#1775=ADVANCED_FACE('',(#210),#119,.F.);
#1776=ADVANCED_FACE('',(#211),#120,.F.);
#1777=ADVANCED_FACE('',(#212),#121,.F.);
#1778=ADVANCED_FACE('',(#213),#122,.F.);
#1779=ADVANCED_FACE('',(#214),#123,.F.);
#1780=ADVANCED_FACE('',(#215),#124,.F.);
#1781=ADVANCED_FACE('',(#216),#125,.F.);
#1782=ADVANCED_FACE('',(#217),#126,.F.);
#1783=ADVANCED_FACE('',(#218),#127,.F.);
#1784=ADVANCED_FACE('',(#219),#128,.F.);
#1785=ADVANCED_FACE('',(#220),#129,.F.);
#1786=ADVANCED_FACE('',(#221),#130,.F.);
#1787=ADVANCED_FACE('',(#222),#131,.F.);
#1788=ADVANCED_FACE('',(#223,#28,#29),#132,.F.);
#1789=ADVANCED_FACE('',(#224),#133,.F.);
#1790=ADVANCED_FACE('',(#225),#134,.F.);
#1791=ADVANCED_FACE('',(#226),#135,.F.);
#1792=ADVANCED_FACE('',(#227),#136,.F.);
#1793=ADVANCED_FACE('',(#228),#137,.F.);
#1794=ADVANCED_FACE('',(#229),#138,.F.);
#1795=ADVANCED_FACE('',(#230),#139,.F.);
#1796=ADVANCED_FACE('',(#231),#140,.F.);
#1797=ADVANCED_FACE('',(#232),#141,.F.);
#1798=ADVANCED_FACE('',(#233),#142,.F.);
#1799=ADVANCED_FACE('',(#234),#143,.T.);
#1800=CLOSED_SHELL('',(#1709,#1710,#1711,#1712,#1713,#1714,#1715,#1716,
#1717,#1718,#1719,#1720,#1721,#1722,#1723,#1724,#1725,#1726,#1727,#1728,
#1729,#1730,#1731,#1732,#1733,#1734,#1735,#1736,#1737,#1738,#1739,#1740,
#1741,#1742,#1743,#1744,#1745,#1746,#1747,#1748,#1749,#1750,#1751,#1752,
#1753,#1754,#1755,#1756,#1757,#1758,#1759,#1760,#1761,#1762,#1763,#1764,
#1765,#1766,#1767,#1768,#1769,#1770,#1771,#1772,#1773,#1774,#1775,#1776,
#1777,#1778,#1779,#1780,#1781,#1782,#1783,#1784,#1785,#1786,#1787,#1788,
#1789,#1790,#1791,#1792,#1793,#1794,#1795,#1796,#1797,#1798,#1799));
#1801=DERIVED_UNIT_ELEMENT(#1803,1.);
#1802=DERIVED_UNIT_ELEMENT(#3078,-3.);
#1803=(
MASS_UNIT()
NAMED_UNIT(*)
SI_UNIT(.KILO.,.GRAM.)
);
#1804=DERIVED_UNIT((#1801,#1802));
#1805=MEASURE_REPRESENTATION_ITEM('density measure',
POSITIVE_RATIO_MEASURE(7850.),#1804);
#1806=PROPERTY_DEFINITION_REPRESENTATION(#1811,#1808);
#1807=PROPERTY_DEFINITION_REPRESENTATION(#1812,#1809);
#1808=REPRESENTATION('material name',(#1810),#3075);
#1809=REPRESENTATION('density',(#1805),#3075);
#1810=DESCRIPTIVE_REPRESENTATION_ITEM('\X2\92FC\X0\','\X2\92FC\X0\');
#1811=PROPERTY_DEFINITION('material property','material name',#3085);
#1812=PROPERTY_DEFINITION('material property','density of part',#3085);
#1813=AXIS2_PLACEMENT_3D('',#2368,#1929,#1930);
#1814=AXIS2_PLACEMENT_3D('',#2405,#1933,#1934);
#1815=AXIS2_PLACEMENT_3D('',#2444,#1939,#1940);
#1816=AXIS2_PLACEMENT_3D('',#2513,#1947,#1948);
#1817=AXIS2_PLACEMENT_3D('',#2576,#1953,#1954);
#1818=AXIS2_PLACEMENT_3D('',#2633,#1959,#1960);
#1819=AXIS2_PLACEMENT_3D('',#2637,#1962,#1963);
#1820=AXIS2_PLACEMENT_3D('',#2639,#1965,#1966);
#1821=AXIS2_PLACEMENT_3D('',#2645,#1969,#1970);
#1822=AXIS2_PLACEMENT_3D('',#2649,#1972,#1973);
#1823=AXIS2_PLACEMENT_3D('',#2652,#1975,#1976);
#1824=AXIS2_PLACEMENT_3D('',#2654,#1977,#1978);
#1825=AXIS2_PLACEMENT_3D('',#2655,#1979,#1980);
#1826=AXIS2_PLACEMENT_3D('',#2658,#1982,#1983);
#1827=AXIS2_PLACEMENT_3D('',#2659,#1984,#1985);
#1828=AXIS2_PLACEMENT_3D('',#2661,#1986,#1987);
#1829=AXIS2_PLACEMENT_3D('',#2662,#1988,#1989);
#1830=AXIS2_PLACEMENT_3D('',#2666,#1991,#1992);
#1831=AXIS2_PLACEMENT_3D('',#2670,#1994,#1995);
#1832=AXIS2_PLACEMENT_3D('',#2728,#2025,#2026);
#1833=AXIS2_PLACEMENT_3D('',#2731,#2029,#2030);
#1834=AXIS2_PLACEMENT_3D('',#2734,#2032,#2033);
#1835=AXIS2_PLACEMENT_3D('',#2736,#2034,#2035);
#1836=AXIS2_PLACEMENT_3D('',#2737,#2036,#2037);
#1837=AXIS2_PLACEMENT_3D('',#2739,#2039,#2040);
#1838=AXIS2_PLACEMENT_3D('',#2742,#2042,#2043);
#1839=AXIS2_PLACEMENT_3D('',#2743,#2044,#2045);
#1840=AXIS2_PLACEMENT_3D('',#2745,#2046,#2047);
#1841=AXIS2_PLACEMENT_3D('',#2747,#2049,#2050);
#1842=AXIS2_PLACEMENT_3D('',#2750,#2052,#2053);
#1843=AXIS2_PLACEMENT_3D('',#2751,#2054,#2055);
#1844=AXIS2_PLACEMENT_3D('',#2753,#2056,#2057);
#1845=AXIS2_PLACEMENT_3D('',#2755,#2059,#2060);
#1846=AXIS2_PLACEMENT_3D('',#2761,#2064,#2065);
#1847=AXIS2_PLACEMENT_3D('',#2764,#2066,#2067);
#1848=AXIS2_PLACEMENT_3D('',#2768,#2069,#2070);
#1849=AXIS2_PLACEMENT_3D('',#2772,#2073,#2074);
#1850=AXIS2_PLACEMENT_3D('',#2775,#2077,#2078);
#1851=AXIS2_PLACEMENT_3D('',#2778,#2079,#2080);
#1852=AXIS2_PLACEMENT_3D('',#2781,#2082,#2083);
#1853=AXIS2_PLACEMENT_3D('',#2783,#2085,#2086);
#1854=AXIS2_PLACEMENT_3D('',#2786,#2087,#2088);
#1855=AXIS2_PLACEMENT_3D('',#2790,#2090,#2091);
#1856=AXIS2_PLACEMENT_3D('',#2793,#2094,#2095);
#1857=AXIS2_PLACEMENT_3D('',#2796,#2098,#2099);
#1858=AXIS2_PLACEMENT_3D('',#2799,#2102,#2103);
#1859=AXIS2_PLACEMENT_3D('',#2807,#2108,#2109);
#1860=AXIS2_PLACEMENT_3D('',#2811,#2112,#2113);
#1861=AXIS2_PLACEMENT_3D('',#2813,#2115,#2116);
#1862=AXIS2_PLACEMENT_3D('',#2814,#2117,#2118);
#1863=AXIS2_PLACEMENT_3D('',#2830,#2127,#2128);
#1864=AXIS2_PLACEMENT_3D('',#2833,#2129,#2130);
#1865=AXIS2_PLACEMENT_3D('',#2837,#2132,#2133);
#1866=AXIS2_PLACEMENT_3D('',#2839,#2135,#2136);
#1867=AXIS2_PLACEMENT_3D('',#2845,#2140,#2141);
#1868=AXIS2_PLACEMENT_3D('',#2848,#2142,#2143);
#1869=AXIS2_PLACEMENT_3D('',#2852,#2145,#2146);
#1870=AXIS2_PLACEMENT_3D('',#2857,#2150,#2151);
#1871=AXIS2_PLACEMENT_3D('',#2859,#2153,#2154);
#1872=AXIS2_PLACEMENT_3D('',#2879,#2164,#2165);
#1873=AXIS2_PLACEMENT_3D('',#2891,#2173,#2174);
#1874=AXIS2_PLACEMENT_3D('',#2900,#2180,#2181);
#1875=AXIS2_PLACEMENT_3D('',#2903,#2183,#2184);
#1876=AXIS2_PLACEMENT_3D('',#2909,#2188,#2189);
#1877=AXIS2_PLACEMENT_3D('',#2911,#2191,#2192);
#1878=AXIS2_PLACEMENT_3D('',#2913,#2193,#2194);
#1879=AXIS2_PLACEMENT_3D('',#2915,#2196,#2197);
#1880=AXIS2_PLACEMENT_3D('',#2921,#2201,#2202);
#1881=AXIS2_PLACEMENT_3D('',#2924,#2205,#2206);
#1882=AXIS2_PLACEMENT_3D('',#2925,#2207,#2208);
#1883=AXIS2_PLACEMENT_3D('',#2931,#2212,#2213);
#1884=AXIS2_PLACEMENT_3D('',#2935,#2216,#2217);
#1885=AXIS2_PLACEMENT_3D('',#2939,#2220,#2221);
#1886=AXIS2_PLACEMENT_3D('',#2941,#2223,#2224);
#1887=AXIS2_PLACEMENT_3D('',#2942,#2225,#2226);
#1888=AXIS2_PLACEMENT_3D('',#2944,#2227,#2228);
#1889=AXIS2_PLACEMENT_3D('',#2945,#2229,#2230);
#1890=AXIS2_PLACEMENT_3D('',#2947,#2232,#2233);
#1891=AXIS2_PLACEMENT_3D('',#2951,#2236,#2237);
#1892=AXIS2_PLACEMENT_3D('',#2954,#2240,#2241);
#1893=AXIS2_PLACEMENT_3D('',#2955,#2242,#2243);
#1894=AXIS2_PLACEMENT_3D('',#2956,#2244,#2245);
#1895=AXIS2_PLACEMENT_3D('',#2962,#2249,#2250);
#1896=AXIS2_PLACEMENT_3D('',#2964,#2251,#2252);
#1897=AXIS2_PLACEMENT_3D('',#2967,#2254,#2255);
#1898=AXIS2_PLACEMENT_3D('',#2968,#2256,#2257);
#1899=AXIS2_PLACEMENT_3D('',#2971,#2259,#2260);
#1900=AXIS2_PLACEMENT_3D('',#2972,#2261,#2262);
#1901=AXIS2_PLACEMENT_3D('',#2976,#2265,#2266);
#1902=AXIS2_PLACEMENT_3D('',#2978,#2268,#2269);
#1903=AXIS2_PLACEMENT_3D('',#2985,#2274,#2275);
#1904=AXIS2_PLACEMENT_3D('',#2989,#2278,#2279);
#1905=AXIS2_PLACEMENT_3D('',#2993,#2282,#2283);
#1906=AXIS2_PLACEMENT_3D('',#2995,#2285,#2286);
#1907=AXIS2_PLACEMENT_3D('',#2996,#2287,#2288);
#1908=AXIS2_PLACEMENT_3D('',#2997,#2289,#2290);
#1909=AXIS2_PLACEMENT_3D('',#3035,#2310,#2311);
#1910=AXIS2_PLACEMENT_3D('',#3038,#2314,#2315);
#1911=AXIS2_PLACEMENT_3D('',#3040,#2317,#2318);
#1912=AXIS2_PLACEMENT_3D('',#3042,#2320,#2321);
#1913=AXIS2_PLACEMENT_3D('',#3044,#2323,#2324);
#1914=AXIS2_PLACEMENT_3D('',#3046,#2326,#2327);
#1915=AXIS2_PLACEMENT_3D('',#3048,#2329,#2330);
#1916=AXIS2_PLACEMENT_3D('',#3050,#2332,#2333);
#1917=AXIS2_PLACEMENT_3D('',#3052,#2335,#2336);
#1918=AXIS2_PLACEMENT_3D('',#3054,#2338,#2339);
#1919=AXIS2_PLACEMENT_3D('',#3056,#2341,#2342);
#1920=AXIS2_PLACEMENT_3D('',#3058,#2344,#2345);
#1921=AXIS2_PLACEMENT_3D('',#3060,#2347,#2348);
#1922=AXIS2_PLACEMENT_3D('',#3062,#2350,#2351);
#1923=AXIS2_PLACEMENT_3D('',#3064,#2353,#2354);
#1924=AXIS2_PLACEMENT_3D('',#3066,#2356,#2357);
#1925=AXIS2_PLACEMENT_3D('',#3068,#2359,#2360);
#1926=AXIS2_PLACEMENT_3D('',#3070,#2362,#2363);
#1927=AXIS2_PLACEMENT_3D('',#3071,#2364,#2365);
#1928=AXIS2_PLACEMENT_3D('',#3072,#2366,#2367);
#1929=DIRECTION('axis',(0.,0.,1.));
#1930=DIRECTION('refdir',(1.,0.,0.));
#1931=DIRECTION('',(-0.0392741481415005,-0.707175211733566,-0.705946712717996));
#1932=DIRECTION('',(-0.684221309834047,-3.04473315893675E-15,0.729274433371266));
#1933=DIRECTION('center_axis',(-0.729274433371269,0.,-0.684221309834044));
#1934=DIRECTION('ref_axis',(-0.684221309834044,0.,0.729274433371269));
#1935=DIRECTION('',(-0.684221309834044,0.,0.729274433371269));
#1936=DIRECTION('',(0.,1.,0.));
#1937=DIRECTION('',(0.,-1.,0.));
#1938=DIRECTION('',(0.0392741481415021,-0.707175211733566,0.705946712717996));
#1939=DIRECTION('center_axis',(-0.0450302557070029,-0.707106781186551,-0.705671507197901));
#1940=DIRECTION('ref_axis',(-0.997970216059539,0.,0.0636823983379723));
#1941=DIRECTION('',(0.0450302557070043,-0.707106781186543,0.705671507197909));
#1942=DIRECTION('',(-0.997970216059539,0.,0.0636823983379723));
#1943=DIRECTION('',(-0.0450302557070044,0.707106781186544,-0.705671507197907));
#1944=DIRECTION('',(0.997970216059539,0.,-0.0636823983379723));
#1945=DIRECTION('',(0.729274433371273,0.,0.684221309834039));
#1946=DIRECTION('',(-0.0450361085601342,0.707014862318676,-0.705763227567336));
#1947=DIRECTION('center_axis',(0.684221309834041,1.43395356263337E-16,-0.729274433371272));
#1948=DIRECTION('ref_axis',(-0.729274433371272,0.,-0.684221309834041));
#1949=DIRECTION('',(-1.96228316973239E-16,1.,1.25217062048415E-17));
#1950=DIRECTION('',(0.729274433371272,0.,0.684221309834041));
#1951=DIRECTION('',(1.96228316973239E-16,-1.,-1.25217062048415E-17));
#1952=DIRECTION('',(0.0450361085601342,0.707014862318676,0.705763227567336));
#1953=DIRECTION('center_axis',(-0.0450302557070028,0.707106781186552,-0.7056715071979));
#1954=DIRECTION('ref_axis',(-0.997970216059539,0.,0.0636823983379723));
#1955=DIRECTION('',(-0.0450302557070047,-0.707106781186543,-0.705671507197909));
#1956=DIRECTION('',(-0.997970216059539,0.,0.0636823983379723));
#1957=DIRECTION('',(0.0450302557070047,0.707106781186543,0.705671507197909));
#1958=DIRECTION('',(0.997970216059539,0.,-0.0636823983379723));
#1959=DIRECTION('center_axis',(0.,0.,-1.));
#1960=DIRECTION('ref_axis',(0.707106781186547,-0.707106781186547,0.));
#1961=DIRECTION('',(0.,0.,1.));
#1962=DIRECTION('center_axis',(0.,0.,-1.));
#1963=DIRECTION('ref_axis',(0.707106781186547,-0.707106781186547,0.));
#1964=DIRECTION('',(0.,0.,-1.));
#1965=DIRECTION('center_axis',(1.,1.96228316973239E-16,0.));
#1966=DIRECTION('ref_axis',(1.96228316973239E-16,-1.,0.));
#1967=DIRECTION('',(0.,0.,-1.));
#1968=DIRECTION('',(-1.96228316973239E-16,1.,0.));
#1969=DIRECTION('center_axis',(-1.,-1.96228316973239E-16,0.));
#1970=DIRECTION('ref_axis',(0.,0.,-1.));
#1971=DIRECTION('',(1.96228316973239E-16,-1.,0.));
#1972=DIRECTION('center_axis',(-1.,-1.96228316973239E-16,0.));
#1973=DIRECTION('ref_axis',(0.,-6.53072367426562E-16,1.));
#1974=DIRECTION('',(-1.96228316973239E-16,1.,0.));
#1975=DIRECTION('center_axis',(-1.,-1.96228316973239E-16,0.));
#1976=DIRECTION('ref_axis',(0.,1.,0.));
#1977=DIRECTION('center_axis',(-1.,-1.96228316973239E-16,0.));
#1978=DIRECTION('ref_axis',(0.,1.,0.));
#1979=DIRECTION('center_axis',(0.,0.,-1.));
#1980=DIRECTION('ref_axis',(0.707106781186548,0.707106781186547,0.));
#1981=DIRECTION('',(0.,0.,1.));
#1982=DIRECTION('center_axis',(0.,0.,-1.));
#1983=DIRECTION('ref_axis',(0.707106781186548,0.707106781186547,0.));
#1984=DIRECTION('center_axis',(0.0636823983379723,0.,0.997970216059539));
#1985=DIRECTION('ref_axis',(-0.997970216059539,0.,0.0636823983379723));
#1986=DIRECTION('center_axis',(-0.0636823983379723,0.,-0.997970216059539));
#1987=DIRECTION('ref_axis',(0.99797021605954,0.,-0.0636823983379723));
#1988=DIRECTION('center_axis',(0.,0.,1.));
#1989=DIRECTION('ref_axis',(1.,0.,0.));
#1990=DIRECTION('',(-1.,0.,0.));
#1991=DIRECTION('center_axis',(0.,0.,-1.));
#1992=DIRECTION('ref_axis',(-0.707106781186547,0.707106781186548,0.));
#1993=DIRECTION('',(0.,-1.,0.));
#1994=DIRECTION('center_axis',(0.,0.,-1.));
#1995=DIRECTION('ref_axis',(-0.707106781186547,-0.707106781186548,0.));
#1996=DIRECTION('',(1.,0.,0.));
#1997=DIRECTION('',(1.,0.,0.));
#1998=DIRECTION('',(1.96228316973239E-16,-1.,0.));
#1999=DIRECTION('',(-1.,0.,0.));
#2000=DIRECTION('',(0.,-1.,0.));
#2001=DIRECTION('',(-1.,1.31907686094078E-15,0.));
#2002=DIRECTION('',(4.78707075187866E-15,1.,0.));
#2003=DIRECTION('',(-1.,0.,0.));
#2004=DIRECTION('',(0.,1.,0.));
#2005=DIRECTION('',(-1.,-9.32470781837403E-16,0.));
#2006=DIRECTION('',(0.,1.,0.));
#2007=DIRECTION('',(-1.,-4.96189061284986E-16,0.));
#2008=DIRECTION('',(3.72988312734966E-15,-1.,0.));
#2009=DIRECTION('',(-1.,-1.3987061727561E-15,0.));
#2010=DIRECTION('',(0.,-1.,0.));
#2011=DIRECTION('',(-1.,0.,0.));
#2012=DIRECTION('',(0.,1.,0.));
#2013=DIRECTION('',(1.,0.,0.));
#2014=DIRECTION('',(-6.21647187891602E-16,1.,0.));
#2015=DIRECTION('',(1.,3.49676543189026E-16,0.));
#2016=DIRECTION('',(0.,1.,0.));
#2017=DIRECTION('',(1.,0.,0.));
#2018=DIRECTION('',(0.,-1.,0.));
#2019=DIRECTION('',(1.,0.,0.));
#2020=DIRECTION('',(0.,-1.,0.));
#2021=DIRECTION('',(1.,-1.3987061727561E-15,0.));
#2022=DIRECTION('',(4.78707075187866E-15,1.,0.));
#2023=DIRECTION('',(1.,-6.70530737644908E-15,0.));
#2024=DIRECTION('',(0.,-1.,0.));
#2025=DIRECTION('center_axis',(0.,0.,-1.));
#2026=DIRECTION('ref_axis',(-0.707106781186547,0.707106781186548,0.));
#2027=DIRECTION('',(0.,0.,1.));
#2028=DIRECTION('',(0.,0.,-1.));
#2029=DIRECTION('center_axis',(-1.,0.,0.));
#2030=DIRECTION('ref_axis',(0.,1.,0.));
#2031=DIRECTION('',(0.,0.,-1.));
#2032=DIRECTION('center_axis',(1.,0.,0.));
#2033=DIRECTION('ref_axis',(0.,1.,0.));
#2034=DIRECTION('center_axis',(1.,0.,0.));
#2035=DIRECTION('ref_axis',(0.,1.,0.));
#2036=DIRECTION('center_axis',(0.,0.,-1.));
#2037=DIRECTION('ref_axis',(-0.707106781186547,-0.707106781186548,0.));
#2038=DIRECTION('',(0.,0.,1.));
#2039=DIRECTION('center_axis',(1.,0.,0.));
#2040=DIRECTION('ref_axis',(0.,1.,0.));
#2041=DIRECTION('',(1.,0.,0.));
#2042=DIRECTION('center_axis',(-1.,0.,0.));
#2043=DIRECTION('ref_axis',(0.,1.,0.));
#2044=DIRECTION('center_axis',(1.,0.,0.));
#2045=DIRECTION('ref_axis',(0.,1.,0.));
#2046=DIRECTION('center_axis',(1.,0.,0.));
#2047=DIRECTION('ref_axis',(0.,1.,0.));
#2048=DIRECTION('',(1.,0.,0.));
#2049=DIRECTION('center_axis',(1.,0.,0.));
#2050=DIRECTION('ref_axis',(0.,1.,0.));
#2051=DIRECTION('',(1.,0.,0.));
#2052=DIRECTION('center_axis',(-1.,0.,0.));
#2053=DIRECTION('ref_axis',(0.,1.,0.));
#2054=DIRECTION('center_axis',(1.,0.,0.));
#2055=DIRECTION('ref_axis',(0.,1.,0.));
#2056=DIRECTION('center_axis',(1.,0.,0.));
#2057=DIRECTION('ref_axis',(0.,1.,0.));
#2058=DIRECTION('',(1.,0.,0.));
#2059=DIRECTION('center_axis',(0.,-1.,-2.96059473233375E-16));
#2060=DIRECTION('ref_axis',(5.8095252156569E-32,-2.96059473233375E-16,1.));
#2061=DIRECTION('',(0.,2.96059473233375E-16,-1.));
#2062=DIRECTION('',(5.8095252156569E-32,-2.96059473233375E-16,1.));
#2063=DIRECTION('',(-1.,0.,0.));
#2064=DIRECTION('center_axis',(-1.,0.,0.));
#2065=DIRECTION('ref_axis',(0.,3.26536183713281E-16,-1.));
#2066=DIRECTION('center_axis',(1.,-5.9211894646675E-15,0.));
#2067=DIRECTION('ref_axis',(0.,3.26536183713281E-16,-1.));
#2068=DIRECTION('',(-1.,0.,0.));
#2069=DIRECTION('center_axis',(-1.,-1.96228316973239E-16,0.));
#2070=DIRECTION('ref_axis',(0.,3.26536183713281E-16,-1.));
#2071=DIRECTION('',(-1.,0.,0.));
#2072=DIRECTION('',(1.,0.,0.));
#2073=DIRECTION('center_axis',(0.,1.,-8.88178419700126E-16));
#2074=DIRECTION('ref_axis',(1.74285756469707E-31,-8.88178419700126E-16,
-1.));
#2075=DIRECTION('',(0.,8.88178419700126E-16,1.));
#2076=DIRECTION('',(1.74285756469707E-31,-8.88178419700126E-16,-1.));
#2077=DIRECTION('center_axis',(-1.,0.,0.));
#2078=DIRECTION('ref_axis',(0.,1.30614473485312E-15,1.));
#2079=DIRECTION('center_axis',(1.,-5.9211894646675E-15,0.));
#2080=DIRECTION('ref_axis',(0.,1.30614473485312E-15,1.));
#2081=DIRECTION('',(-1.,0.,0.));
#2082=DIRECTION('center_axis',(-1.,-1.96228316973239E-16,0.));
#2083=DIRECTION('ref_axis',(0.,1.30614473485312E-15,1.));
#2084=DIRECTION('',(-1.,0.,0.));
#2085=DIRECTION('center_axis',(1.,1.96228316973239E-16,0.));
#2086=DIRECTION('ref_axis',(0.,0.,-1.));
#2087=DIRECTION('center_axis',(-1.,-1.96228316973239E-16,0.));
#2088=DIRECTION('ref_axis',(0.,0.,-1.));
#2089=DIRECTION('',(-1.96228316973239E-16,1.,0.));
#2090=DIRECTION('center_axis',(-1.,-1.96228316973239E-16,0.));
#2091=DIRECTION('ref_axis',(0.,-6.53072367426562E-16,1.));
#2092=DIRECTION('',(1.96228316973239E-16,-1.,-4.44089209850063E-16));
#2093=DIRECTION('',(1.96228316973239E-16,-1.,-4.44089209850063E-16));
#2094=DIRECTION('center_axis',(1.,0.,0.));
#2095=DIRECTION('ref_axis',(0.,0.,-1.));
#2096=DIRECTION('',(1.,0.,0.));
#2097=DIRECTION('',(1.,0.,0.));
#2098=DIRECTION('center_axis',(0.,0.,-1.));
#2099=DIRECTION('ref_axis',(0.,1.,0.));
#2100=DIRECTION('',(1.,0.,0.));
#2101=DIRECTION('',(5.9211894646675E-15,1.,4.44089209850063E-16));
#2102=DIRECTION('center_axis',(1.,0.,0.));
#2103=DIRECTION('ref_axis',(0.,1.,0.));
#2104=DIRECTION('',(0.,-1.,0.));
#2105=DIRECTION('',(0.,0.,-1.));
#2106=DIRECTION('',(0.,-1.,0.));
#2107=DIRECTION('',(0.,0.,-1.));
#2108=DIRECTION('center_axis',(0.,0.,1.));
#2109=DIRECTION('ref_axis',(1.,0.,0.));
#2110=DIRECTION('',(5.9211894646675E-15,1.,0.));
#2111=DIRECTION('',(-1.,-3.69983525752383E-13,0.));
#2112=DIRECTION('center_axis',(1.,0.,0.));
#2113=DIRECTION('ref_axis',(0.,-6.53072367426562E-16,1.));
#2114=DIRECTION('',(1.,0.,0.));
#2115=DIRECTION('center_axis',(0.,0.,1.));
#2116=DIRECTION('ref_axis',(0.,-1.,0.));
#2117=DIRECTION('center_axis',(1.,0.,0.));
#2118=DIRECTION('ref_axis',(0.,1.,0.));
#2119=DIRECTION('',(0.,0.,-1.));
#2120=DIRECTION('',(0.,-1.,0.));
#2121=DIRECTION('',(0.,0.,1.));
#2122=DIRECTION('',(0.,-1.,0.));
#2123=DIRECTION('',(0.,0.,-1.));
#2124=DIRECTION('',(0.,-1.,0.));
#2125=DIRECTION('',(0.,0.,1.));
#2126=DIRECTION('',(0.,-1.,0.));
#2127=DIRECTION('center_axis',(0.,1.,0.));
#2128=DIRECTION('ref_axis',(1.,0.,0.));
#2129=DIRECTION('center_axis',(0.,-1.,0.));
#2130=DIRECTION('ref_axis',(-1.01506105108585E-14,0.,1.));
#2131=DIRECTION('',(-1.,0.,-3.70074341541718E-16));
#2132=DIRECTION('center_axis',(0.,-1.,0.));
#2133=DIRECTION('ref_axis',(-1.01506105108586E-14,0.,-1.));
#2134=DIRECTION('',(1.,0.,1.11022302462516E-15));
#2135=DIRECTION('center_axis',(5.49615358725335E-17,0.,1.));
#2136=DIRECTION('ref_axis',(-1.,0.,5.49615358725335E-17));
#2137=DIRECTION('',(1.,-6.70530737644908E-15,-5.49615358725335E-17));
#2138=DIRECTION('',(0.,-1.,0.));
#2139=DIRECTION('',(-1.,0.,5.49615358725335E-17));
#2140=DIRECTION('center_axis',(0.,1.,0.));
#2141=DIRECTION('ref_axis',(0.,0.,1.));
#2142=DIRECTION('center_axis',(0.,-1.,0.));
#2143=DIRECTION('ref_axis',(-1.01506105108586E-14,0.,-1.));
#2144=DIRECTION('',(-1.,0.,-3.70074341541718E-16));
#2145=DIRECTION('center_axis',(0.,-1.,0.));
#2146=DIRECTION('ref_axis',(-1.01506105108585E-14,0.,1.));
#2147=DIRECTION('',(1.,0.,-6.22554967079568E-15));
#2148=DIRECTION('',(0.,0.,-1.));
#2149=DIRECTION('',(1.,0.,5.39547638135594E-15));
#2150=DIRECTION('center_axis',(6.70530737644908E-15,1.,0.));
#2151=DIRECTION('ref_axis',(-1.,6.70530737644908E-15,0.));
#2152=DIRECTION('',(0.,0.,-1.));
#2153=DIRECTION('center_axis',(1.11022302462516E-15,0.,-1.));
#2154=DIRECTION('ref_axis',(1.,0.,1.11022302462516E-15));
#2155=DIRECTION('',(0.,-1.,0.));
#2156=DIRECTION('',(0.,-1.,0.));
#2157=DIRECTION('',(-1.,5.60607665899842E-15,0.));
#2158=DIRECTION('',(4.78707075187866E-15,1.,0.));
#2159=DIRECTION('',(1.,2.08166817117231E-15,0.));
#2160=DIRECTION('',(5.9211894646675E-15,1.,0.));
#2161=DIRECTION('',(-1.,0.,0.));
#2162=DIRECTION('',(4.78707075187866E-15,1.,0.));
#2163=DIRECTION('',(1.,-7.51089554257177E-16,0.));
#2164=DIRECTION('center_axis',(0.,0.,-1.));
#2165=DIRECTION('ref_axis',(0.,-1.,0.));
#2166=DIRECTION('',(-1.,7.51089554257173E-16,0.));
#2167=DIRECTION('',(4.78707075187866E-15,1.,0.));
#2168=DIRECTION('',(-1.,1.31907686094078E-15,0.));
#2169=DIRECTION('',(-1.,-3.69983525752383E-13,0.));
#2170=DIRECTION('',(5.9211894646675E-15,1.,0.));
#2171=DIRECTION('',(1.,3.70392196804391E-13,0.));
#2172=DIRECTION('',(-1.,5.60607665899842E-15,0.));
#2173=DIRECTION('center_axis',(-1.,4.78707075187866E-15,0.));
#2174=DIRECTION('ref_axis',(-4.78707075187866E-15,-1.,0.));
#2175=DIRECTION('',(0.,0.,-1.));
#2176=DIRECTION('',(2.96059473233375E-15,-1.,0.));
#2177=DIRECTION('',(0.,0.,-1.));
#2178=DIRECTION('',(0.,0.,1.));
#2179=DIRECTION('',(4.78707075187866E-15,1.,0.));
#2180=DIRECTION('center_axis',(0.,-1.,0.));
#2181=DIRECTION('ref_axis',(-1.01506105108585E-14,0.,1.));
#2182=DIRECTION('',(0.,-1.,0.));
#2183=DIRECTION('center_axis',(5.60607665899842E-15,1.,0.));
#2184=DIRECTION('ref_axis',(-1.01506105108585E-14,0.,1.));
#2185=DIRECTION('',(0.,-1.,0.));
#2186=DIRECTION('',(0.,1.,0.));
#2187=DIRECTION('',(0.,-1.,0.));
#2188=DIRECTION('center_axis',(-5.60607665899842E-15,-1.,0.));
#2189=DIRECTION('ref_axis',(1.,-5.60607665899842E-15,0.));
#2190=DIRECTION('',(1.,-5.60607665899842E-15,0.));
#2191=DIRECTION('center_axis',(-5.60607665899842E-15,-1.,0.));
#2192=DIRECTION('ref_axis',(1.,-5.60607665899842E-15,0.));
#2193=DIRECTION('center_axis',(5.60607665899842E-15,1.,0.));
#2194=DIRECTION('ref_axis',(-1.01506105108586E-14,0.,-1.));
#2195=DIRECTION('',(1.,-5.60607665899842E-15,0.));
#2196=DIRECTION('center_axis',(0.,0.,1.));
#2197=DIRECTION('ref_axis',(1.,0.,0.));
#2198=DIRECTION('',(1.,-1.11022302462516E-14,0.));
#2199=DIRECTION('',(0.,-1.,0.));
#2200=DIRECTION('',(-1.,8.88178419700128E-15,0.));
#2201=DIRECTION('center_axis',(0.,-1.,0.));
#2202=DIRECTION('ref_axis',(-1.01506105108586E-14,0.,-1.));
#2203=DIRECTION('',(0.,-1.,0.));
#2204=DIRECTION('',(0.,1.,0.));
#2205=DIRECTION('center_axis',(-3.70074341541718E-16,0.,1.));
#2206=DIRECTION('ref_axis',(-1.,0.,-3.70074341541718E-16));
#2207=DIRECTION('center_axis',(1.,0.,0.));
#2208=DIRECTION('ref_axis',(0.,1.,0.));
#2209=DIRECTION('',(0.,-1.,0.));
#2210=DIRECTION('',(0.,0.,1.));
#2211=DIRECTION('',(0.,0.,1.));
#2212=DIRECTION('center_axis',(8.88178419700128E-15,1.,0.));
#2213=DIRECTION('ref_axis',(-1.,8.88178419700128E-15,0.));
#2214=DIRECTION('',(1.,-8.88178419700128E-15,0.));
#2215=DIRECTION('',(0.,0.,1.));
#2216=DIRECTION('center_axis',(-1.,0.,0.));
#2217=DIRECTION('ref_axis',(0.,-1.,0.));
#2218=DIRECTION('',(0.,1.,0.));
#2219=DIRECTION('',(0.,0.,1.));
#2220=DIRECTION('center_axis',(-1.11022302462516E-14,-1.,0.));
#2221=DIRECTION('ref_axis',(1.,-1.11022302462516E-14,0.));
#2222=DIRECTION('',(-1.,1.11022302462516E-14,0.));
#2223=DIRECTION('center_axis',(0.,0.,1.));
#2224=DIRECTION('ref_axis',(1.,0.,0.));
#2225=DIRECTION('center_axis',(0.,0.,-1.));
#2226=DIRECTION('ref_axis',(-1.,0.,0.));
#2227=DIRECTION('center_axis',(0.,0.,-1.));
#2228=DIRECTION('ref_axis',(1.,0.,0.));
#2229=DIRECTION('center_axis',(0.,0.,-1.));
#2230=DIRECTION('ref_axis',(1.,0.,0.));
#2231=DIRECTION('',(0.,0.,-1.));
#2232=DIRECTION('center_axis',(-3.70392196804391E-13,1.,0.));
#2233=DIRECTION('ref_axis',(1.,3.70392196804391E-13,0.));
#2234=DIRECTION('',(0.,0.,-1.));
#2235=DIRECTION('',(1.,3.70392196804391E-13,0.));
#2236=DIRECTION('center_axis',(-1.,5.9211894646675E-15,0.));
#2237=DIRECTION('ref_axis',(5.9211894646675E-15,1.,0.));
#2238=DIRECTION('',(5.9211894646675E-15,1.,0.));
#2239=DIRECTION('',(0.,0.,-1.));
#2240=DIRECTION('center_axis',(3.69983525752383E-13,-1.,0.));
#2241=DIRECTION('ref_axis',(-1.,-3.69983525752383E-13,0.));
#2242=DIRECTION('center_axis',(0.,0.,1.));
#2243=DIRECTION('ref_axis',(1.,0.,0.));
#2244=DIRECTION('center_axis',(-7.51089554257173E-16,-1.,0.));
#2245=DIRECTION('ref_axis',(-1.,7.51089554257173E-16,0.));
#2246=DIRECTION('',(0.,0.,-1.));
#2247=DIRECTION('',(-1.,7.51089554257173E-16,0.));
#2248=DIRECTION('',(0.,0.,1.));
#2249=DIRECTION('center_axis',(0.,0.,-1.));
#2250=DIRECTION('ref_axis',(1.,0.,0.));
#2251=DIRECTION('center_axis',(0.,0.,1.));
#2252=DIRECTION('ref_axis',(1.,0.,0.));
#2253=DIRECTION('',(0.,0.,1.));
#2254=DIRECTION('center_axis',(0.,0.,1.));
#2255=DIRECTION('ref_axis',(1.,0.,0.));
#2256=DIRECTION('center_axis',(0.,0.,-1.));
#2257=DIRECTION('ref_axis',(0.,-1.,0.));
#2258=DIRECTION('',(0.,0.,-1.));
#2259=DIRECTION('center_axis',(0.,0.,-1.));
#2260=DIRECTION('ref_axis',(0.,-1.,0.));
#2261=DIRECTION('center_axis',(7.51089554257177E-16,1.,0.));
#2262=DIRECTION('ref_axis',(1.,-7.51089554257177E-16,0.));
#2263=DIRECTION('',(0.,0.,-1.));
#2264=DIRECTION('',(1.,-7.51089554257177E-16,0.));
#2265=DIRECTION('center_axis',(0.,0.,1.));
#2266=DIRECTION('ref_axis',(1.,0.,0.));
#2267=DIRECTION('',(4.78707075187866E-15,1.,0.));
#2268=DIRECTION('center_axis',(-1.,4.78707075187866E-15,0.));
#2269=DIRECTION('ref_axis',(-4.78707075187866E-15,-1.,0.));
#2270=DIRECTION('',(0.,0.,-1.));
#2271=DIRECTION('',(2.96059473233375E-15,-1.,0.));
#2272=DIRECTION('',(0.,0.,-1.));
#2273=DIRECTION('',(0.,0.,-1.));
#2274=DIRECTION('center_axis',(0.,-1.,0.));
#2275=DIRECTION('ref_axis',(1.,0.,0.));
#2276=DIRECTION('',(-1.,0.,0.));
#2277=DIRECTION('',(0.,0.,1.));
#2278=DIRECTION('center_axis',(-1.,5.9211894646675E-15,0.));
#2279=DIRECTION('ref_axis',(-5.9211894646675E-15,-1.,0.));
#2280=DIRECTION('',(5.9211894646675E-15,1.,0.));
#2281=DIRECTION('',(0.,0.,-1.));
#2282=DIRECTION('center_axis',(-2.08166817117231E-15,1.,0.));
#2283=DIRECTION('ref_axis',(-1.,-2.08166817117231E-15,0.));
#2284=DIRECTION('',(1.,2.08166817117231E-15,0.));
#2285=DIRECTION('center_axis',(0.,0.,-1.));
#2286=DIRECTION('ref_axis',(-1.,0.,0.));
#2287=DIRECTION('center_axis',(-1.31907686094078E-15,-1.,0.));
#2288=DIRECTION('ref_axis',(1.,-1.31907686094078E-15,0.));
#2289=DIRECTION('center_axis',(0.,0.,-1.));
#2290=DIRECTION('ref_axis',(-1.,0.,0.));
#2291=DIRECTION('',(1.,-1.3987061727561E-15,0.));
#2292=DIRECTION('',(0.,-1.,0.));
#2293=DIRECTION('',(1.,0.,0.));
#2294=DIRECTION('',(0.,-1.,0.));
#2295=DIRECTION('',(1.,0.,0.));
#2296=DIRECTION('',(0.,1.,0.));
#2297=DIRECTION('',(1.,3.49676543189026E-16,0.));
#2298=DIRECTION('',(-6.21647187891602E-16,1.,0.));
#2299=DIRECTION('',(1.,0.,0.));
#2300=DIRECTION('',(0.,1.,0.));
#2301=DIRECTION('',(-1.,0.,0.));
#2302=DIRECTION('',(0.,-1.,0.));
#2303=DIRECTION('',(-1.,-1.3987061727561E-15,0.));
#2304=DIRECTION('',(3.72988312734966E-15,-1.,0.));
#2305=DIRECTION('',(-1.,-4.96189061284986E-16,0.));
#2306=DIRECTION('',(0.,1.,0.));
#2307=DIRECTION('',(-1.,-9.32470781837403E-16,0.));
#2308=DIRECTION('',(0.,1.,0.));
#2309=DIRECTION('',(-1.,0.,0.));
#2310=DIRECTION('center_axis',(1.,0.,0.));
#2311=DIRECTION('ref_axis',(0.,-1.,0.));
#2312=DIRECTION('',(0.,0.,-1.));
#2313=DIRECTION('',(0.,0.,-1.));
#2314=DIRECTION('center_axis',(0.,1.,0.));
#2315=DIRECTION('ref_axis',(1.,0.,0.));
#2316=DIRECTION('',(0.,0.,-1.));
#2317=DIRECTION('center_axis',(1.,0.,0.));
#2318=DIRECTION('ref_axis',(0.,-1.,0.));
#2319=DIRECTION('',(0.,0.,-1.));
#2320=DIRECTION('center_axis',(0.,1.,0.));
#2321=DIRECTION('ref_axis',(1.,0.,0.));
#2322=DIRECTION('',(0.,0.,-1.));
#2323=DIRECTION('center_axis',(-1.,0.,0.));
#2324=DIRECTION('ref_axis',(0.,1.,0.));
#2325=DIRECTION('',(0.,0.,-1.));
#2326=DIRECTION('center_axis',(-3.49676543189026E-16,1.,0.));
#2327=DIRECTION('ref_axis',(1.,3.49676543189026E-16,0.));
#2328=DIRECTION('',(0.,0.,-1.));
#2329=DIRECTION('center_axis',(-1.,-6.21647187891602E-16,0.));
#2330=DIRECTION('ref_axis',(-6.21647187891602E-16,1.,0.));
#2331=DIRECTION('',(0.,0.,-1.));
#2332=DIRECTION('center_axis',(0.,1.,0.));
#2333=DIRECTION('ref_axis',(1.,0.,0.));
#2334=DIRECTION('',(0.,0.,-1.));
#2335=DIRECTION('center_axis',(-1.,0.,0.));
#2336=DIRECTION('ref_axis',(0.,1.,0.));
#2337=DIRECTION('',(0.,0.,-1.));
#2338=DIRECTION('center_axis',(0.,-1.,0.));
#2339=DIRECTION('ref_axis',(-1.,0.,0.));
#2340=DIRECTION('',(0.,0.,-1.));
#2341=DIRECTION('center_axis',(1.,0.,0.));
#2342=DIRECTION('ref_axis',(0.,-1.,0.));
#2343=DIRECTION('',(0.,0.,-1.));
#2344=DIRECTION('center_axis',(1.3987061727561E-15,-1.,0.));
#2345=DIRECTION('ref_axis',(-1.,-1.3987061727561E-15,0.));
#2346=DIRECTION('',(0.,0.,-1.));
#2347=DIRECTION('center_axis',(1.,3.72988312734966E-15,0.));
#2348=DIRECTION('ref_axis',(3.72988312734966E-15,-1.,0.));
#2349=DIRECTION('',(0.,0.,-1.));
#2350=DIRECTION('center_axis',(4.96189061284986E-16,-1.,0.));
#2351=DIRECTION('ref_axis',(-1.,-4.96189061284986E-16,0.));
#2352=DIRECTION('',(0.,0.,-1.));
#2353=DIRECTION('center_axis',(-1.,0.,0.));
#2354=DIRECTION('ref_axis',(0.,1.,0.));
#2355=DIRECTION('',(0.,0.,-1.));
#2356=DIRECTION('center_axis',(9.32470781837403E-16,-1.,0.));
#2357=DIRECTION('ref_axis',(-1.,-9.32470781837403E-16,0.));
#2358=DIRECTION('',(0.,0.,-1.));
#2359=DIRECTION('center_axis',(-1.,0.,0.));
#2360=DIRECTION('ref_axis',(0.,1.,0.));
#2361=DIRECTION('',(0.,0.,-1.));
#2362=DIRECTION('center_axis',(0.,-1.,0.));
#2363=DIRECTION('ref_axis',(-1.,0.,0.));
#2364=DIRECTION('center_axis',(1.3987061727561E-15,1.,0.));
#2365=DIRECTION('ref_axis',(1.,-1.3987061727561E-15,0.));
#2366=DIRECTION('center_axis',(0.,-1.,0.));
#2367=DIRECTION('ref_axis',(-1.,0.,0.));
#2368=CARTESIAN_POINT('',(0.,0.,0.));
#2369=CARTESIAN_POINT('Ctrl Pts',(-8.02499999984868,21.45,-6.74784955950788));
#2370=CARTESIAN_POINT('Ctrl Pts',(-8.89566710862649,21.4500000000338,-6.69229246883854));
#2371=CARTESIAN_POINT('Ctrl Pts',(-10.9388208569192,20.7451450926588,-6.56234680161952));
#2372=CARTESIAN_POINT('Ctrl Pts',(-11.925,18.7203090398205,-6.5));
#2373=CARTESIAN_POINT('Ctrl Pts',(-11.925,17.55,-6.5));
#2374=CARTESIAN_POINT('Ctrl Pts',(-8.03425820848959,21.2832955400543,-6.91426442182736));
#2375=CARTESIAN_POINT('Ctrl Pts',(-8.86784295867718,21.2812288010289,-6.8610730105531));
#2376=CARTESIAN_POINT('Ctrl Pts',(-10.8200485348341,20.6016197261217,-6.73678695375518));
#2377=CARTESIAN_POINT('Ctrl Pts',(-11.7586716306567,18.6674352330661,-6.677280399723));
#2378=CARTESIAN_POINT('Ctrl Pts',(-11.7586716306567,17.55,-6.677280399723));
#2379=CARTESIAN_POINT('Ctrl Pts',(-8.04351641713049,21.1165910801085,-7.08067928414683));
#2380=CARTESIAN_POINT('Ctrl Pts',(-8.84001880872786,21.112457602024,-7.02985355226766));
#2381=CARTESIAN_POINT('Ctrl Pts',(-10.7012762127489,20.4580943595846,-6.91122710589083));
#2382=CARTESIAN_POINT('Ctrl Pts',(-11.5923432613135,18.6145614263118,-6.85456079944599));
#2383=CARTESIAN_POINT('Ctrl Pts',(-11.5923432613135,17.55,-6.85456079944599));
#2384=CARTESIAN_POINT('Ctrl Pts',(-8.05277462577139,20.9498866201628,-7.24709414646631));
#2385=CARTESIAN_POINT('Ctrl Pts',(-8.81219465877855,20.9436864030191,-7.19863409398223));
#2386=CARTESIAN_POINT('Ctrl Pts',(-10.5825038906638,20.3145689930475,-7.08566725802649));
#2387=CARTESIAN_POINT('Ctrl Pts',(-11.4260148919702,18.5616876195574,-7.03184119916899));
#2388=CARTESIAN_POINT('Ctrl Pts',(-11.4260148919702,17.55,-7.03184119916899));
#2389=CARTESIAN_POINT('',(-8.0249999998493,21.45,-6.74784955951746));
#2390=CARTESIAN_POINT('',(-8.05277462577139,20.9498866201628,-7.24709414646631));
#2391=CARTESIAN_POINT('',(-8.0249999998493,21.45,-6.74784955951746));
#2392=CARTESIAN_POINT('',(-11.4260148919702,17.55,-7.03184119916899));
#2393=CARTESIAN_POINT('Ctrl Pts',(-8.05277462577139,20.9498866201628,-7.24709414646631));
#2394=CARTESIAN_POINT('Ctrl Pts',(-8.81219465877855,20.9436864030191,-7.19863409398223));
#2395=CARTESIAN_POINT('Ctrl Pts',(-10.5825038906638,20.3145689930475,-7.08566725802649));
#2396=CARTESIAN_POINT('Ctrl Pts',(-11.4260148919702,18.5616876195574,-7.03184119916899));
#2397=CARTESIAN_POINT('Ctrl Pts',(-11.4260148919702,17.55,-7.03184119916899));
#2398=CARTESIAN_POINT('',(-11.925,17.55,-6.5));
#2399=CARTESIAN_POINT('',(-11.4260148919702,17.55,-7.03184119916899));
#2400=CARTESIAN_POINT('Ctrl Pts',(-11.925,17.55,-6.5));
#2401=CARTESIAN_POINT('Ctrl Pts',(-11.925,18.7203090398205,-6.5));
#2402=CARTESIAN_POINT('Ctrl Pts',(-10.9388208569192,20.7451450926588,-6.56234680161952));
#2403=CARTESIAN_POINT('Ctrl Pts',(-8.89566710862649,21.4500000000338,-6.69229246883854));
#2404=CARTESIAN_POINT('Ctrl Pts',(-8.02499999984868,21.45,-6.74784955950788));
#2405=CARTESIAN_POINT('Origin',(-11.6755074459851,-23.8125,-6.76592059958449));
#2406=CARTESIAN_POINT('',(-11.4260148919702,-65.175,-7.03184119916899));
#2407=CARTESIAN_POINT('',(-11.925,-65.175,-6.5));
#2408=CARTESIAN_POINT('',(-11.4260148919702,-65.175,-7.03184119916899));
#2409=CARTESIAN_POINT('',(-11.925,-23.8125,-6.5));
#2410=CARTESIAN_POINT('',(-11.4260148919702,-23.8125,-7.03184119916899));
#2411=CARTESIAN_POINT('Ctrl Pts',(-11.925,-65.175,-6.5));
#2412=CARTESIAN_POINT('Ctrl Pts',(-11.925,-66.0527317798653,-6.5));
#2413=CARTESIAN_POINT('Ctrl Pts',(-11.2063167081917,-68.1037290804093,-6.54542815094034));
#2414=CARTESIAN_POINT('Ctrl Pts',(-9.18588947821909,-69.075000000045,-6.67377343861542));
#2415=CARTESIAN_POINT('Ctrl Pts',(-8.02499999984868,-69.075,-6.74784955950788));
#2416=CARTESIAN_POINT('Ctrl Pts',(-11.7586716306567,-65.175,-6.677280399723));
#2417=CARTESIAN_POINT('Ctrl Pts',(-11.7586716306567,-66.0130764247996,-6.677280399723));
#2418=CARTESIAN_POINT('Ctrl Pts',(-11.0747366820539,-67.9715765670716,-6.72063532932459));
#2419=CARTESIAN_POINT('Ctrl Pts',(-9.14570454207304,-68.9055398880204,-6.84334254012835));
#2420=CARTESIAN_POINT('Ctrl Pts',(-8.03425820848959,-68.9082955400542,-6.91426442182736));
#2421=CARTESIAN_POINT('Ctrl Pts',(-11.5923432613135,-65.175,-6.85456079944599));
#2422=CARTESIAN_POINT('Ctrl Pts',(-11.5923432613135,-65.9734210697338,-6.85456079944599));
#2423=CARTESIAN_POINT('Ctrl Pts',(-10.9431566559161,-67.839424053734,-6.89584250770883));
#2424=CARTESIAN_POINT('Ctrl Pts',(-9.10551960592699,-68.7360797759958,-7.01291164164127));
#2425=CARTESIAN_POINT('Ctrl Pts',(-8.04351641713049,-68.7415910801085,-7.08067928414683));
#2426=CARTESIAN_POINT('Ctrl Pts',(-11.4260148919702,-65.175,-7.03184119916899));
#2427=CARTESIAN_POINT('Ctrl Pts',(-11.4260148919702,-65.933765714668,-7.03184119916899));
#2428=CARTESIAN_POINT('Ctrl Pts',(-10.8115766297782,-67.7072715403963,-7.07104968609308));
#2429=CARTESIAN_POINT('Ctrl Pts',(-9.06533466978093,-68.5666196639713,-7.1824807431542));
#2430=CARTESIAN_POINT('Ctrl Pts',(-8.05277462577139,-68.5748866201627,-7.24709414646631));
#2431=CARTESIAN_POINT('',(-8.05277462577139,-68.5748866201627,-7.24709414646631));
#2432=CARTESIAN_POINT('',(-8.0249999998493,-69.075,-6.74784955951746));
#2433=CARTESIAN_POINT('',(-8.05277462577139,-68.5748866201627,-7.24709414646631));
#2434=CARTESIAN_POINT('Ctrl Pts',(-8.02499999984868,-69.075,-6.74784955950788));
#2435=CARTESIAN_POINT('Ctrl Pts',(-9.18588947821909,-69.075000000045,-6.67377343861542));
#2436=CARTESIAN_POINT('Ctrl Pts',(-11.2063167081917,-68.1037290804093,-6.54542815094034));
#2437=CARTESIAN_POINT('Ctrl Pts',(-11.925,-66.0527317798653,-6.5));
#2438=CARTESIAN_POINT('Ctrl Pts',(-11.925,-65.175,-6.5));
#2439=CARTESIAN_POINT('Ctrl Pts',(-11.4260148919702,-65.175,-7.03184119916899));
#2440=CARTESIAN_POINT('Ctrl Pts',(-11.4260148919702,-65.933765714668,-7.03184119916899));
#2441=CARTESIAN_POINT('Ctrl Pts',(-10.8115766297782,-67.7072715403963,-7.07104968609308));
#2442=CARTESIAN_POINT('Ctrl Pts',(-9.06533466978093,-68.5666196639713,-7.1824807431542));
#2443=CARTESIAN_POINT('Ctrl Pts',(-8.05277462577139,-68.5748866201627,-7.24709414646631));
#2444=CARTESIAN_POINT('Origin',(106.790535837565,-68.825,-14.3249581244792));
#2445=CARTESIAN_POINT('',(103.243158800831,-68.575,-14.3491016531177));
#2446=CARTESIAN_POINT('',(103.275,-69.075,-13.8501165450879));
#2447=CARTESIAN_POINT('',(103.243158800831,-68.575,-14.3491016531177));
#2448=CARTESIAN_POINT('',(-7.993158800831,-69.075,-6.74988139071078));
#2449=CARTESIAN_POINT('',(106.806456437149,-69.075,-14.0754655704643));
#2450=CARTESIAN_POINT('',(-8.02499999999998,-68.575,-7.24886649874056));
#2451=CARTESIAN_POINT('',(-7.993158800831,-69.075,-6.74988139071078));
#2452=CARTESIAN_POINT('',(106.77461523798,-68.575,-14.5744506784941));
#2453=CARTESIAN_POINT('Ctrl Pts',(-8.02499999984869,-69.075,-6.74784955950788));
#2454=CARTESIAN_POINT('Ctrl Pts',(-8.01438579698482,-69.075,-6.74852684962823));
#2455=CARTESIAN_POINT('Ctrl Pts',(-8.00377229909351,-69.075,-6.74920412297951));
#2456=CARTESIAN_POINT('Ctrl Pts',(-7.993158800831,-69.075,-6.74988139071079));
#2457=CARTESIAN_POINT('Ctrl Pts',(-8.03425820848959,-68.9082955400543,-6.91426442182735));
#2458=CARTESIAN_POINT('Ctrl Pts',(-8.02409607240622,-68.908320735433,-6.91491287222153));
#2459=CARTESIAN_POINT('Ctrl Pts',(-8.01393430327062,-68.9083333333333,-6.91556131801111));
#2460=CARTESIAN_POINT('Ctrl Pts',(-8.00377253388733,-68.9083333333333,-6.91620976005404));
#2461=CARTESIAN_POINT('Ctrl Pts',(-8.04351641713049,-68.7415910801085,-7.08067928414683));
#2462=CARTESIAN_POINT('Ctrl Pts',(-8.03380634782761,-68.7416414708659,-7.08129889481483));
#2463=CARTESIAN_POINT('Ctrl Pts',(-8.02409630744773,-68.7416666666667,-7.08191851304271));
#2464=CARTESIAN_POINT('Ctrl Pts',(-8.01438626694365,-68.7416666666667,-7.0825381293973));
#2465=CARTESIAN_POINT('Ctrl Pts',(-8.0527746257714,-68.5748866201628,-7.24709414646631));
#2466=CARTESIAN_POINT('Ctrl Pts',(-8.043516623249,-68.5749622062988,-7.24768491740812));
#2467=CARTESIAN_POINT('Ctrl Pts',(-8.03425831162484,-68.575,-7.24827570807432));
#2468=CARTESIAN_POINT('Ctrl Pts',(-8.02499999999998,-68.575,-7.24886649874056));
#2469=CARTESIAN_POINT('Ctrl Pts',(-7.993158800831,-69.075,-6.74988139071079));
#2470=CARTESIAN_POINT('Ctrl Pts',(-8.00377229909351,-69.075,-6.74920412297951));
#2471=CARTESIAN_POINT('Ctrl Pts',(-8.01438579698482,-69.075,-6.74852684962823));
#2472=CARTESIAN_POINT('Ctrl Pts',(-8.02499999984869,-69.075,-6.74784955950788));
#2473=CARTESIAN_POINT('Ctrl Pts',(-8.0527746257714,-68.5748866201628,-7.24709414646631));
#2474=CARTESIAN_POINT('Ctrl Pts',(-8.043516623249,-68.5749622062988,-7.24768491740812));
#2475=CARTESIAN_POINT('Ctrl Pts',(-8.03425831162484,-68.575,-7.24827570807432));
#2476=CARTESIAN_POINT('Ctrl Pts',(-8.02499999999998,-68.575,-7.24886649874056));
#2477=CARTESIAN_POINT('Ctrl Pts',(103.306841198093,-69.0748700155395,-13.8521484100913));
#2478=CARTESIAN_POINT('Ctrl Pts',(104.181969983148,-69.0677248673959,-13.9079939218176));
#2479=CARTESIAN_POINT('Ctrl Pts',(106.213419556943,-68.3381246794083,-14.0380605122747));
#2480=CARTESIAN_POINT('Ctrl Pts',(107.175,-66.3323310300126,-14.1));
#2481=CARTESIAN_POINT('Ctrl Pts',(107.175,-65.175,-14.1));
#2482=CARTESIAN_POINT('Ctrl Pts',(103.296227465395,-68.9082466770263,-14.018476773814));
#2483=CARTESIAN_POINT('Ctrl Pts',(104.134117734118,-68.9034832449306,-14.0719454037811));
#2484=CARTESIAN_POINT('Ctrl Pts',(106.08301030881,-68.2095881043092,-14.1965985776635));
#2485=CARTESIAN_POINT('Ctrl Pts',(107.008671630657,-66.2855451362042,-14.2560529336103));
#2486=CARTESIAN_POINT('Ctrl Pts',(107.008671630657,-65.175,-14.2560529336103));
#2487=CARTESIAN_POINT('Ctrl Pts',(103.285613732698,-68.7416233385132,-14.1848051375367));
#2488=CARTESIAN_POINT('Ctrl Pts',(104.086265485088,-68.7392416224653,-14.2358968857446));
#2489=CARTESIAN_POINT('Ctrl Pts',(105.952601060677,-68.0810515292101,-14.3551366430523));
#2490=CARTESIAN_POINT('Ctrl Pts',(106.842343261313,-66.2387592423958,-14.4121058672207));
#2491=CARTESIAN_POINT('Ctrl Pts',(106.842343261313,-65.175,-14.4121058672207));
#2492=CARTESIAN_POINT('Ctrl Pts',(103.275,-68.575,-14.3511335012594));
#2493=CARTESIAN_POINT('Ctrl Pts',(104.038413236057,-68.575,-14.3998483677081));
#2494=CARTESIAN_POINT('Ctrl Pts',(105.822191812545,-67.9525149541109,-14.5136747084411));
#2495=CARTESIAN_POINT('Ctrl Pts',(106.67601489197,-66.1919733485874,-14.568158800831));
#2496=CARTESIAN_POINT('Ctrl Pts',(106.67601489197,-65.175,-14.568158800831));
#2497=CARTESIAN_POINT('',(106.67601489197,-65.175,-14.568158800831));
#2498=CARTESIAN_POINT('',(107.175,-65.175,-14.1));
#2499=CARTESIAN_POINT('',(106.67601489197,-65.175,-14.568158800831));
#2500=CARTESIAN_POINT('',(103.306841198093,-69.0748700155395,-13.8521484100913));
#2501=CARTESIAN_POINT('Ctrl Pts',(107.175,-65.175,-14.1));
#2502=CARTESIAN_POINT('Ctrl Pts',(107.175,-66.3323310300126,-14.1));
#2503=CARTESIAN_POINT('Ctrl Pts',(106.213419556943,-68.3381246794083,-14.0380605122747));
#2504=CARTESIAN_POINT('Ctrl Pts',(104.181969983148,-69.0677248673959,-13.9079939218176));
#2505=CARTESIAN_POINT('Ctrl Pts',(103.306841198093,-69.0748700155395,-13.8521484100913));
#2506=CARTESIAN_POINT('',(103.275,-68.575,-14.3511335012594));
#2507=CARTESIAN_POINT('',(103.306841198093,-69.0748700155395,-13.8521484100913));
#2508=CARTESIAN_POINT('Ctrl Pts',(103.275,-68.575,-14.3511335012594));
#2509=CARTESIAN_POINT('Ctrl Pts',(104.038413236057,-68.575,-14.3998483677081));
#2510=CARTESIAN_POINT('Ctrl Pts',(105.822191812545,-67.9525149541109,-14.5136747084411));
#2511=CARTESIAN_POINT('Ctrl Pts',(106.67601489197,-66.1919733485874,-14.568158800831));
#2512=CARTESIAN_POINT('Ctrl Pts',(106.67601489197,-65.175,-14.568158800831));
#2513=CARTESIAN_POINT('Origin',(106.925507445985,21.45,-14.3340794004155));
#2514=CARTESIAN_POINT('',(106.67601489197,17.55,-14.568158800831));
#2515=CARTESIAN_POINT('',(106.67601489197,21.45,-14.568158800831));
#2516=CARTESIAN_POINT('',(107.175,17.55,-14.1));
#2517=CARTESIAN_POINT('',(106.67601489197,17.55,-14.568158800831));
#2518=CARTESIAN_POINT('',(107.175,21.45,-14.1));
#2519=CARTESIAN_POINT('Ctrl Pts',(107.175,17.55,-14.1));
#2520=CARTESIAN_POINT('Ctrl Pts',(107.175,18.4179982725095,-14.1));
#2521=CARTESIAN_POINT('Ctrl Pts',(106.475273392595,20.4468597564373,-14.0549199118909));
#2522=CARTESIAN_POINT('Ctrl Pts',(104.473679578167,21.440343151348,-13.9266090923931));
#2523=CARTESIAN_POINT('Ctrl Pts',(103.306841198093,21.4498700155395,-13.8521484100913));
#2524=CARTESIAN_POINT('Ctrl Pts',(107.008671630657,17.55,-14.2560529336103));
#2525=CARTESIAN_POINT('Ctrl Pts',(107.008671630657,18.3829088521532,-14.2560529336103));
#2526=CARTESIAN_POINT('Ctrl Pts',(106.335035636988,20.3296711350317,-14.2127808003591));
#2527=CARTESIAN_POINT('Ctrl Pts',(104.413414490359,21.276895434232,-14.0897682804368));
#2528=CARTESIAN_POINT('Ctrl Pts',(103.296227465395,21.2832466770263,-14.018476773814));
#2529=CARTESIAN_POINT('Ctrl Pts',(106.842343261313,17.55,-14.4121058672207));
#2530=CARTESIAN_POINT('Ctrl Pts',(106.842343261313,18.3478194317969,-14.4121058672207));
#2531=CARTESIAN_POINT('Ctrl Pts',(106.194797881381,20.212482513626,-14.3706416888273));
#2532=CARTESIAN_POINT('Ctrl Pts',(104.353149402551,21.113447717116,-14.2529274684806));
#2533=CARTESIAN_POINT('Ctrl Pts',(103.285613732698,21.1166233385132,-14.1848051375367));
#2534=CARTESIAN_POINT('Ctrl Pts',(106.67601489197,17.55,-14.568158800831));
#2535=CARTESIAN_POINT('Ctrl Pts',(106.67601489197,18.3127300114406,-14.568158800831));
#2536=CARTESIAN_POINT('Ctrl Pts',(106.054560125775,20.0952938922204,-14.5285025772954));
#2537=CARTESIAN_POINT('Ctrl Pts',(104.292884314743,20.95,-14.4160866565243));
#2538=CARTESIAN_POINT('Ctrl Pts',(103.275,20.95,-14.3511335012594));
#2539=CARTESIAN_POINT('',(103.275,20.95,-14.3511335012594));
#2540=CARTESIAN_POINT('',(103.306841198093,21.4498700155395,-13.8521484100913));
#2541=CARTESIAN_POINT('',(103.275,20.95,-14.3511335012594));
#2542=CARTESIAN_POINT('Ctrl Pts',(103.306841198093,21.4498700155395,-13.8521484100913));
#2543=CARTESIAN_POINT('Ctrl Pts',(104.473679578167,21.440343151348,-13.9266090923931));
#2544=CARTESIAN_POINT('Ctrl Pts',(106.475273392595,20.4468597564373,-14.0549199118909));
#2545=CARTESIAN_POINT('Ctrl Pts',(107.175,18.4179982725095,-14.1));
#2546=CARTESIAN_POINT('Ctrl Pts',(107.175,17.55,-14.1));
#2547=CARTESIAN_POINT('Ctrl Pts',(106.67601489197,17.55,-14.568158800831));
#2548=CARTESIAN_POINT('Ctrl Pts',(106.67601489197,18.3127300114406,-14.568158800831));
#2549=CARTESIAN_POINT('Ctrl Pts',(106.054560125775,20.0952938922204,-14.5285025772954));
#2550=CARTESIAN_POINT('Ctrl Pts',(104.292884314743,20.95,-14.4160866565243));
#2551=CARTESIAN_POINT('Ctrl Pts',(103.275,20.95,-14.3511335012594));
#2552=CARTESIAN_POINT('Ctrl Pts',(103.275,-69.075,-13.8501165450879));
#2553=CARTESIAN_POINT('Ctrl Pts',(103.285613733056,-69.075,-13.8507938278018));
#2554=CARTESIAN_POINT('Ctrl Pts',(103.296227466471,-69.0749566732819,-13.8514711048948));
#2555=CARTESIAN_POINT('Ctrl Pts',(103.306841198093,-69.0748700155395,-13.8521484100913));
#2556=CARTESIAN_POINT('Ctrl Pts',(103.264386266944,-68.9083333333333,-14.0164449144312));
#2557=CARTESIAN_POINT('Ctrl Pts',(103.275,-68.9083333333333,-14.0171221971451));
#2558=CARTESIAN_POINT('Ctrl Pts',(103.285613733295,-68.9083044488546,-14.0177994761117));
#2559=CARTESIAN_POINT('Ctrl Pts',(103.296227465395,-68.9082466770263,-14.018476773814));
#2560=CARTESIAN_POINT('Ctrl Pts',(103.253772533887,-68.7416666666667,-14.1827732837744));
#2561=CARTESIAN_POINT('Ctrl Pts',(103.264386266944,-68.7416666666667,-14.1834505664883));
#2562=CARTESIAN_POINT('Ctrl Pts',(103.27500000012,-68.7416522244273,-14.1841278473286));
#2563=CARTESIAN_POINT('Ctrl Pts',(103.285613732698,-68.7416233385132,-14.1848051375367));
#2564=CARTESIAN_POINT('Ctrl Pts',(103.243158800831,-68.575,-14.3491016531177));
#2565=CARTESIAN_POINT('Ctrl Pts',(103.253772533887,-68.575,-14.3497789358316));
#2566=CARTESIAN_POINT('Ctrl Pts',(103.264386266944,-68.575,-14.3504562185455));
#2567=CARTESIAN_POINT('Ctrl Pts',(103.275,-68.575,-14.3511335012594));
#2568=CARTESIAN_POINT('Ctrl Pts',(103.306841198093,-69.0748700155395,-13.8521484100913));
#2569=CARTESIAN_POINT('Ctrl Pts',(103.296227466471,-69.0749566732819,-13.8514711048948));
#2570=CARTESIAN_POINT('Ctrl Pts',(103.285613733056,-69.075,-13.8507938278018));
#2571=CARTESIAN_POINT('Ctrl Pts',(103.275,-69.075,-13.8501165450879));
#2572=CARTESIAN_POINT('Ctrl Pts',(103.243158800831,-68.575,-14.3491016531177));
#2573=CARTESIAN_POINT('Ctrl Pts',(103.253772533887,-68.575,-14.3497789358316));
#2574=CARTESIAN_POINT('Ctrl Pts',(103.264386266944,-68.575,-14.3504562185455));
#2575=CARTESIAN_POINT('Ctrl Pts',(103.275,-68.575,-14.3511335012594));
#2576=CARTESIAN_POINT('Origin',(47.4820377575131,21.2,-10.5403688263399));
#2577=CARTESIAN_POINT('',(103.275,21.45,-13.8501165450879));
#2578=CARTESIAN_POINT('',(103.243158800831,20.95,-14.3491016531177));
#2579=CARTESIAN_POINT('',(103.275,21.45,-13.8501165450879));
#2580=CARTESIAN_POINT('',(-8.025,20.95,-7.24886649874055));
#2581=CARTESIAN_POINT('',(47.4661171579287,20.95,-10.7898613803548));
#2582=CARTESIAN_POINT('',(-7.99315880083102,21.45,-6.74988139071078));
#2583=CARTESIAN_POINT('',(-8.025,20.95,-7.24886649874055));
#2584=CARTESIAN_POINT('',(47.4979583570976,21.45,-10.290876272325));
#2585=CARTESIAN_POINT('Ctrl Pts',(103.306841198093,21.4498700155395,-13.8521484100913));
#2586=CARTESIAN_POINT('Ctrl Pts',(103.296227466471,21.4499566732819,-13.8514711048948));
#2587=CARTESIAN_POINT('Ctrl Pts',(103.285613733056,21.45,-13.8507938278018));
#2588=CARTESIAN_POINT('Ctrl Pts',(103.275,21.45,-13.8501165450879));
#2589=CARTESIAN_POINT('Ctrl Pts',(103.296227465395,21.2832466770263,-14.018476773814));
#2590=CARTESIAN_POINT('Ctrl Pts',(103.285613733295,21.2833044488546,-14.0177994761117));
#2591=CARTESIAN_POINT('Ctrl Pts',(103.275,21.2833333333333,-14.0171221971451));
#2592=CARTESIAN_POINT('Ctrl Pts',(103.264386266944,21.2833333333333,-14.0164449144312));
#2593=CARTESIAN_POINT('Ctrl Pts',(103.285613732698,21.1166233385132,-14.1848051375367));
#2594=CARTESIAN_POINT('Ctrl Pts',(103.27500000012,21.1166522244273,-14.1841278473286));
#2595=CARTESIAN_POINT('Ctrl Pts',(103.264386266944,21.1166666666667,-14.1834505664883));
#2596=CARTESIAN_POINT('Ctrl Pts',(103.253772533887,21.1166666666667,-14.1827732837744));
#2597=CARTESIAN_POINT('Ctrl Pts',(103.275,20.95,-14.3511335012594));
#2598=CARTESIAN_POINT('Ctrl Pts',(103.264386266944,20.95,-14.3504562185455));
#2599=CARTESIAN_POINT('Ctrl Pts',(103.253772533887,20.95,-14.3497789358316));
#2600=CARTESIAN_POINT('Ctrl Pts',(103.243158800831,20.95,-14.3491016531177));
#2601=CARTESIAN_POINT('Ctrl Pts',(103.275,21.45,-13.8501165450879));
#2602=CARTESIAN_POINT('Ctrl Pts',(103.285613733056,21.45,-13.8507938278018));
#2603=CARTESIAN_POINT('Ctrl Pts',(103.296227466471,21.4499566732819,-13.8514711048948));
#2604=CARTESIAN_POINT('Ctrl Pts',(103.306841198093,21.4498700155395,-13.8521484100913));
#2605=CARTESIAN_POINT('Ctrl Pts',(103.275,20.95,-14.3511335012594));
#2606=CARTESIAN_POINT('Ctrl Pts',(103.264386266944,20.95,-14.3504562185455));
#2607=CARTESIAN_POINT('Ctrl Pts',(103.253772533887,20.95,-14.3497789358316));
#2608=CARTESIAN_POINT('Ctrl Pts',(103.243158800831,20.95,-14.3491016531177));
#2609=CARTESIAN_POINT('Ctrl Pts',(-7.99315880083102,21.45,-6.74988139071079));
#2610=CARTESIAN_POINT('Ctrl Pts',(-8.00377229909353,21.45,-6.74920412297951));
#2611=CARTESIAN_POINT('Ctrl Pts',(-8.01438579698483,21.45,-6.74852684962823));
#2612=CARTESIAN_POINT('Ctrl Pts',(-8.02499999984869,21.45,-6.74784955950788));
#2613=CARTESIAN_POINT('Ctrl Pts',(-8.00377253388734,21.2833333333333,-6.91620976005404));
#2614=CARTESIAN_POINT('Ctrl Pts',(-8.01393430327064,21.2833333333333,-6.91556131801111));
#2615=CARTESIAN_POINT('Ctrl Pts',(-8.02409607240623,21.283320735433,-6.91491287222153));
#2616=CARTESIAN_POINT('Ctrl Pts',(-8.03425820848959,21.2832955400543,-6.91426442182735));
#2617=CARTESIAN_POINT('Ctrl Pts',(-8.01438626694367,21.1166666666667,-7.0825381293973));
#2618=CARTESIAN_POINT('Ctrl Pts',(-8.02409630744775,21.1166666666667,-7.08191851304271));
#2619=CARTESIAN_POINT('Ctrl Pts',(-8.03380634782762,21.1166414708659,-7.08129889481483));
#2620=CARTESIAN_POINT('Ctrl Pts',(-8.0435164171305,21.1165910801085,-7.08067928414683));
#2621=CARTESIAN_POINT('Ctrl Pts',(-8.025,20.95,-7.24886649874055));
#2622=CARTESIAN_POINT('Ctrl Pts',(-8.03425831162486,20.95,-7.24827570807432));
#2623=CARTESIAN_POINT('Ctrl Pts',(-8.04351662324901,20.9499622062988,-7.24768491740812));
#2624=CARTESIAN_POINT('Ctrl Pts',(-8.0527746257714,20.9498866201628,-7.24709414646631));
#2625=CARTESIAN_POINT('Ctrl Pts',(-8.02499999984869,21.45,-6.74784955950788));
#2626=CARTESIAN_POINT('Ctrl Pts',(-8.01438579698483,21.45,-6.74852684962823));
#2627=CARTESIAN_POINT('Ctrl Pts',(-8.00377229909353,21.45,-6.74920412297951));
#2628=CARTESIAN_POINT('Ctrl Pts',(-7.99315880083102,21.45,-6.74988139071079));
#2629=CARTESIAN_POINT('Ctrl Pts',(-8.025,20.95,-7.24886649874055));
#2630=CARTESIAN_POINT('Ctrl Pts',(-8.03425831162486,20.95,-7.24827570807432));
#2631=CARTESIAN_POINT('Ctrl Pts',(-8.04351662324901,20.9499622062988,-7.24768491740812));
#2632=CARTESIAN_POINT('Ctrl Pts',(-8.0527746257714,20.9498866201628,-7.24709414646631));
#2633=CARTESIAN_POINT('Origin',(103.275,-65.175,-2.));
#2634=CARTESIAN_POINT('',(107.175,-65.175,-2.));
#2635=CARTESIAN_POINT('',(107.175,-65.175,-2.));
#2636=CARTESIAN_POINT('',(103.275,-69.075,-2.));
#2637=CARTESIAN_POINT('Origin',(103.275,-65.175,-2.));
#2638=CARTESIAN_POINT('',(103.275,-69.075,-2.));
#2639=CARTESIAN_POINT('Origin',(107.175,21.45,-2.));
#2640=CARTESIAN_POINT('',(107.175,17.55,-2.));
#2641=CARTESIAN_POINT('',(107.175,17.55,-2.));
#2642=CARTESIAN_POINT('',(107.175,-69.075,-2.));
#2643=CARTESIAN_POINT('',(107.175,-5.92000000000061,-7.8));
#2644=CARTESIAN_POINT('',(107.175,-5.92000000000061,-11.2));
#2645=CARTESIAN_POINT('Origin',(107.175,-5.92000000000061,-9.50000000000001));
#2646=CARTESIAN_POINT('',(107.175,-7.52000000000061,-11.2));
#2647=CARTESIAN_POINT('',(107.175,6.9649999999997,-11.2));
#2648=CARTESIAN_POINT('',(107.175,-7.52000000000061,-7.8));
#2649=CARTESIAN_POINT('Origin',(107.175,-7.52000000000061,-9.50000000000001));
#2650=CARTESIAN_POINT('',(107.175,7.7649999999997,-7.8));
#2651=CARTESIAN_POINT('',(107.175,-51.6625,-3.7));
#2652=CARTESIAN_POINT('Origin',(107.175,-50.8125,-3.7));
#2653=CARTESIAN_POINT('',(107.175,2.33750000000001,-3.7));
#2654=CARTESIAN_POINT('Origin',(107.175,3.18750000000001,-3.7));
#2655=CARTESIAN_POINT('Origin',(103.275,17.55,-2.));
#2656=CARTESIAN_POINT('',(103.275,21.45,-2.));
#2657=CARTESIAN_POINT('',(103.275,21.45,-2.));
#2658=CARTESIAN_POINT('Origin',(103.275,17.55,-2.));
#2659=CARTESIAN_POINT('Origin',(107.175,21.45,-14.6));
#2660=CARTESIAN_POINT('',(100.25,17.95,-14.1581024349286));
#2661=CARTESIAN_POINT('Origin',(101.,17.95,-14.2059613769941));
#2662=CARTESIAN_POINT('Origin',(47.625,-23.8125,-2.));
#2663=CARTESIAN_POINT('',(-8.025,21.45,-2.));
#2664=CARTESIAN_POINT('',(107.175,21.45,-2.));
#2665=CARTESIAN_POINT('',(-11.925,17.55,-2.));
#2666=CARTESIAN_POINT('Origin',(-8.025,17.55,-2.));
#2667=CARTESIAN_POINT('',(-11.925,-65.175,-2.));
#2668=CARTESIAN_POINT('',(-11.925,21.45,-2.));
#2669=CARTESIAN_POINT('',(-8.025,-69.075,-2.));
#2670=CARTESIAN_POINT('Origin',(-8.025,-65.175,-2.));
#2671=CARTESIAN_POINT('',(-11.925,-69.075,-2.));
#2672=CARTESIAN_POINT('',(105.35,-2.52000000000061,-1.99999999999999));
#2673=CARTESIAN_POINT('',(106.175,-2.52000000000061,-1.99999999999999));
#2674=CARTESIAN_POINT('',(76.9,-2.52000000000061,-2.));
#2675=CARTESIAN_POINT('',(106.175,-10.9200000000006,-2.00000000000001));
#2676=CARTESIAN_POINT('',(106.175,-15.2662500000003,-2.));
#2677=CARTESIAN_POINT('',(105.35,-10.9200000000006,-2.00000000000001));
#2678=CARTESIAN_POINT('',(76.9,-10.9200000000006,-2.));
#2679=CARTESIAN_POINT('',(105.35,-67.2500000000001,-2.));
#2680=CARTESIAN_POINT('',(105.35,-45.53125,-2.));
#2681=CARTESIAN_POINT('',(85.15,-67.25,-2.));
#2682=CARTESIAN_POINT('',(66.3875,-67.25,-2.));
#2683=CARTESIAN_POINT('',(85.15,-62.01125,-2.));
#2684=CARTESIAN_POINT('',(85.1500000000002,-15.8137500000002,-2.));
#2685=CARTESIAN_POINT('',(66.1,-62.01125,-2.));
#2686=CARTESIAN_POINT('',(66.3875,-62.01125,-2.));
#2687=CARTESIAN_POINT('',(66.1,-58.6775,-2.));
#2688=CARTESIAN_POINT('',(66.1,-42.911875,-2.));
#2689=CARTESIAN_POINT('',(47.05,-58.6775,-2.));
#2690=CARTESIAN_POINT('',(56.8625,-58.6775,-2.));
#2691=CARTESIAN_POINT('',(47.05,-57.725,-2.));
#2692=CARTESIAN_POINT('',(47.05,-41.245,-2.));
#2693=CARTESIAN_POINT('',(29.15,-57.725,-2.));
#2694=CARTESIAN_POINT('',(47.3375,-57.725,-2.));
#2695=CARTESIAN_POINT('',(29.15,-60.10625,-2.));
#2696=CARTESIAN_POINT('',(29.1499999999999,-40.76875,-2.));
#2697=CARTESIAN_POINT('',(10.1,-60.10625,-2.));
#2698=CARTESIAN_POINT('',(38.3875,-60.10625,-2.));
#2699=CARTESIAN_POINT('',(10.1,-67.25,-2.));
#2700=CARTESIAN_POINT('',(10.1,-41.959375,-2.));
#2701=CARTESIAN_POINT('',(-10.1,-67.25,-2.));
#2702=CARTESIAN_POINT('',(28.8625,-67.25,-2.));
#2703=CARTESIAN_POINT('',(-10.1,10.1,-2.));
#2704=CARTESIAN_POINT('',(-10.1,-45.53125,-2.));
#2705=CARTESIAN_POINT('',(8.95,10.1,-2.));
#2706=CARTESIAN_POINT('',(18.7625,10.1,-2.));
#2707=CARTESIAN_POINT('',(8.95,17.24375,-2.));
#2708=CARTESIAN_POINT('',(8.95000000000002,-6.85625000000001,-2.));
#2709=CARTESIAN_POINT('',(28.,17.24375,-2.));
#2710=CARTESIAN_POINT('',(28.2875,17.24375,-2.));
#2711=CARTESIAN_POINT('',(28.,19.625,-2.));
#2712=CARTESIAN_POINT('',(28.,-3.284375,-2.));
#2713=CARTESIAN_POINT('',(48.2,19.625,-2.));
#2714=CARTESIAN_POINT('',(37.8125,19.625,-2.));
#2715=CARTESIAN_POINT('',(48.2,18.6725,-2.));
#2716=CARTESIAN_POINT('',(48.2,-2.09375,-2.));
#2717=CARTESIAN_POINT('',(67.25,18.6725,-2.));
#2718=CARTESIAN_POINT('',(47.9125,18.6725,-2.));
#2719=CARTESIAN_POINT('',(67.25,15.33875,-2.));
#2720=CARTESIAN_POINT('',(67.25,-2.57,-2.));
#2721=CARTESIAN_POINT('',(85.1500000000004,15.33875,-2.));
#2722=CARTESIAN_POINT('',(57.4375,15.33875,-2.));
#2723=CARTESIAN_POINT('',(85.1500000000004,19.6250000000001,-2.));
#2724=CARTESIAN_POINT('',(85.1500000000003,-2.09375000000002,-2.));
#2725=CARTESIAN_POINT('',(105.35,19.625,-2.));
#2726=CARTESIAN_POINT('',(76.4875000000002,19.6250000000002,-2.));
#2727=CARTESIAN_POINT('',(105.35,-45.53125,-2.));
#2728=CARTESIAN_POINT('Origin',(-8.025,17.55,-2.));
#2729=CARTESIAN_POINT('',(-11.925,17.55,-2.));
#2730=CARTESIAN_POINT('',(-8.025,21.45,-2.));
#2731=CARTESIAN_POINT('Origin',(-11.925,-69.075,-2.));
#2732=CARTESIAN_POINT('',(-11.925,-65.175,-2.));
#2733=CARTESIAN_POINT('',(-11.925,2.33750000000001,-3.7));
#2734=CARTESIAN_POINT('Origin',(-11.925,3.18750000000001,-3.7));
#2735=CARTESIAN_POINT('',(-11.925,-51.6625,-3.7));
#2736=CARTESIAN_POINT('Origin',(-11.925,-50.8125,-3.7));
#2737=CARTESIAN_POINT('Origin',(-8.025,-65.175,-2.));
#2738=CARTESIAN_POINT('',(-8.025,-69.075,-2.));
#2739=CARTESIAN_POINT('Origin',(0.,3.18750000000001,-3.7));
#2740=CARTESIAN_POINT('',(-10.1,2.33750000000001,-3.7));
#2741=CARTESIAN_POINT('',(0.,2.33750000000001,-3.7));
#2742=CARTESIAN_POINT('Origin',(-10.1,3.18750000000001,-3.7));
#2743=CARTESIAN_POINT('Origin',(0.,3.18750000000001,-3.7));
#2744=CARTESIAN_POINT('',(105.35,2.33750000000001,-3.7));
#2745=CARTESIAN_POINT('Origin',(105.35,3.18750000000001,-3.7));
#2746=CARTESIAN_POINT('',(0.,2.33750000000001,-3.7));
#2747=CARTESIAN_POINT('Origin',(0.,-50.8125,-3.7));
#2748=CARTESIAN_POINT('',(-10.1,-51.6625,-3.7));
#2749=CARTESIAN_POINT('',(0.,-51.6625,-3.7));
#2750=CARTESIAN_POINT('Origin',(-10.1,-50.8125,-3.7));
#2751=CARTESIAN_POINT('Origin',(0.,-50.8125,-3.7));
#2752=CARTESIAN_POINT('',(105.35,-51.6625,-3.7));
#2753=CARTESIAN_POINT('Origin',(105.35,-50.8125,-3.7));
#2754=CARTESIAN_POINT('',(0.,-51.6625,-3.7));
#2755=CARTESIAN_POINT('Origin',(106.175,-10.9200000000006,-9.50000000000001));
#2756=CARTESIAN_POINT('',(105.35,-10.9200000000006,-9.50000000000001));
#2757=CARTESIAN_POINT('',(105.35,-10.9200000000006,-7.65));
#2758=CARTESIAN_POINT('',(106.175,-10.9200000000006,-9.50000000000001));
#2759=CARTESIAN_POINT('',(106.175,-10.9200000000006,-4.30000000000001));
#2760=CARTESIAN_POINT('',(106.175,-10.9200000000006,-9.50000000000001));
#2761=CARTESIAN_POINT('Origin',(106.175,-4.22000000000061,-9.5));
#2762=CARTESIAN_POINT('',(101.275,-4.22000000000061,-11.2));
#2763=CARTESIAN_POINT('',(101.275,-2.52000000000062,-9.5));
#2764=CARTESIAN_POINT('Origin',(101.275,-4.22000000000061,-9.5));
#2765=CARTESIAN_POINT('',(106.175,-4.22000000000061,-11.2));
#2766=CARTESIAN_POINT('',(106.175,-4.22000000000061,-11.2));
#2767=CARTESIAN_POINT('',(106.175,-2.52000000000062,-9.5));
#2768=CARTESIAN_POINT('Origin',(106.175,-4.22000000000061,-9.5));
#2769=CARTESIAN_POINT('',(105.35,-2.52000000000062,-9.5));
#2770=CARTESIAN_POINT('',(106.175,-2.52000000000062,-9.5));
#2771=CARTESIAN_POINT('',(106.175,-2.52000000000061,-9.5));
#2772=CARTESIAN_POINT('Origin',(106.175,-2.52000000000061,-1.99999999999999));
#2773=CARTESIAN_POINT('',(105.35,-2.52000000000061,-3.90000000000002));
#2774=CARTESIAN_POINT('',(106.175,-2.52000000000062,-8.05));
#2775=CARTESIAN_POINT('Origin',(106.175,-9.22000000000061,-9.50000000000001));
#2776=CARTESIAN_POINT('',(101.275,-10.9200000000006,-9.50000000000001));
#2777=CARTESIAN_POINT('',(101.275,-9.22000000000062,-11.2));
#2778=CARTESIAN_POINT('Origin',(101.275,-9.22000000000061,-9.50000000000001));
#2779=CARTESIAN_POINT('',(104.74375,-10.9200000000006,-9.5));
#2780=CARTESIAN_POINT('',(106.175,-9.22000000000062,-11.2));
#2781=CARTESIAN_POINT('Origin',(106.175,-9.22000000000061,-9.50000000000001));
#2782=CARTESIAN_POINT('',(106.175,-9.22000000000062,-11.2));
#2783=CARTESIAN_POINT('Origin',(106.175,-6.72000000000061,-6.6));
#2784=CARTESIAN_POINT('',(106.175,-5.92000000000061,-7.8));
#2785=CARTESIAN_POINT('',(106.175,-5.92000000000061,-11.2));
#2786=CARTESIAN_POINT('Origin',(106.175,-5.92000000000061,-9.50000000000001));
#2787=CARTESIAN_POINT('',(106.175,-7.52000000000061,-7.8));
#2788=CARTESIAN_POINT('',(106.175,-6.32000000000061,-7.8));
#2789=CARTESIAN_POINT('',(106.175,-7.52000000000061,-11.2));
#2790=CARTESIAN_POINT('Origin',(106.175,-7.52000000000061,-9.50000000000001));
#2791=CARTESIAN_POINT('',(106.175,-7.9700000000006,-11.2));
#2792=CARTESIAN_POINT('',(106.175,-7.9700000000006,-11.2));
#2793=CARTESIAN_POINT('Origin',(105.35,-5.92000000000061,-9.50000000000001));
#2794=CARTESIAN_POINT('',(105.35,-5.92000000000061,-11.2));
#2795=CARTESIAN_POINT('',(105.35,-5.92000000000061,-7.8));
#2796=CARTESIAN_POINT('Origin',(105.35,-7.52000000000061,-11.2));
#2797=CARTESIAN_POINT('',(105.35,-7.52000000000061,-11.2));
#2798=CARTESIAN_POINT('',(101.275,-7.72000000000085,-11.2));
#2799=CARTESIAN_POINT('Origin',(105.35,-67.2500000000001,-5.8));
#2800=CARTESIAN_POINT('',(105.35,-11.2199999999996,-9.5));
#2801=CARTESIAN_POINT('',(105.35,-36.9850000000002,-9.5));
#2802=CARTESIAN_POINT('',(105.35,-11.2199999999996,-12.05));
#2803=CARTESIAN_POINT('',(105.35,-11.2199999999996,-7.65));
#2804=CARTESIAN_POINT('',(105.35,-67.2500000000001,-12.05));
#2805=CARTESIAN_POINT('',(105.35,-2.09374999999997,-12.05));
#2806=CARTESIAN_POINT('',(105.35,-67.2500000000001,-5.8));
#2807=CARTESIAN_POINT('Origin',(103.3125,-6.72000000000036,-9.5));
#2808=CARTESIAN_POINT('',(101.275,-11.2200000000011,-9.5));
#2809=CARTESIAN_POINT('',(101.275,-8.97000000000073,-9.5));
#2810=CARTESIAN_POINT('',(104.331250000001,-11.22,-9.5));
#2811=CARTESIAN_POINT('Origin',(105.35,-7.52000000000061,-9.50000000000001));
#2812=CARTESIAN_POINT('',(105.35,-7.52000000000061,-7.8));
#2813=CARTESIAN_POINT('Origin',(105.35,-5.92000000000061,-7.8));
#2814=CARTESIAN_POINT('Origin',(105.35,-67.2500000000001,-5.8));
#2815=CARTESIAN_POINT('',(105.35,19.625,-5.7));
#2816=CARTESIAN_POINT('',(105.35,19.625,-5.8));
#2817=CARTESIAN_POINT('',(105.35,19.95,-5.7));
#2818=CARTESIAN_POINT('',(105.35,19.95,-5.7));
#2819=CARTESIAN_POINT('',(105.35,19.95,-10.3));
#2820=CARTESIAN_POINT('',(105.35,19.95,-7.2875));
#2821=CARTESIAN_POINT('',(105.35,13.45,-10.3));
#2822=CARTESIAN_POINT('',(105.35,-25.35625,-10.3));
#2823=CARTESIAN_POINT('',(105.35,13.45,-12.05));
#2824=CARTESIAN_POINT('',(105.35,13.45,-8.925));
#2825=CARTESIAN_POINT('',(105.35,-2.21999999999961,-12.05));
#2826=CARTESIAN_POINT('',(105.35,-2.09374999999997,-12.05));
#2827=CARTESIAN_POINT('',(105.35,-2.21999999999961,-9.5));
#2828=CARTESIAN_POINT('',(105.35,-2.2199999999996,-7.65));
#2829=CARTESIAN_POINT('',(105.35,-36.9850000000002,-9.5));
#2830=CARTESIAN_POINT('Origin',(-11.925,21.45,-2.));
#2831=CARTESIAN_POINT('',(98.2500000000004,21.45,-12.05));
#2832=CARTESIAN_POINT('',(98.2500000000003,21.45,-8.54999999999998));
#2833=CARTESIAN_POINT('Origin',(98.2500000000003,21.45,-10.3));
#2834=CARTESIAN_POINT('',(92.2500000000004,21.45,-8.55));
#2835=CARTESIAN_POINT('',(43.1625000000002,21.45,-8.55));
#2836=CARTESIAN_POINT('',(92.2500000000003,21.45,-12.05));
#2837=CARTESIAN_POINT('Origin',(92.2500000000004,21.45,-10.3));
#2838=CARTESIAN_POINT('',(40.1625000000002,21.45,-12.05));
#2839=CARTESIAN_POINT('Origin',(105.35,19.95,-5.7));
#2840=CARTESIAN_POINT('',(85.1500000000004,19.6250000000001,-5.7));
#2841=CARTESIAN_POINT('',(105.35,19.625,-5.7));
#2842=CARTESIAN_POINT('',(85.1500000000004,19.95,-5.7));
#2843=CARTESIAN_POINT('',(85.1500000000004,19.95,-5.7));
#2844=CARTESIAN_POINT('',(90.2000000000003,19.95,-5.7));
#2845=CARTESIAN_POINT('Origin',(95.2500000000002,19.95,-8.87499999999999));
#2846=CARTESIAN_POINT('',(92.2500000000004,19.95,-8.55));
#2847=CARTESIAN_POINT('',(90.5000000000004,19.95,-10.3));
#2848=CARTESIAN_POINT('Origin',(92.2500000000004,19.95,-10.3));
#2849=CARTESIAN_POINT('',(98.2500000000003,19.95,-8.54999999999998));
#2850=CARTESIAN_POINT('',(96.7500000000003,19.95,-8.54999999999998));
#2851=CARTESIAN_POINT('',(100.,19.95,-10.3));
#2852=CARTESIAN_POINT('Origin',(98.2500000000003,19.95,-10.3));
#2853=CARTESIAN_POINT('',(100.3,19.95,-10.3));
#2854=CARTESIAN_POINT('',(85.1500000000004,19.95,-10.3));
#2855=CARTESIAN_POINT('',(85.1500000000004,19.95,-9.5875));
#2856=CARTESIAN_POINT('',(92.8750000000003,19.95,-10.3));
#2857=CARTESIAN_POINT('Origin',(105.35,19.625,-5.8));
#2858=CARTESIAN_POINT('',(85.1500000000004,19.6250000000001,-5.8));
#2859=CARTESIAN_POINT('Origin',(92.2500000000003,21.45,-12.05));
#2860=CARTESIAN_POINT('',(98.2500000000004,13.45,-12.05));
#2861=CARTESIAN_POINT('',(98.2500000000004,19.95,-12.05));
#2862=CARTESIAN_POINT('',(92.2500000000003,13.45,-12.05));
#2863=CARTESIAN_POINT('',(92.2500000000003,21.45,-12.05));
#2864=CARTESIAN_POINT('',(85.1500000000004,13.4500000000001,-12.05));
#2865=CARTESIAN_POINT('',(90.1000000000004,13.45,-12.05));
#2866=CARTESIAN_POINT('',(85.1500000000003,-1.81500000000024,-12.05));
#2867=CARTESIAN_POINT('',(85.1500000000002,-12.8137500000001,-12.05));
#2868=CARTESIAN_POINT('',(84.7500000000003,-1.81500000000024,-12.05));
#2869=CARTESIAN_POINT('',(89.9000000000002,-1.81500000000023,-12.05));
#2870=CARTESIAN_POINT('',(84.7500000000003,-7.81500000000024,-12.05));
#2871=CARTESIAN_POINT('',(84.7500000000002,-15.8137500000001,-12.05));
#2872=CARTESIAN_POINT('',(85.1500000000003,-7.81500000000024,-12.05));
#2873=CARTESIAN_POINT('',(90.1000000000002,-7.81500000000024,-12.05));
#2874=CARTESIAN_POINT('',(85.1500000000002,-13.7688,-12.05));
#2875=CARTESIAN_POINT('',(85.1500000000001,-45.53125,-12.05));
#2876=CARTESIAN_POINT('',(88.1063,-13.7688,-12.05));
#2877=CARTESIAN_POINT('',(90.1000000000002,-13.7688,-12.05));
#2878=CARTESIAN_POINT('',(88.1063,-17.7688,-12.05));
#2879=CARTESIAN_POINT('Origin',(88.1063,-15.7688,-12.05));
#2880=CARTESIAN_POINT('',(85.1500000000002,-17.7688,-12.05));
#2881=CARTESIAN_POINT('',(91.5781500000001,-17.7688,-12.05));
#2882=CARTESIAN_POINT('',(85.15,-67.25,-12.05));
#2883=CARTESIAN_POINT('',(85.1500000000001,-45.53125,-12.05));
#2884=CARTESIAN_POINT('',(100.2,-67.25,-12.05));
#2885=CARTESIAN_POINT('',(101.275,-11.2200000000011,-12.05));
#2886=CARTESIAN_POINT('',(100.199999999998,-11.2200000000015,-12.05));
#2887=CARTESIAN_POINT('',(101.275,-2.22000000000112,-12.05));
#2888=CARTESIAN_POINT('',(101.275,-17.5162500000006,-12.05));
#2889=CARTESIAN_POINT('',(98.1624999999961,-2.22000000000227,-12.05));
#2890=CARTESIAN_POINT('',(90.1000000000004,13.45,-12.05));
#2891=CARTESIAN_POINT('Origin',(85.1500000000004,19.6250000000001,-5.8));
#2892=CARTESIAN_POINT('',(85.1500000000004,15.33875,-5.8));
#2893=CARTESIAN_POINT('',(85.1500000000004,15.33875,-2.));
#2894=CARTESIAN_POINT('',(85.1500000000003,-1.81500000000024,-5.8));
#2895=CARTESIAN_POINT('',(85.1500000000003,-4.23687499999994,-5.8));
#2896=CARTESIAN_POINT('',(85.1500000000003,-1.81500000000024,-5.8));
#2897=CARTESIAN_POINT('',(85.1500000000004,13.4500000000001,-10.3));
#2898=CARTESIAN_POINT('',(85.1500000000004,13.4500000000001,-8.925));
#2899=CARTESIAN_POINT('',(85.1500000000004,18.0812500000001,-10.3));
#2900=CARTESIAN_POINT('Origin',(98.2500000000003,21.45,-10.3));
#2901=CARTESIAN_POINT('',(98.2500000000003,21.45,-8.54999999999998));
#2902=CARTESIAN_POINT('',(100.,13.45,-10.3));
#2903=CARTESIAN_POINT('Origin',(98.2500000000003,13.4500000000001,-10.3));
#2904=CARTESIAN_POINT('',(100.,16.95,-10.3));
#2905=CARTESIAN_POINT('',(100.,19.95,-10.3));
#2906=CARTESIAN_POINT('',(100.,18.95,-10.3));
#2907=CARTESIAN_POINT('',(100.,17.74375,-10.3));
#2908=CARTESIAN_POINT('',(100.,19.95,-10.3));
#2909=CARTESIAN_POINT('Origin',(85.1500000000004,13.4500000000001,-12.05));
#2910=CARTESIAN_POINT('',(100.3,13.45,-10.3));
#2911=CARTESIAN_POINT('Origin',(85.1500000000004,13.4500000000001,-12.05));
#2912=CARTESIAN_POINT('',(90.5000000000004,13.45,-10.3));
#2913=CARTESIAN_POINT('Origin',(92.2500000000004,13.4500000000001,-10.3));
#2914=CARTESIAN_POINT('',(100.3,13.45,-10.3));
#2915=CARTESIAN_POINT('Origin',(95.2500000000002,16.5375,-10.3));
#2916=CARTESIAN_POINT('',(102.,18.95,-10.3));
#2917=CARTESIAN_POINT('',(98.6250000000002,18.9500000000001,-10.3));
#2918=CARTESIAN_POINT('',(102.,16.95,-10.3));
#2919=CARTESIAN_POINT('',(102.,16.74375,-10.3));
#2920=CARTESIAN_POINT('',(97.6250000000002,16.9500000000001,-10.3));
#2921=CARTESIAN_POINT('Origin',(92.2500000000004,21.45,-10.3));
#2922=CARTESIAN_POINT('',(92.2500000000004,21.45,-8.55));
#2923=CARTESIAN_POINT('',(90.5000000000004,19.95,-10.3));
#2924=CARTESIAN_POINT('Origin',(98.2500000000003,21.45,-8.54999999999998));
#2925=CARTESIAN_POINT('Origin',(100.,16.95,-12.05));
#2926=CARTESIAN_POINT('',(100.,18.95,-12.05));
#2927=CARTESIAN_POINT('',(100.,16.95,-12.05));
#2928=CARTESIAN_POINT('',(100.,-3.43124999999996,-12.05));
#2929=CARTESIAN_POINT('',(100.,18.95,-12.05));
#2930=CARTESIAN_POINT('',(100.,16.95,-12.05));
#2931=CARTESIAN_POINT('Origin',(102.,16.95,-12.05));
#2932=CARTESIAN_POINT('',(102.,16.95,-12.05));
#2933=CARTESIAN_POINT('',(98.5250000000003,16.9500000000001,-12.05));
#2934=CARTESIAN_POINT('',(102.,16.95,-12.05));
#2935=CARTESIAN_POINT('Origin',(102.,18.95,-12.05));
#2936=CARTESIAN_POINT('',(102.,18.95,-12.05));
#2937=CARTESIAN_POINT('',(102.,-2.43124999999997,-12.05));
#2938=CARTESIAN_POINT('',(102.,18.95,-12.05));
#2939=CARTESIAN_POINT('Origin',(100.,18.95,-12.05));
#2940=CARTESIAN_POINT('',(97.5250000000004,18.9500000000001,-12.05));
#2941=CARTESIAN_POINT('Origin',(95.2500000000002,16.5375,-10.3));
#2942=CARTESIAN_POINT('Origin',(95.0500000000002,-23.8125,-12.05));
#2943=CARTESIAN_POINT('',(100.25,17.95,-12.05));
#2944=CARTESIAN_POINT('Origin',(101.,17.95,-12.05));
#2945=CARTESIAN_POINT('Origin',(101.,17.95,-12.05));
#2946=CARTESIAN_POINT('',(100.25,17.95,-12.05));
#2947=CARTESIAN_POINT('Origin',(101.275,-2.22000000000112,-9.5));
#2948=CARTESIAN_POINT('',(101.275,-2.22000000000112,-9.5));
#2949=CARTESIAN_POINT('',(101.275,-2.22000000000112,-9.5));
#2950=CARTESIAN_POINT('',(102.293749999999,-2.22000000000074,-9.5));
#2951=CARTESIAN_POINT('Origin',(101.275,-11.2200000000011,-9.5));
#2952=CARTESIAN_POINT('',(101.275,-8.97000000000073,-9.5));
#2953=CARTESIAN_POINT('',(101.275,-11.2200000000011,-9.5));
#2954=CARTESIAN_POINT('Origin',(105.35,-11.2199999999996,-9.5));
#2955=CARTESIAN_POINT('Origin',(103.3125,-6.72000000000036,-9.5));
#2956=CARTESIAN_POINT('Origin',(88.1063,-17.7688,-7.4));
#2957=CARTESIAN_POINT('',(88.1063,-17.7688,-7.4));
#2958=CARTESIAN_POINT('',(88.1063,-17.7688,-7.4));
#2959=CARTESIAN_POINT('',(85.1500000000002,-17.7688,-7.4));
#2960=CARTESIAN_POINT('',(87.867225,-17.7688,-7.4));
#2961=CARTESIAN_POINT('',(85.1500000000002,-17.7688,-6.6));
#2962=CARTESIAN_POINT('Origin',(88.1063,-15.7688,-7.4));
#2963=CARTESIAN_POINT('',(87.2563,-15.7688,-12.05));
#2964=CARTESIAN_POINT('Origin',(88.1063,-15.7688,-12.05));
#2965=CARTESIAN_POINT('',(87.2563,-15.7688,-7.4));
#2966=CARTESIAN_POINT('',(87.2563,-15.7688,-7.4));
#2967=CARTESIAN_POINT('Origin',(88.1063,-15.7688,-7.4));
#2968=CARTESIAN_POINT('Origin',(88.1063,-15.7688,-7.4));
#2969=CARTESIAN_POINT('',(88.1063,-13.7688,-7.4));
#2970=CARTESIAN_POINT('',(88.1063,-13.7688,-7.4));
#2971=CARTESIAN_POINT('Origin',(88.1063,-15.7688,-7.4));
#2972=CARTESIAN_POINT('Origin',(85.1500000000002,-13.7688,-7.4));
#2973=CARTESIAN_POINT('',(85.1500000000002,-13.7688,-7.4));
#2974=CARTESIAN_POINT('',(85.1500000000002,-13.7688,-6.6));
#2975=CARTESIAN_POINT('',(86.3890750000002,-13.7688,-7.4));
#2976=CARTESIAN_POINT('Origin',(87.6281500000001,-15.7688,-7.4));
#2977=CARTESIAN_POINT('',(85.1500000000003,-11.7919000000001,-7.4));
#2978=CARTESIAN_POINT('Origin',(85.1500000000003,-7.81500000000024,-5.8));
#2979=CARTESIAN_POINT('',(85.1500000000003,-7.81500000000024,-5.8));
#2980=CARTESIAN_POINT('',(85.1500000000003,-7.81500000000024,-5.8));
#2981=CARTESIAN_POINT('',(85.15,-62.01125,-5.8));
#2982=CARTESIAN_POINT('',(85.1500000000003,-4.23687499999994,-5.8));
#2983=CARTESIAN_POINT('',(85.15,-62.01125,-2.));
#2984=CARTESIAN_POINT('',(85.15,-67.25,-5.8));
#2985=CARTESIAN_POINT('Origin',(84.7500000000003,-7.81500000000024,-5.8));
#2986=CARTESIAN_POINT('',(84.7500000000003,-7.81500000000024,-5.8));
#2987=CARTESIAN_POINT('',(61.1375000000003,-7.81500000000024,-5.8));
#2988=CARTESIAN_POINT('',(84.7500000000003,-7.81500000000024,-5.8));
#2989=CARTESIAN_POINT('Origin',(84.7500000000003,-1.81500000000024,-5.8));
#2990=CARTESIAN_POINT('',(84.7500000000003,-1.81500000000024,-5.8));
#2991=CARTESIAN_POINT('',(84.7500000000003,-12.8137500000003,-5.8));
#2992=CARTESIAN_POINT('',(84.7500000000003,-1.81500000000024,-5.8));
#2993=CARTESIAN_POINT('Origin',(85.1500000000003,-1.81500000000024,-5.8));
#2994=CARTESIAN_POINT('',(61.3375000000002,-1.81500000000029,-5.8));
#2995=CARTESIAN_POINT('Origin',(95.0500000000002,-23.8125,-12.05));
#2996=CARTESIAN_POINT('Origin',(85.15,-67.25,-5.8));
#2997=CARTESIAN_POINT('Origin',(37.5250000000002,-23.8125,-5.8));
#2998=CARTESIAN_POINT('',(67.25,15.33875,-5.8));
#2999=CARTESIAN_POINT('',(52.3875000000001,15.33875,-5.8));
#3000=CARTESIAN_POINT('',(67.25,18.6725,-5.8));
#3001=CARTESIAN_POINT('',(67.25,-2.57,-5.8));
#3002=CARTESIAN_POINT('',(48.2,18.6725,-5.8));
#3003=CARTESIAN_POINT('',(42.8625000000001,18.6725,-5.8));
#3004=CARTESIAN_POINT('',(48.2,19.625,-5.8));
#3005=CARTESIAN_POINT('',(48.2,-2.09375,-5.8));
#3006=CARTESIAN_POINT('',(28.,19.625,-5.8));
#3007=CARTESIAN_POINT('',(32.7625000000001,19.625,-5.8));
#3008=CARTESIAN_POINT('',(28.,17.24375,-5.8));
#3009=CARTESIAN_POINT('',(28.,-3.284375,-5.8));
#3010=CARTESIAN_POINT('',(8.95,17.24375,-5.8));
#3011=CARTESIAN_POINT('',(23.2375000000001,17.24375,-5.8));
#3012=CARTESIAN_POINT('',(8.95,10.1,-5.8));
#3013=CARTESIAN_POINT('',(8.95000000000002,-6.85625000000001,-5.8));
#3014=CARTESIAN_POINT('',(-10.1,10.1,-5.8));
#3015=CARTESIAN_POINT('',(13.7125000000001,10.1,-5.8));
#3016=CARTESIAN_POINT('',(-10.1,-67.25,-5.8));
#3017=CARTESIAN_POINT('',(-10.1,-45.53125,-5.8));
#3018=CARTESIAN_POINT('',(10.1,-67.25,-5.8));
#3019=CARTESIAN_POINT('',(23.8125000000001,-67.25,-5.8));
#3020=CARTESIAN_POINT('',(10.1,-60.10625,-5.8));
#3021=CARTESIAN_POINT('',(10.1,-41.959375,-5.8));
#3022=CARTESIAN_POINT('',(29.15,-60.10625,-5.8));
#3023=CARTESIAN_POINT('',(33.3375000000001,-60.10625,-5.8));
#3024=CARTESIAN_POINT('',(29.15,-57.725,-5.8));
#3025=CARTESIAN_POINT('',(29.1499999999999,-40.76875,-5.8));
#3026=CARTESIAN_POINT('',(47.05,-57.725,-5.8));
#3027=CARTESIAN_POINT('',(42.2875000000001,-57.725,-5.8));
#3028=CARTESIAN_POINT('',(47.05,-58.6775,-5.8));
#3029=CARTESIAN_POINT('',(47.05,-41.245,-5.8));
#3030=CARTESIAN_POINT('',(66.1,-58.6775,-5.8));
#3031=CARTESIAN_POINT('',(51.8125000000001,-58.6775,-5.8));
#3032=CARTESIAN_POINT('',(66.1,-62.01125,-5.8));
#3033=CARTESIAN_POINT('',(66.1,-42.911875,-5.8));
#3034=CARTESIAN_POINT('',(61.3375000000001,-62.01125,-5.8));
#3035=CARTESIAN_POINT('Origin',(67.25,18.6725,-2.));
#3036=CARTESIAN_POINT('',(67.25,18.6725,-2.));
#3037=CARTESIAN_POINT('',(67.25,15.33875,-2.));
#3038=CARTESIAN_POINT('Origin',(48.2,18.6725,-2.));
#3039=CARTESIAN_POINT('',(48.2,18.6725,-2.));
#3040=CARTESIAN_POINT('Origin',(48.2,19.625,-2.));
#3041=CARTESIAN_POINT('',(48.2,19.625,-2.));
#3042=CARTESIAN_POINT('Origin',(28.,19.625,-2.));
#3043=CARTESIAN_POINT('',(28.,19.625,-2.));
#3044=CARTESIAN_POINT('Origin',(28.,17.24375,-2.));
#3045=CARTESIAN_POINT('',(28.,17.24375,-2.));
#3046=CARTESIAN_POINT('Origin',(8.95,17.24375,-2.));
#3047=CARTESIAN_POINT('',(8.95,17.24375,-2.));
#3048=CARTESIAN_POINT('Origin',(8.95000000000001,10.1,-2.));
#3049=CARTESIAN_POINT('',(8.95,10.1,-2.));
#3050=CARTESIAN_POINT('Origin',(-10.1,10.1,-2.));
#3051=CARTESIAN_POINT('',(-10.1,10.1,-2.));
#3052=CARTESIAN_POINT('Origin',(-10.1,-67.25,-2.));
#3053=CARTESIAN_POINT('',(-10.1,-67.25,-2.));
#3054=CARTESIAN_POINT('Origin',(10.1,-67.25,-2.));
#3055=CARTESIAN_POINT('',(10.1,-67.25,-2.));
#3056=CARTESIAN_POINT('Origin',(10.1,-60.10625,-2.));
#3057=CARTESIAN_POINT('',(10.1,-60.10625,-2.));
#3058=CARTESIAN_POINT('Origin',(29.15,-60.10625,-2.));
#3059=CARTESIAN_POINT('',(29.15,-60.10625,-2.));
#3060=CARTESIAN_POINT('Origin',(29.15,-57.725,-2.));
#3061=CARTESIAN_POINT('',(29.15,-57.725,-2.));
#3062=CARTESIAN_POINT('Origin',(47.05,-57.725,-2.));
#3063=CARTESIAN_POINT('',(47.05,-57.725,-2.));
#3064=CARTESIAN_POINT('Origin',(47.05,-58.6775,-2.));
#3065=CARTESIAN_POINT('',(47.05,-58.6775,-2.));
#3066=CARTESIAN_POINT('Origin',(66.1,-58.6775,-2.));
#3067=CARTESIAN_POINT('',(66.1,-58.6775,-2.));
#3068=CARTESIAN_POINT('Origin',(66.1,-62.01125,-2.));
#3069=CARTESIAN_POINT('',(66.1,-62.01125,-2.));
#3070=CARTESIAN_POINT('Origin',(85.15,-62.01125,-2.));
#3071=CARTESIAN_POINT('Origin',(67.25,15.33875,-2.));
#3072=CARTESIAN_POINT('Origin',(107.175,-69.075,-2.));
#3073=UNCERTAINTY_MEASURE_WITH_UNIT(LENGTH_MEASURE(0.01),#3077,
'DISTANCE_ACCURACY_VALUE',
'Maximum model space distance between geometric entities at asserted c
onnectivities');
#3074=UNCERTAINTY_MEASURE_WITH_UNIT(LENGTH_MEASURE(0.01),#3077,
'DISTANCE_ACCURACY_VALUE',
'Maximum model space distance between geometric entities at asserted c
onnectivities');
#3075=(
GEOMETRIC_REPRESENTATION_CONTEXT(3)
GLOBAL_UNCERTAINTY_ASSIGNED_CONTEXT((#3073))
GLOBAL_UNIT_ASSIGNED_CONTEXT((#3077,#3079,#3080))
REPRESENTATION_CONTEXT('','3D')
);
#3076=(
GEOMETRIC_REPRESENTATION_CONTEXT(3)
GLOBAL_UNCERTAINTY_ASSIGNED_CONTEXT((#3074))
GLOBAL_UNIT_ASSIGNED_CONTEXT((#3077,#3079,#3080))
REPRESENTATION_CONTEXT('','3D')
);
#3077=(
LENGTH_UNIT()
NAMED_UNIT(*)
SI_UNIT(.MILLI.,.METRE.)
);
#3078=(
LENGTH_UNIT()
NAMED_UNIT(*)
SI_UNIT($,.METRE.)
);
#3079=(
NAMED_UNIT(*)
PLANE_ANGLE_UNIT()
SI_UNIT($,.RADIAN.)
);
#3080=(
NAMED_UNIT(*)
SI_UNIT($,.STERADIAN.)
SOLID_ANGLE_UNIT()
);
#3081=SHAPE_DEFINITION_REPRESENTATION(#3082,#3083);
#3082=PRODUCT_DEFINITION_SHAPE('',$,#3085);
#3083=SHAPE_REPRESENTATION('',(#1813),#3075);
#3084=PRODUCT_DEFINITION_CONTEXT('part definition',#3089,'design');
#3085=PRODUCT_DEFINITION('2026-07-16-23-31-28-528','Modey45_L2_BOTTOM',
#3086,#3084);
#3086=PRODUCT_DEFINITION_FORMATION('',$,#3091);
#3087=PRODUCT_RELATED_PRODUCT_CATEGORY('Modey45_L2_BOTTOM',
'Modey45_L2_BOTTOM',(#3091));
#3088=APPLICATION_PROTOCOL_DEFINITION('international standard',
'automotive_design',2009,#3089);
#3089=APPLICATION_CONTEXT(
'Core Data for Automotive Mechanical Design Process');
#3090=PRODUCT_CONTEXT('part definition',#3089,'mechanical');
#3091=PRODUCT('2026-07-16-23-31-28-528','Modey45_L2_BOTTOM',$,(#3090));
#3092=PRESENTATION_STYLE_ASSIGNMENT((#3093));
#3093=SURFACE_STYLE_USAGE(.BOTH.,#3094);
#3094=SURFACE_SIDE_STYLE('',(#3095));
#3095=SURFACE_STYLE_FILL_AREA(#3096);
#3096=FILL_AREA_STYLE('\X2\92FC\X0\ - \X2\30B530C630F3\X0\',(#3097));
#3097=FILL_AREA_STYLE_COLOUR('\X2\92FC\X0\ - \X2\30B530C630F3\X0\',#3098);
#3098=COLOUR_RGB('\X2\92FC\X0\ - \X2\30B530C630F3\X0\',0.627450980392157,
0.627450980392157,0.627450980392157);
ENDSEC;
END-ISO-10303-21;
