ISO-10303-21;
HEADER;
/* Generated by software containing ST-Developer
 * from STEP Tools, Inc. (www.steptools.com) 
 */

FILE_DESCRIPTION(
/* description */ (''),
/* implementation_level */ '2;1');

FILE_NAME(
/* name */ 'Modey45_L2_PLATE.step',
/* time_stamp */ '2026-07-22T00:34:43+09:00',
/* author */ (''),
/* organization */ (''),
/* preprocessor_version */ 'ST-DEVELOPER v20.1',
/* originating_system */ 'Autodesk Translation Framework v15.8.0.0',
/* authorisation */ '');

FILE_SCHEMA (('AUTOMOTIVE_DESIGN { 1 0 10303 214 3 1 1 }'));
ENDSEC;

DATA;
#10=MECHANICAL_DESIGN_GEOMETRIC_PRESENTATION_REPRESENTATION('',(#13),#6755);
#11=SHAPE_REPRESENTATION_RELATIONSHIP('SRR','None',#6762,#12);
#12=ADVANCED_BREP_SHAPE_REPRESENTATION('',(#14),#6754);
#13=STYLED_ITEM('',(#6771),#14);
#14=MANIFOLD_SOLID_BREP('\X2\30DC30C730A3\X0\1',#4311);
#15=FACE_BOUND('',#465,.T.);
#16=FACE_BOUND('',#466,.T.);
#17=FACE_BOUND('',#467,.T.);
#18=FACE_BOUND('',#468,.T.);
#19=FACE_BOUND('',#469,.T.);
#20=FACE_BOUND('',#470,.T.);
#21=FACE_BOUND('',#471,.T.);
#22=FACE_BOUND('',#472,.T.);
#23=FACE_BOUND('',#473,.T.);
#24=FACE_BOUND('',#474,.T.);
#25=FACE_BOUND('',#475,.T.);
#26=FACE_BOUND('',#476,.T.);
#27=FACE_BOUND('',#477,.T.);
#28=FACE_BOUND('',#478,.T.);
#29=FACE_BOUND('',#479,.T.);
#30=FACE_BOUND('',#480,.T.);
#31=FACE_BOUND('',#481,.T.);
#32=FACE_BOUND('',#482,.T.);
#33=FACE_BOUND('',#483,.T.);
#34=FACE_BOUND('',#484,.T.);
#35=FACE_BOUND('',#485,.T.);
#36=FACE_BOUND('',#486,.T.);
#37=FACE_BOUND('',#487,.T.);
#38=FACE_BOUND('',#488,.T.);
#39=FACE_BOUND('',#689,.T.);
#40=FACE_BOUND('',#690,.T.);
#41=FACE_BOUND('',#691,.T.);
#42=FACE_BOUND('',#692,.T.);
#43=FACE_BOUND('',#693,.T.);
#44=FACE_BOUND('',#694,.T.);
#45=FACE_BOUND('',#695,.T.);
#46=FACE_BOUND('',#696,.T.);
#47=FACE_BOUND('',#697,.T.);
#48=FACE_BOUND('',#698,.T.);
#49=FACE_BOUND('',#699,.T.);
#50=FACE_BOUND('',#700,.T.);
#51=FACE_BOUND('',#701,.T.);
#52=FACE_BOUND('',#702,.T.);
#53=FACE_BOUND('',#703,.T.);
#54=FACE_BOUND('',#704,.T.);
#55=FACE_BOUND('',#705,.T.);
#56=FACE_BOUND('',#706,.T.);
#57=FACE_BOUND('',#707,.T.);
#58=FACE_BOUND('',#708,.T.);
#59=FACE_BOUND('',#709,.T.);
#60=FACE_BOUND('',#710,.T.);
#61=FACE_BOUND('',#711,.T.);
#62=FACE_BOUND('',#712,.T.);
#63=PLANE('',#4328);
#64=PLANE('',#4332);
#65=PLANE('',#4337);
#66=PLANE('',#4340);
#67=PLANE('',#4341);
#68=PLANE('',#4342);
#69=PLANE('',#4343);
#70=PLANE('',#4344);
#71=PLANE('',#4345);
#72=PLANE('',#4346);
#73=PLANE('',#4347);
#74=PLANE('',#4348);
#75=PLANE('',#4349);
#76=PLANE('',#4350);
#77=PLANE('',#4351);
#78=PLANE('',#4352);
#79=PLANE('',#4353);
#80=PLANE('',#4354);
#81=PLANE('',#4355);
#82=PLANE('',#4356);
#83=PLANE('',#4357);
#84=PLANE('',#4358);
#85=PLANE('',#4359);
#86=PLANE('',#4360);
#87=PLANE('',#4361);
#88=PLANE('',#4362);
#89=PLANE('',#4363);
#90=PLANE('',#4364);
#91=PLANE('',#4365);
#92=PLANE('',#4366);
#93=PLANE('',#4367);
#94=PLANE('',#4368);
#95=PLANE('',#4369);
#96=PLANE('',#4370);
#97=PLANE('',#4371);
#98=PLANE('',#4372);
#99=PLANE('',#4373);
#100=PLANE('',#4374);
#101=PLANE('',#4375);
#102=PLANE('',#4376);
#103=PLANE('',#4377);
#104=PLANE('',#4378);
#105=PLANE('',#4379);
#106=PLANE('',#4380);
#107=PLANE('',#4381);
#108=PLANE('',#4382);
#109=PLANE('',#4383);
#110=PLANE('',#4384);
#111=PLANE('',#4385);
#112=PLANE('',#4386);
#113=PLANE('',#4387);
#114=PLANE('',#4388);
#115=PLANE('',#4389);
#116=PLANE('',#4390);
#117=PLANE('',#4391);
#118=PLANE('',#4392);
#119=PLANE('',#4393);
#120=PLANE('',#4394);
#121=PLANE('',#4395);
#122=PLANE('',#4396);
#123=PLANE('',#4397);
#124=PLANE('',#4398);
#125=PLANE('',#4399);
#126=PLANE('',#4400);
#127=PLANE('',#4401);
#128=PLANE('',#4402);
#129=PLANE('',#4403);
#130=PLANE('',#4404);
#131=PLANE('',#4405);
#132=PLANE('',#4406);
#133=PLANE('',#4407);
#134=PLANE('',#4408);
#135=PLANE('',#4409);
#136=PLANE('',#4410);
#137=PLANE('',#4411);
#138=PLANE('',#4412);
#139=PLANE('',#4413);
#140=PLANE('',#4414);
#141=PLANE('',#4415);
#142=PLANE('',#4416);
#143=PLANE('',#4417);
#144=PLANE('',#4418);
#145=PLANE('',#4419);
#146=PLANE('',#4420);
#147=PLANE('',#4421);
#148=PLANE('',#4422);
#149=PLANE('',#4423);
#150=PLANE('',#4424);
#151=PLANE('',#4425);
#152=PLANE('',#4426);
#153=PLANE('',#4427);
#154=PLANE('',#4428);
#155=PLANE('',#4429);
#156=PLANE('',#4430);
#157=PLANE('',#4431);
#158=PLANE('',#4432);
#159=PLANE('',#4433);
#160=PLANE('',#4434);
#161=PLANE('',#4435);
#162=PLANE('',#4436);
#163=PLANE('',#4437);
#164=PLANE('',#4438);
#165=PLANE('',#4439);
#166=PLANE('',#4440);
#167=PLANE('',#4441);
#168=PLANE('',#4442);
#169=PLANE('',#4443);
#170=PLANE('',#4444);
#171=PLANE('',#4445);
#172=PLANE('',#4446);
#173=PLANE('',#4447);
#174=PLANE('',#4448);
#175=PLANE('',#4449);
#176=PLANE('',#4450);
#177=PLANE('',#4451);
#178=PLANE('',#4452);
#179=PLANE('',#4453);
#180=PLANE('',#4454);
#181=PLANE('',#4455);
#182=PLANE('',#4456);
#183=PLANE('',#4457);
#184=PLANE('',#4458);
#185=PLANE('',#4459);
#186=PLANE('',#4460);
#187=PLANE('',#4461);
#188=PLANE('',#4462);
#189=PLANE('',#4463);
#190=PLANE('',#4464);
#191=PLANE('',#4465);
#192=PLANE('',#4466);
#193=PLANE('',#4467);
#194=PLANE('',#4468);
#195=PLANE('',#4469);
#196=PLANE('',#4470);
#197=PLANE('',#4471);
#198=PLANE('',#4472);
#199=PLANE('',#4473);
#200=PLANE('',#4474);
#201=PLANE('',#4475);
#202=PLANE('',#4476);
#203=PLANE('',#4477);
#204=PLANE('',#4478);
#205=PLANE('',#4479);
#206=PLANE('',#4480);
#207=PLANE('',#4481);
#208=PLANE('',#4482);
#209=PLANE('',#4483);
#210=PLANE('',#4484);
#211=PLANE('',#4485);
#212=PLANE('',#4486);
#213=PLANE('',#4487);
#214=PLANE('',#4488);
#215=PLANE('',#4489);
#216=PLANE('',#4490);
#217=PLANE('',#4491);
#218=PLANE('',#4492);
#219=PLANE('',#4493);
#220=PLANE('',#4494);
#221=PLANE('',#4495);
#222=PLANE('',#4496);
#223=PLANE('',#4497);
#224=PLANE('',#4498);
#225=PLANE('',#4499);
#226=PLANE('',#4500);
#227=PLANE('',#4501);
#228=PLANE('',#4502);
#229=PLANE('',#4503);
#230=PLANE('',#4504);
#231=PLANE('',#4505);
#232=PLANE('',#4506);
#233=PLANE('',#4507);
#234=PLANE('',#4508);
#235=PLANE('',#4509);
#236=PLANE('',#4510);
#237=PLANE('',#4511);
#238=PLANE('',#4512);
#239=PLANE('',#4513);
#240=PLANE('',#4514);
#241=PLANE('',#4515);
#242=PLANE('',#4516);
#243=PLANE('',#4517);
#244=PLANE('',#4518);
#245=PLANE('',#4519);
#246=PLANE('',#4520);
#247=PLANE('',#4521);
#248=PLANE('',#4522);
#249=PLANE('',#4523);
#250=PLANE('',#4524);
#251=PLANE('',#4525);
#252=PLANE('',#4526);
#253=PLANE('',#4527);
#254=PLANE('',#4528);
#255=PLANE('',#4529);
#256=PLANE('',#4530);
#257=PLANE('',#4531);
#258=PLANE('',#4532);
#259=PLANE('',#4533);
#260=PLANE('',#4534);
#261=FACE_OUTER_BOUND('',#463,.T.);
#262=FACE_OUTER_BOUND('',#464,.T.);
#263=FACE_OUTER_BOUND('',#489,.T.);
#264=FACE_OUTER_BOUND('',#490,.T.);
#265=FACE_OUTER_BOUND('',#491,.T.);
#266=FACE_OUTER_BOUND('',#492,.T.);
#267=FACE_OUTER_BOUND('',#493,.T.);
#268=FACE_OUTER_BOUND('',#494,.T.);
#269=FACE_OUTER_BOUND('',#495,.T.);
#270=FACE_OUTER_BOUND('',#496,.T.);
#271=FACE_OUTER_BOUND('',#497,.T.);
#272=FACE_OUTER_BOUND('',#498,.T.);
#273=FACE_OUTER_BOUND('',#499,.T.);
#274=FACE_OUTER_BOUND('',#500,.T.);
#275=FACE_OUTER_BOUND('',#501,.T.);
#276=FACE_OUTER_BOUND('',#502,.T.);
#277=FACE_OUTER_BOUND('',#503,.T.);
#278=FACE_OUTER_BOUND('',#504,.T.);
#279=FACE_OUTER_BOUND('',#505,.T.);
#280=FACE_OUTER_BOUND('',#506,.T.);
#281=FACE_OUTER_BOUND('',#507,.T.);
#282=FACE_OUTER_BOUND('',#508,.T.);
#283=FACE_OUTER_BOUND('',#509,.T.);
#284=FACE_OUTER_BOUND('',#510,.T.);
#285=FACE_OUTER_BOUND('',#511,.T.);
#286=FACE_OUTER_BOUND('',#512,.T.);
#287=FACE_OUTER_BOUND('',#513,.T.);
#288=FACE_OUTER_BOUND('',#514,.T.);
#289=FACE_OUTER_BOUND('',#515,.T.);
#290=FACE_OUTER_BOUND('',#516,.T.);
#291=FACE_OUTER_BOUND('',#517,.T.);
#292=FACE_OUTER_BOUND('',#518,.T.);
#293=FACE_OUTER_BOUND('',#519,.T.);
#294=FACE_OUTER_BOUND('',#520,.T.);
#295=FACE_OUTER_BOUND('',#521,.T.);
#296=FACE_OUTER_BOUND('',#522,.T.);
#297=FACE_OUTER_BOUND('',#523,.T.);
#298=FACE_OUTER_BOUND('',#524,.T.);
#299=FACE_OUTER_BOUND('',#525,.T.);
#300=FACE_OUTER_BOUND('',#526,.T.);
#301=FACE_OUTER_BOUND('',#527,.T.);
#302=FACE_OUTER_BOUND('',#528,.T.);
#303=FACE_OUTER_BOUND('',#529,.T.);
#304=FACE_OUTER_BOUND('',#530,.T.);
#305=FACE_OUTER_BOUND('',#531,.T.);
#306=FACE_OUTER_BOUND('',#532,.T.);
#307=FACE_OUTER_BOUND('',#533,.T.);
#308=FACE_OUTER_BOUND('',#534,.T.);
#309=FACE_OUTER_BOUND('',#535,.T.);
#310=FACE_OUTER_BOUND('',#536,.T.);
#311=FACE_OUTER_BOUND('',#537,.T.);
#312=FACE_OUTER_BOUND('',#538,.T.);
#313=FACE_OUTER_BOUND('',#539,.T.);
#314=FACE_OUTER_BOUND('',#540,.T.);
#315=FACE_OUTER_BOUND('',#541,.T.);
#316=FACE_OUTER_BOUND('',#542,.T.);
#317=FACE_OUTER_BOUND('',#543,.T.);
#318=FACE_OUTER_BOUND('',#544,.T.);
#319=FACE_OUTER_BOUND('',#545,.T.);
#320=FACE_OUTER_BOUND('',#546,.T.);
#321=FACE_OUTER_BOUND('',#547,.T.);
#322=FACE_OUTER_BOUND('',#548,.T.);
#323=FACE_OUTER_BOUND('',#549,.T.);
#324=FACE_OUTER_BOUND('',#550,.T.);
#325=FACE_OUTER_BOUND('',#551,.T.);
#326=FACE_OUTER_BOUND('',#552,.T.);
#327=FACE_OUTER_BOUND('',#553,.T.);
#328=FACE_OUTER_BOUND('',#554,.T.);
#329=FACE_OUTER_BOUND('',#555,.T.);
#330=FACE_OUTER_BOUND('',#556,.T.);
#331=FACE_OUTER_BOUND('',#557,.T.);
#332=FACE_OUTER_BOUND('',#558,.T.);
#333=FACE_OUTER_BOUND('',#559,.T.);
#334=FACE_OUTER_BOUND('',#560,.T.);
#335=FACE_OUTER_BOUND('',#561,.T.);
#336=FACE_OUTER_BOUND('',#562,.T.);
#337=FACE_OUTER_BOUND('',#563,.T.);
#338=FACE_OUTER_BOUND('',#564,.T.);
#339=FACE_OUTER_BOUND('',#565,.T.);
#340=FACE_OUTER_BOUND('',#566,.T.);
#341=FACE_OUTER_BOUND('',#567,.T.);
#342=FACE_OUTER_BOUND('',#568,.T.);
#343=FACE_OUTER_BOUND('',#569,.T.);
#344=FACE_OUTER_BOUND('',#570,.T.);
#345=FACE_OUTER_BOUND('',#571,.T.);
#346=FACE_OUTER_BOUND('',#572,.T.);
#347=FACE_OUTER_BOUND('',#573,.T.);
#348=FACE_OUTER_BOUND('',#574,.T.);
#349=FACE_OUTER_BOUND('',#575,.T.);
#350=FACE_OUTER_BOUND('',#576,.T.);
#351=FACE_OUTER_BOUND('',#577,.T.);
#352=FACE_OUTER_BOUND('',#578,.T.);
#353=FACE_OUTER_BOUND('',#579,.T.);
#354=FACE_OUTER_BOUND('',#580,.T.);
#355=FACE_OUTER_BOUND('',#581,.T.);
#356=FACE_OUTER_BOUND('',#582,.T.);
#357=FACE_OUTER_BOUND('',#583,.T.);
#358=FACE_OUTER_BOUND('',#584,.T.);
#359=FACE_OUTER_BOUND('',#585,.T.);
#360=FACE_OUTER_BOUND('',#586,.T.);
#361=FACE_OUTER_BOUND('',#587,.T.);
#362=FACE_OUTER_BOUND('',#588,.T.);
#363=FACE_OUTER_BOUND('',#589,.T.);
#364=FACE_OUTER_BOUND('',#590,.T.);
#365=FACE_OUTER_BOUND('',#591,.T.);
#366=FACE_OUTER_BOUND('',#592,.T.);
#367=FACE_OUTER_BOUND('',#593,.T.);
#368=FACE_OUTER_BOUND('',#594,.T.);
#369=FACE_OUTER_BOUND('',#595,.T.);
#370=FACE_OUTER_BOUND('',#596,.T.);
#371=FACE_OUTER_BOUND('',#597,.T.);
#372=FACE_OUTER_BOUND('',#598,.T.);
#373=FACE_OUTER_BOUND('',#599,.T.);
#374=FACE_OUTER_BOUND('',#600,.T.);
#375=FACE_OUTER_BOUND('',#601,.T.);
#376=FACE_OUTER_BOUND('',#602,.T.);
#377=FACE_OUTER_BOUND('',#603,.T.);
#378=FACE_OUTER_BOUND('',#604,.T.);
#379=FACE_OUTER_BOUND('',#605,.T.);
#380=FACE_OUTER_BOUND('',#606,.T.);
#381=FACE_OUTER_BOUND('',#607,.T.);
#382=FACE_OUTER_BOUND('',#608,.T.);
#383=FACE_OUTER_BOUND('',#609,.T.);
#384=FACE_OUTER_BOUND('',#610,.T.);
#385=FACE_OUTER_BOUND('',#611,.T.);
#386=FACE_OUTER_BOUND('',#612,.T.);
#387=FACE_OUTER_BOUND('',#613,.T.);
#388=FACE_OUTER_BOUND('',#614,.T.);
#389=FACE_OUTER_BOUND('',#615,.T.);
#390=FACE_OUTER_BOUND('',#616,.T.);
#391=FACE_OUTER_BOUND('',#617,.T.);
#392=FACE_OUTER_BOUND('',#618,.T.);
#393=FACE_OUTER_BOUND('',#619,.T.);
#394=FACE_OUTER_BOUND('',#620,.T.);
#395=FACE_OUTER_BOUND('',#621,.T.);
#396=FACE_OUTER_BOUND('',#622,.T.);
#397=FACE_OUTER_BOUND('',#623,.T.);
#398=FACE_OUTER_BOUND('',#624,.T.);
#399=FACE_OUTER_BOUND('',#625,.T.);
#400=FACE_OUTER_BOUND('',#626,.T.);
#401=FACE_OUTER_BOUND('',#627,.T.);
#402=FACE_OUTER_BOUND('',#628,.T.);
#403=FACE_OUTER_BOUND('',#629,.T.);
#404=FACE_OUTER_BOUND('',#630,.T.);
#405=FACE_OUTER_BOUND('',#631,.T.);
#406=FACE_OUTER_BOUND('',#632,.T.);
#407=FACE_OUTER_BOUND('',#633,.T.);
#408=FACE_OUTER_BOUND('',#634,.T.);
#409=FACE_OUTER_BOUND('',#635,.T.);
#410=FACE_OUTER_BOUND('',#636,.T.);
#411=FACE_OUTER_BOUND('',#637,.T.);
#412=FACE_OUTER_BOUND('',#638,.T.);
#413=FACE_OUTER_BOUND('',#639,.T.);
#414=FACE_OUTER_BOUND('',#640,.T.);
#415=FACE_OUTER_BOUND('',#641,.T.);
#416=FACE_OUTER_BOUND('',#642,.T.);
#417=FACE_OUTER_BOUND('',#643,.T.);
#418=FACE_OUTER_BOUND('',#644,.T.);
#419=FACE_OUTER_BOUND('',#645,.T.);
#420=FACE_OUTER_BOUND('',#646,.T.);
#421=FACE_OUTER_BOUND('',#647,.T.);
#422=FACE_OUTER_BOUND('',#648,.T.);
#423=FACE_OUTER_BOUND('',#649,.T.);
#424=FACE_OUTER_BOUND('',#650,.T.);
#425=FACE_OUTER_BOUND('',#651,.T.);
#426=FACE_OUTER_BOUND('',#652,.T.);
#427=FACE_OUTER_BOUND('',#653,.T.);
#428=FACE_OUTER_BOUND('',#654,.T.);
#429=FACE_OUTER_BOUND('',#655,.T.);
#430=FACE_OUTER_BOUND('',#656,.T.);
#431=FACE_OUTER_BOUND('',#657,.T.);
#432=FACE_OUTER_BOUND('',#658,.T.);
#433=FACE_OUTER_BOUND('',#659,.T.);
#434=FACE_OUTER_BOUND('',#660,.T.);
#435=FACE_OUTER_BOUND('',#661,.T.);
#436=FACE_OUTER_BOUND('',#662,.T.);
#437=FACE_OUTER_BOUND('',#663,.T.);
#438=FACE_OUTER_BOUND('',#664,.T.);
#439=FACE_OUTER_BOUND('',#665,.T.);
#440=FACE_OUTER_BOUND('',#666,.T.);
#441=FACE_OUTER_BOUND('',#667,.T.);
#442=FACE_OUTER_BOUND('',#668,.T.);
#443=FACE_OUTER_BOUND('',#669,.T.);
#444=FACE_OUTER_BOUND('',#670,.T.);
#445=FACE_OUTER_BOUND('',#671,.T.);
#446=FACE_OUTER_BOUND('',#672,.T.);
#447=FACE_OUTER_BOUND('',#673,.T.);
#448=FACE_OUTER_BOUND('',#674,.T.);
#449=FACE_OUTER_BOUND('',#675,.T.);
#450=FACE_OUTER_BOUND('',#676,.T.);
#451=FACE_OUTER_BOUND('',#677,.T.);
#452=FACE_OUTER_BOUND('',#678,.T.);
#453=FACE_OUTER_BOUND('',#679,.T.);
#454=FACE_OUTER_BOUND('',#680,.T.);
#455=FACE_OUTER_BOUND('',#681,.T.);
#456=FACE_OUTER_BOUND('',#682,.T.);
#457=FACE_OUTER_BOUND('',#683,.T.);
#458=FACE_OUTER_BOUND('',#684,.T.);
#459=FACE_OUTER_BOUND('',#685,.T.);
#460=FACE_OUTER_BOUND('',#686,.T.);
#461=FACE_OUTER_BOUND('',#687,.T.);
#462=FACE_OUTER_BOUND('',#688,.T.);
#463=EDGE_LOOP('',(#2905,#2906,#2907,#2908));
#464=EDGE_LOOP('',(#2909,#2910,#2911,#2912,#2913,#2914,#2915,#2916));
#465=EDGE_LOOP('',(#2917,#2918,#2919,#2920));
#466=EDGE_LOOP('',(#2921,#2922,#2923,#2924));
#467=EDGE_LOOP('',(#2925,#2926,#2927,#2928));
#468=EDGE_LOOP('',(#2929,#2930,#2931,#2932));
#469=EDGE_LOOP('',(#2933,#2934,#2935,#2936));
#470=EDGE_LOOP('',(#2937,#2938,#2939,#2940));
#471=EDGE_LOOP('',(#2941,#2942,#2943,#2944));
#472=EDGE_LOOP('',(#2945,#2946,#2947,#2948));
#473=EDGE_LOOP('',(#2949,#2950,#2951,#2952));
#474=EDGE_LOOP('',(#2953,#2954,#2955,#2956));
#475=EDGE_LOOP('',(#2957,#2958,#2959,#2960));
#476=EDGE_LOOP('',(#2961,#2962,#2963,#2964));
#477=EDGE_LOOP('',(#2965,#2966,#2967,#2968));
#478=EDGE_LOOP('',(#2969,#2970,#2971,#2972));
#479=EDGE_LOOP('',(#2973,#2974,#2975,#2976));
#480=EDGE_LOOP('',(#2977,#2978,#2979,#2980));
#481=EDGE_LOOP('',(#2981,#2982,#2983,#2984));
#482=EDGE_LOOP('',(#2985,#2986,#2987,#2988));
#483=EDGE_LOOP('',(#2989,#2990,#2991,#2992));
#484=EDGE_LOOP('',(#2993,#2994,#2995,#2996));
#485=EDGE_LOOP('',(#2997,#2998,#2999,#3000));
#486=EDGE_LOOP('',(#3001,#3002,#3003,#3004));
#487=EDGE_LOOP('',(#3005,#3006,#3007,#3008));
#488=EDGE_LOOP('',(#3009,#3010,#3011,#3012));
#489=EDGE_LOOP('',(#3013,#3014,#3015,#3016));
#490=EDGE_LOOP('',(#3017,#3018,#3019,#3020));
#491=EDGE_LOOP('',(#3021,#3022,#3023,#3024));
#492=EDGE_LOOP('',(#3025,#3026,#3027,#3028));
#493=EDGE_LOOP('',(#3029,#3030,#3031,#3032));
#494=EDGE_LOOP('',(#3033,#3034,#3035,#3036));
#495=EDGE_LOOP('',(#3037,#3038,#3039,#3040));
#496=EDGE_LOOP('',(#3041,#3042,#3043,#3044,#3045,#3046,#3047,#3048));
#497=EDGE_LOOP('',(#3049,#3050,#3051,#3052));
#498=EDGE_LOOP('',(#3053,#3054,#3055,#3056));
#499=EDGE_LOOP('',(#3057,#3058,#3059,#3060));
#500=EDGE_LOOP('',(#3061,#3062,#3063,#3064,#3065,#3066,#3067,#3068));
#501=EDGE_LOOP('',(#3069,#3070,#3071,#3072));
#502=EDGE_LOOP('',(#3073,#3074,#3075,#3076));
#503=EDGE_LOOP('',(#3077,#3078,#3079,#3080));
#504=EDGE_LOOP('',(#3081,#3082,#3083,#3084));
#505=EDGE_LOOP('',(#3085,#3086,#3087,#3088));
#506=EDGE_LOOP('',(#3089,#3090,#3091,#3092));
#507=EDGE_LOOP('',(#3093,#3094,#3095,#3096));
#508=EDGE_LOOP('',(#3097,#3098,#3099,#3100,#3101,#3102,#3103,#3104));
#509=EDGE_LOOP('',(#3105,#3106,#3107,#3108));
#510=EDGE_LOOP('',(#3109,#3110,#3111,#3112));
#511=EDGE_LOOP('',(#3113,#3114,#3115,#3116));
#512=EDGE_LOOP('',(#3117,#3118,#3119,#3120));
#513=EDGE_LOOP('',(#3121,#3122,#3123,#3124));
#514=EDGE_LOOP('',(#3125,#3126,#3127,#3128,#3129,#3130,#3131,#3132));
#515=EDGE_LOOP('',(#3133,#3134,#3135,#3136));
#516=EDGE_LOOP('',(#3137,#3138,#3139,#3140));
#517=EDGE_LOOP('',(#3141,#3142,#3143,#3144));
#518=EDGE_LOOP('',(#3145,#3146,#3147,#3148,#3149,#3150,#3151,#3152));
#519=EDGE_LOOP('',(#3153,#3154,#3155,#3156));
#520=EDGE_LOOP('',(#3157,#3158,#3159,#3160));
#521=EDGE_LOOP('',(#3161,#3162,#3163,#3164));
#522=EDGE_LOOP('',(#3165,#3166,#3167,#3168,#3169,#3170,#3171,#3172));
#523=EDGE_LOOP('',(#3173,#3174,#3175,#3176));
#524=EDGE_LOOP('',(#3177,#3178,#3179,#3180));
#525=EDGE_LOOP('',(#3181,#3182,#3183,#3184));
#526=EDGE_LOOP('',(#3185,#3186,#3187,#3188));
#527=EDGE_LOOP('',(#3189,#3190,#3191,#3192));
#528=EDGE_LOOP('',(#3193,#3194,#3195,#3196,#3197,#3198,#3199,#3200));
#529=EDGE_LOOP('',(#3201,#3202,#3203,#3204));
#530=EDGE_LOOP('',(#3205,#3206,#3207,#3208));
#531=EDGE_LOOP('',(#3209,#3210,#3211,#3212));
#532=EDGE_LOOP('',(#3213,#3214,#3215,#3216,#3217,#3218,#3219,#3220));
#533=EDGE_LOOP('',(#3221,#3222,#3223,#3224));
#534=EDGE_LOOP('',(#3225,#3226,#3227,#3228));
#535=EDGE_LOOP('',(#3229,#3230,#3231,#3232));
#536=EDGE_LOOP('',(#3233,#3234,#3235,#3236,#3237,#3238,#3239,#3240));
#537=EDGE_LOOP('',(#3241,#3242,#3243,#3244));
#538=EDGE_LOOP('',(#3245,#3246,#3247,#3248));
#539=EDGE_LOOP('',(#3249,#3250,#3251,#3252));
#540=EDGE_LOOP('',(#3253,#3254,#3255,#3256));
#541=EDGE_LOOP('',(#3257,#3258,#3259,#3260));
#542=EDGE_LOOP('',(#3261,#3262,#3263,#3264,#3265,#3266,#3267,#3268));
#543=EDGE_LOOP('',(#3269,#3270,#3271,#3272));
#544=EDGE_LOOP('',(#3273,#3274,#3275,#3276));
#545=EDGE_LOOP('',(#3277,#3278,#3279,#3280));
#546=EDGE_LOOP('',(#3281,#3282,#3283,#3284,#3285,#3286,#3287,#3288));
#547=EDGE_LOOP('',(#3289,#3290,#3291,#3292));
#548=EDGE_LOOP('',(#3293,#3294,#3295,#3296));
#549=EDGE_LOOP('',(#3297,#3298,#3299,#3300));
#550=EDGE_LOOP('',(#3301,#3302,#3303,#3304,#3305,#3306,#3307,#3308));
#551=EDGE_LOOP('',(#3309,#3310,#3311,#3312));
#552=EDGE_LOOP('',(#3313,#3314,#3315,#3316));
#553=EDGE_LOOP('',(#3317,#3318,#3319,#3320));
#554=EDGE_LOOP('',(#3321,#3322,#3323,#3324,#3325,#3326,#3327,#3328));
#555=EDGE_LOOP('',(#3329,#3330,#3331,#3332));
#556=EDGE_LOOP('',(#3333,#3334,#3335,#3336));
#557=EDGE_LOOP('',(#3337,#3338,#3339,#3340));
#558=EDGE_LOOP('',(#3341,#3342,#3343,#3344,#3345,#3346,#3347,#3348));
#559=EDGE_LOOP('',(#3349,#3350,#3351,#3352));
#560=EDGE_LOOP('',(#3353,#3354,#3355,#3356));
#561=EDGE_LOOP('',(#3357,#3358,#3359,#3360));
#562=EDGE_LOOP('',(#3361,#3362,#3363,#3364,#3365,#3366,#3367,#3368));
#563=EDGE_LOOP('',(#3369,#3370,#3371,#3372));
#564=EDGE_LOOP('',(#3373,#3374,#3375,#3376));
#565=EDGE_LOOP('',(#3377,#3378,#3379,#3380));
#566=EDGE_LOOP('',(#3381,#3382,#3383,#3384));
#567=EDGE_LOOP('',(#3385,#3386,#3387,#3388));
#568=EDGE_LOOP('',(#3389,#3390,#3391,#3392,#3393,#3394,#3395,#3396));
#569=EDGE_LOOP('',(#3397,#3398,#3399,#3400));
#570=EDGE_LOOP('',(#3401,#3402,#3403,#3404));
#571=EDGE_LOOP('',(#3405,#3406,#3407,#3408));
#572=EDGE_LOOP('',(#3409,#3410,#3411,#3412,#3413,#3414,#3415,#3416));
#573=EDGE_LOOP('',(#3417,#3418,#3419,#3420));
#574=EDGE_LOOP('',(#3421,#3422,#3423,#3424));
#575=EDGE_LOOP('',(#3425,#3426,#3427,#3428));
#576=EDGE_LOOP('',(#3429,#3430,#3431,#3432,#3433,#3434,#3435,#3436));
#577=EDGE_LOOP('',(#3437,#3438,#3439,#3440));
#578=EDGE_LOOP('',(#3441,#3442,#3443,#3444));
#579=EDGE_LOOP('',(#3445,#3446,#3447,#3448));
#580=EDGE_LOOP('',(#3449,#3450,#3451,#3452,#3453,#3454,#3455,#3456));
#581=EDGE_LOOP('',(#3457,#3458,#3459,#3460));
#582=EDGE_LOOP('',(#3461,#3462,#3463,#3464));
#583=EDGE_LOOP('',(#3465,#3466,#3467,#3468));
#584=EDGE_LOOP('',(#3469,#3470,#3471,#3472,#3473,#3474,#3475,#3476));
#585=EDGE_LOOP('',(#3477,#3478,#3479,#3480));
#586=EDGE_LOOP('',(#3481,#3482,#3483,#3484));
#587=EDGE_LOOP('',(#3485,#3486,#3487,#3488));
#588=EDGE_LOOP('',(#3489,#3490,#3491,#3492,#3493,#3494,#3495,#3496));
#589=EDGE_LOOP('',(#3497,#3498,#3499,#3500));
#590=EDGE_LOOP('',(#3501,#3502,#3503,#3504));
#591=EDGE_LOOP('',(#3505,#3506,#3507,#3508));
#592=EDGE_LOOP('',(#3509,#3510,#3511,#3512,#3513,#3514,#3515,#3516));
#593=EDGE_LOOP('',(#3517,#3518,#3519,#3520));
#594=EDGE_LOOP('',(#3521,#3522,#3523,#3524));
#595=EDGE_LOOP('',(#3525,#3526,#3527,#3528));
#596=EDGE_LOOP('',(#3529,#3530,#3531,#3532,#3533,#3534,#3535,#3536));
#597=EDGE_LOOP('',(#3537,#3538,#3539,#3540));
#598=EDGE_LOOP('',(#3541,#3542,#3543,#3544));
#599=EDGE_LOOP('',(#3545,#3546,#3547,#3548));
#600=EDGE_LOOP('',(#3549,#3550,#3551,#3552,#3553,#3554,#3555,#3556));
#601=EDGE_LOOP('',(#3557,#3558,#3559,#3560));
#602=EDGE_LOOP('',(#3561,#3562,#3563,#3564));
#603=EDGE_LOOP('',(#3565,#3566,#3567,#3568));
#604=EDGE_LOOP('',(#3569,#3570,#3571,#3572,#3573,#3574,#3575,#3576));
#605=EDGE_LOOP('',(#3577,#3578,#3579,#3580));
#606=EDGE_LOOP('',(#3581,#3582,#3583,#3584));
#607=EDGE_LOOP('',(#3585,#3586,#3587,#3588));
#608=EDGE_LOOP('',(#3589,#3590,#3591,#3592,#3593,#3594,#3595,#3596));
#609=EDGE_LOOP('',(#3597,#3598,#3599,#3600));
#610=EDGE_LOOP('',(#3601,#3602,#3603,#3604));
#611=EDGE_LOOP('',(#3605,#3606,#3607,#3608));
#612=EDGE_LOOP('',(#3609,#3610,#3611,#3612));
#613=EDGE_LOOP('',(#3613,#3614,#3615,#3616));
#614=EDGE_LOOP('',(#3617,#3618,#3619,#3620,#3621,#3622,#3623,#3624));
#615=EDGE_LOOP('',(#3625,#3626,#3627,#3628));
#616=EDGE_LOOP('',(#3629,#3630,#3631,#3632));
#617=EDGE_LOOP('',(#3633,#3634,#3635,#3636));
#618=EDGE_LOOP('',(#3637,#3638,#3639,#3640));
#619=EDGE_LOOP('',(#3641,#3642,#3643,#3644));
#620=EDGE_LOOP('',(#3645,#3646,#3647,#3648));
#621=EDGE_LOOP('',(#3649,#3650,#3651,#3652));
#622=EDGE_LOOP('',(#3653,#3654,#3655,#3656));
#623=EDGE_LOOP('',(#3657,#3658,#3659,#3660));
#624=EDGE_LOOP('',(#3661,#3662,#3663,#3664,#3665,#3666,#3667,#3668));
#625=EDGE_LOOP('',(#3669,#3670,#3671,#3672));
#626=EDGE_LOOP('',(#3673,#3674,#3675,#3676));
#627=EDGE_LOOP('',(#3677,#3678,#3679,#3680));
#628=EDGE_LOOP('',(#3681,#3682,#3683,#3684));
#629=EDGE_LOOP('',(#3685,#3686,#3687,#3688));
#630=EDGE_LOOP('',(#3689,#3690,#3691,#3692));
#631=EDGE_LOOP('',(#3693,#3694,#3695,#3696));
#632=EDGE_LOOP('',(#3697,#3698,#3699,#3700,#3701,#3702,#3703,#3704));
#633=EDGE_LOOP('',(#3705,#3706,#3707,#3708));
#634=EDGE_LOOP('',(#3709,#3710,#3711,#3712));
#635=EDGE_LOOP('',(#3713,#3714,#3715,#3716));
#636=EDGE_LOOP('',(#3717,#3718,#3719,#3720));
#637=EDGE_LOOP('',(#3721,#3722,#3723,#3724));
#638=EDGE_LOOP('',(#3725,#3726,#3727,#3728,#3729,#3730,#3731,#3732));
#639=EDGE_LOOP('',(#3733,#3734,#3735,#3736));
#640=EDGE_LOOP('',(#3737,#3738,#3739,#3740));
#641=EDGE_LOOP('',(#3741,#3742,#3743,#3744));
#642=EDGE_LOOP('',(#3745,#3746,#3747,#3748,#3749,#3750,#3751,#3752));
#643=EDGE_LOOP('',(#3753,#3754,#3755,#3756));
#644=EDGE_LOOP('',(#3757,#3758,#3759,#3760));
#645=EDGE_LOOP('',(#3761,#3762,#3763,#3764));
#646=EDGE_LOOP('',(#3765,#3766,#3767,#3768,#3769,#3770,#3771,#3772));
#647=EDGE_LOOP('',(#3773,#3774,#3775,#3776));
#648=EDGE_LOOP('',(#3777,#3778,#3779,#3780));
#649=EDGE_LOOP('',(#3781,#3782,#3783,#3784));
#650=EDGE_LOOP('',(#3785,#3786,#3787,#3788));
#651=EDGE_LOOP('',(#3789,#3790,#3791,#3792));
#652=EDGE_LOOP('',(#3793,#3794,#3795,#3796));
#653=EDGE_LOOP('',(#3797,#3798,#3799,#3800));
#654=EDGE_LOOP('',(#3801,#3802,#3803,#3804,#3805,#3806,#3807,#3808));
#655=EDGE_LOOP('',(#3809,#3810,#3811,#3812));
#656=EDGE_LOOP('',(#3813,#3814,#3815,#3816));
#657=EDGE_LOOP('',(#3817,#3818,#3819,#3820,#3821,#3822,#3823,#3824));
#658=EDGE_LOOP('',(#3825,#3826,#3827,#3828));
#659=EDGE_LOOP('',(#3829,#3830,#3831,#3832,#3833,#3834,#3835,#3836));
#660=EDGE_LOOP('',(#3837,#3838,#3839,#3840));
#661=EDGE_LOOP('',(#3841,#3842,#3843,#3844,#3845,#3846,#3847,#3848));
#662=EDGE_LOOP('',(#3849,#3850,#3851,#3852));
#663=EDGE_LOOP('',(#3853,#3854,#3855,#3856,#3857,#3858,#3859,#3860));
#664=EDGE_LOOP('',(#3861,#3862,#3863,#3864));
#665=EDGE_LOOP('',(#3865,#3866,#3867,#3868,#3869,#3870,#3871,#3872));
#666=EDGE_LOOP('',(#3873,#3874,#3875,#3876));
#667=EDGE_LOOP('',(#3877,#3878,#3879,#3880,#3881,#3882,#3883,#3884));
#668=EDGE_LOOP('',(#3885,#3886,#3887,#3888));
#669=EDGE_LOOP('',(#3889,#3890,#3891,#3892,#3893,#3894,#3895,#3896));
#670=EDGE_LOOP('',(#3897,#3898,#3899,#3900));
#671=EDGE_LOOP('',(#3901,#3902,#3903,#3904,#3905,#3906,#3907,#3908));
#672=EDGE_LOOP('',(#3909,#3910,#3911,#3912));
#673=EDGE_LOOP('',(#3913,#3914,#3915,#3916,#3917,#3918,#3919,#3920));
#674=EDGE_LOOP('',(#3921,#3922,#3923,#3924));
#675=EDGE_LOOP('',(#3925,#3926,#3927,#3928,#3929,#3930,#3931,#3932));
#676=EDGE_LOOP('',(#3933,#3934,#3935,#3936));
#677=EDGE_LOOP('',(#3937,#3938,#3939,#3940,#3941,#3942,#3943,#3944));
#678=EDGE_LOOP('',(#3945,#3946,#3947,#3948));
#679=EDGE_LOOP('',(#3949,#3950,#3951,#3952,#3953,#3954,#3955,#3956));
#680=EDGE_LOOP('',(#3957,#3958,#3959,#3960));
#681=EDGE_LOOP('',(#3961,#3962,#3963,#3964,#3965,#3966,#3967,#3968));
#682=EDGE_LOOP('',(#3969,#3970,#3971,#3972));
#683=EDGE_LOOP('',(#3973,#3974,#3975,#3976,#3977,#3978,#3979,#3980));
#684=EDGE_LOOP('',(#3981,#3982,#3983,#3984));
#685=EDGE_LOOP('',(#3985,#3986,#3987,#3988,#3989,#3990,#3991,#3992));
#686=EDGE_LOOP('',(#3993,#3994,#3995,#3996));
#687=EDGE_LOOP('',(#3997,#3998,#3999,#4000));
#688=EDGE_LOOP('',(#4001,#4002,#4003,#4004,#4005,#4006,#4007,#4008));
#689=EDGE_LOOP('',(#4009,#4010,#4011,#4012));
#690=EDGE_LOOP('',(#4013,#4014,#4015,#4016));
#691=EDGE_LOOP('',(#4017,#4018,#4019,#4020));
#692=EDGE_LOOP('',(#4021,#4022,#4023,#4024));
#693=EDGE_LOOP('',(#4025,#4026,#4027,#4028));
#694=EDGE_LOOP('',(#4029,#4030,#4031,#4032));
#695=EDGE_LOOP('',(#4033,#4034,#4035,#4036));
#696=EDGE_LOOP('',(#4037,#4038,#4039,#4040));
#697=EDGE_LOOP('',(#4041,#4042,#4043,#4044));
#698=EDGE_LOOP('',(#4045,#4046,#4047,#4048));
#699=EDGE_LOOP('',(#4049,#4050,#4051,#4052));
#700=EDGE_LOOP('',(#4053,#4054,#4055,#4056));
#701=EDGE_LOOP('',(#4057,#4058,#4059,#4060));
#702=EDGE_LOOP('',(#4061,#4062,#4063,#4064));
#703=EDGE_LOOP('',(#4065,#4066,#4067,#4068));
#704=EDGE_LOOP('',(#4069,#4070,#4071,#4072));
#705=EDGE_LOOP('',(#4073,#4074,#4075,#4076));
#706=EDGE_LOOP('',(#4077,#4078,#4079,#4080));
#707=EDGE_LOOP('',(#4081,#4082,#4083,#4084));
#708=EDGE_LOOP('',(#4085,#4086,#4087,#4088));
#709=EDGE_LOOP('',(#4089,#4090,#4091,#4092));
#710=EDGE_LOOP('',(#4093,#4094,#4095,#4096));
#711=EDGE_LOOP('',(#4097,#4098,#4099,#4100));
#712=EDGE_LOOP('',(#4101,#4102,#4103,#4104));
#713=LINE('',#5555,#1305);
#714=LINE('',#5558,#1306);
#715=LINE('',#5561,#1307);
#716=LINE('',#5565,#1308);
#717=LINE('',#5569,#1309);
#718=LINE('',#5572,#1310);
#719=LINE('',#5575,#1311);
#720=LINE('',#5577,#1312);
#721=LINE('',#5579,#1313);
#722=LINE('',#5580,#1314);
#723=LINE('',#5583,#1315);
#724=LINE('',#5585,#1316);
#725=LINE('',#5587,#1317);
#726=LINE('',#5588,#1318);
#727=LINE('',#5591,#1319);
#728=LINE('',#5593,#1320);
#729=LINE('',#5595,#1321);
#730=LINE('',#5596,#1322);
#731=LINE('',#5599,#1323);
#732=LINE('',#5601,#1324);
#733=LINE('',#5603,#1325);
#734=LINE('',#5604,#1326);
#735=LINE('',#5607,#1327);
#736=LINE('',#5609,#1328);
#737=LINE('',#5611,#1329);
#738=LINE('',#5612,#1330);
#739=LINE('',#5615,#1331);
#740=LINE('',#5617,#1332);
#741=LINE('',#5619,#1333);
#742=LINE('',#5620,#1334);
#743=LINE('',#5623,#1335);
#744=LINE('',#5625,#1336);
#745=LINE('',#5627,#1337);
#746=LINE('',#5628,#1338);
#747=LINE('',#5631,#1339);
#748=LINE('',#5633,#1340);
#749=LINE('',#5635,#1341);
#750=LINE('',#5636,#1342);
#751=LINE('',#5639,#1343);
#752=LINE('',#5641,#1344);
#753=LINE('',#5643,#1345);
#754=LINE('',#5644,#1346);
#755=LINE('',#5647,#1347);
#756=LINE('',#5649,#1348);
#757=LINE('',#5651,#1349);
#758=LINE('',#5652,#1350);
#759=LINE('',#5655,#1351);
#760=LINE('',#5657,#1352);
#761=LINE('',#5659,#1353);
#762=LINE('',#5660,#1354);
#763=LINE('',#5663,#1355);
#764=LINE('',#5665,#1356);
#765=LINE('',#5667,#1357);
#766=LINE('',#5668,#1358);
#767=LINE('',#5671,#1359);
#768=LINE('',#5673,#1360);
#769=LINE('',#5675,#1361);
#770=LINE('',#5676,#1362);
#771=LINE('',#5679,#1363);
#772=LINE('',#5681,#1364);
#773=LINE('',#5683,#1365);
#774=LINE('',#5684,#1366);
#775=LINE('',#5687,#1367);
#776=LINE('',#5689,#1368);
#777=LINE('',#5691,#1369);
#778=LINE('',#5692,#1370);
#779=LINE('',#5695,#1371);
#780=LINE('',#5697,#1372);
#781=LINE('',#5699,#1373);
#782=LINE('',#5700,#1374);
#783=LINE('',#5703,#1375);
#784=LINE('',#5705,#1376);
#785=LINE('',#5707,#1377);
#786=LINE('',#5708,#1378);
#787=LINE('',#5711,#1379);
#788=LINE('',#5713,#1380);
#789=LINE('',#5715,#1381);
#790=LINE('',#5716,#1382);
#791=LINE('',#5719,#1383);
#792=LINE('',#5721,#1384);
#793=LINE('',#5723,#1385);
#794=LINE('',#5724,#1386);
#795=LINE('',#5727,#1387);
#796=LINE('',#5729,#1388);
#797=LINE('',#5731,#1389);
#798=LINE('',#5732,#1390);
#799=LINE('',#5735,#1391);
#800=LINE('',#5737,#1392);
#801=LINE('',#5739,#1393);
#802=LINE('',#5740,#1394);
#803=LINE('',#5743,#1395);
#804=LINE('',#5745,#1396);
#805=LINE('',#5747,#1397);
#806=LINE('',#5748,#1398);
#807=LINE('',#5751,#1399);
#808=LINE('',#5753,#1400);
#809=LINE('',#5755,#1401);
#810=LINE('',#5756,#1402);
#811=LINE('',#5759,#1403);
#812=LINE('',#5761,#1404);
#813=LINE('',#5763,#1405);
#814=LINE('',#5764,#1406);
#815=LINE('',#5767,#1407);
#816=LINE('',#5768,#1408);
#817=LINE('',#5772,#1409);
#818=LINE('',#5775,#1410);
#819=LINE('',#5778,#1411);
#820=LINE('',#5781,#1412);
#821=LINE('',#5782,#1413);
#822=LINE('',#5785,#1414);
#823=LINE('',#5790,#1415);
#824=LINE('',#5792,#1416);
#825=LINE('',#5794,#1417);
#826=LINE('',#5795,#1418);
#827=LINE('',#5798,#1419);
#828=LINE('',#5800,#1420);
#829=LINE('',#5801,#1421);
#830=LINE('',#5803,#1422);
#831=LINE('',#5805,#1423);
#832=LINE('',#5807,#1424);
#833=LINE('',#5809,#1425);
#834=LINE('',#5810,#1426);
#835=LINE('',#5812,#1427);
#836=LINE('',#5816,#1428);
#837=LINE('',#5818,#1429);
#838=LINE('',#5820,#1430);
#839=LINE('',#5821,#1431);
#840=LINE('',#5824,#1432);
#841=LINE('',#5826,#1433);
#842=LINE('',#5827,#1434);
#843=LINE('',#5829,#1435);
#844=LINE('',#5831,#1436);
#845=LINE('',#5833,#1437);
#846=LINE('',#5835,#1438);
#847=LINE('',#5836,#1439);
#848=LINE('',#5838,#1440);
#849=LINE('',#5842,#1441);
#850=LINE('',#5844,#1442);
#851=LINE('',#5846,#1443);
#852=LINE('',#5847,#1444);
#853=LINE('',#5850,#1445);
#854=LINE('',#5852,#1446);
#855=LINE('',#5853,#1447);
#856=LINE('',#5857,#1448);
#857=LINE('',#5859,#1449);
#858=LINE('',#5861,#1450);
#859=LINE('',#5862,#1451);
#860=LINE('',#5865,#1452);
#861=LINE('',#5867,#1453);
#862=LINE('',#5868,#1454);
#863=LINE('',#5872,#1455);
#864=LINE('',#5874,#1456);
#865=LINE('',#5876,#1457);
#866=LINE('',#5877,#1458);
#867=LINE('',#5880,#1459);
#868=LINE('',#5882,#1460);
#869=LINE('',#5883,#1461);
#870=LINE('',#5885,#1462);
#871=LINE('',#5887,#1463);
#872=LINE('',#5889,#1464);
#873=LINE('',#5891,#1465);
#874=LINE('',#5892,#1466);
#875=LINE('',#5894,#1467);
#876=LINE('',#5898,#1468);
#877=LINE('',#5900,#1469);
#878=LINE('',#5902,#1470);
#879=LINE('',#5903,#1471);
#880=LINE('',#5906,#1472);
#881=LINE('',#5908,#1473);
#882=LINE('',#5909,#1474);
#883=LINE('',#5913,#1475);
#884=LINE('',#5915,#1476);
#885=LINE('',#5917,#1477);
#886=LINE('',#5918,#1478);
#887=LINE('',#5921,#1479);
#888=LINE('',#5923,#1480);
#889=LINE('',#5924,#1481);
#890=LINE('',#5926,#1482);
#891=LINE('',#5928,#1483);
#892=LINE('',#5930,#1484);
#893=LINE('',#5932,#1485);
#894=LINE('',#5933,#1486);
#895=LINE('',#5935,#1487);
#896=LINE('',#5939,#1488);
#897=LINE('',#5941,#1489);
#898=LINE('',#5943,#1490);
#899=LINE('',#5944,#1491);
#900=LINE('',#5947,#1492);
#901=LINE('',#5949,#1493);
#902=LINE('',#5950,#1494);
#903=LINE('',#5952,#1495);
#904=LINE('',#5954,#1496);
#905=LINE('',#5956,#1497);
#906=LINE('',#5958,#1498);
#907=LINE('',#5959,#1499);
#908=LINE('',#5961,#1500);
#909=LINE('',#5965,#1501);
#910=LINE('',#5967,#1502);
#911=LINE('',#5969,#1503);
#912=LINE('',#5970,#1504);
#913=LINE('',#5973,#1505);
#914=LINE('',#5975,#1506);
#915=LINE('',#5976,#1507);
#916=LINE('',#5978,#1508);
#917=LINE('',#5980,#1509);
#918=LINE('',#5982,#1510);
#919=LINE('',#5984,#1511);
#920=LINE('',#5985,#1512);
#921=LINE('',#5987,#1513);
#922=LINE('',#5991,#1514);
#923=LINE('',#5993,#1515);
#924=LINE('',#5995,#1516);
#925=LINE('',#5996,#1517);
#926=LINE('',#5999,#1518);
#927=LINE('',#6001,#1519);
#928=LINE('',#6002,#1520);
#929=LINE('',#6006,#1521);
#930=LINE('',#6008,#1522);
#931=LINE('',#6010,#1523);
#932=LINE('',#6011,#1524);
#933=LINE('',#6014,#1525);
#934=LINE('',#6016,#1526);
#935=LINE('',#6017,#1527);
#936=LINE('',#6019,#1528);
#937=LINE('',#6021,#1529);
#938=LINE('',#6023,#1530);
#939=LINE('',#6025,#1531);
#940=LINE('',#6026,#1532);
#941=LINE('',#6028,#1533);
#942=LINE('',#6032,#1534);
#943=LINE('',#6034,#1535);
#944=LINE('',#6036,#1536);
#945=LINE('',#6037,#1537);
#946=LINE('',#6040,#1538);
#947=LINE('',#6042,#1539);
#948=LINE('',#6043,#1540);
#949=LINE('',#6045,#1541);
#950=LINE('',#6047,#1542);
#951=LINE('',#6049,#1543);
#952=LINE('',#6051,#1544);
#953=LINE('',#6052,#1545);
#954=LINE('',#6054,#1546);
#955=LINE('',#6058,#1547);
#956=LINE('',#6060,#1548);
#957=LINE('',#6062,#1549);
#958=LINE('',#6063,#1550);
#959=LINE('',#6066,#1551);
#960=LINE('',#6068,#1552);
#961=LINE('',#6069,#1553);
#962=LINE('',#6071,#1554);
#963=LINE('',#6073,#1555);
#964=LINE('',#6075,#1556);
#965=LINE('',#6077,#1557);
#966=LINE('',#6078,#1558);
#967=LINE('',#6080,#1559);
#968=LINE('',#6084,#1560);
#969=LINE('',#6086,#1561);
#970=LINE('',#6088,#1562);
#971=LINE('',#6089,#1563);
#972=LINE('',#6092,#1564);
#973=LINE('',#6094,#1565);
#974=LINE('',#6095,#1566);
#975=LINE('',#6099,#1567);
#976=LINE('',#6101,#1568);
#977=LINE('',#6103,#1569);
#978=LINE('',#6104,#1570);
#979=LINE('',#6107,#1571);
#980=LINE('',#6109,#1572);
#981=LINE('',#6110,#1573);
#982=LINE('',#6112,#1574);
#983=LINE('',#6114,#1575);
#984=LINE('',#6116,#1576);
#985=LINE('',#6118,#1577);
#986=LINE('',#6119,#1578);
#987=LINE('',#6121,#1579);
#988=LINE('',#6125,#1580);
#989=LINE('',#6127,#1581);
#990=LINE('',#6129,#1582);
#991=LINE('',#6130,#1583);
#992=LINE('',#6133,#1584);
#993=LINE('',#6135,#1585);
#994=LINE('',#6136,#1586);
#995=LINE('',#6138,#1587);
#996=LINE('',#6140,#1588);
#997=LINE('',#6142,#1589);
#998=LINE('',#6144,#1590);
#999=LINE('',#6145,#1591);
#1000=LINE('',#6147,#1592);
#1001=LINE('',#6151,#1593);
#1002=LINE('',#6153,#1594);
#1003=LINE('',#6155,#1595);
#1004=LINE('',#6156,#1596);
#1005=LINE('',#6159,#1597);
#1006=LINE('',#6161,#1598);
#1007=LINE('',#6162,#1599);
#1008=LINE('',#6164,#1600);
#1009=LINE('',#6166,#1601);
#1010=LINE('',#6168,#1602);
#1011=LINE('',#6170,#1603);
#1012=LINE('',#6171,#1604);
#1013=LINE('',#6173,#1605);
#1014=LINE('',#6177,#1606);
#1015=LINE('',#6179,#1607);
#1016=LINE('',#6181,#1608);
#1017=LINE('',#6182,#1609);
#1018=LINE('',#6185,#1610);
#1019=LINE('',#6187,#1611);
#1020=LINE('',#6188,#1612);
#1021=LINE('',#6190,#1613);
#1022=LINE('',#6192,#1614);
#1023=LINE('',#6194,#1615);
#1024=LINE('',#6196,#1616);
#1025=LINE('',#6197,#1617);
#1026=LINE('',#6199,#1618);
#1027=LINE('',#6203,#1619);
#1028=LINE('',#6205,#1620);
#1029=LINE('',#6207,#1621);
#1030=LINE('',#6208,#1622);
#1031=LINE('',#6211,#1623);
#1032=LINE('',#6213,#1624);
#1033=LINE('',#6214,#1625);
#1034=LINE('',#6216,#1626);
#1035=LINE('',#6218,#1627);
#1036=LINE('',#6220,#1628);
#1037=LINE('',#6222,#1629);
#1038=LINE('',#6223,#1630);
#1039=LINE('',#6225,#1631);
#1040=LINE('',#6229,#1632);
#1041=LINE('',#6231,#1633);
#1042=LINE('',#6233,#1634);
#1043=LINE('',#6234,#1635);
#1044=LINE('',#6237,#1636);
#1045=LINE('',#6239,#1637);
#1046=LINE('',#6240,#1638);
#1047=LINE('',#6242,#1639);
#1048=LINE('',#6244,#1640);
#1049=LINE('',#6246,#1641);
#1050=LINE('',#6248,#1642);
#1051=LINE('',#6249,#1643);
#1052=LINE('',#6251,#1644);
#1053=LINE('',#6255,#1645);
#1054=LINE('',#6257,#1646);
#1055=LINE('',#6259,#1647);
#1056=LINE('',#6260,#1648);
#1057=LINE('',#6263,#1649);
#1058=LINE('',#6265,#1650);
#1059=LINE('',#6266,#1651);
#1060=LINE('',#6270,#1652);
#1061=LINE('',#6272,#1653);
#1062=LINE('',#6274,#1654);
#1063=LINE('',#6275,#1655);
#1064=LINE('',#6278,#1656);
#1065=LINE('',#6280,#1657);
#1066=LINE('',#6281,#1658);
#1067=LINE('',#6283,#1659);
#1068=LINE('',#6285,#1660);
#1069=LINE('',#6287,#1661);
#1070=LINE('',#6289,#1662);
#1071=LINE('',#6290,#1663);
#1072=LINE('',#6292,#1664);
#1073=LINE('',#6296,#1665);
#1074=LINE('',#6298,#1666);
#1075=LINE('',#6300,#1667);
#1076=LINE('',#6301,#1668);
#1077=LINE('',#6304,#1669);
#1078=LINE('',#6306,#1670);
#1079=LINE('',#6307,#1671);
#1080=LINE('',#6309,#1672);
#1081=LINE('',#6311,#1673);
#1082=LINE('',#6313,#1674);
#1083=LINE('',#6315,#1675);
#1084=LINE('',#6316,#1676);
#1085=LINE('',#6318,#1677);
#1086=LINE('',#6322,#1678);
#1087=LINE('',#6324,#1679);
#1088=LINE('',#6326,#1680);
#1089=LINE('',#6327,#1681);
#1090=LINE('',#6330,#1682);
#1091=LINE('',#6332,#1683);
#1092=LINE('',#6333,#1684);
#1093=LINE('',#6335,#1685);
#1094=LINE('',#6337,#1686);
#1095=LINE('',#6339,#1687);
#1096=LINE('',#6341,#1688);
#1097=LINE('',#6342,#1689);
#1098=LINE('',#6344,#1690);
#1099=LINE('',#6347,#1691);
#1100=LINE('',#6349,#1692);
#1101=LINE('',#6350,#1693);
#1102=LINE('',#6353,#1694);
#1103=LINE('',#6354,#1695);
#1104=LINE('',#6356,#1696);
#1105=LINE('',#6357,#1697);
#1106=LINE('',#6361,#1698);
#1107=LINE('',#6363,#1699);
#1108=LINE('',#6364,#1700);
#1109=LINE('',#6367,#1701);
#1110=LINE('',#6368,#1702);
#1111=LINE('',#6370,#1703);
#1112=LINE('',#6371,#1704);
#1113=LINE('',#6376,#1705);
#1114=LINE('',#6378,#1706);
#1115=LINE('',#6380,#1707);
#1116=LINE('',#6381,#1708);
#1117=LINE('',#6384,#1709);
#1118=LINE('',#6386,#1710);
#1119=LINE('',#6387,#1711);
#1120=LINE('',#6389,#1712);
#1121=LINE('',#6390,#1713);
#1122=LINE('',#6391,#1714);
#1123=LINE('',#6393,#1715);
#1124=LINE('',#6397,#1716);
#1125=LINE('',#6399,#1717);
#1126=LINE('',#6401,#1718);
#1127=LINE('',#6402,#1719);
#1128=LINE('',#6405,#1720);
#1129=LINE('',#6407,#1721);
#1130=LINE('',#6408,#1722);
#1131=LINE('',#6410,#1723);
#1132=LINE('',#6411,#1724);
#1133=LINE('',#6412,#1725);
#1134=LINE('',#6414,#1726);
#1135=LINE('',#6417,#1727);
#1136=LINE('',#6419,#1728);
#1137=LINE('',#6420,#1729);
#1138=LINE('',#6423,#1730);
#1139=LINE('',#6424,#1731);
#1140=LINE('',#6426,#1732);
#1141=LINE('',#6427,#1733);
#1142=LINE('',#6432,#1734);
#1143=LINE('',#6434,#1735);
#1144=LINE('',#6436,#1736);
#1145=LINE('',#6437,#1737);
#1146=LINE('',#6440,#1738);
#1147=LINE('',#6442,#1739);
#1148=LINE('',#6443,#1740);
#1149=LINE('',#6445,#1741);
#1150=LINE('',#6446,#1742);
#1151=LINE('',#6447,#1743);
#1152=LINE('',#6449,#1744);
#1153=LINE('',#6452,#1745);
#1154=LINE('',#6454,#1746);
#1155=LINE('',#6455,#1747);
#1156=LINE('',#6458,#1748);
#1157=LINE('',#6459,#1749);
#1158=LINE('',#6461,#1750);
#1159=LINE('',#6462,#1751);
#1160=LINE('',#6466,#1752);
#1161=LINE('',#6468,#1753);
#1162=LINE('',#6469,#1754);
#1163=LINE('',#6472,#1755);
#1164=LINE('',#6473,#1756);
#1165=LINE('',#6475,#1757);
#1166=LINE('',#6476,#1758);
#1167=LINE('',#6480,#1759);
#1168=LINE('',#6482,#1760);
#1169=LINE('',#6483,#1761);
#1170=LINE('',#6486,#1762);
#1171=LINE('',#6487,#1763);
#1172=LINE('',#6491,#1764);
#1173=LINE('',#6493,#1765);
#1174=LINE('',#6495,#1766);
#1175=LINE('',#6496,#1767);
#1176=LINE('',#6499,#1768);
#1177=LINE('',#6501,#1769);
#1178=LINE('',#6502,#1770);
#1179=LINE('',#6504,#1771);
#1180=LINE('',#6505,#1772);
#1181=LINE('',#6506,#1773);
#1182=LINE('',#6508,#1774);
#1183=LINE('',#6511,#1775);
#1184=LINE('',#6513,#1776);
#1185=LINE('',#6514,#1777);
#1186=LINE('',#6517,#1778);
#1187=LINE('',#6518,#1779);
#1188=LINE('',#6521,#1780);
#1189=LINE('',#6523,#1781);
#1190=LINE('',#6524,#1782);
#1191=LINE('',#6527,#1783);
#1192=LINE('',#6528,#1784);
#1193=LINE('',#6531,#1785);
#1194=LINE('',#6533,#1786);
#1195=LINE('',#6534,#1787);
#1196=LINE('',#6537,#1788);
#1197=LINE('',#6538,#1789);
#1198=LINE('',#6542,#1790);
#1199=LINE('',#6544,#1791);
#1200=LINE('',#6546,#1792);
#1201=LINE('',#6547,#1793);
#1202=LINE('',#6550,#1794);
#1203=LINE('',#6552,#1795);
#1204=LINE('',#6553,#1796);
#1205=LINE('',#6555,#1797);
#1206=LINE('',#6556,#1798);
#1207=LINE('',#6557,#1799);
#1208=LINE('',#6559,#1800);
#1209=LINE('',#6562,#1801);
#1210=LINE('',#6564,#1802);
#1211=LINE('',#6565,#1803);
#1212=LINE('',#6568,#1804);
#1213=LINE('',#6569,#1805);
#1214=LINE('',#6572,#1806);
#1215=LINE('',#6574,#1807);
#1216=LINE('',#6575,#1808);
#1217=LINE('',#6578,#1809);
#1218=LINE('',#6579,#1810);
#1219=LINE('',#6582,#1811);
#1220=LINE('',#6584,#1812);
#1221=LINE('',#6585,#1813);
#1222=LINE('',#6588,#1814);
#1223=LINE('',#6589,#1815);
#1224=LINE('',#6591,#1816);
#1225=LINE('',#6592,#1817);
#1226=LINE('',#6596,#1818);
#1227=LINE('',#6598,#1819);
#1228=LINE('',#6599,#1820);
#1229=LINE('',#6602,#1821);
#1230=LINE('',#6603,#1822);
#1231=LINE('',#6606,#1823);
#1232=LINE('',#6608,#1824);
#1233=LINE('',#6609,#1825);
#1234=LINE('',#6612,#1826);
#1235=LINE('',#6613,#1827);
#1236=LINE('',#6615,#1828);
#1237=LINE('',#6616,#1829);
#1238=LINE('',#6620,#1830);
#1239=LINE('',#6622,#1831);
#1240=LINE('',#6623,#1832);
#1241=LINE('',#6626,#1833);
#1242=LINE('',#6627,#1834);
#1243=LINE('',#6629,#1835);
#1244=LINE('',#6630,#1836);
#1245=LINE('',#6635,#1837);
#1246=LINE('',#6637,#1838);
#1247=LINE('',#6639,#1839);
#1248=LINE('',#6640,#1840);
#1249=LINE('',#6643,#1841);
#1250=LINE('',#6645,#1842);
#1251=LINE('',#6646,#1843);
#1252=LINE('',#6648,#1844);
#1253=LINE('',#6649,#1845);
#1254=LINE('',#6650,#1846);
#1255=LINE('',#6652,#1847);
#1256=LINE('',#6655,#1848);
#1257=LINE('',#6657,#1849);
#1258=LINE('',#6658,#1850);
#1259=LINE('',#6661,#1851);
#1260=LINE('',#6662,#1852);
#1261=LINE('',#6665,#1853);
#1262=LINE('',#6667,#1854);
#1263=LINE('',#6668,#1855);
#1264=LINE('',#6671,#1856);
#1265=LINE('',#6672,#1857);
#1266=LINE('',#6675,#1858);
#1267=LINE('',#6677,#1859);
#1268=LINE('',#6678,#1860);
#1269=LINE('',#6681,#1861);
#1270=LINE('',#6682,#1862);
#1271=LINE('',#6684,#1863);
#1272=LINE('',#6685,#1864);
#1273=LINE('',#6688,#1865);
#1274=LINE('',#6690,#1866);
#1275=LINE('',#6692,#1867);
#1276=LINE('',#6694,#1868);
#1277=LINE('',#6696,#1869);
#1278=LINE('',#6698,#1870);
#1279=LINE('',#6700,#1871);
#1280=LINE('',#6702,#1872);
#1281=LINE('',#6704,#1873);
#1282=LINE('',#6706,#1874);
#1283=LINE('',#6708,#1875);
#1284=LINE('',#6710,#1876);
#1285=LINE('',#6712,#1877);
#1286=LINE('',#6714,#1878);
#1287=LINE('',#6716,#1879);
#1288=LINE('',#6718,#1880);
#1289=LINE('',#6720,#1881);
#1290=LINE('',#6722,#1882);
#1291=LINE('',#6724,#1883);
#1292=LINE('',#6726,#1884);
#1293=LINE('',#6728,#1885);
#1294=LINE('',#6730,#1886);
#1295=LINE('',#6732,#1887);
#1296=LINE('',#6734,#1888);
#1297=LINE('',#6736,#1889);
#1298=LINE('',#6738,#1890);
#1299=LINE('',#6740,#1891);
#1300=LINE('',#6742,#1892);
#1301=LINE('',#6744,#1893);
#1302=LINE('',#6746,#1894);
#1303=LINE('',#6748,#1895);
#1304=LINE('',#6750,#1896);
#1305=VECTOR('',#4541,10.);
#1306=VECTOR('',#4544,10.);
#1307=VECTOR('',#4547,10.);
#1308=VECTOR('',#4550,10.);
#1309=VECTOR('',#4553,10.);
#1310=VECTOR('',#4556,10.);
#1311=VECTOR('',#4557,10.);
#1312=VECTOR('',#4558,10.);
#1313=VECTOR('',#4559,10.);
#1314=VECTOR('',#4560,10.);
#1315=VECTOR('',#4561,10.);
#1316=VECTOR('',#4562,10.);
#1317=VECTOR('',#4563,10.);
#1318=VECTOR('',#4564,10.);
#1319=VECTOR('',#4565,10.);
#1320=VECTOR('',#4566,10.);
#1321=VECTOR('',#4567,10.);
#1322=VECTOR('',#4568,10.);
#1323=VECTOR('',#4569,10.);
#1324=VECTOR('',#4570,10.);
#1325=VECTOR('',#4571,10.);
#1326=VECTOR('',#4572,10.);
#1327=VECTOR('',#4573,10.);
#1328=VECTOR('',#4574,10.);
#1329=VECTOR('',#4575,10.);
#1330=VECTOR('',#4576,10.);
#1331=VECTOR('',#4577,10.);
#1332=VECTOR('',#4578,10.);
#1333=VECTOR('',#4579,10.);
#1334=VECTOR('',#4580,10.);
#1335=VECTOR('',#4581,10.);
#1336=VECTOR('',#4582,10.);
#1337=VECTOR('',#4583,10.);
#1338=VECTOR('',#4584,10.);
#1339=VECTOR('',#4585,10.);
#1340=VECTOR('',#4586,10.);
#1341=VECTOR('',#4587,10.);
#1342=VECTOR('',#4588,10.);
#1343=VECTOR('',#4589,10.);
#1344=VECTOR('',#4590,10.);
#1345=VECTOR('',#4591,10.);
#1346=VECTOR('',#4592,10.);
#1347=VECTOR('',#4593,10.);
#1348=VECTOR('',#4594,10.);
#1349=VECTOR('',#4595,10.);
#1350=VECTOR('',#4596,10.);
#1351=VECTOR('',#4597,10.);
#1352=VECTOR('',#4598,10.);
#1353=VECTOR('',#4599,10.);
#1354=VECTOR('',#4600,10.);
#1355=VECTOR('',#4601,10.);
#1356=VECTOR('',#4602,10.);
#1357=VECTOR('',#4603,10.);
#1358=VECTOR('',#4604,10.);
#1359=VECTOR('',#4605,10.);
#1360=VECTOR('',#4606,10.);
#1361=VECTOR('',#4607,10.);
#1362=VECTOR('',#4608,10.);
#1363=VECTOR('',#4609,10.);
#1364=VECTOR('',#4610,10.);
#1365=VECTOR('',#4611,10.);
#1366=VECTOR('',#4612,10.);
#1367=VECTOR('',#4613,10.);
#1368=VECTOR('',#4614,10.);
#1369=VECTOR('',#4615,10.);
#1370=VECTOR('',#4616,10.);
#1371=VECTOR('',#4617,10.);
#1372=VECTOR('',#4618,10.);
#1373=VECTOR('',#4619,10.);
#1374=VECTOR('',#4620,10.);
#1375=VECTOR('',#4621,10.);
#1376=VECTOR('',#4622,10.);
#1377=VECTOR('',#4623,10.);
#1378=VECTOR('',#4624,10.);
#1379=VECTOR('',#4625,10.);
#1380=VECTOR('',#4626,10.);
#1381=VECTOR('',#4627,10.);
#1382=VECTOR('',#4628,10.);
#1383=VECTOR('',#4629,10.);
#1384=VECTOR('',#4630,10.);
#1385=VECTOR('',#4631,10.);
#1386=VECTOR('',#4632,10.);
#1387=VECTOR('',#4633,10.);
#1388=VECTOR('',#4634,10.);
#1389=VECTOR('',#4635,10.);
#1390=VECTOR('',#4636,10.);
#1391=VECTOR('',#4637,10.);
#1392=VECTOR('',#4638,10.);
#1393=VECTOR('',#4639,10.);
#1394=VECTOR('',#4640,10.);
#1395=VECTOR('',#4641,10.);
#1396=VECTOR('',#4642,10.);
#1397=VECTOR('',#4643,10.);
#1398=VECTOR('',#4644,10.);
#1399=VECTOR('',#4645,10.);
#1400=VECTOR('',#4646,10.);
#1401=VECTOR('',#4647,10.);
#1402=VECTOR('',#4648,10.);
#1403=VECTOR('',#4649,10.);
#1404=VECTOR('',#4650,10.);
#1405=VECTOR('',#4651,10.);
#1406=VECTOR('',#4652,10.);
#1407=VECTOR('',#4655,10.);
#1408=VECTOR('',#4656,10.);
#1409=VECTOR('',#4661,10.);
#1410=VECTOR('',#4664,10.);
#1411=VECTOR('',#4667,10.);
#1412=VECTOR('',#4670,10.);
#1413=VECTOR('',#4671,10.);
#1414=VECTOR('',#4674,10.);
#1415=VECTOR('',#4679,10.);
#1416=VECTOR('',#4680,10.);
#1417=VECTOR('',#4681,10.);
#1418=VECTOR('',#4682,10.);
#1419=VECTOR('',#4685,10.);
#1420=VECTOR('',#4686,10.);
#1421=VECTOR('',#4687,10.);
#1422=VECTOR('',#4690,10.);
#1423=VECTOR('',#4691,10.);
#1424=VECTOR('',#4692,10.);
#1425=VECTOR('',#4693,10.);
#1426=VECTOR('',#4694,10.);
#1427=VECTOR('',#4697,10.);
#1428=VECTOR('',#4700,10.);
#1429=VECTOR('',#4701,10.);
#1430=VECTOR('',#4702,10.);
#1431=VECTOR('',#4703,10.);
#1432=VECTOR('',#4706,10.);
#1433=VECTOR('',#4707,10.);
#1434=VECTOR('',#4708,10.);
#1435=VECTOR('',#4711,10.);
#1436=VECTOR('',#4712,10.);
#1437=VECTOR('',#4713,10.);
#1438=VECTOR('',#4714,10.);
#1439=VECTOR('',#4715,10.);
#1440=VECTOR('',#4718,10.);
#1441=VECTOR('',#4721,10.);
#1442=VECTOR('',#4722,10.);
#1443=VECTOR('',#4723,10.);
#1444=VECTOR('',#4724,10.);
#1445=VECTOR('',#4727,10.);
#1446=VECTOR('',#4728,10.);
#1447=VECTOR('',#4729,10.);
#1448=VECTOR('',#4732,10.);
#1449=VECTOR('',#4733,10.);
#1450=VECTOR('',#4734,10.);
#1451=VECTOR('',#4735,10.);
#1452=VECTOR('',#4738,10.);
#1453=VECTOR('',#4739,10.);
#1454=VECTOR('',#4740,10.);
#1455=VECTOR('',#4743,10.);
#1456=VECTOR('',#4744,10.);
#1457=VECTOR('',#4745,10.);
#1458=VECTOR('',#4746,10.);
#1459=VECTOR('',#4749,10.);
#1460=VECTOR('',#4750,10.);
#1461=VECTOR('',#4751,10.);
#1462=VECTOR('',#4754,10.);
#1463=VECTOR('',#4755,10.);
#1464=VECTOR('',#4756,10.);
#1465=VECTOR('',#4757,10.);
#1466=VECTOR('',#4758,10.);
#1467=VECTOR('',#4761,10.);
#1468=VECTOR('',#4764,10.);
#1469=VECTOR('',#4765,10.);
#1470=VECTOR('',#4766,10.);
#1471=VECTOR('',#4767,10.);
#1472=VECTOR('',#4770,10.);
#1473=VECTOR('',#4771,10.);
#1474=VECTOR('',#4772,10.);
#1475=VECTOR('',#4775,10.);
#1476=VECTOR('',#4776,10.);
#1477=VECTOR('',#4777,10.);
#1478=VECTOR('',#4778,10.);
#1479=VECTOR('',#4781,10.);
#1480=VECTOR('',#4782,10.);
#1481=VECTOR('',#4783,10.);
#1482=VECTOR('',#4786,10.);
#1483=VECTOR('',#4787,10.);
#1484=VECTOR('',#4788,10.);
#1485=VECTOR('',#4789,10.);
#1486=VECTOR('',#4790,10.);
#1487=VECTOR('',#4793,10.);
#1488=VECTOR('',#4796,10.);
#1489=VECTOR('',#4797,10.);
#1490=VECTOR('',#4798,10.);
#1491=VECTOR('',#4799,10.);
#1492=VECTOR('',#4802,10.);
#1493=VECTOR('',#4803,10.);
#1494=VECTOR('',#4804,10.);
#1495=VECTOR('',#4807,10.);
#1496=VECTOR('',#4808,10.);
#1497=VECTOR('',#4809,10.);
#1498=VECTOR('',#4810,10.);
#1499=VECTOR('',#4811,10.);
#1500=VECTOR('',#4814,10.);
#1501=VECTOR('',#4817,10.);
#1502=VECTOR('',#4818,10.);
#1503=VECTOR('',#4819,10.);
#1504=VECTOR('',#4820,10.);
#1505=VECTOR('',#4823,10.);
#1506=VECTOR('',#4824,10.);
#1507=VECTOR('',#4825,10.);
#1508=VECTOR('',#4828,10.);
#1509=VECTOR('',#4829,10.);
#1510=VECTOR('',#4830,10.);
#1511=VECTOR('',#4831,10.);
#1512=VECTOR('',#4832,10.);
#1513=VECTOR('',#4835,10.);
#1514=VECTOR('',#4838,10.);
#1515=VECTOR('',#4839,10.);
#1516=VECTOR('',#4840,10.);
#1517=VECTOR('',#4841,10.);
#1518=VECTOR('',#4844,10.);
#1519=VECTOR('',#4845,10.);
#1520=VECTOR('',#4846,10.);
#1521=VECTOR('',#4849,10.);
#1522=VECTOR('',#4850,10.);
#1523=VECTOR('',#4851,10.);
#1524=VECTOR('',#4852,10.);
#1525=VECTOR('',#4855,10.);
#1526=VECTOR('',#4856,10.);
#1527=VECTOR('',#4857,10.);
#1528=VECTOR('',#4860,10.);
#1529=VECTOR('',#4861,10.);
#1530=VECTOR('',#4862,10.);
#1531=VECTOR('',#4863,10.);
#1532=VECTOR('',#4864,10.);
#1533=VECTOR('',#4867,10.);
#1534=VECTOR('',#4870,10.);
#1535=VECTOR('',#4871,10.);
#1536=VECTOR('',#4872,10.);
#1537=VECTOR('',#4873,10.);
#1538=VECTOR('',#4876,10.);
#1539=VECTOR('',#4877,10.);
#1540=VECTOR('',#4878,10.);
#1541=VECTOR('',#4881,10.);
#1542=VECTOR('',#4882,10.);
#1543=VECTOR('',#4883,10.);
#1544=VECTOR('',#4884,10.);
#1545=VECTOR('',#4885,10.);
#1546=VECTOR('',#4888,10.);
#1547=VECTOR('',#4891,10.);
#1548=VECTOR('',#4892,10.);
#1549=VECTOR('',#4893,10.);
#1550=VECTOR('',#4894,10.);
#1551=VECTOR('',#4897,10.);
#1552=VECTOR('',#4898,10.);
#1553=VECTOR('',#4899,10.);
#1554=VECTOR('',#4902,10.);
#1555=VECTOR('',#4903,10.);
#1556=VECTOR('',#4904,10.);
#1557=VECTOR('',#4905,10.);
#1558=VECTOR('',#4906,10.);
#1559=VECTOR('',#4909,10.);
#1560=VECTOR('',#4912,10.);
#1561=VECTOR('',#4913,10.);
#1562=VECTOR('',#4914,10.);
#1563=VECTOR('',#4915,10.);
#1564=VECTOR('',#4918,10.);
#1565=VECTOR('',#4919,10.);
#1566=VECTOR('',#4920,10.);
#1567=VECTOR('',#4923,10.);
#1568=VECTOR('',#4924,10.);
#1569=VECTOR('',#4925,10.);
#1570=VECTOR('',#4926,10.);
#1571=VECTOR('',#4929,10.);
#1572=VECTOR('',#4930,10.);
#1573=VECTOR('',#4931,10.);
#1574=VECTOR('',#4934,10.);
#1575=VECTOR('',#4935,10.);
#1576=VECTOR('',#4936,10.);
#1577=VECTOR('',#4937,10.);
#1578=VECTOR('',#4938,10.);
#1579=VECTOR('',#4941,10.);
#1580=VECTOR('',#4944,10.);
#1581=VECTOR('',#4945,10.);
#1582=VECTOR('',#4946,10.);
#1583=VECTOR('',#4947,10.);
#1584=VECTOR('',#4950,10.);
#1585=VECTOR('',#4951,10.);
#1586=VECTOR('',#4952,10.);
#1587=VECTOR('',#4955,10.);
#1588=VECTOR('',#4956,10.);
#1589=VECTOR('',#4957,10.);
#1590=VECTOR('',#4958,10.);
#1591=VECTOR('',#4959,10.);
#1592=VECTOR('',#4962,10.);
#1593=VECTOR('',#4965,10.);
#1594=VECTOR('',#4966,10.);
#1595=VECTOR('',#4967,10.);
#1596=VECTOR('',#4968,10.);
#1597=VECTOR('',#4971,10.);
#1598=VECTOR('',#4972,10.);
#1599=VECTOR('',#4973,10.);
#1600=VECTOR('',#4976,10.);
#1601=VECTOR('',#4977,10.);
#1602=VECTOR('',#4978,10.);
#1603=VECTOR('',#4979,10.);
#1604=VECTOR('',#4980,10.);
#1605=VECTOR('',#4983,10.);
#1606=VECTOR('',#4986,10.);
#1607=VECTOR('',#4987,10.);
#1608=VECTOR('',#4988,10.);
#1609=VECTOR('',#4989,10.);
#1610=VECTOR('',#4992,10.);
#1611=VECTOR('',#4993,10.);
#1612=VECTOR('',#4994,10.);
#1613=VECTOR('',#4997,10.);
#1614=VECTOR('',#4998,10.);
#1615=VECTOR('',#4999,10.);
#1616=VECTOR('',#5000,10.);
#1617=VECTOR('',#5001,10.);
#1618=VECTOR('',#5004,10.);
#1619=VECTOR('',#5007,10.);
#1620=VECTOR('',#5008,10.);
#1621=VECTOR('',#5009,10.);
#1622=VECTOR('',#5010,10.);
#1623=VECTOR('',#5013,10.);
#1624=VECTOR('',#5014,10.);
#1625=VECTOR('',#5015,10.);
#1626=VECTOR('',#5018,10.);
#1627=VECTOR('',#5019,10.);
#1628=VECTOR('',#5020,10.);
#1629=VECTOR('',#5021,10.);
#1630=VECTOR('',#5022,10.);
#1631=VECTOR('',#5025,10.);
#1632=VECTOR('',#5028,10.);
#1633=VECTOR('',#5029,10.);
#1634=VECTOR('',#5030,10.);
#1635=VECTOR('',#5031,10.);
#1636=VECTOR('',#5034,10.);
#1637=VECTOR('',#5035,10.);
#1638=VECTOR('',#5036,10.);
#1639=VECTOR('',#5039,10.);
#1640=VECTOR('',#5040,10.);
#1641=VECTOR('',#5041,10.);
#1642=VECTOR('',#5042,10.);
#1643=VECTOR('',#5043,10.);
#1644=VECTOR('',#5046,10.);
#1645=VECTOR('',#5049,10.);
#1646=VECTOR('',#5050,10.);
#1647=VECTOR('',#5051,10.);
#1648=VECTOR('',#5052,10.);
#1649=VECTOR('',#5055,10.);
#1650=VECTOR('',#5056,10.);
#1651=VECTOR('',#5057,10.);
#1652=VECTOR('',#5060,10.);
#1653=VECTOR('',#5061,10.);
#1654=VECTOR('',#5062,10.);
#1655=VECTOR('',#5063,10.);
#1656=VECTOR('',#5066,10.);
#1657=VECTOR('',#5067,10.);
#1658=VECTOR('',#5068,10.);
#1659=VECTOR('',#5071,10.);
#1660=VECTOR('',#5072,10.);
#1661=VECTOR('',#5073,10.);
#1662=VECTOR('',#5074,10.);
#1663=VECTOR('',#5075,10.);
#1664=VECTOR('',#5078,10.);
#1665=VECTOR('',#5081,10.);
#1666=VECTOR('',#5082,10.);
#1667=VECTOR('',#5083,10.);
#1668=VECTOR('',#5084,10.);
#1669=VECTOR('',#5087,10.);
#1670=VECTOR('',#5088,10.);
#1671=VECTOR('',#5089,10.);
#1672=VECTOR('',#5092,10.);
#1673=VECTOR('',#5093,10.);
#1674=VECTOR('',#5094,10.);
#1675=VECTOR('',#5095,10.);
#1676=VECTOR('',#5096,10.);
#1677=VECTOR('',#5099,10.);
#1678=VECTOR('',#5102,10.);
#1679=VECTOR('',#5103,10.);
#1680=VECTOR('',#5104,10.);
#1681=VECTOR('',#5105,10.);
#1682=VECTOR('',#5108,10.);
#1683=VECTOR('',#5109,10.);
#1684=VECTOR('',#5110,10.);
#1685=VECTOR('',#5113,10.);
#1686=VECTOR('',#5114,10.);
#1687=VECTOR('',#5115,10.);
#1688=VECTOR('',#5116,10.);
#1689=VECTOR('',#5117,10.);
#1690=VECTOR('',#5120,10.);
#1691=VECTOR('',#5123,10.);
#1692=VECTOR('',#5124,10.);
#1693=VECTOR('',#5125,10.);
#1694=VECTOR('',#5128,10.);
#1695=VECTOR('',#5129,10.);
#1696=VECTOR('',#5132,10.);
#1697=VECTOR('',#5133,10.);
#1698=VECTOR('',#5138,10.);
#1699=VECTOR('',#5139,10.);
#1700=VECTOR('',#5140,10.);
#1701=VECTOR('',#5143,10.);
#1702=VECTOR('',#5144,10.);
#1703=VECTOR('',#5147,10.);
#1704=VECTOR('',#5148,10.);
#1705=VECTOR('',#5153,10.);
#1706=VECTOR('',#5154,10.);
#1707=VECTOR('',#5155,10.);
#1708=VECTOR('',#5156,10.);
#1709=VECTOR('',#5159,10.);
#1710=VECTOR('',#5160,10.);
#1711=VECTOR('',#5161,10.);
#1712=VECTOR('',#5164,10.);
#1713=VECTOR('',#5165,10.);
#1714=VECTOR('',#5166,10.);
#1715=VECTOR('',#5169,10.);
#1716=VECTOR('',#5172,10.);
#1717=VECTOR('',#5173,10.);
#1718=VECTOR('',#5174,10.);
#1719=VECTOR('',#5175,10.);
#1720=VECTOR('',#5178,10.);
#1721=VECTOR('',#5179,10.);
#1722=VECTOR('',#5180,10.);
#1723=VECTOR('',#5183,10.);
#1724=VECTOR('',#5184,10.);
#1725=VECTOR('',#5185,10.);
#1726=VECTOR('',#5188,10.);
#1727=VECTOR('',#5191,10.);
#1728=VECTOR('',#5192,10.);
#1729=VECTOR('',#5193,10.);
#1730=VECTOR('',#5196,10.);
#1731=VECTOR('',#5197,10.);
#1732=VECTOR('',#5200,10.);
#1733=VECTOR('',#5201,10.);
#1734=VECTOR('',#5206,10.);
#1735=VECTOR('',#5207,10.);
#1736=VECTOR('',#5208,10.);
#1737=VECTOR('',#5209,10.);
#1738=VECTOR('',#5212,10.);
#1739=VECTOR('',#5213,10.);
#1740=VECTOR('',#5214,10.);
#1741=VECTOR('',#5217,10.);
#1742=VECTOR('',#5218,10.);
#1743=VECTOR('',#5219,10.);
#1744=VECTOR('',#5222,10.);
#1745=VECTOR('',#5225,10.);
#1746=VECTOR('',#5226,10.);
#1747=VECTOR('',#5227,10.);
#1748=VECTOR('',#5230,10.);
#1749=VECTOR('',#5231,10.);
#1750=VECTOR('',#5234,10.);
#1751=VECTOR('',#5235,10.);
#1752=VECTOR('',#5240,10.);
#1753=VECTOR('',#5241,10.);
#1754=VECTOR('',#5242,10.);
#1755=VECTOR('',#5245,10.);
#1756=VECTOR('',#5246,10.);
#1757=VECTOR('',#5249,10.);
#1758=VECTOR('',#5250,10.);
#1759=VECTOR('',#5255,10.);
#1760=VECTOR('',#5256,10.);
#1761=VECTOR('',#5257,10.);
#1762=VECTOR('',#5260,10.);
#1763=VECTOR('',#5261,10.);
#1764=VECTOR('',#5264,10.);
#1765=VECTOR('',#5265,10.);
#1766=VECTOR('',#5266,10.);
#1767=VECTOR('',#5267,10.);
#1768=VECTOR('',#5270,10.);
#1769=VECTOR('',#5271,10.);
#1770=VECTOR('',#5272,10.);
#1771=VECTOR('',#5275,10.);
#1772=VECTOR('',#5276,10.);
#1773=VECTOR('',#5277,10.);
#1774=VECTOR('',#5280,10.);
#1775=VECTOR('',#5283,10.);
#1776=VECTOR('',#5284,10.);
#1777=VECTOR('',#5285,10.);
#1778=VECTOR('',#5288,10.);
#1779=VECTOR('',#5289,10.);
#1780=VECTOR('',#5292,10.);
#1781=VECTOR('',#5293,10.);
#1782=VECTOR('',#5294,10.);
#1783=VECTOR('',#5297,10.);
#1784=VECTOR('',#5298,10.);
#1785=VECTOR('',#5301,10.);
#1786=VECTOR('',#5302,10.);
#1787=VECTOR('',#5303,10.);
#1788=VECTOR('',#5306,10.);
#1789=VECTOR('',#5307,10.);
#1790=VECTOR('',#5310,10.);
#1791=VECTOR('',#5311,10.);
#1792=VECTOR('',#5312,10.);
#1793=VECTOR('',#5313,10.);
#1794=VECTOR('',#5316,10.);
#1795=VECTOR('',#5317,10.);
#1796=VECTOR('',#5318,10.);
#1797=VECTOR('',#5321,10.);
#1798=VECTOR('',#5322,10.);
#1799=VECTOR('',#5323,10.);
#1800=VECTOR('',#5326,10.);
#1801=VECTOR('',#5329,10.);
#1802=VECTOR('',#5330,10.);
#1803=VECTOR('',#5331,10.);
#1804=VECTOR('',#5334,10.);
#1805=VECTOR('',#5335,10.);
#1806=VECTOR('',#5338,10.);
#1807=VECTOR('',#5339,10.);
#1808=VECTOR('',#5340,10.);
#1809=VECTOR('',#5343,10.);
#1810=VECTOR('',#5344,10.);
#1811=VECTOR('',#5347,10.);
#1812=VECTOR('',#5348,10.);
#1813=VECTOR('',#5349,10.);
#1814=VECTOR('',#5352,10.);
#1815=VECTOR('',#5353,10.);
#1816=VECTOR('',#5356,10.);
#1817=VECTOR('',#5357,10.);
#1818=VECTOR('',#5362,10.);
#1819=VECTOR('',#5363,10.);
#1820=VECTOR('',#5364,10.);
#1821=VECTOR('',#5367,10.);
#1822=VECTOR('',#5368,10.);
#1823=VECTOR('',#5371,10.);
#1824=VECTOR('',#5372,10.);
#1825=VECTOR('',#5373,10.);
#1826=VECTOR('',#5376,10.);
#1827=VECTOR('',#5377,10.);
#1828=VECTOR('',#5380,10.);
#1829=VECTOR('',#5381,10.);
#1830=VECTOR('',#5386,10.);
#1831=VECTOR('',#5387,10.);
#1832=VECTOR('',#5388,10.);
#1833=VECTOR('',#5391,10.);
#1834=VECTOR('',#5392,10.);
#1835=VECTOR('',#5395,10.);
#1836=VECTOR('',#5396,10.);
#1837=VECTOR('',#5401,10.);
#1838=VECTOR('',#5402,10.);
#1839=VECTOR('',#5403,10.);
#1840=VECTOR('',#5404,10.);
#1841=VECTOR('',#5407,10.);
#1842=VECTOR('',#5408,10.);
#1843=VECTOR('',#5409,10.);
#1844=VECTOR('',#5412,10.);
#1845=VECTOR('',#5413,10.);
#1846=VECTOR('',#5414,10.);
#1847=VECTOR('',#5417,10.);
#1848=VECTOR('',#5420,10.);
#1849=VECTOR('',#5421,10.);
#1850=VECTOR('',#5422,10.);
#1851=VECTOR('',#5425,10.);
#1852=VECTOR('',#5426,10.);
#1853=VECTOR('',#5429,10.);
#1854=VECTOR('',#5430,10.);
#1855=VECTOR('',#5431,10.);
#1856=VECTOR('',#5434,10.);
#1857=VECTOR('',#5435,10.);
#1858=VECTOR('',#5438,10.);
#1859=VECTOR('',#5439,10.);
#1860=VECTOR('',#5440,10.);
#1861=VECTOR('',#5443,10.);
#1862=VECTOR('',#5444,10.);
#1863=VECTOR('',#5447,10.);
#1864=VECTOR('',#5448,10.);
#1865=VECTOR('',#5453,10.);
#1866=VECTOR('',#5456,10.);
#1867=VECTOR('',#5459,10.);
#1868=VECTOR('',#5462,10.);
#1869=VECTOR('',#5465,10.);
#1870=VECTOR('',#5468,10.);
#1871=VECTOR('',#5471,10.);
#1872=VECTOR('',#5474,10.);
#1873=VECTOR('',#5477,10.);
#1874=VECTOR('',#5480,10.);
#1875=VECTOR('',#5483,10.);
#1876=VECTOR('',#5486,10.);
#1877=VECTOR('',#5489,10.);
#1878=VECTOR('',#5492,10.);
#1879=VECTOR('',#5495,10.);
#1880=VECTOR('',#5498,10.);
#1881=VECTOR('',#5501,10.);
#1882=VECTOR('',#5504,10.);
#1883=VECTOR('',#5507,10.);
#1884=VECTOR('',#5510,10.);
#1885=VECTOR('',#5513,10.);
#1886=VECTOR('',#5516,10.);
#1887=VECTOR('',#5519,10.);
#1888=VECTOR('',#5522,10.);
#1889=VECTOR('',#5525,10.);
#1890=VECTOR('',#5528,10.);
#1891=VECTOR('',#5531,10.);
#1892=VECTOR('',#5534,10.);
#1893=VECTOR('',#5537,10.);
#1894=VECTOR('',#5540,10.);
#1895=VECTOR('',#5543,10.);
#1896=VECTOR('',#5546,10.);
#1897=CIRCLE('',#4326,3.9);
#1898=CIRCLE('',#4327,3.9);
#1899=CIRCLE('',#4329,3.9);
#1900=CIRCLE('',#4330,3.9);
#1901=CIRCLE('',#4331,3.9);
#1902=CIRCLE('',#4334,3.9);
#1903=CIRCLE('',#4336,3.9);
#1904=CIRCLE('',#4339,3.9);
#1905=VERTEX_POINT('',#5551);
#1906=VERTEX_POINT('',#5552);
#1907=VERTEX_POINT('',#5554);
#1908=VERTEX_POINT('',#5556);
#1909=VERTEX_POINT('',#5560);
#1910=VERTEX_POINT('',#5562);
#1911=VERTEX_POINT('',#5564);
#1912=VERTEX_POINT('',#5566);
#1913=VERTEX_POINT('',#5568);
#1914=VERTEX_POINT('',#5570);
#1915=VERTEX_POINT('',#5573);
#1916=VERTEX_POINT('',#5574);
#1917=VERTEX_POINT('',#5576);
#1918=VERTEX_POINT('',#5578);
#1919=VERTEX_POINT('',#5581);
#1920=VERTEX_POINT('',#5582);
#1921=VERTEX_POINT('',#5584);
#1922=VERTEX_POINT('',#5586);
#1923=VERTEX_POINT('',#5589);
#1924=VERTEX_POINT('',#5590);
#1925=VERTEX_POINT('',#5592);
#1926=VERTEX_POINT('',#5594);
#1927=VERTEX_POINT('',#5597);
#1928=VERTEX_POINT('',#5598);
#1929=VERTEX_POINT('',#5600);
#1930=VERTEX_POINT('',#5602);
#1931=VERTEX_POINT('',#5605);
#1932=VERTEX_POINT('',#5606);
#1933=VERTEX_POINT('',#5608);
#1934=VERTEX_POINT('',#5610);
#1935=VERTEX_POINT('',#5613);
#1936=VERTEX_POINT('',#5614);
#1937=VERTEX_POINT('',#5616);
#1938=VERTEX_POINT('',#5618);
#1939=VERTEX_POINT('',#5621);
#1940=VERTEX_POINT('',#5622);
#1941=VERTEX_POINT('',#5624);
#1942=VERTEX_POINT('',#5626);
#1943=VERTEX_POINT('',#5629);
#1944=VERTEX_POINT('',#5630);
#1945=VERTEX_POINT('',#5632);
#1946=VERTEX_POINT('',#5634);
#1947=VERTEX_POINT('',#5637);
#1948=VERTEX_POINT('',#5638);
#1949=VERTEX_POINT('',#5640);
#1950=VERTEX_POINT('',#5642);
#1951=VERTEX_POINT('',#5645);
#1952=VERTEX_POINT('',#5646);
#1953=VERTEX_POINT('',#5648);
#1954=VERTEX_POINT('',#5650);
#1955=VERTEX_POINT('',#5653);
#1956=VERTEX_POINT('',#5654);
#1957=VERTEX_POINT('',#5656);
#1958=VERTEX_POINT('',#5658);
#1959=VERTEX_POINT('',#5661);
#1960=VERTEX_POINT('',#5662);
#1961=VERTEX_POINT('',#5664);
#1962=VERTEX_POINT('',#5666);
#1963=VERTEX_POINT('',#5669);
#1964=VERTEX_POINT('',#5670);
#1965=VERTEX_POINT('',#5672);
#1966=VERTEX_POINT('',#5674);
#1967=VERTEX_POINT('',#5677);
#1968=VERTEX_POINT('',#5678);
#1969=VERTEX_POINT('',#5680);
#1970=VERTEX_POINT('',#5682);
#1971=VERTEX_POINT('',#5685);
#1972=VERTEX_POINT('',#5686);
#1973=VERTEX_POINT('',#5688);
#1974=VERTEX_POINT('',#5690);
#1975=VERTEX_POINT('',#5693);
#1976=VERTEX_POINT('',#5694);
#1977=VERTEX_POINT('',#5696);
#1978=VERTEX_POINT('',#5698);
#1979=VERTEX_POINT('',#5701);
#1980=VERTEX_POINT('',#5702);
#1981=VERTEX_POINT('',#5704);
#1982=VERTEX_POINT('',#5706);
#1983=VERTEX_POINT('',#5709);
#1984=VERTEX_POINT('',#5710);
#1985=VERTEX_POINT('',#5712);
#1986=VERTEX_POINT('',#5714);
#1987=VERTEX_POINT('',#5717);
#1988=VERTEX_POINT('',#5718);
#1989=VERTEX_POINT('',#5720);
#1990=VERTEX_POINT('',#5722);
#1991=VERTEX_POINT('',#5725);
#1992=VERTEX_POINT('',#5726);
#1993=VERTEX_POINT('',#5728);
#1994=VERTEX_POINT('',#5730);
#1995=VERTEX_POINT('',#5733);
#1996=VERTEX_POINT('',#5734);
#1997=VERTEX_POINT('',#5736);
#1998=VERTEX_POINT('',#5738);
#1999=VERTEX_POINT('',#5741);
#2000=VERTEX_POINT('',#5742);
#2001=VERTEX_POINT('',#5744);
#2002=VERTEX_POINT('',#5746);
#2003=VERTEX_POINT('',#5749);
#2004=VERTEX_POINT('',#5750);
#2005=VERTEX_POINT('',#5752);
#2006=VERTEX_POINT('',#5754);
#2007=VERTEX_POINT('',#5757);
#2008=VERTEX_POINT('',#5758);
#2009=VERTEX_POINT('',#5760);
#2010=VERTEX_POINT('',#5762);
#2011=VERTEX_POINT('',#5766);
#2012=VERTEX_POINT('',#5770);
#2013=VERTEX_POINT('',#5774);
#2014=VERTEX_POINT('',#5776);
#2015=VERTEX_POINT('',#5780);
#2016=VERTEX_POINT('',#5784);
#2017=VERTEX_POINT('',#5788);
#2018=VERTEX_POINT('',#5789);
#2019=VERTEX_POINT('',#5791);
#2020=VERTEX_POINT('',#5793);
#2021=VERTEX_POINT('',#5797);
#2022=VERTEX_POINT('',#5799);
#2023=VERTEX_POINT('',#5804);
#2024=VERTEX_POINT('',#5806);
#2025=VERTEX_POINT('',#5808);
#2026=VERTEX_POINT('',#5814);
#2027=VERTEX_POINT('',#5815);
#2028=VERTEX_POINT('',#5817);
#2029=VERTEX_POINT('',#5819);
#2030=VERTEX_POINT('',#5823);
#2031=VERTEX_POINT('',#5825);
#2032=VERTEX_POINT('',#5830);
#2033=VERTEX_POINT('',#5832);
#2034=VERTEX_POINT('',#5834);
#2035=VERTEX_POINT('',#5840);
#2036=VERTEX_POINT('',#5841);
#2037=VERTEX_POINT('',#5843);
#2038=VERTEX_POINT('',#5845);
#2039=VERTEX_POINT('',#5849);
#2040=VERTEX_POINT('',#5851);
#2041=VERTEX_POINT('',#5855);
#2042=VERTEX_POINT('',#5856);
#2043=VERTEX_POINT('',#5858);
#2044=VERTEX_POINT('',#5860);
#2045=VERTEX_POINT('',#5864);
#2046=VERTEX_POINT('',#5866);
#2047=VERTEX_POINT('',#5870);
#2048=VERTEX_POINT('',#5871);
#2049=VERTEX_POINT('',#5873);
#2050=VERTEX_POINT('',#5875);
#2051=VERTEX_POINT('',#5879);
#2052=VERTEX_POINT('',#5881);
#2053=VERTEX_POINT('',#5886);
#2054=VERTEX_POINT('',#5888);
#2055=VERTEX_POINT('',#5890);
#2056=VERTEX_POINT('',#5896);
#2057=VERTEX_POINT('',#5897);
#2058=VERTEX_POINT('',#5899);
#2059=VERTEX_POINT('',#5901);
#2060=VERTEX_POINT('',#5905);
#2061=VERTEX_POINT('',#5907);
#2062=VERTEX_POINT('',#5911);
#2063=VERTEX_POINT('',#5912);
#2064=VERTEX_POINT('',#5914);
#2065=VERTEX_POINT('',#5916);
#2066=VERTEX_POINT('',#5920);
#2067=VERTEX_POINT('',#5922);
#2068=VERTEX_POINT('',#5927);
#2069=VERTEX_POINT('',#5929);
#2070=VERTEX_POINT('',#5931);
#2071=VERTEX_POINT('',#5937);
#2072=VERTEX_POINT('',#5938);
#2073=VERTEX_POINT('',#5940);
#2074=VERTEX_POINT('',#5942);
#2075=VERTEX_POINT('',#5946);
#2076=VERTEX_POINT('',#5948);
#2077=VERTEX_POINT('',#5953);
#2078=VERTEX_POINT('',#5955);
#2079=VERTEX_POINT('',#5957);
#2080=VERTEX_POINT('',#5963);
#2081=VERTEX_POINT('',#5964);
#2082=VERTEX_POINT('',#5966);
#2083=VERTEX_POINT('',#5968);
#2084=VERTEX_POINT('',#5972);
#2085=VERTEX_POINT('',#5974);
#2086=VERTEX_POINT('',#5979);
#2087=VERTEX_POINT('',#5981);
#2088=VERTEX_POINT('',#5983);
#2089=VERTEX_POINT('',#5989);
#2090=VERTEX_POINT('',#5990);
#2091=VERTEX_POINT('',#5992);
#2092=VERTEX_POINT('',#5994);
#2093=VERTEX_POINT('',#5998);
#2094=VERTEX_POINT('',#6000);
#2095=VERTEX_POINT('',#6004);
#2096=VERTEX_POINT('',#6005);
#2097=VERTEX_POINT('',#6007);
#2098=VERTEX_POINT('',#6009);
#2099=VERTEX_POINT('',#6013);
#2100=VERTEX_POINT('',#6015);
#2101=VERTEX_POINT('',#6020);
#2102=VERTEX_POINT('',#6022);
#2103=VERTEX_POINT('',#6024);
#2104=VERTEX_POINT('',#6030);
#2105=VERTEX_POINT('',#6031);
#2106=VERTEX_POINT('',#6033);
#2107=VERTEX_POINT('',#6035);
#2108=VERTEX_POINT('',#6039);
#2109=VERTEX_POINT('',#6041);
#2110=VERTEX_POINT('',#6046);
#2111=VERTEX_POINT('',#6048);
#2112=VERTEX_POINT('',#6050);
#2113=VERTEX_POINT('',#6056);
#2114=VERTEX_POINT('',#6057);
#2115=VERTEX_POINT('',#6059);
#2116=VERTEX_POINT('',#6061);
#2117=VERTEX_POINT('',#6065);
#2118=VERTEX_POINT('',#6067);
#2119=VERTEX_POINT('',#6072);
#2120=VERTEX_POINT('',#6074);
#2121=VERTEX_POINT('',#6076);
#2122=VERTEX_POINT('',#6082);
#2123=VERTEX_POINT('',#6083);
#2124=VERTEX_POINT('',#6085);
#2125=VERTEX_POINT('',#6087);
#2126=VERTEX_POINT('',#6091);
#2127=VERTEX_POINT('',#6093);
#2128=VERTEX_POINT('',#6097);
#2129=VERTEX_POINT('',#6098);
#2130=VERTEX_POINT('',#6100);
#2131=VERTEX_POINT('',#6102);
#2132=VERTEX_POINT('',#6106);
#2133=VERTEX_POINT('',#6108);
#2134=VERTEX_POINT('',#6113);
#2135=VERTEX_POINT('',#6115);
#2136=VERTEX_POINT('',#6117);
#2137=VERTEX_POINT('',#6123);
#2138=VERTEX_POINT('',#6124);
#2139=VERTEX_POINT('',#6126);
#2140=VERTEX_POINT('',#6128);
#2141=VERTEX_POINT('',#6132);
#2142=VERTEX_POINT('',#6134);
#2143=VERTEX_POINT('',#6139);
#2144=VERTEX_POINT('',#6141);
#2145=VERTEX_POINT('',#6143);
#2146=VERTEX_POINT('',#6149);
#2147=VERTEX_POINT('',#6150);
#2148=VERTEX_POINT('',#6152);
#2149=VERTEX_POINT('',#6154);
#2150=VERTEX_POINT('',#6158);
#2151=VERTEX_POINT('',#6160);
#2152=VERTEX_POINT('',#6165);
#2153=VERTEX_POINT('',#6167);
#2154=VERTEX_POINT('',#6169);
#2155=VERTEX_POINT('',#6175);
#2156=VERTEX_POINT('',#6176);
#2157=VERTEX_POINT('',#6178);
#2158=VERTEX_POINT('',#6180);
#2159=VERTEX_POINT('',#6184);
#2160=VERTEX_POINT('',#6186);
#2161=VERTEX_POINT('',#6191);
#2162=VERTEX_POINT('',#6193);
#2163=VERTEX_POINT('',#6195);
#2164=VERTEX_POINT('',#6201);
#2165=VERTEX_POINT('',#6202);
#2166=VERTEX_POINT('',#6204);
#2167=VERTEX_POINT('',#6206);
#2168=VERTEX_POINT('',#6210);
#2169=VERTEX_POINT('',#6212);
#2170=VERTEX_POINT('',#6217);
#2171=VERTEX_POINT('',#6219);
#2172=VERTEX_POINT('',#6221);
#2173=VERTEX_POINT('',#6227);
#2174=VERTEX_POINT('',#6228);
#2175=VERTEX_POINT('',#6230);
#2176=VERTEX_POINT('',#6232);
#2177=VERTEX_POINT('',#6236);
#2178=VERTEX_POINT('',#6238);
#2179=VERTEX_POINT('',#6243);
#2180=VERTEX_POINT('',#6245);
#2181=VERTEX_POINT('',#6247);
#2182=VERTEX_POINT('',#6253);
#2183=VERTEX_POINT('',#6254);
#2184=VERTEX_POINT('',#6256);
#2185=VERTEX_POINT('',#6258);
#2186=VERTEX_POINT('',#6262);
#2187=VERTEX_POINT('',#6264);
#2188=VERTEX_POINT('',#6268);
#2189=VERTEX_POINT('',#6269);
#2190=VERTEX_POINT('',#6271);
#2191=VERTEX_POINT('',#6273);
#2192=VERTEX_POINT('',#6277);
#2193=VERTEX_POINT('',#6279);
#2194=VERTEX_POINT('',#6284);
#2195=VERTEX_POINT('',#6286);
#2196=VERTEX_POINT('',#6288);
#2197=VERTEX_POINT('',#6294);
#2198=VERTEX_POINT('',#6295);
#2199=VERTEX_POINT('',#6297);
#2200=VERTEX_POINT('',#6299);
#2201=VERTEX_POINT('',#6303);
#2202=VERTEX_POINT('',#6305);
#2203=VERTEX_POINT('',#6310);
#2204=VERTEX_POINT('',#6312);
#2205=VERTEX_POINT('',#6314);
#2206=VERTEX_POINT('',#6320);
#2207=VERTEX_POINT('',#6321);
#2208=VERTEX_POINT('',#6323);
#2209=VERTEX_POINT('',#6325);
#2210=VERTEX_POINT('',#6329);
#2211=VERTEX_POINT('',#6331);
#2212=VERTEX_POINT('',#6336);
#2213=VERTEX_POINT('',#6338);
#2214=VERTEX_POINT('',#6340);
#2215=VERTEX_POINT('',#6346);
#2216=VERTEX_POINT('',#6348);
#2217=VERTEX_POINT('',#6352);
#2218=VERTEX_POINT('',#6360);
#2219=VERTEX_POINT('',#6362);
#2220=VERTEX_POINT('',#6366);
#2221=VERTEX_POINT('',#6374);
#2222=VERTEX_POINT('',#6375);
#2223=VERTEX_POINT('',#6377);
#2224=VERTEX_POINT('',#6379);
#2225=VERTEX_POINT('',#6383);
#2226=VERTEX_POINT('',#6385);
#2227=VERTEX_POINT('',#6395);
#2228=VERTEX_POINT('',#6396);
#2229=VERTEX_POINT('',#6398);
#2230=VERTEX_POINT('',#6400);
#2231=VERTEX_POINT('',#6404);
#2232=VERTEX_POINT('',#6406);
#2233=VERTEX_POINT('',#6416);
#2234=VERTEX_POINT('',#6418);
#2235=VERTEX_POINT('',#6422);
#2236=VERTEX_POINT('',#6430);
#2237=VERTEX_POINT('',#6431);
#2238=VERTEX_POINT('',#6433);
#2239=VERTEX_POINT('',#6435);
#2240=VERTEX_POINT('',#6439);
#2241=VERTEX_POINT('',#6441);
#2242=VERTEX_POINT('',#6451);
#2243=VERTEX_POINT('',#6453);
#2244=VERTEX_POINT('',#6457);
#2245=VERTEX_POINT('',#6465);
#2246=VERTEX_POINT('',#6467);
#2247=VERTEX_POINT('',#6471);
#2248=VERTEX_POINT('',#6479);
#2249=VERTEX_POINT('',#6481);
#2250=VERTEX_POINT('',#6485);
#2251=VERTEX_POINT('',#6489);
#2252=VERTEX_POINT('',#6490);
#2253=VERTEX_POINT('',#6492);
#2254=VERTEX_POINT('',#6494);
#2255=VERTEX_POINT('',#6498);
#2256=VERTEX_POINT('',#6500);
#2257=VERTEX_POINT('',#6510);
#2258=VERTEX_POINT('',#6512);
#2259=VERTEX_POINT('',#6516);
#2260=VERTEX_POINT('',#6520);
#2261=VERTEX_POINT('',#6522);
#2262=VERTEX_POINT('',#6526);
#2263=VERTEX_POINT('',#6530);
#2264=VERTEX_POINT('',#6532);
#2265=VERTEX_POINT('',#6536);
#2266=VERTEX_POINT('',#6540);
#2267=VERTEX_POINT('',#6541);
#2268=VERTEX_POINT('',#6543);
#2269=VERTEX_POINT('',#6545);
#2270=VERTEX_POINT('',#6549);
#2271=VERTEX_POINT('',#6551);
#2272=VERTEX_POINT('',#6561);
#2273=VERTEX_POINT('',#6563);
#2274=VERTEX_POINT('',#6567);
#2275=VERTEX_POINT('',#6571);
#2276=VERTEX_POINT('',#6573);
#2277=VERTEX_POINT('',#6577);
#2278=VERTEX_POINT('',#6581);
#2279=VERTEX_POINT('',#6583);
#2280=VERTEX_POINT('',#6587);
#2281=VERTEX_POINT('',#6595);
#2282=VERTEX_POINT('',#6597);
#2283=VERTEX_POINT('',#6601);
#2284=VERTEX_POINT('',#6605);
#2285=VERTEX_POINT('',#6607);
#2286=VERTEX_POINT('',#6611);
#2287=VERTEX_POINT('',#6619);
#2288=VERTEX_POINT('',#6621);
#2289=VERTEX_POINT('',#6625);
#2290=VERTEX_POINT('',#6633);
#2291=VERTEX_POINT('',#6634);
#2292=VERTEX_POINT('',#6636);
#2293=VERTEX_POINT('',#6638);
#2294=VERTEX_POINT('',#6642);
#2295=VERTEX_POINT('',#6644);
#2296=VERTEX_POINT('',#6654);
#2297=VERTEX_POINT('',#6656);
#2298=VERTEX_POINT('',#6660);
#2299=VERTEX_POINT('',#6664);
#2300=VERTEX_POINT('',#6666);
#2301=VERTEX_POINT('',#6670);
#2302=VERTEX_POINT('',#6674);
#2303=VERTEX_POINT('',#6676);
#2304=VERTEX_POINT('',#6680);
#2305=EDGE_CURVE('',#1905,#1906,#1897,.T.);
#2306=EDGE_CURVE('',#1906,#1907,#713,.T.);
#2307=EDGE_CURVE('',#1907,#1908,#1898,.T.);
#2308=EDGE_CURVE('',#1908,#1905,#714,.T.);
#2309=EDGE_CURVE('',#1905,#1909,#715,.T.);
#2310=EDGE_CURVE('',#1910,#1909,#1899,.T.);
#2311=EDGE_CURVE('',#1910,#1911,#716,.T.);
#2312=EDGE_CURVE('',#1912,#1911,#1900,.T.);
#2313=EDGE_CURVE('',#1912,#1913,#717,.T.);
#2314=EDGE_CURVE('',#1914,#1913,#1901,.T.);
#2315=EDGE_CURVE('',#1914,#1906,#718,.T.);
#2316=EDGE_CURVE('',#1915,#1916,#719,.T.);
#2317=EDGE_CURVE('',#1916,#1917,#720,.T.);
#2318=EDGE_CURVE('',#1917,#1918,#721,.T.);
#2319=EDGE_CURVE('',#1918,#1915,#722,.T.);
#2320=EDGE_CURVE('',#1919,#1920,#723,.T.);
#2321=EDGE_CURVE('',#1920,#1921,#724,.T.);
#2322=EDGE_CURVE('',#1921,#1922,#725,.T.);
#2323=EDGE_CURVE('',#1922,#1919,#726,.T.);
#2324=EDGE_CURVE('',#1923,#1924,#727,.T.);
#2325=EDGE_CURVE('',#1924,#1925,#728,.T.);
#2326=EDGE_CURVE('',#1925,#1926,#729,.T.);
#2327=EDGE_CURVE('',#1926,#1923,#730,.T.);
#2328=EDGE_CURVE('',#1927,#1928,#731,.T.);
#2329=EDGE_CURVE('',#1928,#1929,#732,.T.);
#2330=EDGE_CURVE('',#1929,#1930,#733,.T.);
#2331=EDGE_CURVE('',#1930,#1927,#734,.T.);
#2332=EDGE_CURVE('',#1931,#1932,#735,.T.);
#2333=EDGE_CURVE('',#1932,#1933,#736,.T.);
#2334=EDGE_CURVE('',#1933,#1934,#737,.T.);
#2335=EDGE_CURVE('',#1934,#1931,#738,.T.);
#2336=EDGE_CURVE('',#1935,#1936,#739,.T.);
#2337=EDGE_CURVE('',#1936,#1937,#740,.T.);
#2338=EDGE_CURVE('',#1937,#1938,#741,.T.);
#2339=EDGE_CURVE('',#1938,#1935,#742,.T.);
#2340=EDGE_CURVE('',#1939,#1940,#743,.T.);
#2341=EDGE_CURVE('',#1940,#1941,#744,.T.);
#2342=EDGE_CURVE('',#1941,#1942,#745,.T.);
#2343=EDGE_CURVE('',#1942,#1939,#746,.T.);
#2344=EDGE_CURVE('',#1943,#1944,#747,.T.);
#2345=EDGE_CURVE('',#1944,#1945,#748,.T.);
#2346=EDGE_CURVE('',#1945,#1946,#749,.T.);
#2347=EDGE_CURVE('',#1946,#1943,#750,.T.);
#2348=EDGE_CURVE('',#1947,#1948,#751,.T.);
#2349=EDGE_CURVE('',#1948,#1949,#752,.T.);
#2350=EDGE_CURVE('',#1949,#1950,#753,.T.);
#2351=EDGE_CURVE('',#1950,#1947,#754,.T.);
#2352=EDGE_CURVE('',#1951,#1952,#755,.T.);
#2353=EDGE_CURVE('',#1952,#1953,#756,.T.);
#2354=EDGE_CURVE('',#1953,#1954,#757,.T.);
#2355=EDGE_CURVE('',#1954,#1951,#758,.T.);
#2356=EDGE_CURVE('',#1955,#1956,#759,.T.);
#2357=EDGE_CURVE('',#1956,#1957,#760,.T.);
#2358=EDGE_CURVE('',#1957,#1958,#761,.T.);
#2359=EDGE_CURVE('',#1958,#1955,#762,.T.);
#2360=EDGE_CURVE('',#1959,#1960,#763,.T.);
#2361=EDGE_CURVE('',#1960,#1961,#764,.T.);
#2362=EDGE_CURVE('',#1961,#1962,#765,.T.);
#2363=EDGE_CURVE('',#1962,#1959,#766,.T.);
#2364=EDGE_CURVE('',#1963,#1964,#767,.T.);
#2365=EDGE_CURVE('',#1964,#1965,#768,.T.);
#2366=EDGE_CURVE('',#1965,#1966,#769,.T.);
#2367=EDGE_CURVE('',#1966,#1963,#770,.T.);
#2368=EDGE_CURVE('',#1967,#1968,#771,.T.);
#2369=EDGE_CURVE('',#1968,#1969,#772,.T.);
#2370=EDGE_CURVE('',#1969,#1970,#773,.T.);
#2371=EDGE_CURVE('',#1970,#1967,#774,.T.);
#2372=EDGE_CURVE('',#1971,#1972,#775,.T.);
#2373=EDGE_CURVE('',#1972,#1973,#776,.T.);
#2374=EDGE_CURVE('',#1973,#1974,#777,.T.);
#2375=EDGE_CURVE('',#1974,#1971,#778,.T.);
#2376=EDGE_CURVE('',#1975,#1976,#779,.T.);
#2377=EDGE_CURVE('',#1976,#1977,#780,.T.);
#2378=EDGE_CURVE('',#1977,#1978,#781,.T.);
#2379=EDGE_CURVE('',#1978,#1975,#782,.T.);
#2380=EDGE_CURVE('',#1979,#1980,#783,.T.);
#2381=EDGE_CURVE('',#1980,#1981,#784,.T.);
#2382=EDGE_CURVE('',#1981,#1982,#785,.T.);
#2383=EDGE_CURVE('',#1982,#1979,#786,.T.);
#2384=EDGE_CURVE('',#1983,#1984,#787,.T.);
#2385=EDGE_CURVE('',#1984,#1985,#788,.T.);
#2386=EDGE_CURVE('',#1985,#1986,#789,.T.);
#2387=EDGE_CURVE('',#1986,#1983,#790,.T.);
#2388=EDGE_CURVE('',#1987,#1988,#791,.T.);
#2389=EDGE_CURVE('',#1988,#1989,#792,.T.);
#2390=EDGE_CURVE('',#1989,#1990,#793,.T.);
#2391=EDGE_CURVE('',#1990,#1987,#794,.T.);
#2392=EDGE_CURVE('',#1991,#1992,#795,.T.);
#2393=EDGE_CURVE('',#1992,#1993,#796,.T.);
#2394=EDGE_CURVE('',#1993,#1994,#797,.T.);
#2395=EDGE_CURVE('',#1994,#1991,#798,.T.);
#2396=EDGE_CURVE('',#1995,#1996,#799,.T.);
#2397=EDGE_CURVE('',#1996,#1997,#800,.T.);
#2398=EDGE_CURVE('',#1997,#1998,#801,.T.);
#2399=EDGE_CURVE('',#1998,#1995,#802,.T.);
#2400=EDGE_CURVE('',#1999,#2000,#803,.T.);
#2401=EDGE_CURVE('',#2000,#2001,#804,.T.);
#2402=EDGE_CURVE('',#2001,#2002,#805,.T.);
#2403=EDGE_CURVE('',#2002,#1999,#806,.T.);
#2404=EDGE_CURVE('',#2003,#2004,#807,.T.);
#2405=EDGE_CURVE('',#2004,#2005,#808,.T.);
#2406=EDGE_CURVE('',#2005,#2006,#809,.T.);
#2407=EDGE_CURVE('',#2006,#2003,#810,.T.);
#2408=EDGE_CURVE('',#2007,#2008,#811,.T.);
#2409=EDGE_CURVE('',#2008,#2009,#812,.T.);
#2410=EDGE_CURVE('',#2009,#2010,#813,.T.);
#2411=EDGE_CURVE('',#2010,#2007,#814,.T.);
#2412=EDGE_CURVE('',#2011,#1908,#815,.T.);
#2413=EDGE_CURVE('',#1909,#2011,#816,.T.);
#2414=EDGE_CURVE('',#2011,#2012,#1902,.T.);
#2415=EDGE_CURVE('',#2012,#1910,#817,.T.);
#2416=EDGE_CURVE('',#1913,#2013,#818,.T.);
#2417=EDGE_CURVE('',#2013,#2014,#1903,.T.);
#2418=EDGE_CURVE('',#2014,#1914,#819,.T.);
#2419=EDGE_CURVE('',#2015,#1912,#820,.T.);
#2420=EDGE_CURVE('',#2013,#2015,#821,.T.);
#2421=EDGE_CURVE('',#1911,#2016,#822,.T.);
#2422=EDGE_CURVE('',#2016,#2015,#1904,.T.);
#2423=EDGE_CURVE('',#2017,#2018,#823,.T.);
#2424=EDGE_CURVE('',#2019,#2018,#824,.T.);
#2425=EDGE_CURVE('',#2020,#2019,#825,.T.);
#2426=EDGE_CURVE('',#2017,#2020,#826,.T.);
#2427=EDGE_CURVE('',#2021,#2019,#827,.T.);
#2428=EDGE_CURVE('',#2022,#2021,#828,.T.);
#2429=EDGE_CURVE('',#2020,#2022,#829,.T.);
#2430=EDGE_CURVE('',#2022,#1930,#830,.T.);
#2431=EDGE_CURVE('',#2023,#1929,#831,.T.);
#2432=EDGE_CURVE('',#2023,#2024,#832,.T.);
#2433=EDGE_CURVE('',#2024,#2025,#833,.T.);
#2434=EDGE_CURVE('',#2017,#2025,#834,.T.);
#2435=EDGE_CURVE('',#2021,#1927,#835,.T.);
#2436=EDGE_CURVE('',#2026,#2027,#836,.T.);
#2437=EDGE_CURVE('',#2028,#2026,#837,.T.);
#2438=EDGE_CURVE('',#2029,#2028,#838,.T.);
#2439=EDGE_CURVE('',#2027,#2029,#839,.T.);
#2440=EDGE_CURVE('',#2030,#2028,#840,.T.);
#2441=EDGE_CURVE('',#2031,#2030,#841,.T.);
#2442=EDGE_CURVE('',#2029,#2031,#842,.T.);
#2443=EDGE_CURVE('',#2031,#1968,#843,.T.);
#2444=EDGE_CURVE('',#2032,#1967,#844,.T.);
#2445=EDGE_CURVE('',#2032,#2033,#845,.T.);
#2446=EDGE_CURVE('',#2033,#2034,#846,.T.);
#2447=EDGE_CURVE('',#2027,#2034,#847,.T.);
#2448=EDGE_CURVE('',#2030,#1969,#848,.T.);
#2449=EDGE_CURVE('',#2035,#2036,#849,.T.);
#2450=EDGE_CURVE('',#2037,#2036,#850,.T.);
#2451=EDGE_CURVE('',#2038,#2037,#851,.T.);
#2452=EDGE_CURVE('',#2035,#2038,#852,.T.);
#2453=EDGE_CURVE('',#2038,#2039,#853,.T.);
#2454=EDGE_CURVE('',#2040,#2037,#854,.T.);
#2455=EDGE_CURVE('',#2039,#2040,#855,.T.);
#2456=EDGE_CURVE('',#2041,#2042,#856,.T.);
#2457=EDGE_CURVE('',#2043,#2042,#857,.T.);
#2458=EDGE_CURVE('',#2044,#2043,#858,.T.);
#2459=EDGE_CURVE('',#2041,#2044,#859,.T.);
#2460=EDGE_CURVE('',#2044,#2045,#860,.T.);
#2461=EDGE_CURVE('',#2046,#2043,#861,.T.);
#2462=EDGE_CURVE('',#2045,#2046,#862,.T.);
#2463=EDGE_CURVE('',#2047,#2048,#863,.T.);
#2464=EDGE_CURVE('',#2049,#2048,#864,.T.);
#2465=EDGE_CURVE('',#2050,#2049,#865,.T.);
#2466=EDGE_CURVE('',#2047,#2050,#866,.T.);
#2467=EDGE_CURVE('',#2051,#2049,#867,.T.);
#2468=EDGE_CURVE('',#2052,#2051,#868,.T.);
#2469=EDGE_CURVE('',#2050,#2052,#869,.T.);
#2470=EDGE_CURVE('',#2052,#1990,#870,.T.);
#2471=EDGE_CURVE('',#2053,#1989,#871,.T.);
#2472=EDGE_CURVE('',#2053,#2054,#872,.T.);
#2473=EDGE_CURVE('',#2054,#2055,#873,.T.);
#2474=EDGE_CURVE('',#2047,#2055,#874,.T.);
#2475=EDGE_CURVE('',#2051,#1987,#875,.T.);
#2476=EDGE_CURVE('',#2056,#2057,#876,.T.);
#2477=EDGE_CURVE('',#2058,#2057,#877,.T.);
#2478=EDGE_CURVE('',#2059,#2058,#878,.T.);
#2479=EDGE_CURVE('',#2056,#2059,#879,.T.);
#2480=EDGE_CURVE('',#2059,#2060,#880,.T.);
#2481=EDGE_CURVE('',#2061,#2058,#881,.T.);
#2482=EDGE_CURVE('',#2060,#2061,#882,.T.);
#2483=EDGE_CURVE('',#2062,#2063,#883,.T.);
#2484=EDGE_CURVE('',#2064,#2063,#884,.T.);
#2485=EDGE_CURVE('',#2065,#2064,#885,.T.);
#2486=EDGE_CURVE('',#2062,#2065,#886,.T.);
#2487=EDGE_CURVE('',#2066,#2064,#887,.T.);
#2488=EDGE_CURVE('',#2067,#2066,#888,.T.);
#2489=EDGE_CURVE('',#2065,#2067,#889,.T.);
#2490=EDGE_CURVE('',#2067,#1980,#890,.T.);
#2491=EDGE_CURVE('',#2068,#1979,#891,.T.);
#2492=EDGE_CURVE('',#2068,#2069,#892,.T.);
#2493=EDGE_CURVE('',#2069,#2070,#893,.T.);
#2494=EDGE_CURVE('',#2062,#2070,#894,.T.);
#2495=EDGE_CURVE('',#2066,#1981,#895,.T.);
#2496=EDGE_CURVE('',#2071,#2072,#896,.T.);
#2497=EDGE_CURVE('',#2073,#2072,#897,.T.);
#2498=EDGE_CURVE('',#2074,#2073,#898,.T.);
#2499=EDGE_CURVE('',#2071,#2074,#899,.T.);
#2500=EDGE_CURVE('',#2075,#2073,#900,.T.);
#2501=EDGE_CURVE('',#2076,#2075,#901,.T.);
#2502=EDGE_CURVE('',#2074,#2076,#902,.T.);
#2503=EDGE_CURVE('',#2076,#2000,#903,.T.);
#2504=EDGE_CURVE('',#2077,#1999,#904,.T.);
#2505=EDGE_CURVE('',#2077,#2078,#905,.T.);
#2506=EDGE_CURVE('',#2078,#2079,#906,.T.);
#2507=EDGE_CURVE('',#2071,#2079,#907,.T.);
#2508=EDGE_CURVE('',#2075,#2001,#908,.T.);
#2509=EDGE_CURVE('',#2080,#2081,#909,.T.);
#2510=EDGE_CURVE('',#2082,#2080,#910,.T.);
#2511=EDGE_CURVE('',#2083,#2082,#911,.T.);
#2512=EDGE_CURVE('',#2081,#2083,#912,.T.);
#2513=EDGE_CURVE('',#2084,#2082,#913,.T.);
#2514=EDGE_CURVE('',#2085,#2084,#914,.T.);
#2515=EDGE_CURVE('',#2083,#2085,#915,.T.);
#2516=EDGE_CURVE('',#2085,#1959,#916,.T.);
#2517=EDGE_CURVE('',#2086,#1962,#917,.T.);
#2518=EDGE_CURVE('',#2086,#2087,#918,.T.);
#2519=EDGE_CURVE('',#2087,#2088,#919,.T.);
#2520=EDGE_CURVE('',#2081,#2088,#920,.T.);
#2521=EDGE_CURVE('',#2084,#1960,#921,.T.);
#2522=EDGE_CURVE('',#2089,#2090,#922,.T.);
#2523=EDGE_CURVE('',#2091,#2090,#923,.T.);
#2524=EDGE_CURVE('',#2092,#2091,#924,.T.);
#2525=EDGE_CURVE('',#2089,#2092,#925,.T.);
#2526=EDGE_CURVE('',#2092,#2093,#926,.T.);
#2527=EDGE_CURVE('',#2094,#2091,#927,.T.);
#2528=EDGE_CURVE('',#2093,#2094,#928,.T.);
#2529=EDGE_CURVE('',#2095,#2096,#929,.T.);
#2530=EDGE_CURVE('',#2097,#2095,#930,.T.);
#2531=EDGE_CURVE('',#2098,#2097,#931,.T.);
#2532=EDGE_CURVE('',#2096,#2098,#932,.T.);
#2533=EDGE_CURVE('',#2099,#2097,#933,.T.);
#2534=EDGE_CURVE('',#2100,#2099,#934,.T.);
#2535=EDGE_CURVE('',#2098,#2100,#935,.T.);
#2536=EDGE_CURVE('',#2100,#1978,#936,.T.);
#2537=EDGE_CURVE('',#2101,#1977,#937,.T.);
#2538=EDGE_CURVE('',#2101,#2102,#938,.T.);
#2539=EDGE_CURVE('',#2102,#2103,#939,.T.);
#2540=EDGE_CURVE('',#2096,#2103,#940,.T.);
#2541=EDGE_CURVE('',#2099,#1975,#941,.T.);
#2542=EDGE_CURVE('',#2104,#2105,#942,.T.);
#2543=EDGE_CURVE('',#2106,#2104,#943,.T.);
#2544=EDGE_CURVE('',#2107,#2106,#944,.T.);
#2545=EDGE_CURVE('',#2105,#2107,#945,.T.);
#2546=EDGE_CURVE('',#2108,#2106,#946,.T.);
#2547=EDGE_CURVE('',#2109,#2108,#947,.T.);
#2548=EDGE_CURVE('',#2107,#2109,#948,.T.);
#2549=EDGE_CURVE('',#2109,#1938,#949,.T.);
#2550=EDGE_CURVE('',#2110,#1937,#950,.T.);
#2551=EDGE_CURVE('',#2110,#2111,#951,.T.);
#2552=EDGE_CURVE('',#2111,#2112,#952,.T.);
#2553=EDGE_CURVE('',#2105,#2112,#953,.T.);
#2554=EDGE_CURVE('',#2108,#1935,#954,.T.);
#2555=EDGE_CURVE('',#2113,#2114,#955,.T.);
#2556=EDGE_CURVE('',#2115,#2113,#956,.T.);
#2557=EDGE_CURVE('',#2116,#2115,#957,.T.);
#2558=EDGE_CURVE('',#2114,#2116,#958,.T.);
#2559=EDGE_CURVE('',#2117,#2115,#959,.T.);
#2560=EDGE_CURVE('',#2118,#2117,#960,.T.);
#2561=EDGE_CURVE('',#2116,#2118,#961,.T.);
#2562=EDGE_CURVE('',#2118,#2008,#962,.T.);
#2563=EDGE_CURVE('',#2119,#2007,#963,.T.);
#2564=EDGE_CURVE('',#2119,#2120,#964,.T.);
#2565=EDGE_CURVE('',#2120,#2121,#965,.T.);
#2566=EDGE_CURVE('',#2114,#2121,#966,.T.);
#2567=EDGE_CURVE('',#2117,#2009,#967,.T.);
#2568=EDGE_CURVE('',#2122,#2123,#968,.T.);
#2569=EDGE_CURVE('',#2124,#2123,#969,.T.);
#2570=EDGE_CURVE('',#2125,#2124,#970,.T.);
#2571=EDGE_CURVE('',#2122,#2125,#971,.T.);
#2572=EDGE_CURVE('',#2125,#2126,#972,.T.);
#2573=EDGE_CURVE('',#2127,#2124,#973,.T.);
#2574=EDGE_CURVE('',#2126,#2127,#974,.T.);
#2575=EDGE_CURVE('',#2128,#2129,#975,.T.);
#2576=EDGE_CURVE('',#2130,#2128,#976,.T.);
#2577=EDGE_CURVE('',#2131,#2130,#977,.T.);
#2578=EDGE_CURVE('',#2129,#2131,#978,.T.);
#2579=EDGE_CURVE('',#2132,#2130,#979,.T.);
#2580=EDGE_CURVE('',#2133,#2132,#980,.T.);
#2581=EDGE_CURVE('',#2131,#2133,#981,.T.);
#2582=EDGE_CURVE('',#2133,#1943,#982,.T.);
#2583=EDGE_CURVE('',#2134,#1946,#983,.T.);
#2584=EDGE_CURVE('',#2134,#2135,#984,.T.);
#2585=EDGE_CURVE('',#2135,#2136,#985,.T.);
#2586=EDGE_CURVE('',#2129,#2136,#986,.T.);
#2587=EDGE_CURVE('',#2132,#1944,#987,.T.);
#2588=EDGE_CURVE('',#2137,#2138,#988,.T.);
#2589=EDGE_CURVE('',#2139,#2137,#989,.T.);
#2590=EDGE_CURVE('',#2140,#2139,#990,.T.);
#2591=EDGE_CURVE('',#2138,#2140,#991,.T.);
#2592=EDGE_CURVE('',#2141,#2139,#992,.T.);
#2593=EDGE_CURVE('',#2142,#2141,#993,.T.);
#2594=EDGE_CURVE('',#2140,#2142,#994,.T.);
#2595=EDGE_CURVE('',#2142,#1971,#995,.T.);
#2596=EDGE_CURVE('',#2143,#1974,#996,.T.);
#2597=EDGE_CURVE('',#2143,#2144,#997,.T.);
#2598=EDGE_CURVE('',#2144,#2145,#998,.T.);
#2599=EDGE_CURVE('',#2138,#2145,#999,.T.);
#2600=EDGE_CURVE('',#2141,#1972,#1000,.T.);
#2601=EDGE_CURVE('',#2146,#2147,#1001,.T.);
#2602=EDGE_CURVE('',#2148,#2146,#1002,.T.);
#2603=EDGE_CURVE('',#2149,#2148,#1003,.T.);
#2604=EDGE_CURVE('',#2147,#2149,#1004,.T.);
#2605=EDGE_CURVE('',#2150,#2148,#1005,.T.);
#2606=EDGE_CURVE('',#2151,#2150,#1006,.T.);
#2607=EDGE_CURVE('',#2149,#2151,#1007,.T.);
#2608=EDGE_CURVE('',#2151,#1934,#1008,.T.);
#2609=EDGE_CURVE('',#2152,#1933,#1009,.T.);
#2610=EDGE_CURVE('',#2152,#2153,#1010,.T.);
#2611=EDGE_CURVE('',#2153,#2154,#1011,.T.);
#2612=EDGE_CURVE('',#2147,#2154,#1012,.T.);
#2613=EDGE_CURVE('',#2150,#1931,#1013,.T.);
#2614=EDGE_CURVE('',#2155,#2156,#1014,.T.);
#2615=EDGE_CURVE('',#2157,#2155,#1015,.T.);
#2616=EDGE_CURVE('',#2158,#2157,#1016,.T.);
#2617=EDGE_CURVE('',#2156,#2158,#1017,.T.);
#2618=EDGE_CURVE('',#2159,#2157,#1018,.T.);
#2619=EDGE_CURVE('',#2160,#2159,#1019,.T.);
#2620=EDGE_CURVE('',#2158,#2160,#1020,.T.);
#2621=EDGE_CURVE('',#2160,#2003,#1021,.T.);
#2622=EDGE_CURVE('',#2161,#2006,#1022,.T.);
#2623=EDGE_CURVE('',#2161,#2162,#1023,.T.);
#2624=EDGE_CURVE('',#2162,#2163,#1024,.T.);
#2625=EDGE_CURVE('',#2156,#2163,#1025,.T.);
#2626=EDGE_CURVE('',#2159,#2004,#1026,.T.);
#2627=EDGE_CURVE('',#2164,#2165,#1027,.T.);
#2628=EDGE_CURVE('',#2166,#2164,#1028,.T.);
#2629=EDGE_CURVE('',#2167,#2166,#1029,.T.);
#2630=EDGE_CURVE('',#2165,#2167,#1030,.T.);
#2631=EDGE_CURVE('',#2168,#2166,#1031,.T.);
#2632=EDGE_CURVE('',#2169,#2168,#1032,.T.);
#2633=EDGE_CURVE('',#2167,#2169,#1033,.T.);
#2634=EDGE_CURVE('',#2169,#1940,#1034,.T.);
#2635=EDGE_CURVE('',#2170,#1939,#1035,.T.);
#2636=EDGE_CURVE('',#2170,#2171,#1036,.T.);
#2637=EDGE_CURVE('',#2171,#2172,#1037,.T.);
#2638=EDGE_CURVE('',#2165,#2172,#1038,.T.);
#2639=EDGE_CURVE('',#2168,#1941,#1039,.T.);
#2640=EDGE_CURVE('',#2173,#2174,#1040,.T.);
#2641=EDGE_CURVE('',#2175,#2173,#1041,.T.);
#2642=EDGE_CURVE('',#2176,#2175,#1042,.T.);
#2643=EDGE_CURVE('',#2174,#2176,#1043,.T.);
#2644=EDGE_CURVE('',#2177,#2175,#1044,.T.);
#2645=EDGE_CURVE('',#2178,#2177,#1045,.T.);
#2646=EDGE_CURVE('',#2176,#2178,#1046,.T.);
#2647=EDGE_CURVE('',#2178,#1996,#1047,.T.);
#2648=EDGE_CURVE('',#2179,#1995,#1048,.T.);
#2649=EDGE_CURVE('',#2179,#2180,#1049,.T.);
#2650=EDGE_CURVE('',#2180,#2181,#1050,.T.);
#2651=EDGE_CURVE('',#2174,#2181,#1051,.T.);
#2652=EDGE_CURVE('',#2177,#1997,#1052,.T.);
#2653=EDGE_CURVE('',#2182,#2183,#1053,.T.);
#2654=EDGE_CURVE('',#2184,#2183,#1054,.T.);
#2655=EDGE_CURVE('',#2185,#2184,#1055,.T.);
#2656=EDGE_CURVE('',#2182,#2185,#1056,.T.);
#2657=EDGE_CURVE('',#2185,#2186,#1057,.T.);
#2658=EDGE_CURVE('',#2187,#2184,#1058,.T.);
#2659=EDGE_CURVE('',#2186,#2187,#1059,.T.);
#2660=EDGE_CURVE('',#2188,#2189,#1060,.T.);
#2661=EDGE_CURVE('',#2190,#2188,#1061,.T.);
#2662=EDGE_CURVE('',#2191,#2190,#1062,.T.);
#2663=EDGE_CURVE('',#2189,#2191,#1063,.T.);
#2664=EDGE_CURVE('',#2192,#2190,#1064,.T.);
#2665=EDGE_CURVE('',#2193,#2192,#1065,.T.);
#2666=EDGE_CURVE('',#2191,#2193,#1066,.T.);
#2667=EDGE_CURVE('',#2193,#1983,#1067,.T.);
#2668=EDGE_CURVE('',#2194,#1986,#1068,.T.);
#2669=EDGE_CURVE('',#2194,#2195,#1069,.T.);
#2670=EDGE_CURVE('',#2195,#2196,#1070,.T.);
#2671=EDGE_CURVE('',#2189,#2196,#1071,.T.);
#2672=EDGE_CURVE('',#2192,#1984,#1072,.T.);
#2673=EDGE_CURVE('',#2197,#2198,#1073,.T.);
#2674=EDGE_CURVE('',#2199,#2197,#1074,.T.);
#2675=EDGE_CURVE('',#2200,#2199,#1075,.T.);
#2676=EDGE_CURVE('',#2198,#2200,#1076,.T.);
#2677=EDGE_CURVE('',#2201,#2199,#1077,.T.);
#2678=EDGE_CURVE('',#2202,#2201,#1078,.T.);
#2679=EDGE_CURVE('',#2200,#2202,#1079,.T.);
#2680=EDGE_CURVE('',#2202,#1963,#1080,.T.);
#2681=EDGE_CURVE('',#2203,#1966,#1081,.T.);
#2682=EDGE_CURVE('',#2203,#2204,#1082,.T.);
#2683=EDGE_CURVE('',#2204,#2205,#1083,.T.);
#2684=EDGE_CURVE('',#2198,#2205,#1084,.T.);
#2685=EDGE_CURVE('',#2201,#1964,#1085,.T.);
#2686=EDGE_CURVE('',#2206,#2207,#1086,.T.);
#2687=EDGE_CURVE('',#2208,#2206,#1087,.T.);
#2688=EDGE_CURVE('',#2209,#2208,#1088,.T.);
#2689=EDGE_CURVE('',#2207,#2209,#1089,.T.);
#2690=EDGE_CURVE('',#2210,#2208,#1090,.T.);
#2691=EDGE_CURVE('',#2211,#2210,#1091,.T.);
#2692=EDGE_CURVE('',#2209,#2211,#1092,.T.);
#2693=EDGE_CURVE('',#2211,#1920,#1093,.T.);
#2694=EDGE_CURVE('',#2212,#1919,#1094,.T.);
#2695=EDGE_CURVE('',#2212,#2213,#1095,.T.);
#2696=EDGE_CURVE('',#2213,#2214,#1096,.T.);
#2697=EDGE_CURVE('',#2207,#2214,#1097,.T.);
#2698=EDGE_CURVE('',#2210,#1921,#1098,.T.);
#2699=EDGE_CURVE('',#2025,#2215,#1099,.T.);
#2700=EDGE_CURVE('',#2216,#2024,#1100,.T.);
#2701=EDGE_CURVE('',#2215,#2216,#1101,.T.);
#2702=EDGE_CURVE('',#2217,#2023,#1102,.T.);
#2703=EDGE_CURVE('',#2216,#2217,#1103,.T.);
#2704=EDGE_CURVE('',#2215,#2018,#1104,.T.);
#2705=EDGE_CURVE('',#2217,#1928,#1105,.T.);
#2706=EDGE_CURVE('',#2218,#2034,#1106,.T.);
#2707=EDGE_CURVE('',#2219,#2033,#1107,.T.);
#2708=EDGE_CURVE('',#2218,#2219,#1108,.T.);
#2709=EDGE_CURVE('',#2220,#2032,#1109,.T.);
#2710=EDGE_CURVE('',#2219,#2220,#1110,.T.);
#2711=EDGE_CURVE('',#2218,#2026,#1111,.T.);
#2712=EDGE_CURVE('',#2220,#1970,#1112,.T.);
#2713=EDGE_CURVE('',#2221,#2222,#1113,.T.);
#2714=EDGE_CURVE('',#2223,#2221,#1114,.T.);
#2715=EDGE_CURVE('',#2224,#2223,#1115,.T.);
#2716=EDGE_CURVE('',#2222,#2224,#1116,.T.);
#2717=EDGE_CURVE('',#2225,#2223,#1117,.T.);
#2718=EDGE_CURVE('',#2226,#2225,#1118,.T.);
#2719=EDGE_CURVE('',#2224,#2226,#1119,.T.);
#2720=EDGE_CURVE('',#2222,#2036,#1120,.T.);
#2721=EDGE_CURVE('',#2226,#1991,#1121,.T.);
#2722=EDGE_CURVE('',#2040,#1994,#1122,.T.);
#2723=EDGE_CURVE('',#2225,#1992,#1123,.T.);
#2724=EDGE_CURVE('',#2227,#2228,#1124,.T.);
#2725=EDGE_CURVE('',#2229,#2227,#1125,.T.);
#2726=EDGE_CURVE('',#2230,#2229,#1126,.T.);
#2727=EDGE_CURVE('',#2228,#2230,#1127,.T.);
#2728=EDGE_CURVE('',#2231,#2229,#1128,.T.);
#2729=EDGE_CURVE('',#2232,#2231,#1129,.T.);
#2730=EDGE_CURVE('',#2230,#2232,#1130,.T.);
#2731=EDGE_CURVE('',#2228,#2042,#1131,.T.);
#2732=EDGE_CURVE('',#2232,#1955,#1132,.T.);
#2733=EDGE_CURVE('',#2046,#1958,#1133,.T.);
#2734=EDGE_CURVE('',#2231,#1956,#1134,.T.);
#2735=EDGE_CURVE('',#2055,#2233,#1135,.T.);
#2736=EDGE_CURVE('',#2234,#2054,#1136,.T.);
#2737=EDGE_CURVE('',#2233,#2234,#1137,.T.);
#2738=EDGE_CURVE('',#2235,#2053,#1138,.T.);
#2739=EDGE_CURVE('',#2234,#2235,#1139,.T.);
#2740=EDGE_CURVE('',#2233,#2048,#1140,.T.);
#2741=EDGE_CURVE('',#2235,#1988,#1141,.T.);
#2742=EDGE_CURVE('',#2236,#2237,#1142,.T.);
#2743=EDGE_CURVE('',#2238,#2236,#1143,.T.);
#2744=EDGE_CURVE('',#2239,#2238,#1144,.T.);
#2745=EDGE_CURVE('',#2237,#2239,#1145,.T.);
#2746=EDGE_CURVE('',#2240,#2238,#1146,.T.);
#2747=EDGE_CURVE('',#2241,#2240,#1147,.T.);
#2748=EDGE_CURVE('',#2239,#2241,#1148,.T.);
#2749=EDGE_CURVE('',#2237,#2057,#1149,.T.);
#2750=EDGE_CURVE('',#2241,#1951,#1150,.T.);
#2751=EDGE_CURVE('',#2061,#1954,#1151,.T.);
#2752=EDGE_CURVE('',#2240,#1952,#1152,.T.);
#2753=EDGE_CURVE('',#2070,#2242,#1153,.T.);
#2754=EDGE_CURVE('',#2243,#2069,#1154,.T.);
#2755=EDGE_CURVE('',#2242,#2243,#1155,.T.);
#2756=EDGE_CURVE('',#2244,#2068,#1156,.T.);
#2757=EDGE_CURVE('',#2243,#2244,#1157,.T.);
#2758=EDGE_CURVE('',#2242,#2063,#1158,.T.);
#2759=EDGE_CURVE('',#2244,#1982,#1159,.T.);
#2760=EDGE_CURVE('',#2079,#2245,#1160,.T.);
#2761=EDGE_CURVE('',#2246,#2078,#1161,.T.);
#2762=EDGE_CURVE('',#2245,#2246,#1162,.T.);
#2763=EDGE_CURVE('',#2247,#2077,#1163,.T.);
#2764=EDGE_CURVE('',#2246,#2247,#1164,.T.);
#2765=EDGE_CURVE('',#2245,#2072,#1165,.T.);
#2766=EDGE_CURVE('',#2247,#2002,#1166,.T.);
#2767=EDGE_CURVE('',#2248,#2088,#1167,.T.);
#2768=EDGE_CURVE('',#2249,#2087,#1168,.T.);
#2769=EDGE_CURVE('',#2248,#2249,#1169,.T.);
#2770=EDGE_CURVE('',#2249,#2250,#1170,.T.);
#2771=EDGE_CURVE('',#2250,#2086,#1171,.T.);
#2772=EDGE_CURVE('',#2251,#2252,#1172,.T.);
#2773=EDGE_CURVE('',#2253,#2251,#1173,.T.);
#2774=EDGE_CURVE('',#2254,#2253,#1174,.T.);
#2775=EDGE_CURVE('',#2252,#2254,#1175,.T.);
#2776=EDGE_CURVE('',#2255,#2253,#1176,.T.);
#2777=EDGE_CURVE('',#2256,#2255,#1177,.T.);
#2778=EDGE_CURVE('',#2254,#2256,#1178,.T.);
#2779=EDGE_CURVE('',#2252,#2090,#1179,.T.);
#2780=EDGE_CURVE('',#2256,#1923,#1180,.T.);
#2781=EDGE_CURVE('',#2094,#1926,#1181,.T.);
#2782=EDGE_CURVE('',#2255,#1924,#1182,.T.);
#2783=EDGE_CURVE('',#2257,#2103,#1183,.T.);
#2784=EDGE_CURVE('',#2258,#2102,#1184,.T.);
#2785=EDGE_CURVE('',#2257,#2258,#1185,.T.);
#2786=EDGE_CURVE('',#2258,#2259,#1186,.T.);
#2787=EDGE_CURVE('',#2259,#2101,#1187,.T.);
#2788=EDGE_CURVE('',#2260,#2112,#1188,.T.);
#2789=EDGE_CURVE('',#2261,#2111,#1189,.T.);
#2790=EDGE_CURVE('',#2260,#2261,#1190,.T.);
#2791=EDGE_CURVE('',#2261,#2262,#1191,.T.);
#2792=EDGE_CURVE('',#2262,#2110,#1192,.T.);
#2793=EDGE_CURVE('',#2263,#2121,#1193,.T.);
#2794=EDGE_CURVE('',#2264,#2120,#1194,.T.);
#2795=EDGE_CURVE('',#2263,#2264,#1195,.T.);
#2796=EDGE_CURVE('',#2264,#2265,#1196,.T.);
#2797=EDGE_CURVE('',#2265,#2119,#1197,.T.);
#2798=EDGE_CURVE('',#2266,#2267,#1198,.T.);
#2799=EDGE_CURVE('',#2268,#2266,#1199,.T.);
#2800=EDGE_CURVE('',#2269,#2268,#1200,.T.);
#2801=EDGE_CURVE('',#2267,#2269,#1201,.T.);
#2802=EDGE_CURVE('',#2270,#2268,#1202,.T.);
#2803=EDGE_CURVE('',#2271,#2270,#1203,.T.);
#2804=EDGE_CURVE('',#2269,#2271,#1204,.T.);
#2805=EDGE_CURVE('',#2267,#2123,#1205,.T.);
#2806=EDGE_CURVE('',#2271,#1950,#1206,.T.);
#2807=EDGE_CURVE('',#2127,#1949,#1207,.T.);
#2808=EDGE_CURVE('',#2270,#1947,#1208,.T.);
#2809=EDGE_CURVE('',#2272,#2136,#1209,.T.);
#2810=EDGE_CURVE('',#2273,#2135,#1210,.T.);
#2811=EDGE_CURVE('',#2272,#2273,#1211,.T.);
#2812=EDGE_CURVE('',#2273,#2274,#1212,.T.);
#2813=EDGE_CURVE('',#2274,#2134,#1213,.T.);
#2814=EDGE_CURVE('',#2275,#2145,#1214,.T.);
#2815=EDGE_CURVE('',#2276,#2144,#1215,.T.);
#2816=EDGE_CURVE('',#2275,#2276,#1216,.T.);
#2817=EDGE_CURVE('',#2276,#2277,#1217,.T.);
#2818=EDGE_CURVE('',#2277,#2143,#1218,.T.);
#2819=EDGE_CURVE('',#2278,#2154,#1219,.T.);
#2820=EDGE_CURVE('',#2279,#2153,#1220,.T.);
#2821=EDGE_CURVE('',#2278,#2279,#1221,.T.);
#2822=EDGE_CURVE('',#2280,#2152,#1222,.T.);
#2823=EDGE_CURVE('',#2279,#2280,#1223,.T.);
#2824=EDGE_CURVE('',#2278,#2146,#1224,.T.);
#2825=EDGE_CURVE('',#2280,#1932,#1225,.T.);
#2826=EDGE_CURVE('',#2281,#2163,#1226,.T.);
#2827=EDGE_CURVE('',#2282,#2162,#1227,.T.);
#2828=EDGE_CURVE('',#2281,#2282,#1228,.T.);
#2829=EDGE_CURVE('',#2282,#2283,#1229,.T.);
#2830=EDGE_CURVE('',#2283,#2161,#1230,.T.);
#2831=EDGE_CURVE('',#2284,#2172,#1231,.T.);
#2832=EDGE_CURVE('',#2285,#2171,#1232,.T.);
#2833=EDGE_CURVE('',#2284,#2285,#1233,.T.);
#2834=EDGE_CURVE('',#2286,#2170,#1234,.T.);
#2835=EDGE_CURVE('',#2285,#2286,#1235,.T.);
#2836=EDGE_CURVE('',#2284,#2164,#1236,.T.);
#2837=EDGE_CURVE('',#2286,#1942,#1237,.T.);
#2838=EDGE_CURVE('',#2287,#2181,#1238,.T.);
#2839=EDGE_CURVE('',#2288,#2180,#1239,.T.);
#2840=EDGE_CURVE('',#2287,#2288,#1240,.T.);
#2841=EDGE_CURVE('',#2289,#2179,#1241,.T.);
#2842=EDGE_CURVE('',#2288,#2289,#1242,.T.);
#2843=EDGE_CURVE('',#2287,#2173,#1243,.T.);
#2844=EDGE_CURVE('',#2289,#1998,#1244,.T.);
#2845=EDGE_CURVE('',#2290,#2291,#1245,.T.);
#2846=EDGE_CURVE('',#2292,#2290,#1246,.T.);
#2847=EDGE_CURVE('',#2293,#2292,#1247,.T.);
#2848=EDGE_CURVE('',#2291,#2293,#1248,.T.);
#2849=EDGE_CURVE('',#2294,#2292,#1249,.T.);
#2850=EDGE_CURVE('',#2295,#2294,#1250,.T.);
#2851=EDGE_CURVE('',#2293,#2295,#1251,.T.);
#2852=EDGE_CURVE('',#2291,#2183,#1252,.T.);
#2853=EDGE_CURVE('',#2295,#1915,#1253,.T.);
#2854=EDGE_CURVE('',#2187,#1918,#1254,.T.);
#2855=EDGE_CURVE('',#2294,#1916,#1255,.T.);
#2856=EDGE_CURVE('',#2296,#2196,#1256,.T.);
#2857=EDGE_CURVE('',#2297,#2195,#1257,.T.);
#2858=EDGE_CURVE('',#2296,#2297,#1258,.T.);
#2859=EDGE_CURVE('',#2297,#2298,#1259,.T.);
#2860=EDGE_CURVE('',#2298,#2194,#1260,.T.);
#2861=EDGE_CURVE('',#2299,#2205,#1261,.T.);
#2862=EDGE_CURVE('',#2300,#2204,#1262,.T.);
#2863=EDGE_CURVE('',#2299,#2300,#1263,.T.);
#2864=EDGE_CURVE('',#2300,#2301,#1264,.T.);
#2865=EDGE_CURVE('',#2301,#2203,#1265,.T.);
#2866=EDGE_CURVE('',#2302,#2214,#1266,.T.);
#2867=EDGE_CURVE('',#2303,#2213,#1267,.T.);
#2868=EDGE_CURVE('',#2302,#2303,#1268,.T.);
#2869=EDGE_CURVE('',#2304,#2212,#1269,.T.);
#2870=EDGE_CURVE('',#2303,#2304,#1270,.T.);
#2871=EDGE_CURVE('',#2302,#2206,#1271,.T.);
#2872=EDGE_CURVE('',#2304,#1922,#1272,.T.);
#2873=EDGE_CURVE('',#2265,#2010,#1273,.T.);
#2874=EDGE_CURVE('',#2263,#2113,#1274,.T.);
#2875=EDGE_CURVE('',#2283,#2005,#1275,.T.);
#2876=EDGE_CURVE('',#2281,#2155,#1276,.T.);
#2877=EDGE_CURVE('',#2039,#1993,#1277,.T.);
#2878=EDGE_CURVE('',#2035,#2221,#1278,.T.);
#2879=EDGE_CURVE('',#2298,#1985,#1279,.T.);
#2880=EDGE_CURVE('',#2296,#2188,#1280,.T.);
#2881=EDGE_CURVE('',#2259,#1976,#1281,.T.);
#2882=EDGE_CURVE('',#2257,#2095,#1282,.T.);
#2883=EDGE_CURVE('',#2277,#1973,#1283,.T.);
#2884=EDGE_CURVE('',#2275,#2137,#1284,.T.);
#2885=EDGE_CURVE('',#2301,#1965,#1285,.T.);
#2886=EDGE_CURVE('',#2299,#2197,#1286,.T.);
#2887=EDGE_CURVE('',#2250,#1961,#1287,.T.);
#2888=EDGE_CURVE('',#2248,#2080,#1288,.T.);
#2889=EDGE_CURVE('',#2045,#1957,#1289,.T.);
#2890=EDGE_CURVE('',#2041,#2227,#1290,.T.);
#2891=EDGE_CURVE('',#2060,#1953,#1291,.T.);
#2892=EDGE_CURVE('',#2056,#2236,#1292,.T.);
#2893=EDGE_CURVE('',#2126,#1948,#1293,.T.);
#2894=EDGE_CURVE('',#2122,#2266,#1294,.T.);
#2895=EDGE_CURVE('',#2274,#1945,#1295,.T.);
#2896=EDGE_CURVE('',#2272,#2128,#1296,.T.);
#2897=EDGE_CURVE('',#2262,#1936,#1297,.T.);
#2898=EDGE_CURVE('',#2260,#2104,#1298,.T.);
#2899=EDGE_CURVE('',#2093,#1925,#1299,.T.);
#2900=EDGE_CURVE('',#2089,#2251,#1300,.T.);
#2901=EDGE_CURVE('',#2186,#1917,#1301,.T.);
#2902=EDGE_CURVE('',#2182,#2290,#1302,.T.);
#2903=EDGE_CURVE('',#2016,#2012,#1303,.T.);
#2904=EDGE_CURVE('',#1907,#2014,#1304,.T.);
#2905=ORIENTED_EDGE('',*,*,#2305,.T.);
#2906=ORIENTED_EDGE('',*,*,#2306,.T.);
#2907=ORIENTED_EDGE('',*,*,#2307,.T.);
#2908=ORIENTED_EDGE('',*,*,#2308,.T.);
#2909=ORIENTED_EDGE('',*,*,#2305,.F.);
#2910=ORIENTED_EDGE('',*,*,#2309,.T.);
#2911=ORIENTED_EDGE('',*,*,#2310,.F.);
#2912=ORIENTED_EDGE('',*,*,#2311,.T.);
#2913=ORIENTED_EDGE('',*,*,#2312,.F.);
#2914=ORIENTED_EDGE('',*,*,#2313,.T.);
#2915=ORIENTED_EDGE('',*,*,#2314,.F.);
#2916=ORIENTED_EDGE('',*,*,#2315,.T.);
#2917=ORIENTED_EDGE('',*,*,#2316,.T.);
#2918=ORIENTED_EDGE('',*,*,#2317,.T.);
#2919=ORIENTED_EDGE('',*,*,#2318,.T.);
#2920=ORIENTED_EDGE('',*,*,#2319,.T.);
#2921=ORIENTED_EDGE('',*,*,#2320,.T.);
#2922=ORIENTED_EDGE('',*,*,#2321,.T.);
#2923=ORIENTED_EDGE('',*,*,#2322,.T.);
#2924=ORIENTED_EDGE('',*,*,#2323,.T.);
#2925=ORIENTED_EDGE('',*,*,#2324,.T.);
#2926=ORIENTED_EDGE('',*,*,#2325,.T.);
#2927=ORIENTED_EDGE('',*,*,#2326,.T.);
#2928=ORIENTED_EDGE('',*,*,#2327,.T.);
#2929=ORIENTED_EDGE('',*,*,#2328,.T.);
#2930=ORIENTED_EDGE('',*,*,#2329,.T.);
#2931=ORIENTED_EDGE('',*,*,#2330,.T.);
#2932=ORIENTED_EDGE('',*,*,#2331,.T.);
#2933=ORIENTED_EDGE('',*,*,#2332,.T.);
#2934=ORIENTED_EDGE('',*,*,#2333,.T.);
#2935=ORIENTED_EDGE('',*,*,#2334,.T.);
#2936=ORIENTED_EDGE('',*,*,#2335,.T.);
#2937=ORIENTED_EDGE('',*,*,#2336,.T.);
#2938=ORIENTED_EDGE('',*,*,#2337,.T.);
#2939=ORIENTED_EDGE('',*,*,#2338,.T.);
#2940=ORIENTED_EDGE('',*,*,#2339,.T.);
#2941=ORIENTED_EDGE('',*,*,#2340,.T.);
#2942=ORIENTED_EDGE('',*,*,#2341,.T.);
#2943=ORIENTED_EDGE('',*,*,#2342,.T.);
#2944=ORIENTED_EDGE('',*,*,#2343,.T.);
#2945=ORIENTED_EDGE('',*,*,#2344,.T.);
#2946=ORIENTED_EDGE('',*,*,#2345,.T.);
#2947=ORIENTED_EDGE('',*,*,#2346,.T.);
#2948=ORIENTED_EDGE('',*,*,#2347,.T.);
#2949=ORIENTED_EDGE('',*,*,#2348,.T.);
#2950=ORIENTED_EDGE('',*,*,#2349,.T.);
#2951=ORIENTED_EDGE('',*,*,#2350,.T.);
#2952=ORIENTED_EDGE('',*,*,#2351,.T.);
#2953=ORIENTED_EDGE('',*,*,#2352,.T.);
#2954=ORIENTED_EDGE('',*,*,#2353,.T.);
#2955=ORIENTED_EDGE('',*,*,#2354,.T.);
#2956=ORIENTED_EDGE('',*,*,#2355,.T.);
#2957=ORIENTED_EDGE('',*,*,#2356,.T.);
#2958=ORIENTED_EDGE('',*,*,#2357,.T.);
#2959=ORIENTED_EDGE('',*,*,#2358,.T.);
#2960=ORIENTED_EDGE('',*,*,#2359,.T.);
#2961=ORIENTED_EDGE('',*,*,#2360,.T.);
#2962=ORIENTED_EDGE('',*,*,#2361,.T.);
#2963=ORIENTED_EDGE('',*,*,#2362,.T.);
#2964=ORIENTED_EDGE('',*,*,#2363,.T.);
#2965=ORIENTED_EDGE('',*,*,#2364,.T.);
#2966=ORIENTED_EDGE('',*,*,#2365,.T.);
#2967=ORIENTED_EDGE('',*,*,#2366,.T.);
#2968=ORIENTED_EDGE('',*,*,#2367,.T.);
#2969=ORIENTED_EDGE('',*,*,#2368,.T.);
#2970=ORIENTED_EDGE('',*,*,#2369,.T.);
#2971=ORIENTED_EDGE('',*,*,#2370,.T.);
#2972=ORIENTED_EDGE('',*,*,#2371,.T.);
#2973=ORIENTED_EDGE('',*,*,#2372,.T.);
#2974=ORIENTED_EDGE('',*,*,#2373,.T.);
#2975=ORIENTED_EDGE('',*,*,#2374,.T.);
#2976=ORIENTED_EDGE('',*,*,#2375,.T.);
#2977=ORIENTED_EDGE('',*,*,#2376,.T.);
#2978=ORIENTED_EDGE('',*,*,#2377,.T.);
#2979=ORIENTED_EDGE('',*,*,#2378,.T.);
#2980=ORIENTED_EDGE('',*,*,#2379,.T.);
#2981=ORIENTED_EDGE('',*,*,#2380,.T.);
#2982=ORIENTED_EDGE('',*,*,#2381,.T.);
#2983=ORIENTED_EDGE('',*,*,#2382,.T.);
#2984=ORIENTED_EDGE('',*,*,#2383,.T.);
#2985=ORIENTED_EDGE('',*,*,#2384,.T.);
#2986=ORIENTED_EDGE('',*,*,#2385,.T.);
#2987=ORIENTED_EDGE('',*,*,#2386,.T.);
#2988=ORIENTED_EDGE('',*,*,#2387,.T.);
#2989=ORIENTED_EDGE('',*,*,#2388,.T.);
#2990=ORIENTED_EDGE('',*,*,#2389,.T.);
#2991=ORIENTED_EDGE('',*,*,#2390,.T.);
#2992=ORIENTED_EDGE('',*,*,#2391,.T.);
#2993=ORIENTED_EDGE('',*,*,#2392,.T.);
#2994=ORIENTED_EDGE('',*,*,#2393,.T.);
#2995=ORIENTED_EDGE('',*,*,#2394,.T.);
#2996=ORIENTED_EDGE('',*,*,#2395,.T.);
#2997=ORIENTED_EDGE('',*,*,#2396,.T.);
#2998=ORIENTED_EDGE('',*,*,#2397,.T.);
#2999=ORIENTED_EDGE('',*,*,#2398,.T.);
#3000=ORIENTED_EDGE('',*,*,#2399,.T.);
#3001=ORIENTED_EDGE('',*,*,#2400,.T.);
#3002=ORIENTED_EDGE('',*,*,#2401,.T.);
#3003=ORIENTED_EDGE('',*,*,#2402,.T.);
#3004=ORIENTED_EDGE('',*,*,#2403,.T.);
#3005=ORIENTED_EDGE('',*,*,#2404,.T.);
#3006=ORIENTED_EDGE('',*,*,#2405,.T.);
#3007=ORIENTED_EDGE('',*,*,#2406,.T.);
#3008=ORIENTED_EDGE('',*,*,#2407,.T.);
#3009=ORIENTED_EDGE('',*,*,#2408,.T.);
#3010=ORIENTED_EDGE('',*,*,#2409,.T.);
#3011=ORIENTED_EDGE('',*,*,#2410,.T.);
#3012=ORIENTED_EDGE('',*,*,#2411,.T.);
#3013=ORIENTED_EDGE('',*,*,#2308,.F.);
#3014=ORIENTED_EDGE('',*,*,#2412,.F.);
#3015=ORIENTED_EDGE('',*,*,#2413,.F.);
#3016=ORIENTED_EDGE('',*,*,#2309,.F.);
#3017=ORIENTED_EDGE('',*,*,#2310,.T.);
#3018=ORIENTED_EDGE('',*,*,#2413,.T.);
#3019=ORIENTED_EDGE('',*,*,#2414,.T.);
#3020=ORIENTED_EDGE('',*,*,#2415,.T.);
#3021=ORIENTED_EDGE('',*,*,#2314,.T.);
#3022=ORIENTED_EDGE('',*,*,#2416,.T.);
#3023=ORIENTED_EDGE('',*,*,#2417,.T.);
#3024=ORIENTED_EDGE('',*,*,#2418,.T.);
#3025=ORIENTED_EDGE('',*,*,#2416,.F.);
#3026=ORIENTED_EDGE('',*,*,#2313,.F.);
#3027=ORIENTED_EDGE('',*,*,#2419,.F.);
#3028=ORIENTED_EDGE('',*,*,#2420,.F.);
#3029=ORIENTED_EDGE('',*,*,#2312,.T.);
#3030=ORIENTED_EDGE('',*,*,#2421,.T.);
#3031=ORIENTED_EDGE('',*,*,#2422,.T.);
#3032=ORIENTED_EDGE('',*,*,#2419,.T.);
#3033=ORIENTED_EDGE('',*,*,#2423,.T.);
#3034=ORIENTED_EDGE('',*,*,#2424,.F.);
#3035=ORIENTED_EDGE('',*,*,#2425,.F.);
#3036=ORIENTED_EDGE('',*,*,#2426,.F.);
#3037=ORIENTED_EDGE('',*,*,#2427,.F.);
#3038=ORIENTED_EDGE('',*,*,#2428,.F.);
#3039=ORIENTED_EDGE('',*,*,#2429,.F.);
#3040=ORIENTED_EDGE('',*,*,#2425,.T.);
#3041=ORIENTED_EDGE('',*,*,#2426,.T.);
#3042=ORIENTED_EDGE('',*,*,#2429,.T.);
#3043=ORIENTED_EDGE('',*,*,#2430,.T.);
#3044=ORIENTED_EDGE('',*,*,#2330,.F.);
#3045=ORIENTED_EDGE('',*,*,#2431,.F.);
#3046=ORIENTED_EDGE('',*,*,#2432,.T.);
#3047=ORIENTED_EDGE('',*,*,#2433,.T.);
#3048=ORIENTED_EDGE('',*,*,#2434,.F.);
#3049=ORIENTED_EDGE('',*,*,#2428,.T.);
#3050=ORIENTED_EDGE('',*,*,#2435,.T.);
#3051=ORIENTED_EDGE('',*,*,#2331,.F.);
#3052=ORIENTED_EDGE('',*,*,#2430,.F.);
#3053=ORIENTED_EDGE('',*,*,#2436,.F.);
#3054=ORIENTED_EDGE('',*,*,#2437,.F.);
#3055=ORIENTED_EDGE('',*,*,#2438,.F.);
#3056=ORIENTED_EDGE('',*,*,#2439,.F.);
#3057=ORIENTED_EDGE('',*,*,#2438,.T.);
#3058=ORIENTED_EDGE('',*,*,#2440,.F.);
#3059=ORIENTED_EDGE('',*,*,#2441,.F.);
#3060=ORIENTED_EDGE('',*,*,#2442,.F.);
#3061=ORIENTED_EDGE('',*,*,#2439,.T.);
#3062=ORIENTED_EDGE('',*,*,#2442,.T.);
#3063=ORIENTED_EDGE('',*,*,#2443,.T.);
#3064=ORIENTED_EDGE('',*,*,#2368,.F.);
#3065=ORIENTED_EDGE('',*,*,#2444,.F.);
#3066=ORIENTED_EDGE('',*,*,#2445,.T.);
#3067=ORIENTED_EDGE('',*,*,#2446,.T.);
#3068=ORIENTED_EDGE('',*,*,#2447,.F.);
#3069=ORIENTED_EDGE('',*,*,#2441,.T.);
#3070=ORIENTED_EDGE('',*,*,#2448,.T.);
#3071=ORIENTED_EDGE('',*,*,#2369,.F.);
#3072=ORIENTED_EDGE('',*,*,#2443,.F.);
#3073=ORIENTED_EDGE('',*,*,#2449,.T.);
#3074=ORIENTED_EDGE('',*,*,#2450,.F.);
#3075=ORIENTED_EDGE('',*,*,#2451,.F.);
#3076=ORIENTED_EDGE('',*,*,#2452,.F.);
#3077=ORIENTED_EDGE('',*,*,#2453,.F.);
#3078=ORIENTED_EDGE('',*,*,#2451,.T.);
#3079=ORIENTED_EDGE('',*,*,#2454,.F.);
#3080=ORIENTED_EDGE('',*,*,#2455,.F.);
#3081=ORIENTED_EDGE('',*,*,#2456,.T.);
#3082=ORIENTED_EDGE('',*,*,#2457,.F.);
#3083=ORIENTED_EDGE('',*,*,#2458,.F.);
#3084=ORIENTED_EDGE('',*,*,#2459,.F.);
#3085=ORIENTED_EDGE('',*,*,#2460,.F.);
#3086=ORIENTED_EDGE('',*,*,#2458,.T.);
#3087=ORIENTED_EDGE('',*,*,#2461,.F.);
#3088=ORIENTED_EDGE('',*,*,#2462,.F.);
#3089=ORIENTED_EDGE('',*,*,#2463,.T.);
#3090=ORIENTED_EDGE('',*,*,#2464,.F.);
#3091=ORIENTED_EDGE('',*,*,#2465,.F.);
#3092=ORIENTED_EDGE('',*,*,#2466,.F.);
#3093=ORIENTED_EDGE('',*,*,#2467,.F.);
#3094=ORIENTED_EDGE('',*,*,#2468,.F.);
#3095=ORIENTED_EDGE('',*,*,#2469,.F.);
#3096=ORIENTED_EDGE('',*,*,#2465,.T.);
#3097=ORIENTED_EDGE('',*,*,#2466,.T.);
#3098=ORIENTED_EDGE('',*,*,#2469,.T.);
#3099=ORIENTED_EDGE('',*,*,#2470,.T.);
#3100=ORIENTED_EDGE('',*,*,#2390,.F.);
#3101=ORIENTED_EDGE('',*,*,#2471,.F.);
#3102=ORIENTED_EDGE('',*,*,#2472,.T.);
#3103=ORIENTED_EDGE('',*,*,#2473,.T.);
#3104=ORIENTED_EDGE('',*,*,#2474,.F.);
#3105=ORIENTED_EDGE('',*,*,#2468,.T.);
#3106=ORIENTED_EDGE('',*,*,#2475,.T.);
#3107=ORIENTED_EDGE('',*,*,#2391,.F.);
#3108=ORIENTED_EDGE('',*,*,#2470,.F.);
#3109=ORIENTED_EDGE('',*,*,#2476,.T.);
#3110=ORIENTED_EDGE('',*,*,#2477,.F.);
#3111=ORIENTED_EDGE('',*,*,#2478,.F.);
#3112=ORIENTED_EDGE('',*,*,#2479,.F.);
#3113=ORIENTED_EDGE('',*,*,#2480,.F.);
#3114=ORIENTED_EDGE('',*,*,#2478,.T.);
#3115=ORIENTED_EDGE('',*,*,#2481,.F.);
#3116=ORIENTED_EDGE('',*,*,#2482,.F.);
#3117=ORIENTED_EDGE('',*,*,#2483,.T.);
#3118=ORIENTED_EDGE('',*,*,#2484,.F.);
#3119=ORIENTED_EDGE('',*,*,#2485,.F.);
#3120=ORIENTED_EDGE('',*,*,#2486,.F.);
#3121=ORIENTED_EDGE('',*,*,#2487,.F.);
#3122=ORIENTED_EDGE('',*,*,#2488,.F.);
#3123=ORIENTED_EDGE('',*,*,#2489,.F.);
#3124=ORIENTED_EDGE('',*,*,#2485,.T.);
#3125=ORIENTED_EDGE('',*,*,#2486,.T.);
#3126=ORIENTED_EDGE('',*,*,#2489,.T.);
#3127=ORIENTED_EDGE('',*,*,#2490,.T.);
#3128=ORIENTED_EDGE('',*,*,#2380,.F.);
#3129=ORIENTED_EDGE('',*,*,#2491,.F.);
#3130=ORIENTED_EDGE('',*,*,#2492,.T.);
#3131=ORIENTED_EDGE('',*,*,#2493,.T.);
#3132=ORIENTED_EDGE('',*,*,#2494,.F.);
#3133=ORIENTED_EDGE('',*,*,#2488,.T.);
#3134=ORIENTED_EDGE('',*,*,#2495,.T.);
#3135=ORIENTED_EDGE('',*,*,#2381,.F.);
#3136=ORIENTED_EDGE('',*,*,#2490,.F.);
#3137=ORIENTED_EDGE('',*,*,#2496,.T.);
#3138=ORIENTED_EDGE('',*,*,#2497,.F.);
#3139=ORIENTED_EDGE('',*,*,#2498,.F.);
#3140=ORIENTED_EDGE('',*,*,#2499,.F.);
#3141=ORIENTED_EDGE('',*,*,#2500,.F.);
#3142=ORIENTED_EDGE('',*,*,#2501,.F.);
#3143=ORIENTED_EDGE('',*,*,#2502,.F.);
#3144=ORIENTED_EDGE('',*,*,#2498,.T.);
#3145=ORIENTED_EDGE('',*,*,#2499,.T.);
#3146=ORIENTED_EDGE('',*,*,#2502,.T.);
#3147=ORIENTED_EDGE('',*,*,#2503,.T.);
#3148=ORIENTED_EDGE('',*,*,#2400,.F.);
#3149=ORIENTED_EDGE('',*,*,#2504,.F.);
#3150=ORIENTED_EDGE('',*,*,#2505,.T.);
#3151=ORIENTED_EDGE('',*,*,#2506,.T.);
#3152=ORIENTED_EDGE('',*,*,#2507,.F.);
#3153=ORIENTED_EDGE('',*,*,#2501,.T.);
#3154=ORIENTED_EDGE('',*,*,#2508,.T.);
#3155=ORIENTED_EDGE('',*,*,#2401,.F.);
#3156=ORIENTED_EDGE('',*,*,#2503,.F.);
#3157=ORIENTED_EDGE('',*,*,#2509,.F.);
#3158=ORIENTED_EDGE('',*,*,#2510,.F.);
#3159=ORIENTED_EDGE('',*,*,#2511,.F.);
#3160=ORIENTED_EDGE('',*,*,#2512,.F.);
#3161=ORIENTED_EDGE('',*,*,#2513,.F.);
#3162=ORIENTED_EDGE('',*,*,#2514,.F.);
#3163=ORIENTED_EDGE('',*,*,#2515,.F.);
#3164=ORIENTED_EDGE('',*,*,#2511,.T.);
#3165=ORIENTED_EDGE('',*,*,#2512,.T.);
#3166=ORIENTED_EDGE('',*,*,#2515,.T.);
#3167=ORIENTED_EDGE('',*,*,#2516,.T.);
#3168=ORIENTED_EDGE('',*,*,#2363,.F.);
#3169=ORIENTED_EDGE('',*,*,#2517,.F.);
#3170=ORIENTED_EDGE('',*,*,#2518,.T.);
#3171=ORIENTED_EDGE('',*,*,#2519,.T.);
#3172=ORIENTED_EDGE('',*,*,#2520,.F.);
#3173=ORIENTED_EDGE('',*,*,#2514,.T.);
#3174=ORIENTED_EDGE('',*,*,#2521,.T.);
#3175=ORIENTED_EDGE('',*,*,#2360,.F.);
#3176=ORIENTED_EDGE('',*,*,#2516,.F.);
#3177=ORIENTED_EDGE('',*,*,#2522,.T.);
#3178=ORIENTED_EDGE('',*,*,#2523,.F.);
#3179=ORIENTED_EDGE('',*,*,#2524,.F.);
#3180=ORIENTED_EDGE('',*,*,#2525,.F.);
#3181=ORIENTED_EDGE('',*,*,#2526,.F.);
#3182=ORIENTED_EDGE('',*,*,#2524,.T.);
#3183=ORIENTED_EDGE('',*,*,#2527,.F.);
#3184=ORIENTED_EDGE('',*,*,#2528,.F.);
#3185=ORIENTED_EDGE('',*,*,#2529,.F.);
#3186=ORIENTED_EDGE('',*,*,#2530,.F.);
#3187=ORIENTED_EDGE('',*,*,#2531,.F.);
#3188=ORIENTED_EDGE('',*,*,#2532,.F.);
#3189=ORIENTED_EDGE('',*,*,#2531,.T.);
#3190=ORIENTED_EDGE('',*,*,#2533,.F.);
#3191=ORIENTED_EDGE('',*,*,#2534,.F.);
#3192=ORIENTED_EDGE('',*,*,#2535,.F.);
#3193=ORIENTED_EDGE('',*,*,#2532,.T.);
#3194=ORIENTED_EDGE('',*,*,#2535,.T.);
#3195=ORIENTED_EDGE('',*,*,#2536,.T.);
#3196=ORIENTED_EDGE('',*,*,#2378,.F.);
#3197=ORIENTED_EDGE('',*,*,#2537,.F.);
#3198=ORIENTED_EDGE('',*,*,#2538,.T.);
#3199=ORIENTED_EDGE('',*,*,#2539,.T.);
#3200=ORIENTED_EDGE('',*,*,#2540,.F.);
#3201=ORIENTED_EDGE('',*,*,#2534,.T.);
#3202=ORIENTED_EDGE('',*,*,#2541,.T.);
#3203=ORIENTED_EDGE('',*,*,#2379,.F.);
#3204=ORIENTED_EDGE('',*,*,#2536,.F.);
#3205=ORIENTED_EDGE('',*,*,#2542,.F.);
#3206=ORIENTED_EDGE('',*,*,#2543,.F.);
#3207=ORIENTED_EDGE('',*,*,#2544,.F.);
#3208=ORIENTED_EDGE('',*,*,#2545,.F.);
#3209=ORIENTED_EDGE('',*,*,#2544,.T.);
#3210=ORIENTED_EDGE('',*,*,#2546,.F.);
#3211=ORIENTED_EDGE('',*,*,#2547,.F.);
#3212=ORIENTED_EDGE('',*,*,#2548,.F.);
#3213=ORIENTED_EDGE('',*,*,#2545,.T.);
#3214=ORIENTED_EDGE('',*,*,#2548,.T.);
#3215=ORIENTED_EDGE('',*,*,#2549,.T.);
#3216=ORIENTED_EDGE('',*,*,#2338,.F.);
#3217=ORIENTED_EDGE('',*,*,#2550,.F.);
#3218=ORIENTED_EDGE('',*,*,#2551,.T.);
#3219=ORIENTED_EDGE('',*,*,#2552,.T.);
#3220=ORIENTED_EDGE('',*,*,#2553,.F.);
#3221=ORIENTED_EDGE('',*,*,#2547,.T.);
#3222=ORIENTED_EDGE('',*,*,#2554,.T.);
#3223=ORIENTED_EDGE('',*,*,#2339,.F.);
#3224=ORIENTED_EDGE('',*,*,#2549,.F.);
#3225=ORIENTED_EDGE('',*,*,#2555,.F.);
#3226=ORIENTED_EDGE('',*,*,#2556,.F.);
#3227=ORIENTED_EDGE('',*,*,#2557,.F.);
#3228=ORIENTED_EDGE('',*,*,#2558,.F.);
#3229=ORIENTED_EDGE('',*,*,#2559,.F.);
#3230=ORIENTED_EDGE('',*,*,#2560,.F.);
#3231=ORIENTED_EDGE('',*,*,#2561,.F.);
#3232=ORIENTED_EDGE('',*,*,#2557,.T.);
#3233=ORIENTED_EDGE('',*,*,#2558,.T.);
#3234=ORIENTED_EDGE('',*,*,#2561,.T.);
#3235=ORIENTED_EDGE('',*,*,#2562,.T.);
#3236=ORIENTED_EDGE('',*,*,#2408,.F.);
#3237=ORIENTED_EDGE('',*,*,#2563,.F.);
#3238=ORIENTED_EDGE('',*,*,#2564,.T.);
#3239=ORIENTED_EDGE('',*,*,#2565,.T.);
#3240=ORIENTED_EDGE('',*,*,#2566,.F.);
#3241=ORIENTED_EDGE('',*,*,#2560,.T.);
#3242=ORIENTED_EDGE('',*,*,#2567,.T.);
#3243=ORIENTED_EDGE('',*,*,#2409,.F.);
#3244=ORIENTED_EDGE('',*,*,#2562,.F.);
#3245=ORIENTED_EDGE('',*,*,#2568,.T.);
#3246=ORIENTED_EDGE('',*,*,#2569,.F.);
#3247=ORIENTED_EDGE('',*,*,#2570,.F.);
#3248=ORIENTED_EDGE('',*,*,#2571,.F.);
#3249=ORIENTED_EDGE('',*,*,#2572,.F.);
#3250=ORIENTED_EDGE('',*,*,#2570,.T.);
#3251=ORIENTED_EDGE('',*,*,#2573,.F.);
#3252=ORIENTED_EDGE('',*,*,#2574,.F.);
#3253=ORIENTED_EDGE('',*,*,#2575,.F.);
#3254=ORIENTED_EDGE('',*,*,#2576,.F.);
#3255=ORIENTED_EDGE('',*,*,#2577,.F.);
#3256=ORIENTED_EDGE('',*,*,#2578,.F.);
#3257=ORIENTED_EDGE('',*,*,#2577,.T.);
#3258=ORIENTED_EDGE('',*,*,#2579,.F.);
#3259=ORIENTED_EDGE('',*,*,#2580,.F.);
#3260=ORIENTED_EDGE('',*,*,#2581,.F.);
#3261=ORIENTED_EDGE('',*,*,#2578,.T.);
#3262=ORIENTED_EDGE('',*,*,#2581,.T.);
#3263=ORIENTED_EDGE('',*,*,#2582,.T.);
#3264=ORIENTED_EDGE('',*,*,#2347,.F.);
#3265=ORIENTED_EDGE('',*,*,#2583,.F.);
#3266=ORIENTED_EDGE('',*,*,#2584,.T.);
#3267=ORIENTED_EDGE('',*,*,#2585,.T.);
#3268=ORIENTED_EDGE('',*,*,#2586,.F.);
#3269=ORIENTED_EDGE('',*,*,#2580,.T.);
#3270=ORIENTED_EDGE('',*,*,#2587,.T.);
#3271=ORIENTED_EDGE('',*,*,#2344,.F.);
#3272=ORIENTED_EDGE('',*,*,#2582,.F.);
#3273=ORIENTED_EDGE('',*,*,#2588,.F.);
#3274=ORIENTED_EDGE('',*,*,#2589,.F.);
#3275=ORIENTED_EDGE('',*,*,#2590,.F.);
#3276=ORIENTED_EDGE('',*,*,#2591,.F.);
#3277=ORIENTED_EDGE('',*,*,#2592,.F.);
#3278=ORIENTED_EDGE('',*,*,#2593,.F.);
#3279=ORIENTED_EDGE('',*,*,#2594,.F.);
#3280=ORIENTED_EDGE('',*,*,#2590,.T.);
#3281=ORIENTED_EDGE('',*,*,#2591,.T.);
#3282=ORIENTED_EDGE('',*,*,#2594,.T.);
#3283=ORIENTED_EDGE('',*,*,#2595,.T.);
#3284=ORIENTED_EDGE('',*,*,#2375,.F.);
#3285=ORIENTED_EDGE('',*,*,#2596,.F.);
#3286=ORIENTED_EDGE('',*,*,#2597,.T.);
#3287=ORIENTED_EDGE('',*,*,#2598,.T.);
#3288=ORIENTED_EDGE('',*,*,#2599,.F.);
#3289=ORIENTED_EDGE('',*,*,#2593,.T.);
#3290=ORIENTED_EDGE('',*,*,#2600,.T.);
#3291=ORIENTED_EDGE('',*,*,#2372,.F.);
#3292=ORIENTED_EDGE('',*,*,#2595,.F.);
#3293=ORIENTED_EDGE('',*,*,#2601,.F.);
#3294=ORIENTED_EDGE('',*,*,#2602,.F.);
#3295=ORIENTED_EDGE('',*,*,#2603,.F.);
#3296=ORIENTED_EDGE('',*,*,#2604,.F.);
#3297=ORIENTED_EDGE('',*,*,#2603,.T.);
#3298=ORIENTED_EDGE('',*,*,#2605,.F.);
#3299=ORIENTED_EDGE('',*,*,#2606,.F.);
#3300=ORIENTED_EDGE('',*,*,#2607,.F.);
#3301=ORIENTED_EDGE('',*,*,#2604,.T.);
#3302=ORIENTED_EDGE('',*,*,#2607,.T.);
#3303=ORIENTED_EDGE('',*,*,#2608,.T.);
#3304=ORIENTED_EDGE('',*,*,#2334,.F.);
#3305=ORIENTED_EDGE('',*,*,#2609,.F.);
#3306=ORIENTED_EDGE('',*,*,#2610,.T.);
#3307=ORIENTED_EDGE('',*,*,#2611,.T.);
#3308=ORIENTED_EDGE('',*,*,#2612,.F.);
#3309=ORIENTED_EDGE('',*,*,#2606,.T.);
#3310=ORIENTED_EDGE('',*,*,#2613,.T.);
#3311=ORIENTED_EDGE('',*,*,#2335,.F.);
#3312=ORIENTED_EDGE('',*,*,#2608,.F.);
#3313=ORIENTED_EDGE('',*,*,#2614,.F.);
#3314=ORIENTED_EDGE('',*,*,#2615,.F.);
#3315=ORIENTED_EDGE('',*,*,#2616,.F.);
#3316=ORIENTED_EDGE('',*,*,#2617,.F.);
#3317=ORIENTED_EDGE('',*,*,#2616,.T.);
#3318=ORIENTED_EDGE('',*,*,#2618,.F.);
#3319=ORIENTED_EDGE('',*,*,#2619,.F.);
#3320=ORIENTED_EDGE('',*,*,#2620,.F.);
#3321=ORIENTED_EDGE('',*,*,#2617,.T.);
#3322=ORIENTED_EDGE('',*,*,#2620,.T.);
#3323=ORIENTED_EDGE('',*,*,#2621,.T.);
#3324=ORIENTED_EDGE('',*,*,#2407,.F.);
#3325=ORIENTED_EDGE('',*,*,#2622,.F.);
#3326=ORIENTED_EDGE('',*,*,#2623,.T.);
#3327=ORIENTED_EDGE('',*,*,#2624,.T.);
#3328=ORIENTED_EDGE('',*,*,#2625,.F.);
#3329=ORIENTED_EDGE('',*,*,#2619,.T.);
#3330=ORIENTED_EDGE('',*,*,#2626,.T.);
#3331=ORIENTED_EDGE('',*,*,#2404,.F.);
#3332=ORIENTED_EDGE('',*,*,#2621,.F.);
#3333=ORIENTED_EDGE('',*,*,#2627,.F.);
#3334=ORIENTED_EDGE('',*,*,#2628,.F.);
#3335=ORIENTED_EDGE('',*,*,#2629,.F.);
#3336=ORIENTED_EDGE('',*,*,#2630,.F.);
#3337=ORIENTED_EDGE('',*,*,#2631,.F.);
#3338=ORIENTED_EDGE('',*,*,#2632,.F.);
#3339=ORIENTED_EDGE('',*,*,#2633,.F.);
#3340=ORIENTED_EDGE('',*,*,#2629,.T.);
#3341=ORIENTED_EDGE('',*,*,#2630,.T.);
#3342=ORIENTED_EDGE('',*,*,#2633,.T.);
#3343=ORIENTED_EDGE('',*,*,#2634,.T.);
#3344=ORIENTED_EDGE('',*,*,#2340,.F.);
#3345=ORIENTED_EDGE('',*,*,#2635,.F.);
#3346=ORIENTED_EDGE('',*,*,#2636,.T.);
#3347=ORIENTED_EDGE('',*,*,#2637,.T.);
#3348=ORIENTED_EDGE('',*,*,#2638,.F.);
#3349=ORIENTED_EDGE('',*,*,#2632,.T.);
#3350=ORIENTED_EDGE('',*,*,#2639,.T.);
#3351=ORIENTED_EDGE('',*,*,#2341,.F.);
#3352=ORIENTED_EDGE('',*,*,#2634,.F.);
#3353=ORIENTED_EDGE('',*,*,#2640,.F.);
#3354=ORIENTED_EDGE('',*,*,#2641,.F.);
#3355=ORIENTED_EDGE('',*,*,#2642,.F.);
#3356=ORIENTED_EDGE('',*,*,#2643,.F.);
#3357=ORIENTED_EDGE('',*,*,#2644,.F.);
#3358=ORIENTED_EDGE('',*,*,#2645,.F.);
#3359=ORIENTED_EDGE('',*,*,#2646,.F.);
#3360=ORIENTED_EDGE('',*,*,#2642,.T.);
#3361=ORIENTED_EDGE('',*,*,#2643,.T.);
#3362=ORIENTED_EDGE('',*,*,#2646,.T.);
#3363=ORIENTED_EDGE('',*,*,#2647,.T.);
#3364=ORIENTED_EDGE('',*,*,#2396,.F.);
#3365=ORIENTED_EDGE('',*,*,#2648,.F.);
#3366=ORIENTED_EDGE('',*,*,#2649,.T.);
#3367=ORIENTED_EDGE('',*,*,#2650,.T.);
#3368=ORIENTED_EDGE('',*,*,#2651,.F.);
#3369=ORIENTED_EDGE('',*,*,#2645,.T.);
#3370=ORIENTED_EDGE('',*,*,#2652,.T.);
#3371=ORIENTED_EDGE('',*,*,#2397,.F.);
#3372=ORIENTED_EDGE('',*,*,#2647,.F.);
#3373=ORIENTED_EDGE('',*,*,#2653,.T.);
#3374=ORIENTED_EDGE('',*,*,#2654,.F.);
#3375=ORIENTED_EDGE('',*,*,#2655,.F.);
#3376=ORIENTED_EDGE('',*,*,#2656,.F.);
#3377=ORIENTED_EDGE('',*,*,#2657,.F.);
#3378=ORIENTED_EDGE('',*,*,#2655,.T.);
#3379=ORIENTED_EDGE('',*,*,#2658,.F.);
#3380=ORIENTED_EDGE('',*,*,#2659,.F.);
#3381=ORIENTED_EDGE('',*,*,#2660,.F.);
#3382=ORIENTED_EDGE('',*,*,#2661,.F.);
#3383=ORIENTED_EDGE('',*,*,#2662,.F.);
#3384=ORIENTED_EDGE('',*,*,#2663,.F.);
#3385=ORIENTED_EDGE('',*,*,#2664,.F.);
#3386=ORIENTED_EDGE('',*,*,#2665,.F.);
#3387=ORIENTED_EDGE('',*,*,#2666,.F.);
#3388=ORIENTED_EDGE('',*,*,#2662,.T.);
#3389=ORIENTED_EDGE('',*,*,#2663,.T.);
#3390=ORIENTED_EDGE('',*,*,#2666,.T.);
#3391=ORIENTED_EDGE('',*,*,#2667,.T.);
#3392=ORIENTED_EDGE('',*,*,#2387,.F.);
#3393=ORIENTED_EDGE('',*,*,#2668,.F.);
#3394=ORIENTED_EDGE('',*,*,#2669,.T.);
#3395=ORIENTED_EDGE('',*,*,#2670,.T.);
#3396=ORIENTED_EDGE('',*,*,#2671,.F.);
#3397=ORIENTED_EDGE('',*,*,#2665,.T.);
#3398=ORIENTED_EDGE('',*,*,#2672,.T.);
#3399=ORIENTED_EDGE('',*,*,#2384,.F.);
#3400=ORIENTED_EDGE('',*,*,#2667,.F.);
#3401=ORIENTED_EDGE('',*,*,#2673,.F.);
#3402=ORIENTED_EDGE('',*,*,#2674,.F.);
#3403=ORIENTED_EDGE('',*,*,#2675,.F.);
#3404=ORIENTED_EDGE('',*,*,#2676,.F.);
#3405=ORIENTED_EDGE('',*,*,#2675,.T.);
#3406=ORIENTED_EDGE('',*,*,#2677,.F.);
#3407=ORIENTED_EDGE('',*,*,#2678,.F.);
#3408=ORIENTED_EDGE('',*,*,#2679,.F.);
#3409=ORIENTED_EDGE('',*,*,#2676,.T.);
#3410=ORIENTED_EDGE('',*,*,#2679,.T.);
#3411=ORIENTED_EDGE('',*,*,#2680,.T.);
#3412=ORIENTED_EDGE('',*,*,#2367,.F.);
#3413=ORIENTED_EDGE('',*,*,#2681,.F.);
#3414=ORIENTED_EDGE('',*,*,#2682,.T.);
#3415=ORIENTED_EDGE('',*,*,#2683,.T.);
#3416=ORIENTED_EDGE('',*,*,#2684,.F.);
#3417=ORIENTED_EDGE('',*,*,#2678,.T.);
#3418=ORIENTED_EDGE('',*,*,#2685,.T.);
#3419=ORIENTED_EDGE('',*,*,#2364,.F.);
#3420=ORIENTED_EDGE('',*,*,#2680,.F.);
#3421=ORIENTED_EDGE('',*,*,#2686,.F.);
#3422=ORIENTED_EDGE('',*,*,#2687,.F.);
#3423=ORIENTED_EDGE('',*,*,#2688,.F.);
#3424=ORIENTED_EDGE('',*,*,#2689,.F.);
#3425=ORIENTED_EDGE('',*,*,#2688,.T.);
#3426=ORIENTED_EDGE('',*,*,#2690,.F.);
#3427=ORIENTED_EDGE('',*,*,#2691,.F.);
#3428=ORIENTED_EDGE('',*,*,#2692,.F.);
#3429=ORIENTED_EDGE('',*,*,#2689,.T.);
#3430=ORIENTED_EDGE('',*,*,#2692,.T.);
#3431=ORIENTED_EDGE('',*,*,#2693,.T.);
#3432=ORIENTED_EDGE('',*,*,#2320,.F.);
#3433=ORIENTED_EDGE('',*,*,#2694,.F.);
#3434=ORIENTED_EDGE('',*,*,#2695,.T.);
#3435=ORIENTED_EDGE('',*,*,#2696,.T.);
#3436=ORIENTED_EDGE('',*,*,#2697,.F.);
#3437=ORIENTED_EDGE('',*,*,#2691,.T.);
#3438=ORIENTED_EDGE('',*,*,#2698,.T.);
#3439=ORIENTED_EDGE('',*,*,#2321,.F.);
#3440=ORIENTED_EDGE('',*,*,#2693,.F.);
#3441=ORIENTED_EDGE('',*,*,#2699,.F.);
#3442=ORIENTED_EDGE('',*,*,#2433,.F.);
#3443=ORIENTED_EDGE('',*,*,#2700,.F.);
#3444=ORIENTED_EDGE('',*,*,#2701,.F.);
#3445=ORIENTED_EDGE('',*,*,#2700,.T.);
#3446=ORIENTED_EDGE('',*,*,#2432,.F.);
#3447=ORIENTED_EDGE('',*,*,#2702,.F.);
#3448=ORIENTED_EDGE('',*,*,#2703,.F.);
#3449=ORIENTED_EDGE('',*,*,#2424,.T.);
#3450=ORIENTED_EDGE('',*,*,#2704,.F.);
#3451=ORIENTED_EDGE('',*,*,#2701,.T.);
#3452=ORIENTED_EDGE('',*,*,#2703,.T.);
#3453=ORIENTED_EDGE('',*,*,#2705,.T.);
#3454=ORIENTED_EDGE('',*,*,#2328,.F.);
#3455=ORIENTED_EDGE('',*,*,#2435,.F.);
#3456=ORIENTED_EDGE('',*,*,#2427,.T.);
#3457=ORIENTED_EDGE('',*,*,#2702,.T.);
#3458=ORIENTED_EDGE('',*,*,#2431,.T.);
#3459=ORIENTED_EDGE('',*,*,#2329,.F.);
#3460=ORIENTED_EDGE('',*,*,#2705,.F.);
#3461=ORIENTED_EDGE('',*,*,#2706,.T.);
#3462=ORIENTED_EDGE('',*,*,#2446,.F.);
#3463=ORIENTED_EDGE('',*,*,#2707,.F.);
#3464=ORIENTED_EDGE('',*,*,#2708,.F.);
#3465=ORIENTED_EDGE('',*,*,#2445,.F.);
#3466=ORIENTED_EDGE('',*,*,#2709,.F.);
#3467=ORIENTED_EDGE('',*,*,#2710,.F.);
#3468=ORIENTED_EDGE('',*,*,#2707,.T.);
#3469=ORIENTED_EDGE('',*,*,#2437,.T.);
#3470=ORIENTED_EDGE('',*,*,#2711,.F.);
#3471=ORIENTED_EDGE('',*,*,#2708,.T.);
#3472=ORIENTED_EDGE('',*,*,#2710,.T.);
#3473=ORIENTED_EDGE('',*,*,#2712,.T.);
#3474=ORIENTED_EDGE('',*,*,#2370,.F.);
#3475=ORIENTED_EDGE('',*,*,#2448,.F.);
#3476=ORIENTED_EDGE('',*,*,#2440,.T.);
#3477=ORIENTED_EDGE('',*,*,#2709,.T.);
#3478=ORIENTED_EDGE('',*,*,#2444,.T.);
#3479=ORIENTED_EDGE('',*,*,#2371,.F.);
#3480=ORIENTED_EDGE('',*,*,#2712,.F.);
#3481=ORIENTED_EDGE('',*,*,#2713,.F.);
#3482=ORIENTED_EDGE('',*,*,#2714,.F.);
#3483=ORIENTED_EDGE('',*,*,#2715,.F.);
#3484=ORIENTED_EDGE('',*,*,#2716,.F.);
#3485=ORIENTED_EDGE('',*,*,#2717,.F.);
#3486=ORIENTED_EDGE('',*,*,#2718,.F.);
#3487=ORIENTED_EDGE('',*,*,#2719,.F.);
#3488=ORIENTED_EDGE('',*,*,#2715,.T.);
#3489=ORIENTED_EDGE('',*,*,#2450,.T.);
#3490=ORIENTED_EDGE('',*,*,#2720,.F.);
#3491=ORIENTED_EDGE('',*,*,#2716,.T.);
#3492=ORIENTED_EDGE('',*,*,#2719,.T.);
#3493=ORIENTED_EDGE('',*,*,#2721,.T.);
#3494=ORIENTED_EDGE('',*,*,#2395,.F.);
#3495=ORIENTED_EDGE('',*,*,#2722,.F.);
#3496=ORIENTED_EDGE('',*,*,#2454,.T.);
#3497=ORIENTED_EDGE('',*,*,#2718,.T.);
#3498=ORIENTED_EDGE('',*,*,#2723,.T.);
#3499=ORIENTED_EDGE('',*,*,#2392,.F.);
#3500=ORIENTED_EDGE('',*,*,#2721,.F.);
#3501=ORIENTED_EDGE('',*,*,#2724,.F.);
#3502=ORIENTED_EDGE('',*,*,#2725,.F.);
#3503=ORIENTED_EDGE('',*,*,#2726,.F.);
#3504=ORIENTED_EDGE('',*,*,#2727,.F.);
#3505=ORIENTED_EDGE('',*,*,#2728,.F.);
#3506=ORIENTED_EDGE('',*,*,#2729,.F.);
#3507=ORIENTED_EDGE('',*,*,#2730,.F.);
#3508=ORIENTED_EDGE('',*,*,#2726,.T.);
#3509=ORIENTED_EDGE('',*,*,#2457,.T.);
#3510=ORIENTED_EDGE('',*,*,#2731,.F.);
#3511=ORIENTED_EDGE('',*,*,#2727,.T.);
#3512=ORIENTED_EDGE('',*,*,#2730,.T.);
#3513=ORIENTED_EDGE('',*,*,#2732,.T.);
#3514=ORIENTED_EDGE('',*,*,#2359,.F.);
#3515=ORIENTED_EDGE('',*,*,#2733,.F.);
#3516=ORIENTED_EDGE('',*,*,#2461,.T.);
#3517=ORIENTED_EDGE('',*,*,#2729,.T.);
#3518=ORIENTED_EDGE('',*,*,#2734,.T.);
#3519=ORIENTED_EDGE('',*,*,#2356,.F.);
#3520=ORIENTED_EDGE('',*,*,#2732,.F.);
#3521=ORIENTED_EDGE('',*,*,#2735,.F.);
#3522=ORIENTED_EDGE('',*,*,#2473,.F.);
#3523=ORIENTED_EDGE('',*,*,#2736,.F.);
#3524=ORIENTED_EDGE('',*,*,#2737,.F.);
#3525=ORIENTED_EDGE('',*,*,#2472,.F.);
#3526=ORIENTED_EDGE('',*,*,#2738,.F.);
#3527=ORIENTED_EDGE('',*,*,#2739,.F.);
#3528=ORIENTED_EDGE('',*,*,#2736,.T.);
#3529=ORIENTED_EDGE('',*,*,#2464,.T.);
#3530=ORIENTED_EDGE('',*,*,#2740,.F.);
#3531=ORIENTED_EDGE('',*,*,#2737,.T.);
#3532=ORIENTED_EDGE('',*,*,#2739,.T.);
#3533=ORIENTED_EDGE('',*,*,#2741,.T.);
#3534=ORIENTED_EDGE('',*,*,#2388,.F.);
#3535=ORIENTED_EDGE('',*,*,#2475,.F.);
#3536=ORIENTED_EDGE('',*,*,#2467,.T.);
#3537=ORIENTED_EDGE('',*,*,#2738,.T.);
#3538=ORIENTED_EDGE('',*,*,#2471,.T.);
#3539=ORIENTED_EDGE('',*,*,#2389,.F.);
#3540=ORIENTED_EDGE('',*,*,#2741,.F.);
#3541=ORIENTED_EDGE('',*,*,#2742,.F.);
#3542=ORIENTED_EDGE('',*,*,#2743,.F.);
#3543=ORIENTED_EDGE('',*,*,#2744,.F.);
#3544=ORIENTED_EDGE('',*,*,#2745,.F.);
#3545=ORIENTED_EDGE('',*,*,#2744,.T.);
#3546=ORIENTED_EDGE('',*,*,#2746,.F.);
#3547=ORIENTED_EDGE('',*,*,#2747,.F.);
#3548=ORIENTED_EDGE('',*,*,#2748,.F.);
#3549=ORIENTED_EDGE('',*,*,#2477,.T.);
#3550=ORIENTED_EDGE('',*,*,#2749,.F.);
#3551=ORIENTED_EDGE('',*,*,#2745,.T.);
#3552=ORIENTED_EDGE('',*,*,#2748,.T.);
#3553=ORIENTED_EDGE('',*,*,#2750,.T.);
#3554=ORIENTED_EDGE('',*,*,#2355,.F.);
#3555=ORIENTED_EDGE('',*,*,#2751,.F.);
#3556=ORIENTED_EDGE('',*,*,#2481,.T.);
#3557=ORIENTED_EDGE('',*,*,#2747,.T.);
#3558=ORIENTED_EDGE('',*,*,#2752,.T.);
#3559=ORIENTED_EDGE('',*,*,#2352,.F.);
#3560=ORIENTED_EDGE('',*,*,#2750,.F.);
#3561=ORIENTED_EDGE('',*,*,#2753,.F.);
#3562=ORIENTED_EDGE('',*,*,#2493,.F.);
#3563=ORIENTED_EDGE('',*,*,#2754,.F.);
#3564=ORIENTED_EDGE('',*,*,#2755,.F.);
#3565=ORIENTED_EDGE('',*,*,#2754,.T.);
#3566=ORIENTED_EDGE('',*,*,#2492,.F.);
#3567=ORIENTED_EDGE('',*,*,#2756,.F.);
#3568=ORIENTED_EDGE('',*,*,#2757,.F.);
#3569=ORIENTED_EDGE('',*,*,#2484,.T.);
#3570=ORIENTED_EDGE('',*,*,#2758,.F.);
#3571=ORIENTED_EDGE('',*,*,#2755,.T.);
#3572=ORIENTED_EDGE('',*,*,#2757,.T.);
#3573=ORIENTED_EDGE('',*,*,#2759,.T.);
#3574=ORIENTED_EDGE('',*,*,#2382,.F.);
#3575=ORIENTED_EDGE('',*,*,#2495,.F.);
#3576=ORIENTED_EDGE('',*,*,#2487,.T.);
#3577=ORIENTED_EDGE('',*,*,#2756,.T.);
#3578=ORIENTED_EDGE('',*,*,#2491,.T.);
#3579=ORIENTED_EDGE('',*,*,#2383,.F.);
#3580=ORIENTED_EDGE('',*,*,#2759,.F.);
#3581=ORIENTED_EDGE('',*,*,#2760,.F.);
#3582=ORIENTED_EDGE('',*,*,#2506,.F.);
#3583=ORIENTED_EDGE('',*,*,#2761,.F.);
#3584=ORIENTED_EDGE('',*,*,#2762,.F.);
#3585=ORIENTED_EDGE('',*,*,#2761,.T.);
#3586=ORIENTED_EDGE('',*,*,#2505,.F.);
#3587=ORIENTED_EDGE('',*,*,#2763,.F.);
#3588=ORIENTED_EDGE('',*,*,#2764,.F.);
#3589=ORIENTED_EDGE('',*,*,#2497,.T.);
#3590=ORIENTED_EDGE('',*,*,#2765,.F.);
#3591=ORIENTED_EDGE('',*,*,#2762,.T.);
#3592=ORIENTED_EDGE('',*,*,#2764,.T.);
#3593=ORIENTED_EDGE('',*,*,#2766,.T.);
#3594=ORIENTED_EDGE('',*,*,#2402,.F.);
#3595=ORIENTED_EDGE('',*,*,#2508,.F.);
#3596=ORIENTED_EDGE('',*,*,#2500,.T.);
#3597=ORIENTED_EDGE('',*,*,#2763,.T.);
#3598=ORIENTED_EDGE('',*,*,#2504,.T.);
#3599=ORIENTED_EDGE('',*,*,#2403,.F.);
#3600=ORIENTED_EDGE('',*,*,#2766,.F.);
#3601=ORIENTED_EDGE('',*,*,#2767,.T.);
#3602=ORIENTED_EDGE('',*,*,#2519,.F.);
#3603=ORIENTED_EDGE('',*,*,#2768,.F.);
#3604=ORIENTED_EDGE('',*,*,#2769,.F.);
#3605=ORIENTED_EDGE('',*,*,#2770,.F.);
#3606=ORIENTED_EDGE('',*,*,#2768,.T.);
#3607=ORIENTED_EDGE('',*,*,#2518,.F.);
#3608=ORIENTED_EDGE('',*,*,#2771,.F.);
#3609=ORIENTED_EDGE('',*,*,#2772,.F.);
#3610=ORIENTED_EDGE('',*,*,#2773,.F.);
#3611=ORIENTED_EDGE('',*,*,#2774,.F.);
#3612=ORIENTED_EDGE('',*,*,#2775,.F.);
#3613=ORIENTED_EDGE('',*,*,#2776,.F.);
#3614=ORIENTED_EDGE('',*,*,#2777,.F.);
#3615=ORIENTED_EDGE('',*,*,#2778,.F.);
#3616=ORIENTED_EDGE('',*,*,#2774,.T.);
#3617=ORIENTED_EDGE('',*,*,#2523,.T.);
#3618=ORIENTED_EDGE('',*,*,#2779,.F.);
#3619=ORIENTED_EDGE('',*,*,#2775,.T.);
#3620=ORIENTED_EDGE('',*,*,#2778,.T.);
#3621=ORIENTED_EDGE('',*,*,#2780,.T.);
#3622=ORIENTED_EDGE('',*,*,#2327,.F.);
#3623=ORIENTED_EDGE('',*,*,#2781,.F.);
#3624=ORIENTED_EDGE('',*,*,#2527,.T.);
#3625=ORIENTED_EDGE('',*,*,#2777,.T.);
#3626=ORIENTED_EDGE('',*,*,#2782,.T.);
#3627=ORIENTED_EDGE('',*,*,#2324,.F.);
#3628=ORIENTED_EDGE('',*,*,#2780,.F.);
#3629=ORIENTED_EDGE('',*,*,#2783,.T.);
#3630=ORIENTED_EDGE('',*,*,#2539,.F.);
#3631=ORIENTED_EDGE('',*,*,#2784,.F.);
#3632=ORIENTED_EDGE('',*,*,#2785,.F.);
#3633=ORIENTED_EDGE('',*,*,#2786,.F.);
#3634=ORIENTED_EDGE('',*,*,#2784,.T.);
#3635=ORIENTED_EDGE('',*,*,#2538,.F.);
#3636=ORIENTED_EDGE('',*,*,#2787,.F.);
#3637=ORIENTED_EDGE('',*,*,#2788,.T.);
#3638=ORIENTED_EDGE('',*,*,#2552,.F.);
#3639=ORIENTED_EDGE('',*,*,#2789,.F.);
#3640=ORIENTED_EDGE('',*,*,#2790,.F.);
#3641=ORIENTED_EDGE('',*,*,#2791,.F.);
#3642=ORIENTED_EDGE('',*,*,#2789,.T.);
#3643=ORIENTED_EDGE('',*,*,#2551,.F.);
#3644=ORIENTED_EDGE('',*,*,#2792,.F.);
#3645=ORIENTED_EDGE('',*,*,#2793,.T.);
#3646=ORIENTED_EDGE('',*,*,#2565,.F.);
#3647=ORIENTED_EDGE('',*,*,#2794,.F.);
#3648=ORIENTED_EDGE('',*,*,#2795,.F.);
#3649=ORIENTED_EDGE('',*,*,#2796,.F.);
#3650=ORIENTED_EDGE('',*,*,#2794,.T.);
#3651=ORIENTED_EDGE('',*,*,#2564,.F.);
#3652=ORIENTED_EDGE('',*,*,#2797,.F.);
#3653=ORIENTED_EDGE('',*,*,#2798,.F.);
#3654=ORIENTED_EDGE('',*,*,#2799,.F.);
#3655=ORIENTED_EDGE('',*,*,#2800,.F.);
#3656=ORIENTED_EDGE('',*,*,#2801,.F.);
#3657=ORIENTED_EDGE('',*,*,#2800,.T.);
#3658=ORIENTED_EDGE('',*,*,#2802,.F.);
#3659=ORIENTED_EDGE('',*,*,#2803,.F.);
#3660=ORIENTED_EDGE('',*,*,#2804,.F.);
#3661=ORIENTED_EDGE('',*,*,#2569,.T.);
#3662=ORIENTED_EDGE('',*,*,#2805,.F.);
#3663=ORIENTED_EDGE('',*,*,#2801,.T.);
#3664=ORIENTED_EDGE('',*,*,#2804,.T.);
#3665=ORIENTED_EDGE('',*,*,#2806,.T.);
#3666=ORIENTED_EDGE('',*,*,#2350,.F.);
#3667=ORIENTED_EDGE('',*,*,#2807,.F.);
#3668=ORIENTED_EDGE('',*,*,#2573,.T.);
#3669=ORIENTED_EDGE('',*,*,#2803,.T.);
#3670=ORIENTED_EDGE('',*,*,#2808,.T.);
#3671=ORIENTED_EDGE('',*,*,#2351,.F.);
#3672=ORIENTED_EDGE('',*,*,#2806,.F.);
#3673=ORIENTED_EDGE('',*,*,#2809,.T.);
#3674=ORIENTED_EDGE('',*,*,#2585,.F.);
#3675=ORIENTED_EDGE('',*,*,#2810,.F.);
#3676=ORIENTED_EDGE('',*,*,#2811,.F.);
#3677=ORIENTED_EDGE('',*,*,#2812,.F.);
#3678=ORIENTED_EDGE('',*,*,#2810,.T.);
#3679=ORIENTED_EDGE('',*,*,#2584,.F.);
#3680=ORIENTED_EDGE('',*,*,#2813,.F.);
#3681=ORIENTED_EDGE('',*,*,#2814,.T.);
#3682=ORIENTED_EDGE('',*,*,#2598,.F.);
#3683=ORIENTED_EDGE('',*,*,#2815,.F.);
#3684=ORIENTED_EDGE('',*,*,#2816,.F.);
#3685=ORIENTED_EDGE('',*,*,#2817,.F.);
#3686=ORIENTED_EDGE('',*,*,#2815,.T.);
#3687=ORIENTED_EDGE('',*,*,#2597,.F.);
#3688=ORIENTED_EDGE('',*,*,#2818,.F.);
#3689=ORIENTED_EDGE('',*,*,#2819,.T.);
#3690=ORIENTED_EDGE('',*,*,#2611,.F.);
#3691=ORIENTED_EDGE('',*,*,#2820,.F.);
#3692=ORIENTED_EDGE('',*,*,#2821,.F.);
#3693=ORIENTED_EDGE('',*,*,#2610,.F.);
#3694=ORIENTED_EDGE('',*,*,#2822,.F.);
#3695=ORIENTED_EDGE('',*,*,#2823,.F.);
#3696=ORIENTED_EDGE('',*,*,#2820,.T.);
#3697=ORIENTED_EDGE('',*,*,#2602,.T.);
#3698=ORIENTED_EDGE('',*,*,#2824,.F.);
#3699=ORIENTED_EDGE('',*,*,#2821,.T.);
#3700=ORIENTED_EDGE('',*,*,#2823,.T.);
#3701=ORIENTED_EDGE('',*,*,#2825,.T.);
#3702=ORIENTED_EDGE('',*,*,#2332,.F.);
#3703=ORIENTED_EDGE('',*,*,#2613,.F.);
#3704=ORIENTED_EDGE('',*,*,#2605,.T.);
#3705=ORIENTED_EDGE('',*,*,#2822,.T.);
#3706=ORIENTED_EDGE('',*,*,#2609,.T.);
#3707=ORIENTED_EDGE('',*,*,#2333,.F.);
#3708=ORIENTED_EDGE('',*,*,#2825,.F.);
#3709=ORIENTED_EDGE('',*,*,#2826,.T.);
#3710=ORIENTED_EDGE('',*,*,#2624,.F.);
#3711=ORIENTED_EDGE('',*,*,#2827,.F.);
#3712=ORIENTED_EDGE('',*,*,#2828,.F.);
#3713=ORIENTED_EDGE('',*,*,#2829,.F.);
#3714=ORIENTED_EDGE('',*,*,#2827,.T.);
#3715=ORIENTED_EDGE('',*,*,#2623,.F.);
#3716=ORIENTED_EDGE('',*,*,#2830,.F.);
#3717=ORIENTED_EDGE('',*,*,#2831,.T.);
#3718=ORIENTED_EDGE('',*,*,#2637,.F.);
#3719=ORIENTED_EDGE('',*,*,#2832,.F.);
#3720=ORIENTED_EDGE('',*,*,#2833,.F.);
#3721=ORIENTED_EDGE('',*,*,#2636,.F.);
#3722=ORIENTED_EDGE('',*,*,#2834,.F.);
#3723=ORIENTED_EDGE('',*,*,#2835,.F.);
#3724=ORIENTED_EDGE('',*,*,#2832,.T.);
#3725=ORIENTED_EDGE('',*,*,#2628,.T.);
#3726=ORIENTED_EDGE('',*,*,#2836,.F.);
#3727=ORIENTED_EDGE('',*,*,#2833,.T.);
#3728=ORIENTED_EDGE('',*,*,#2835,.T.);
#3729=ORIENTED_EDGE('',*,*,#2837,.T.);
#3730=ORIENTED_EDGE('',*,*,#2342,.F.);
#3731=ORIENTED_EDGE('',*,*,#2639,.F.);
#3732=ORIENTED_EDGE('',*,*,#2631,.T.);
#3733=ORIENTED_EDGE('',*,*,#2834,.T.);
#3734=ORIENTED_EDGE('',*,*,#2635,.T.);
#3735=ORIENTED_EDGE('',*,*,#2343,.F.);
#3736=ORIENTED_EDGE('',*,*,#2837,.F.);
#3737=ORIENTED_EDGE('',*,*,#2838,.T.);
#3738=ORIENTED_EDGE('',*,*,#2650,.F.);
#3739=ORIENTED_EDGE('',*,*,#2839,.F.);
#3740=ORIENTED_EDGE('',*,*,#2840,.F.);
#3741=ORIENTED_EDGE('',*,*,#2649,.F.);
#3742=ORIENTED_EDGE('',*,*,#2841,.F.);
#3743=ORIENTED_EDGE('',*,*,#2842,.F.);
#3744=ORIENTED_EDGE('',*,*,#2839,.T.);
#3745=ORIENTED_EDGE('',*,*,#2641,.T.);
#3746=ORIENTED_EDGE('',*,*,#2843,.F.);
#3747=ORIENTED_EDGE('',*,*,#2840,.T.);
#3748=ORIENTED_EDGE('',*,*,#2842,.T.);
#3749=ORIENTED_EDGE('',*,*,#2844,.T.);
#3750=ORIENTED_EDGE('',*,*,#2398,.F.);
#3751=ORIENTED_EDGE('',*,*,#2652,.F.);
#3752=ORIENTED_EDGE('',*,*,#2644,.T.);
#3753=ORIENTED_EDGE('',*,*,#2841,.T.);
#3754=ORIENTED_EDGE('',*,*,#2648,.T.);
#3755=ORIENTED_EDGE('',*,*,#2399,.F.);
#3756=ORIENTED_EDGE('',*,*,#2844,.F.);
#3757=ORIENTED_EDGE('',*,*,#2845,.F.);
#3758=ORIENTED_EDGE('',*,*,#2846,.F.);
#3759=ORIENTED_EDGE('',*,*,#2847,.F.);
#3760=ORIENTED_EDGE('',*,*,#2848,.F.);
#3761=ORIENTED_EDGE('',*,*,#2847,.T.);
#3762=ORIENTED_EDGE('',*,*,#2849,.F.);
#3763=ORIENTED_EDGE('',*,*,#2850,.F.);
#3764=ORIENTED_EDGE('',*,*,#2851,.F.);
#3765=ORIENTED_EDGE('',*,*,#2654,.T.);
#3766=ORIENTED_EDGE('',*,*,#2852,.F.);
#3767=ORIENTED_EDGE('',*,*,#2848,.T.);
#3768=ORIENTED_EDGE('',*,*,#2851,.T.);
#3769=ORIENTED_EDGE('',*,*,#2853,.T.);
#3770=ORIENTED_EDGE('',*,*,#2319,.F.);
#3771=ORIENTED_EDGE('',*,*,#2854,.F.);
#3772=ORIENTED_EDGE('',*,*,#2658,.T.);
#3773=ORIENTED_EDGE('',*,*,#2850,.T.);
#3774=ORIENTED_EDGE('',*,*,#2855,.T.);
#3775=ORIENTED_EDGE('',*,*,#2316,.F.);
#3776=ORIENTED_EDGE('',*,*,#2853,.F.);
#3777=ORIENTED_EDGE('',*,*,#2856,.T.);
#3778=ORIENTED_EDGE('',*,*,#2670,.F.);
#3779=ORIENTED_EDGE('',*,*,#2857,.F.);
#3780=ORIENTED_EDGE('',*,*,#2858,.F.);
#3781=ORIENTED_EDGE('',*,*,#2859,.F.);
#3782=ORIENTED_EDGE('',*,*,#2857,.T.);
#3783=ORIENTED_EDGE('',*,*,#2669,.F.);
#3784=ORIENTED_EDGE('',*,*,#2860,.F.);
#3785=ORIENTED_EDGE('',*,*,#2861,.T.);
#3786=ORIENTED_EDGE('',*,*,#2683,.F.);
#3787=ORIENTED_EDGE('',*,*,#2862,.F.);
#3788=ORIENTED_EDGE('',*,*,#2863,.F.);
#3789=ORIENTED_EDGE('',*,*,#2864,.F.);
#3790=ORIENTED_EDGE('',*,*,#2862,.T.);
#3791=ORIENTED_EDGE('',*,*,#2682,.F.);
#3792=ORIENTED_EDGE('',*,*,#2865,.F.);
#3793=ORIENTED_EDGE('',*,*,#2866,.T.);
#3794=ORIENTED_EDGE('',*,*,#2696,.F.);
#3795=ORIENTED_EDGE('',*,*,#2867,.F.);
#3796=ORIENTED_EDGE('',*,*,#2868,.F.);
#3797=ORIENTED_EDGE('',*,*,#2695,.F.);
#3798=ORIENTED_EDGE('',*,*,#2869,.F.);
#3799=ORIENTED_EDGE('',*,*,#2870,.F.);
#3800=ORIENTED_EDGE('',*,*,#2867,.T.);
#3801=ORIENTED_EDGE('',*,*,#2687,.T.);
#3802=ORIENTED_EDGE('',*,*,#2871,.F.);
#3803=ORIENTED_EDGE('',*,*,#2868,.T.);
#3804=ORIENTED_EDGE('',*,*,#2870,.T.);
#3805=ORIENTED_EDGE('',*,*,#2872,.T.);
#3806=ORIENTED_EDGE('',*,*,#2322,.F.);
#3807=ORIENTED_EDGE('',*,*,#2698,.F.);
#3808=ORIENTED_EDGE('',*,*,#2690,.T.);
#3809=ORIENTED_EDGE('',*,*,#2869,.T.);
#3810=ORIENTED_EDGE('',*,*,#2694,.T.);
#3811=ORIENTED_EDGE('',*,*,#2323,.F.);
#3812=ORIENTED_EDGE('',*,*,#2872,.F.);
#3813=ORIENTED_EDGE('',*,*,#2797,.T.);
#3814=ORIENTED_EDGE('',*,*,#2563,.T.);
#3815=ORIENTED_EDGE('',*,*,#2411,.F.);
#3816=ORIENTED_EDGE('',*,*,#2873,.F.);
#3817=ORIENTED_EDGE('',*,*,#2556,.T.);
#3818=ORIENTED_EDGE('',*,*,#2874,.F.);
#3819=ORIENTED_EDGE('',*,*,#2795,.T.);
#3820=ORIENTED_EDGE('',*,*,#2796,.T.);
#3821=ORIENTED_EDGE('',*,*,#2873,.T.);
#3822=ORIENTED_EDGE('',*,*,#2410,.F.);
#3823=ORIENTED_EDGE('',*,*,#2567,.F.);
#3824=ORIENTED_EDGE('',*,*,#2559,.T.);
#3825=ORIENTED_EDGE('',*,*,#2830,.T.);
#3826=ORIENTED_EDGE('',*,*,#2622,.T.);
#3827=ORIENTED_EDGE('',*,*,#2406,.F.);
#3828=ORIENTED_EDGE('',*,*,#2875,.F.);
#3829=ORIENTED_EDGE('',*,*,#2615,.T.);
#3830=ORIENTED_EDGE('',*,*,#2876,.F.);
#3831=ORIENTED_EDGE('',*,*,#2828,.T.);
#3832=ORIENTED_EDGE('',*,*,#2829,.T.);
#3833=ORIENTED_EDGE('',*,*,#2875,.T.);
#3834=ORIENTED_EDGE('',*,*,#2405,.F.);
#3835=ORIENTED_EDGE('',*,*,#2626,.F.);
#3836=ORIENTED_EDGE('',*,*,#2618,.T.);
#3837=ORIENTED_EDGE('',*,*,#2455,.T.);
#3838=ORIENTED_EDGE('',*,*,#2722,.T.);
#3839=ORIENTED_EDGE('',*,*,#2394,.F.);
#3840=ORIENTED_EDGE('',*,*,#2877,.F.);
#3841=ORIENTED_EDGE('',*,*,#2453,.T.);
#3842=ORIENTED_EDGE('',*,*,#2877,.T.);
#3843=ORIENTED_EDGE('',*,*,#2393,.F.);
#3844=ORIENTED_EDGE('',*,*,#2723,.F.);
#3845=ORIENTED_EDGE('',*,*,#2717,.T.);
#3846=ORIENTED_EDGE('',*,*,#2714,.T.);
#3847=ORIENTED_EDGE('',*,*,#2878,.F.);
#3848=ORIENTED_EDGE('',*,*,#2452,.T.);
#3849=ORIENTED_EDGE('',*,*,#2860,.T.);
#3850=ORIENTED_EDGE('',*,*,#2668,.T.);
#3851=ORIENTED_EDGE('',*,*,#2386,.F.);
#3852=ORIENTED_EDGE('',*,*,#2879,.F.);
#3853=ORIENTED_EDGE('',*,*,#2661,.T.);
#3854=ORIENTED_EDGE('',*,*,#2880,.F.);
#3855=ORIENTED_EDGE('',*,*,#2858,.T.);
#3856=ORIENTED_EDGE('',*,*,#2859,.T.);
#3857=ORIENTED_EDGE('',*,*,#2879,.T.);
#3858=ORIENTED_EDGE('',*,*,#2385,.F.);
#3859=ORIENTED_EDGE('',*,*,#2672,.F.);
#3860=ORIENTED_EDGE('',*,*,#2664,.T.);
#3861=ORIENTED_EDGE('',*,*,#2787,.T.);
#3862=ORIENTED_EDGE('',*,*,#2537,.T.);
#3863=ORIENTED_EDGE('',*,*,#2377,.F.);
#3864=ORIENTED_EDGE('',*,*,#2881,.F.);
#3865=ORIENTED_EDGE('',*,*,#2530,.T.);
#3866=ORIENTED_EDGE('',*,*,#2882,.F.);
#3867=ORIENTED_EDGE('',*,*,#2785,.T.);
#3868=ORIENTED_EDGE('',*,*,#2786,.T.);
#3869=ORIENTED_EDGE('',*,*,#2881,.T.);
#3870=ORIENTED_EDGE('',*,*,#2376,.F.);
#3871=ORIENTED_EDGE('',*,*,#2541,.F.);
#3872=ORIENTED_EDGE('',*,*,#2533,.T.);
#3873=ORIENTED_EDGE('',*,*,#2818,.T.);
#3874=ORIENTED_EDGE('',*,*,#2596,.T.);
#3875=ORIENTED_EDGE('',*,*,#2374,.F.);
#3876=ORIENTED_EDGE('',*,*,#2883,.F.);
#3877=ORIENTED_EDGE('',*,*,#2589,.T.);
#3878=ORIENTED_EDGE('',*,*,#2884,.F.);
#3879=ORIENTED_EDGE('',*,*,#2816,.T.);
#3880=ORIENTED_EDGE('',*,*,#2817,.T.);
#3881=ORIENTED_EDGE('',*,*,#2883,.T.);
#3882=ORIENTED_EDGE('',*,*,#2373,.F.);
#3883=ORIENTED_EDGE('',*,*,#2600,.F.);
#3884=ORIENTED_EDGE('',*,*,#2592,.T.);
#3885=ORIENTED_EDGE('',*,*,#2865,.T.);
#3886=ORIENTED_EDGE('',*,*,#2681,.T.);
#3887=ORIENTED_EDGE('',*,*,#2366,.F.);
#3888=ORIENTED_EDGE('',*,*,#2885,.F.);
#3889=ORIENTED_EDGE('',*,*,#2674,.T.);
#3890=ORIENTED_EDGE('',*,*,#2886,.F.);
#3891=ORIENTED_EDGE('',*,*,#2863,.T.);
#3892=ORIENTED_EDGE('',*,*,#2864,.T.);
#3893=ORIENTED_EDGE('',*,*,#2885,.T.);
#3894=ORIENTED_EDGE('',*,*,#2365,.F.);
#3895=ORIENTED_EDGE('',*,*,#2685,.F.);
#3896=ORIENTED_EDGE('',*,*,#2677,.T.);
#3897=ORIENTED_EDGE('',*,*,#2771,.T.);
#3898=ORIENTED_EDGE('',*,*,#2517,.T.);
#3899=ORIENTED_EDGE('',*,*,#2362,.F.);
#3900=ORIENTED_EDGE('',*,*,#2887,.F.);
#3901=ORIENTED_EDGE('',*,*,#2510,.T.);
#3902=ORIENTED_EDGE('',*,*,#2888,.F.);
#3903=ORIENTED_EDGE('',*,*,#2769,.T.);
#3904=ORIENTED_EDGE('',*,*,#2770,.T.);
#3905=ORIENTED_EDGE('',*,*,#2887,.T.);
#3906=ORIENTED_EDGE('',*,*,#2361,.F.);
#3907=ORIENTED_EDGE('',*,*,#2521,.F.);
#3908=ORIENTED_EDGE('',*,*,#2513,.T.);
#3909=ORIENTED_EDGE('',*,*,#2462,.T.);
#3910=ORIENTED_EDGE('',*,*,#2733,.T.);
#3911=ORIENTED_EDGE('',*,*,#2358,.F.);
#3912=ORIENTED_EDGE('',*,*,#2889,.F.);
#3913=ORIENTED_EDGE('',*,*,#2460,.T.);
#3914=ORIENTED_EDGE('',*,*,#2889,.T.);
#3915=ORIENTED_EDGE('',*,*,#2357,.F.);
#3916=ORIENTED_EDGE('',*,*,#2734,.F.);
#3917=ORIENTED_EDGE('',*,*,#2728,.T.);
#3918=ORIENTED_EDGE('',*,*,#2725,.T.);
#3919=ORIENTED_EDGE('',*,*,#2890,.F.);
#3920=ORIENTED_EDGE('',*,*,#2459,.T.);
#3921=ORIENTED_EDGE('',*,*,#2482,.T.);
#3922=ORIENTED_EDGE('',*,*,#2751,.T.);
#3923=ORIENTED_EDGE('',*,*,#2354,.F.);
#3924=ORIENTED_EDGE('',*,*,#2891,.F.);
#3925=ORIENTED_EDGE('',*,*,#2480,.T.);
#3926=ORIENTED_EDGE('',*,*,#2891,.T.);
#3927=ORIENTED_EDGE('',*,*,#2353,.F.);
#3928=ORIENTED_EDGE('',*,*,#2752,.F.);
#3929=ORIENTED_EDGE('',*,*,#2746,.T.);
#3930=ORIENTED_EDGE('',*,*,#2743,.T.);
#3931=ORIENTED_EDGE('',*,*,#2892,.F.);
#3932=ORIENTED_EDGE('',*,*,#2479,.T.);
#3933=ORIENTED_EDGE('',*,*,#2574,.T.);
#3934=ORIENTED_EDGE('',*,*,#2807,.T.);
#3935=ORIENTED_EDGE('',*,*,#2349,.F.);
#3936=ORIENTED_EDGE('',*,*,#2893,.F.);
#3937=ORIENTED_EDGE('',*,*,#2572,.T.);
#3938=ORIENTED_EDGE('',*,*,#2893,.T.);
#3939=ORIENTED_EDGE('',*,*,#2348,.F.);
#3940=ORIENTED_EDGE('',*,*,#2808,.F.);
#3941=ORIENTED_EDGE('',*,*,#2802,.T.);
#3942=ORIENTED_EDGE('',*,*,#2799,.T.);
#3943=ORIENTED_EDGE('',*,*,#2894,.F.);
#3944=ORIENTED_EDGE('',*,*,#2571,.T.);
#3945=ORIENTED_EDGE('',*,*,#2813,.T.);
#3946=ORIENTED_EDGE('',*,*,#2583,.T.);
#3947=ORIENTED_EDGE('',*,*,#2346,.F.);
#3948=ORIENTED_EDGE('',*,*,#2895,.F.);
#3949=ORIENTED_EDGE('',*,*,#2576,.T.);
#3950=ORIENTED_EDGE('',*,*,#2896,.F.);
#3951=ORIENTED_EDGE('',*,*,#2811,.T.);
#3952=ORIENTED_EDGE('',*,*,#2812,.T.);
#3953=ORIENTED_EDGE('',*,*,#2895,.T.);
#3954=ORIENTED_EDGE('',*,*,#2345,.F.);
#3955=ORIENTED_EDGE('',*,*,#2587,.F.);
#3956=ORIENTED_EDGE('',*,*,#2579,.T.);
#3957=ORIENTED_EDGE('',*,*,#2792,.T.);
#3958=ORIENTED_EDGE('',*,*,#2550,.T.);
#3959=ORIENTED_EDGE('',*,*,#2337,.F.);
#3960=ORIENTED_EDGE('',*,*,#2897,.F.);
#3961=ORIENTED_EDGE('',*,*,#2543,.T.);
#3962=ORIENTED_EDGE('',*,*,#2898,.F.);
#3963=ORIENTED_EDGE('',*,*,#2790,.T.);
#3964=ORIENTED_EDGE('',*,*,#2791,.T.);
#3965=ORIENTED_EDGE('',*,*,#2897,.T.);
#3966=ORIENTED_EDGE('',*,*,#2336,.F.);
#3967=ORIENTED_EDGE('',*,*,#2554,.F.);
#3968=ORIENTED_EDGE('',*,*,#2546,.T.);
#3969=ORIENTED_EDGE('',*,*,#2528,.T.);
#3970=ORIENTED_EDGE('',*,*,#2781,.T.);
#3971=ORIENTED_EDGE('',*,*,#2326,.F.);
#3972=ORIENTED_EDGE('',*,*,#2899,.F.);
#3973=ORIENTED_EDGE('',*,*,#2526,.T.);
#3974=ORIENTED_EDGE('',*,*,#2899,.T.);
#3975=ORIENTED_EDGE('',*,*,#2325,.F.);
#3976=ORIENTED_EDGE('',*,*,#2782,.F.);
#3977=ORIENTED_EDGE('',*,*,#2776,.T.);
#3978=ORIENTED_EDGE('',*,*,#2773,.T.);
#3979=ORIENTED_EDGE('',*,*,#2900,.F.);
#3980=ORIENTED_EDGE('',*,*,#2525,.T.);
#3981=ORIENTED_EDGE('',*,*,#2659,.T.);
#3982=ORIENTED_EDGE('',*,*,#2854,.T.);
#3983=ORIENTED_EDGE('',*,*,#2318,.F.);
#3984=ORIENTED_EDGE('',*,*,#2901,.F.);
#3985=ORIENTED_EDGE('',*,*,#2657,.T.);
#3986=ORIENTED_EDGE('',*,*,#2901,.T.);
#3987=ORIENTED_EDGE('',*,*,#2317,.F.);
#3988=ORIENTED_EDGE('',*,*,#2855,.F.);
#3989=ORIENTED_EDGE('',*,*,#2849,.T.);
#3990=ORIENTED_EDGE('',*,*,#2846,.T.);
#3991=ORIENTED_EDGE('',*,*,#2902,.F.);
#3992=ORIENTED_EDGE('',*,*,#2656,.T.);
#3993=ORIENTED_EDGE('',*,*,#2415,.F.);
#3994=ORIENTED_EDGE('',*,*,#2903,.F.);
#3995=ORIENTED_EDGE('',*,*,#2421,.F.);
#3996=ORIENTED_EDGE('',*,*,#2311,.F.);
#3997=ORIENTED_EDGE('',*,*,#2306,.F.);
#3998=ORIENTED_EDGE('',*,*,#2315,.F.);
#3999=ORIENTED_EDGE('',*,*,#2418,.F.);
#4000=ORIENTED_EDGE('',*,*,#2904,.F.);
#4001=ORIENTED_EDGE('',*,*,#2307,.F.);
#4002=ORIENTED_EDGE('',*,*,#2904,.T.);
#4003=ORIENTED_EDGE('',*,*,#2417,.F.);
#4004=ORIENTED_EDGE('',*,*,#2420,.T.);
#4005=ORIENTED_EDGE('',*,*,#2422,.F.);
#4006=ORIENTED_EDGE('',*,*,#2903,.T.);
#4007=ORIENTED_EDGE('',*,*,#2414,.F.);
#4008=ORIENTED_EDGE('',*,*,#2412,.T.);
#4009=ORIENTED_EDGE('',*,*,#2852,.T.);
#4010=ORIENTED_EDGE('',*,*,#2653,.F.);
#4011=ORIENTED_EDGE('',*,*,#2902,.T.);
#4012=ORIENTED_EDGE('',*,*,#2845,.T.);
#4013=ORIENTED_EDGE('',*,*,#2697,.T.);
#4014=ORIENTED_EDGE('',*,*,#2866,.F.);
#4015=ORIENTED_EDGE('',*,*,#2871,.T.);
#4016=ORIENTED_EDGE('',*,*,#2686,.T.);
#4017=ORIENTED_EDGE('',*,*,#2779,.T.);
#4018=ORIENTED_EDGE('',*,*,#2522,.F.);
#4019=ORIENTED_EDGE('',*,*,#2900,.T.);
#4020=ORIENTED_EDGE('',*,*,#2772,.T.);
#4021=ORIENTED_EDGE('',*,*,#2704,.T.);
#4022=ORIENTED_EDGE('',*,*,#2423,.F.);
#4023=ORIENTED_EDGE('',*,*,#2434,.T.);
#4024=ORIENTED_EDGE('',*,*,#2699,.T.);
#4025=ORIENTED_EDGE('',*,*,#2824,.T.);
#4026=ORIENTED_EDGE('',*,*,#2601,.T.);
#4027=ORIENTED_EDGE('',*,*,#2612,.T.);
#4028=ORIENTED_EDGE('',*,*,#2819,.F.);
#4029=ORIENTED_EDGE('',*,*,#2898,.T.);
#4030=ORIENTED_EDGE('',*,*,#2542,.T.);
#4031=ORIENTED_EDGE('',*,*,#2553,.T.);
#4032=ORIENTED_EDGE('',*,*,#2788,.F.);
#4033=ORIENTED_EDGE('',*,*,#2638,.T.);
#4034=ORIENTED_EDGE('',*,*,#2831,.F.);
#4035=ORIENTED_EDGE('',*,*,#2836,.T.);
#4036=ORIENTED_EDGE('',*,*,#2627,.T.);
#4037=ORIENTED_EDGE('',*,*,#2586,.T.);
#4038=ORIENTED_EDGE('',*,*,#2809,.F.);
#4039=ORIENTED_EDGE('',*,*,#2896,.T.);
#4040=ORIENTED_EDGE('',*,*,#2575,.T.);
#4041=ORIENTED_EDGE('',*,*,#2894,.T.);
#4042=ORIENTED_EDGE('',*,*,#2798,.T.);
#4043=ORIENTED_EDGE('',*,*,#2805,.T.);
#4044=ORIENTED_EDGE('',*,*,#2568,.F.);
#4045=ORIENTED_EDGE('',*,*,#2749,.T.);
#4046=ORIENTED_EDGE('',*,*,#2476,.F.);
#4047=ORIENTED_EDGE('',*,*,#2892,.T.);
#4048=ORIENTED_EDGE('',*,*,#2742,.T.);
#4049=ORIENTED_EDGE('',*,*,#2731,.T.);
#4050=ORIENTED_EDGE('',*,*,#2456,.F.);
#4051=ORIENTED_EDGE('',*,*,#2890,.T.);
#4052=ORIENTED_EDGE('',*,*,#2724,.T.);
#4053=ORIENTED_EDGE('',*,*,#2520,.T.);
#4054=ORIENTED_EDGE('',*,*,#2767,.F.);
#4055=ORIENTED_EDGE('',*,*,#2888,.T.);
#4056=ORIENTED_EDGE('',*,*,#2509,.T.);
#4057=ORIENTED_EDGE('',*,*,#2684,.T.);
#4058=ORIENTED_EDGE('',*,*,#2861,.F.);
#4059=ORIENTED_EDGE('',*,*,#2886,.T.);
#4060=ORIENTED_EDGE('',*,*,#2673,.T.);
#4061=ORIENTED_EDGE('',*,*,#2447,.T.);
#4062=ORIENTED_EDGE('',*,*,#2706,.F.);
#4063=ORIENTED_EDGE('',*,*,#2711,.T.);
#4064=ORIENTED_EDGE('',*,*,#2436,.T.);
#4065=ORIENTED_EDGE('',*,*,#2599,.T.);
#4066=ORIENTED_EDGE('',*,*,#2814,.F.);
#4067=ORIENTED_EDGE('',*,*,#2884,.T.);
#4068=ORIENTED_EDGE('',*,*,#2588,.T.);
#4069=ORIENTED_EDGE('',*,*,#2882,.T.);
#4070=ORIENTED_EDGE('',*,*,#2529,.T.);
#4071=ORIENTED_EDGE('',*,*,#2540,.T.);
#4072=ORIENTED_EDGE('',*,*,#2783,.F.);
#4073=ORIENTED_EDGE('',*,*,#2494,.T.);
#4074=ORIENTED_EDGE('',*,*,#2753,.T.);
#4075=ORIENTED_EDGE('',*,*,#2758,.T.);
#4076=ORIENTED_EDGE('',*,*,#2483,.F.);
#4077=ORIENTED_EDGE('',*,*,#2671,.T.);
#4078=ORIENTED_EDGE('',*,*,#2856,.F.);
#4079=ORIENTED_EDGE('',*,*,#2880,.T.);
#4080=ORIENTED_EDGE('',*,*,#2660,.T.);
#4081=ORIENTED_EDGE('',*,*,#2740,.T.);
#4082=ORIENTED_EDGE('',*,*,#2463,.F.);
#4083=ORIENTED_EDGE('',*,*,#2474,.T.);
#4084=ORIENTED_EDGE('',*,*,#2735,.T.);
#4085=ORIENTED_EDGE('',*,*,#2720,.T.);
#4086=ORIENTED_EDGE('',*,*,#2449,.F.);
#4087=ORIENTED_EDGE('',*,*,#2878,.T.);
#4088=ORIENTED_EDGE('',*,*,#2713,.T.);
#4089=ORIENTED_EDGE('',*,*,#2651,.T.);
#4090=ORIENTED_EDGE('',*,*,#2838,.F.);
#4091=ORIENTED_EDGE('',*,*,#2843,.T.);
#4092=ORIENTED_EDGE('',*,*,#2640,.T.);
#4093=ORIENTED_EDGE('',*,*,#2507,.T.);
#4094=ORIENTED_EDGE('',*,*,#2760,.T.);
#4095=ORIENTED_EDGE('',*,*,#2765,.T.);
#4096=ORIENTED_EDGE('',*,*,#2496,.F.);
#4097=ORIENTED_EDGE('',*,*,#2625,.T.);
#4098=ORIENTED_EDGE('',*,*,#2826,.F.);
#4099=ORIENTED_EDGE('',*,*,#2876,.T.);
#4100=ORIENTED_EDGE('',*,*,#2614,.T.);
#4101=ORIENTED_EDGE('',*,*,#2566,.T.);
#4102=ORIENTED_EDGE('',*,*,#2793,.F.);
#4103=ORIENTED_EDGE('',*,*,#2874,.T.);
#4104=ORIENTED_EDGE('',*,*,#2555,.T.);
#4105=CYLINDRICAL_SURFACE('',#4325,3.9);
#4106=CYLINDRICAL_SURFACE('',#4333,3.9);
#4107=CYLINDRICAL_SURFACE('',#4335,3.9);
#4108=CYLINDRICAL_SURFACE('',#4338,3.9);
#4109=ADVANCED_FACE('',(#261),#4105,.T.);
#4110=ADVANCED_FACE('',(#262,#15,#16,#17,#18,#19,#20,#21,#22,#23,#24,#25,
#26,#27,#28,#29,#30,#31,#32,#33,#34,#35,#36,#37,#38),#63,.T.);
#4111=ADVANCED_FACE('',(#263),#64,.T.);
#4112=ADVANCED_FACE('',(#264),#4106,.T.);
#4113=ADVANCED_FACE('',(#265),#4107,.T.);
#4114=ADVANCED_FACE('',(#266),#65,.T.);
#4115=ADVANCED_FACE('',(#267),#4108,.T.);
#4116=ADVANCED_FACE('',(#268),#66,.T.);
#4117=ADVANCED_FACE('',(#269),#67,.T.);
#4118=ADVANCED_FACE('',(#270),#68,.T.);
#4119=ADVANCED_FACE('',(#271),#69,.T.);
#4120=ADVANCED_FACE('',(#272),#70,.T.);
#4121=ADVANCED_FACE('',(#273),#71,.T.);
#4122=ADVANCED_FACE('',(#274),#72,.T.);
#4123=ADVANCED_FACE('',(#275),#73,.T.);
#4124=ADVANCED_FACE('',(#276),#74,.T.);
#4125=ADVANCED_FACE('',(#277),#75,.T.);
#4126=ADVANCED_FACE('',(#278),#76,.T.);
#4127=ADVANCED_FACE('',(#279),#77,.T.);
#4128=ADVANCED_FACE('',(#280),#78,.T.);
#4129=ADVANCED_FACE('',(#281),#79,.T.);
#4130=ADVANCED_FACE('',(#282),#80,.T.);
#4131=ADVANCED_FACE('',(#283),#81,.T.);
#4132=ADVANCED_FACE('',(#284),#82,.T.);
#4133=ADVANCED_FACE('',(#285),#83,.T.);
#4134=ADVANCED_FACE('',(#286),#84,.T.);
#4135=ADVANCED_FACE('',(#287),#85,.T.);
#4136=ADVANCED_FACE('',(#288),#86,.T.);
#4137=ADVANCED_FACE('',(#289),#87,.T.);
#4138=ADVANCED_FACE('',(#290),#88,.T.);
#4139=ADVANCED_FACE('',(#291),#89,.T.);
#4140=ADVANCED_FACE('',(#292),#90,.T.);
#4141=ADVANCED_FACE('',(#293),#91,.T.);
#4142=ADVANCED_FACE('',(#294),#92,.T.);
#4143=ADVANCED_FACE('',(#295),#93,.T.);
#4144=ADVANCED_FACE('',(#296),#94,.T.);
#4145=ADVANCED_FACE('',(#297),#95,.T.);
#4146=ADVANCED_FACE('',(#298),#96,.T.);
#4147=ADVANCED_FACE('',(#299),#97,.T.);
#4148=ADVANCED_FACE('',(#300),#98,.T.);
#4149=ADVANCED_FACE('',(#301),#99,.T.);
#4150=ADVANCED_FACE('',(#302),#100,.T.);
#4151=ADVANCED_FACE('',(#303),#101,.T.);
#4152=ADVANCED_FACE('',(#304),#102,.T.);
#4153=ADVANCED_FACE('',(#305),#103,.T.);
#4154=ADVANCED_FACE('',(#306),#104,.T.);
#4155=ADVANCED_FACE('',(#307),#105,.T.);
#4156=ADVANCED_FACE('',(#308),#106,.T.);
#4157=ADVANCED_FACE('',(#309),#107,.T.);
#4158=ADVANCED_FACE('',(#310),#108,.T.);
#4159=ADVANCED_FACE('',(#311),#109,.T.);
#4160=ADVANCED_FACE('',(#312),#110,.T.);
#4161=ADVANCED_FACE('',(#313),#111,.T.);
#4162=ADVANCED_FACE('',(#314),#112,.T.);
#4163=ADVANCED_FACE('',(#315),#113,.T.);
#4164=ADVANCED_FACE('',(#316),#114,.T.);
#4165=ADVANCED_FACE('',(#317),#115,.T.);
#4166=ADVANCED_FACE('',(#318),#116,.T.);
#4167=ADVANCED_FACE('',(#319),#117,.T.);
#4168=ADVANCED_FACE('',(#320),#118,.T.);
#4169=ADVANCED_FACE('',(#321),#119,.T.);
#4170=ADVANCED_FACE('',(#322),#120,.T.);
#4171=ADVANCED_FACE('',(#323),#121,.T.);
#4172=ADVANCED_FACE('',(#324),#122,.T.);
#4173=ADVANCED_FACE('',(#325),#123,.T.);
#4174=ADVANCED_FACE('',(#326),#124,.T.);
#4175=ADVANCED_FACE('',(#327),#125,.T.);
#4176=ADVANCED_FACE('',(#328),#126,.T.);
#4177=ADVANCED_FACE('',(#329),#127,.T.);
#4178=ADVANCED_FACE('',(#330),#128,.T.);
#4179=ADVANCED_FACE('',(#331),#129,.T.);
#4180=ADVANCED_FACE('',(#332),#130,.T.);
#4181=ADVANCED_FACE('',(#333),#131,.T.);
#4182=ADVANCED_FACE('',(#334),#132,.T.);
#4183=ADVANCED_FACE('',(#335),#133,.T.);
#4184=ADVANCED_FACE('',(#336),#134,.T.);
#4185=ADVANCED_FACE('',(#337),#135,.T.);
#4186=ADVANCED_FACE('',(#338),#136,.T.);
#4187=ADVANCED_FACE('',(#339),#137,.T.);
#4188=ADVANCED_FACE('',(#340),#138,.T.);
#4189=ADVANCED_FACE('',(#341),#139,.T.);
#4190=ADVANCED_FACE('',(#342),#140,.T.);
#4191=ADVANCED_FACE('',(#343),#141,.T.);
#4192=ADVANCED_FACE('',(#344),#142,.T.);
#4193=ADVANCED_FACE('',(#345),#143,.T.);
#4194=ADVANCED_FACE('',(#346),#144,.T.);
#4195=ADVANCED_FACE('',(#347),#145,.T.);
#4196=ADVANCED_FACE('',(#348),#146,.T.);
#4197=ADVANCED_FACE('',(#349),#147,.T.);
#4198=ADVANCED_FACE('',(#350),#148,.T.);
#4199=ADVANCED_FACE('',(#351),#149,.T.);
#4200=ADVANCED_FACE('',(#352),#150,.T.);
#4201=ADVANCED_FACE('',(#353),#151,.T.);
#4202=ADVANCED_FACE('',(#354),#152,.T.);
#4203=ADVANCED_FACE('',(#355),#153,.T.);
#4204=ADVANCED_FACE('',(#356),#154,.T.);
#4205=ADVANCED_FACE('',(#357),#155,.T.);
#4206=ADVANCED_FACE('',(#358),#156,.T.);
#4207=ADVANCED_FACE('',(#359),#157,.T.);
#4208=ADVANCED_FACE('',(#360),#158,.T.);
#4209=ADVANCED_FACE('',(#361),#159,.T.);
#4210=ADVANCED_FACE('',(#362),#160,.T.);
#4211=ADVANCED_FACE('',(#363),#161,.T.);
#4212=ADVANCED_FACE('',(#364),#162,.T.);
#4213=ADVANCED_FACE('',(#365),#163,.T.);
#4214=ADVANCED_FACE('',(#366),#164,.T.);
#4215=ADVANCED_FACE('',(#367),#165,.T.);
#4216=ADVANCED_FACE('',(#368),#166,.T.);
#4217=ADVANCED_FACE('',(#369),#167,.T.);
#4218=ADVANCED_FACE('',(#370),#168,.T.);
#4219=ADVANCED_FACE('',(#371),#169,.T.);
#4220=ADVANCED_FACE('',(#372),#170,.T.);
#4221=ADVANCED_FACE('',(#373),#171,.T.);
#4222=ADVANCED_FACE('',(#374),#172,.T.);
#4223=ADVANCED_FACE('',(#375),#173,.T.);
#4224=ADVANCED_FACE('',(#376),#174,.T.);
#4225=ADVANCED_FACE('',(#377),#175,.T.);
#4226=ADVANCED_FACE('',(#378),#176,.T.);
#4227=ADVANCED_FACE('',(#379),#177,.T.);
#4228=ADVANCED_FACE('',(#380),#178,.T.);
#4229=ADVANCED_FACE('',(#381),#179,.T.);
#4230=ADVANCED_FACE('',(#382),#180,.T.);
#4231=ADVANCED_FACE('',(#383),#181,.T.);
#4232=ADVANCED_FACE('',(#384),#182,.T.);
#4233=ADVANCED_FACE('',(#385),#183,.T.);
#4234=ADVANCED_FACE('',(#386),#184,.T.);
#4235=ADVANCED_FACE('',(#387),#185,.T.);
#4236=ADVANCED_FACE('',(#388),#186,.T.);
#4237=ADVANCED_FACE('',(#389),#187,.T.);
#4238=ADVANCED_FACE('',(#390),#188,.T.);
#4239=ADVANCED_FACE('',(#391),#189,.T.);
#4240=ADVANCED_FACE('',(#392),#190,.T.);
#4241=ADVANCED_FACE('',(#393),#191,.T.);
#4242=ADVANCED_FACE('',(#394),#192,.T.);
#4243=ADVANCED_FACE('',(#395),#193,.T.);
#4244=ADVANCED_FACE('',(#396),#194,.T.);
#4245=ADVANCED_FACE('',(#397),#195,.T.);
#4246=ADVANCED_FACE('',(#398),#196,.T.);
#4247=ADVANCED_FACE('',(#399),#197,.T.);
#4248=ADVANCED_FACE('',(#400),#198,.T.);
#4249=ADVANCED_FACE('',(#401),#199,.T.);
#4250=ADVANCED_FACE('',(#402),#200,.T.);
#4251=ADVANCED_FACE('',(#403),#201,.T.);
#4252=ADVANCED_FACE('',(#404),#202,.T.);
#4253=ADVANCED_FACE('',(#405),#203,.T.);
#4254=ADVANCED_FACE('',(#406),#204,.T.);
#4255=ADVANCED_FACE('',(#407),#205,.T.);
#4256=ADVANCED_FACE('',(#408),#206,.T.);
#4257=ADVANCED_FACE('',(#409),#207,.T.);
#4258=ADVANCED_FACE('',(#410),#208,.T.);
#4259=ADVANCED_FACE('',(#411),#209,.T.);
#4260=ADVANCED_FACE('',(#412),#210,.T.);
#4261=ADVANCED_FACE('',(#413),#211,.T.);
#4262=ADVANCED_FACE('',(#414),#212,.T.);
#4263=ADVANCED_FACE('',(#415),#213,.T.);
#4264=ADVANCED_FACE('',(#416),#214,.T.);
#4265=ADVANCED_FACE('',(#417),#215,.T.);
#4266=ADVANCED_FACE('',(#418),#216,.T.);
#4267=ADVANCED_FACE('',(#419),#217,.T.);
#4268=ADVANCED_FACE('',(#420),#218,.T.);
#4269=ADVANCED_FACE('',(#421),#219,.T.);
#4270=ADVANCED_FACE('',(#422),#220,.T.);
#4271=ADVANCED_FACE('',(#423),#221,.T.);
#4272=ADVANCED_FACE('',(#424),#222,.T.);
#4273=ADVANCED_FACE('',(#425),#223,.T.);
#4274=ADVANCED_FACE('',(#426),#224,.T.);
#4275=ADVANCED_FACE('',(#427),#225,.T.);
#4276=ADVANCED_FACE('',(#428),#226,.T.);
#4277=ADVANCED_FACE('',(#429),#227,.T.);
#4278=ADVANCED_FACE('',(#430),#228,.T.);
#4279=ADVANCED_FACE('',(#431),#229,.T.);
#4280=ADVANCED_FACE('',(#432),#230,.T.);
#4281=ADVANCED_FACE('',(#433),#231,.T.);
#4282=ADVANCED_FACE('',(#434),#232,.T.);
#4283=ADVANCED_FACE('',(#435),#233,.T.);
#4284=ADVANCED_FACE('',(#436),#234,.T.);
#4285=ADVANCED_FACE('',(#437),#235,.T.);
#4286=ADVANCED_FACE('',(#438),#236,.T.);
#4287=ADVANCED_FACE('',(#439),#237,.T.);
#4288=ADVANCED_FACE('',(#440),#238,.T.);
#4289=ADVANCED_FACE('',(#441),#239,.T.);
#4290=ADVANCED_FACE('',(#442),#240,.T.);
#4291=ADVANCED_FACE('',(#443),#241,.T.);
#4292=ADVANCED_FACE('',(#444),#242,.T.);
#4293=ADVANCED_FACE('',(#445),#243,.T.);
#4294=ADVANCED_FACE('',(#446),#244,.T.);
#4295=ADVANCED_FACE('',(#447),#245,.T.);
#4296=ADVANCED_FACE('',(#448),#246,.T.);
#4297=ADVANCED_FACE('',(#449),#247,.T.);
#4298=ADVANCED_FACE('',(#450),#248,.T.);
#4299=ADVANCED_FACE('',(#451),#249,.T.);
#4300=ADVANCED_FACE('',(#452),#250,.T.);
#4301=ADVANCED_FACE('',(#453),#251,.T.);
#4302=ADVANCED_FACE('',(#454),#252,.T.);
#4303=ADVANCED_FACE('',(#455),#253,.T.);
#4304=ADVANCED_FACE('',(#456),#254,.T.);
#4305=ADVANCED_FACE('',(#457),#255,.T.);
#4306=ADVANCED_FACE('',(#458),#256,.T.);
#4307=ADVANCED_FACE('',(#459),#257,.T.);
#4308=ADVANCED_FACE('',(#460),#258,.T.);
#4309=ADVANCED_FACE('',(#461),#259,.T.);
#4310=ADVANCED_FACE('',(#462,#39,#40,#41,#42,#43,#44,#45,#46,#47,#48,#49,
#50,#51,#52,#53,#54,#55,#56,#57,#58,#59,#60,#61,#62),#260,.T.);
#4311=CLOSED_SHELL('',(#4109,#4110,#4111,#4112,#4113,#4114,#4115,#4116,
#4117,#4118,#4119,#4120,#4121,#4122,#4123,#4124,#4125,#4126,#4127,#4128,
#4129,#4130,#4131,#4132,#4133,#4134,#4135,#4136,#4137,#4138,#4139,#4140,
#4141,#4142,#4143,#4144,#4145,#4146,#4147,#4148,#4149,#4150,#4151,#4152,
#4153,#4154,#4155,#4156,#4157,#4158,#4159,#4160,#4161,#4162,#4163,#4164,
#4165,#4166,#4167,#4168,#4169,#4170,#4171,#4172,#4173,#4174,#4175,#4176,
#4177,#4178,#4179,#4180,#4181,#4182,#4183,#4184,#4185,#4186,#4187,#4188,
#4189,#4190,#4191,#4192,#4193,#4194,#4195,#4196,#4197,#4198,#4199,#4200,
#4201,#4202,#4203,#4204,#4205,#4206,#4207,#4208,#4209,#4210,#4211,#4212,
#4213,#4214,#4215,#4216,#4217,#4218,#4219,#4220,#4221,#4222,#4223,#4224,
#4225,#4226,#4227,#4228,#4229,#4230,#4231,#4232,#4233,#4234,#4235,#4236,
#4237,#4238,#4239,#4240,#4241,#4242,#4243,#4244,#4245,#4246,#4247,#4248,
#4249,#4250,#4251,#4252,#4253,#4254,#4255,#4256,#4257,#4258,#4259,#4260,
#4261,#4262,#4263,#4264,#4265,#4266,#4267,#4268,#4269,#4270,#4271,#4272,
#4273,#4274,#4275,#4276,#4277,#4278,#4279,#4280,#4281,#4282,#4283,#4284,
#4285,#4286,#4287,#4288,#4289,#4290,#4291,#4292,#4293,#4294,#4295,#4296,
#4297,#4298,#4299,#4300,#4301,#4302,#4303,#4304,#4305,#4306,#4307,#4308,
#4309,#4310));
#4312=DERIVED_UNIT_ELEMENT(#4314,1.);
#4313=DERIVED_UNIT_ELEMENT(#6757,-3.);
#4314=(
MASS_UNIT()
NAMED_UNIT(*)
SI_UNIT(.KILO.,.GRAM.)
);
#4315=DERIVED_UNIT((#4312,#4313));
#4316=MEASURE_REPRESENTATION_ITEM('density measure',
POSITIVE_RATIO_MEASURE(7850.),#4315);
#4317=PROPERTY_DEFINITION_REPRESENTATION(#4322,#4319);
#4318=PROPERTY_DEFINITION_REPRESENTATION(#4323,#4320);
#4319=REPRESENTATION('material name',(#4321),#6754);
#4320=REPRESENTATION('density',(#4316),#6754);
#4321=DESCRIPTIVE_REPRESENTATION_ITEM('\X2\92FC\X0\','\X2\92FC\X0\');
#4322=PROPERTY_DEFINITION('material property','material name',#6764);
#4323=PROPERTY_DEFINITION('material property','density of part',#6764);
#4324=AXIS2_PLACEMENT_3D('',#5549,#4535,#4536);
#4325=AXIS2_PLACEMENT_3D('',#5550,#4537,#4538);
#4326=AXIS2_PLACEMENT_3D('',#5553,#4539,#4540);
#4327=AXIS2_PLACEMENT_3D('',#5557,#4542,#4543);
#4328=AXIS2_PLACEMENT_3D('',#5559,#4545,#4546);
#4329=AXIS2_PLACEMENT_3D('',#5563,#4548,#4549);
#4330=AXIS2_PLACEMENT_3D('',#5567,#4551,#4552);
#4331=AXIS2_PLACEMENT_3D('',#5571,#4554,#4555);
#4332=AXIS2_PLACEMENT_3D('',#5765,#4653,#4654);
#4333=AXIS2_PLACEMENT_3D('',#5769,#4657,#4658);
#4334=AXIS2_PLACEMENT_3D('',#5771,#4659,#4660);
#4335=AXIS2_PLACEMENT_3D('',#5773,#4662,#4663);
#4336=AXIS2_PLACEMENT_3D('',#5777,#4665,#4666);
#4337=AXIS2_PLACEMENT_3D('',#5779,#4668,#4669);
#4338=AXIS2_PLACEMENT_3D('',#5783,#4672,#4673);
#4339=AXIS2_PLACEMENT_3D('',#5786,#4675,#4676);
#4340=AXIS2_PLACEMENT_3D('',#5787,#4677,#4678);
#4341=AXIS2_PLACEMENT_3D('',#5796,#4683,#4684);
#4342=AXIS2_PLACEMENT_3D('',#5802,#4688,#4689);
#4343=AXIS2_PLACEMENT_3D('',#5811,#4695,#4696);
#4344=AXIS2_PLACEMENT_3D('',#5813,#4698,#4699);
#4345=AXIS2_PLACEMENT_3D('',#5822,#4704,#4705);
#4346=AXIS2_PLACEMENT_3D('',#5828,#4709,#4710);
#4347=AXIS2_PLACEMENT_3D('',#5837,#4716,#4717);
#4348=AXIS2_PLACEMENT_3D('',#5839,#4719,#4720);
#4349=AXIS2_PLACEMENT_3D('',#5848,#4725,#4726);
#4350=AXIS2_PLACEMENT_3D('',#5854,#4730,#4731);
#4351=AXIS2_PLACEMENT_3D('',#5863,#4736,#4737);
#4352=AXIS2_PLACEMENT_3D('',#5869,#4741,#4742);
#4353=AXIS2_PLACEMENT_3D('',#5878,#4747,#4748);
#4354=AXIS2_PLACEMENT_3D('',#5884,#4752,#4753);
#4355=AXIS2_PLACEMENT_3D('',#5893,#4759,#4760);
#4356=AXIS2_PLACEMENT_3D('',#5895,#4762,#4763);
#4357=AXIS2_PLACEMENT_3D('',#5904,#4768,#4769);
#4358=AXIS2_PLACEMENT_3D('',#5910,#4773,#4774);
#4359=AXIS2_PLACEMENT_3D('',#5919,#4779,#4780);
#4360=AXIS2_PLACEMENT_3D('',#5925,#4784,#4785);
#4361=AXIS2_PLACEMENT_3D('',#5934,#4791,#4792);
#4362=AXIS2_PLACEMENT_3D('',#5936,#4794,#4795);
#4363=AXIS2_PLACEMENT_3D('',#5945,#4800,#4801);
#4364=AXIS2_PLACEMENT_3D('',#5951,#4805,#4806);
#4365=AXIS2_PLACEMENT_3D('',#5960,#4812,#4813);
#4366=AXIS2_PLACEMENT_3D('',#5962,#4815,#4816);
#4367=AXIS2_PLACEMENT_3D('',#5971,#4821,#4822);
#4368=AXIS2_PLACEMENT_3D('',#5977,#4826,#4827);
#4369=AXIS2_PLACEMENT_3D('',#5986,#4833,#4834);
#4370=AXIS2_PLACEMENT_3D('',#5988,#4836,#4837);
#4371=AXIS2_PLACEMENT_3D('',#5997,#4842,#4843);
#4372=AXIS2_PLACEMENT_3D('',#6003,#4847,#4848);
#4373=AXIS2_PLACEMENT_3D('',#6012,#4853,#4854);
#4374=AXIS2_PLACEMENT_3D('',#6018,#4858,#4859);
#4375=AXIS2_PLACEMENT_3D('',#6027,#4865,#4866);
#4376=AXIS2_PLACEMENT_3D('',#6029,#4868,#4869);
#4377=AXIS2_PLACEMENT_3D('',#6038,#4874,#4875);
#4378=AXIS2_PLACEMENT_3D('',#6044,#4879,#4880);
#4379=AXIS2_PLACEMENT_3D('',#6053,#4886,#4887);
#4380=AXIS2_PLACEMENT_3D('',#6055,#4889,#4890);
#4381=AXIS2_PLACEMENT_3D('',#6064,#4895,#4896);
#4382=AXIS2_PLACEMENT_3D('',#6070,#4900,#4901);
#4383=AXIS2_PLACEMENT_3D('',#6079,#4907,#4908);
#4384=AXIS2_PLACEMENT_3D('',#6081,#4910,#4911);
#4385=AXIS2_PLACEMENT_3D('',#6090,#4916,#4917);
#4386=AXIS2_PLACEMENT_3D('',#6096,#4921,#4922);
#4387=AXIS2_PLACEMENT_3D('',#6105,#4927,#4928);
#4388=AXIS2_PLACEMENT_3D('',#6111,#4932,#4933);
#4389=AXIS2_PLACEMENT_3D('',#6120,#4939,#4940);
#4390=AXIS2_PLACEMENT_3D('',#6122,#4942,#4943);
#4391=AXIS2_PLACEMENT_3D('',#6131,#4948,#4949);
#4392=AXIS2_PLACEMENT_3D('',#6137,#4953,#4954);
#4393=AXIS2_PLACEMENT_3D('',#6146,#4960,#4961);
#4394=AXIS2_PLACEMENT_3D('',#6148,#4963,#4964);
#4395=AXIS2_PLACEMENT_3D('',#6157,#4969,#4970);
#4396=AXIS2_PLACEMENT_3D('',#6163,#4974,#4975);
#4397=AXIS2_PLACEMENT_3D('',#6172,#4981,#4982);
#4398=AXIS2_PLACEMENT_3D('',#6174,#4984,#4985);
#4399=AXIS2_PLACEMENT_3D('',#6183,#4990,#4991);
#4400=AXIS2_PLACEMENT_3D('',#6189,#4995,#4996);
#4401=AXIS2_PLACEMENT_3D('',#6198,#5002,#5003);
#4402=AXIS2_PLACEMENT_3D('',#6200,#5005,#5006);
#4403=AXIS2_PLACEMENT_3D('',#6209,#5011,#5012);
#4404=AXIS2_PLACEMENT_3D('',#6215,#5016,#5017);
#4405=AXIS2_PLACEMENT_3D('',#6224,#5023,#5024);
#4406=AXIS2_PLACEMENT_3D('',#6226,#5026,#5027);
#4407=AXIS2_PLACEMENT_3D('',#6235,#5032,#5033);
#4408=AXIS2_PLACEMENT_3D('',#6241,#5037,#5038);
#4409=AXIS2_PLACEMENT_3D('',#6250,#5044,#5045);
#4410=AXIS2_PLACEMENT_3D('',#6252,#5047,#5048);
#4411=AXIS2_PLACEMENT_3D('',#6261,#5053,#5054);
#4412=AXIS2_PLACEMENT_3D('',#6267,#5058,#5059);
#4413=AXIS2_PLACEMENT_3D('',#6276,#5064,#5065);
#4414=AXIS2_PLACEMENT_3D('',#6282,#5069,#5070);
#4415=AXIS2_PLACEMENT_3D('',#6291,#5076,#5077);
#4416=AXIS2_PLACEMENT_3D('',#6293,#5079,#5080);
#4417=AXIS2_PLACEMENT_3D('',#6302,#5085,#5086);
#4418=AXIS2_PLACEMENT_3D('',#6308,#5090,#5091);
#4419=AXIS2_PLACEMENT_3D('',#6317,#5097,#5098);
#4420=AXIS2_PLACEMENT_3D('',#6319,#5100,#5101);
#4421=AXIS2_PLACEMENT_3D('',#6328,#5106,#5107);
#4422=AXIS2_PLACEMENT_3D('',#6334,#5111,#5112);
#4423=AXIS2_PLACEMENT_3D('',#6343,#5118,#5119);
#4424=AXIS2_PLACEMENT_3D('',#6345,#5121,#5122);
#4425=AXIS2_PLACEMENT_3D('',#6351,#5126,#5127);
#4426=AXIS2_PLACEMENT_3D('',#6355,#5130,#5131);
#4427=AXIS2_PLACEMENT_3D('',#6358,#5134,#5135);
#4428=AXIS2_PLACEMENT_3D('',#6359,#5136,#5137);
#4429=AXIS2_PLACEMENT_3D('',#6365,#5141,#5142);
#4430=AXIS2_PLACEMENT_3D('',#6369,#5145,#5146);
#4431=AXIS2_PLACEMENT_3D('',#6372,#5149,#5150);
#4432=AXIS2_PLACEMENT_3D('',#6373,#5151,#5152);
#4433=AXIS2_PLACEMENT_3D('',#6382,#5157,#5158);
#4434=AXIS2_PLACEMENT_3D('',#6388,#5162,#5163);
#4435=AXIS2_PLACEMENT_3D('',#6392,#5167,#5168);
#4436=AXIS2_PLACEMENT_3D('',#6394,#5170,#5171);
#4437=AXIS2_PLACEMENT_3D('',#6403,#5176,#5177);
#4438=AXIS2_PLACEMENT_3D('',#6409,#5181,#5182);
#4439=AXIS2_PLACEMENT_3D('',#6413,#5186,#5187);
#4440=AXIS2_PLACEMENT_3D('',#6415,#5189,#5190);
#4441=AXIS2_PLACEMENT_3D('',#6421,#5194,#5195);
#4442=AXIS2_PLACEMENT_3D('',#6425,#5198,#5199);
#4443=AXIS2_PLACEMENT_3D('',#6428,#5202,#5203);
#4444=AXIS2_PLACEMENT_3D('',#6429,#5204,#5205);
#4445=AXIS2_PLACEMENT_3D('',#6438,#5210,#5211);
#4446=AXIS2_PLACEMENT_3D('',#6444,#5215,#5216);
#4447=AXIS2_PLACEMENT_3D('',#6448,#5220,#5221);
#4448=AXIS2_PLACEMENT_3D('',#6450,#5223,#5224);
#4449=AXIS2_PLACEMENT_3D('',#6456,#5228,#5229);
#4450=AXIS2_PLACEMENT_3D('',#6460,#5232,#5233);
#4451=AXIS2_PLACEMENT_3D('',#6463,#5236,#5237);
#4452=AXIS2_PLACEMENT_3D('',#6464,#5238,#5239);
#4453=AXIS2_PLACEMENT_3D('',#6470,#5243,#5244);
#4454=AXIS2_PLACEMENT_3D('',#6474,#5247,#5248);
#4455=AXIS2_PLACEMENT_3D('',#6477,#5251,#5252);
#4456=AXIS2_PLACEMENT_3D('',#6478,#5253,#5254);
#4457=AXIS2_PLACEMENT_3D('',#6484,#5258,#5259);
#4458=AXIS2_PLACEMENT_3D('',#6488,#5262,#5263);
#4459=AXIS2_PLACEMENT_3D('',#6497,#5268,#5269);
#4460=AXIS2_PLACEMENT_3D('',#6503,#5273,#5274);
#4461=AXIS2_PLACEMENT_3D('',#6507,#5278,#5279);
#4462=AXIS2_PLACEMENT_3D('',#6509,#5281,#5282);
#4463=AXIS2_PLACEMENT_3D('',#6515,#5286,#5287);
#4464=AXIS2_PLACEMENT_3D('',#6519,#5290,#5291);
#4465=AXIS2_PLACEMENT_3D('',#6525,#5295,#5296);
#4466=AXIS2_PLACEMENT_3D('',#6529,#5299,#5300);
#4467=AXIS2_PLACEMENT_3D('',#6535,#5304,#5305);
#4468=AXIS2_PLACEMENT_3D('',#6539,#5308,#5309);
#4469=AXIS2_PLACEMENT_3D('',#6548,#5314,#5315);
#4470=AXIS2_PLACEMENT_3D('',#6554,#5319,#5320);
#4471=AXIS2_PLACEMENT_3D('',#6558,#5324,#5325);
#4472=AXIS2_PLACEMENT_3D('',#6560,#5327,#5328);
#4473=AXIS2_PLACEMENT_3D('',#6566,#5332,#5333);
#4474=AXIS2_PLACEMENT_3D('',#6570,#5336,#5337);
#4475=AXIS2_PLACEMENT_3D('',#6576,#5341,#5342);
#4476=AXIS2_PLACEMENT_3D('',#6580,#5345,#5346);
#4477=AXIS2_PLACEMENT_3D('',#6586,#5350,#5351);
#4478=AXIS2_PLACEMENT_3D('',#6590,#5354,#5355);
#4479=AXIS2_PLACEMENT_3D('',#6593,#5358,#5359);
#4480=AXIS2_PLACEMENT_3D('',#6594,#5360,#5361);
#4481=AXIS2_PLACEMENT_3D('',#6600,#5365,#5366);
#4482=AXIS2_PLACEMENT_3D('',#6604,#5369,#5370);
#4483=AXIS2_PLACEMENT_3D('',#6610,#5374,#5375);
#4484=AXIS2_PLACEMENT_3D('',#6614,#5378,#5379);
#4485=AXIS2_PLACEMENT_3D('',#6617,#5382,#5383);
#4486=AXIS2_PLACEMENT_3D('',#6618,#5384,#5385);
#4487=AXIS2_PLACEMENT_3D('',#6624,#5389,#5390);
#4488=AXIS2_PLACEMENT_3D('',#6628,#5393,#5394);
#4489=AXIS2_PLACEMENT_3D('',#6631,#5397,#5398);
#4490=AXIS2_PLACEMENT_3D('',#6632,#5399,#5400);
#4491=AXIS2_PLACEMENT_3D('',#6641,#5405,#5406);
#4492=AXIS2_PLACEMENT_3D('',#6647,#5410,#5411);
#4493=AXIS2_PLACEMENT_3D('',#6651,#5415,#5416);
#4494=AXIS2_PLACEMENT_3D('',#6653,#5418,#5419);
#4495=AXIS2_PLACEMENT_3D('',#6659,#5423,#5424);
#4496=AXIS2_PLACEMENT_3D('',#6663,#5427,#5428);
#4497=AXIS2_PLACEMENT_3D('',#6669,#5432,#5433);
#4498=AXIS2_PLACEMENT_3D('',#6673,#5436,#5437);
#4499=AXIS2_PLACEMENT_3D('',#6679,#5441,#5442);
#4500=AXIS2_PLACEMENT_3D('',#6683,#5445,#5446);
#4501=AXIS2_PLACEMENT_3D('',#6686,#5449,#5450);
#4502=AXIS2_PLACEMENT_3D('',#6687,#5451,#5452);
#4503=AXIS2_PLACEMENT_3D('',#6689,#5454,#5455);
#4504=AXIS2_PLACEMENT_3D('',#6691,#5457,#5458);
#4505=AXIS2_PLACEMENT_3D('',#6693,#5460,#5461);
#4506=AXIS2_PLACEMENT_3D('',#6695,#5463,#5464);
#4507=AXIS2_PLACEMENT_3D('',#6697,#5466,#5467);
#4508=AXIS2_PLACEMENT_3D('',#6699,#5469,#5470);
#4509=AXIS2_PLACEMENT_3D('',#6701,#5472,#5473);
#4510=AXIS2_PLACEMENT_3D('',#6703,#5475,#5476);
#4511=AXIS2_PLACEMENT_3D('',#6705,#5478,#5479);
#4512=AXIS2_PLACEMENT_3D('',#6707,#5481,#5482);
#4513=AXIS2_PLACEMENT_3D('',#6709,#5484,#5485);
#4514=AXIS2_PLACEMENT_3D('',#6711,#5487,#5488);
#4515=AXIS2_PLACEMENT_3D('',#6713,#5490,#5491);
#4516=AXIS2_PLACEMENT_3D('',#6715,#5493,#5494);
#4517=AXIS2_PLACEMENT_3D('',#6717,#5496,#5497);
#4518=AXIS2_PLACEMENT_3D('',#6719,#5499,#5500);
#4519=AXIS2_PLACEMENT_3D('',#6721,#5502,#5503);
#4520=AXIS2_PLACEMENT_3D('',#6723,#5505,#5506);
#4521=AXIS2_PLACEMENT_3D('',#6725,#5508,#5509);
#4522=AXIS2_PLACEMENT_3D('',#6727,#5511,#5512);
#4523=AXIS2_PLACEMENT_3D('',#6729,#5514,#5515);
#4524=AXIS2_PLACEMENT_3D('',#6731,#5517,#5518);
#4525=AXIS2_PLACEMENT_3D('',#6733,#5520,#5521);
#4526=AXIS2_PLACEMENT_3D('',#6735,#5523,#5524);
#4527=AXIS2_PLACEMENT_3D('',#6737,#5526,#5527);
#4528=AXIS2_PLACEMENT_3D('',#6739,#5529,#5530);
#4529=AXIS2_PLACEMENT_3D('',#6741,#5532,#5533);
#4530=AXIS2_PLACEMENT_3D('',#6743,#5535,#5536);
#4531=AXIS2_PLACEMENT_3D('',#6745,#5538,#5539);
#4532=AXIS2_PLACEMENT_3D('',#6747,#5541,#5542);
#4533=AXIS2_PLACEMENT_3D('',#6749,#5544,#5545);
#4534=AXIS2_PLACEMENT_3D('',#6751,#5547,#5548);
#4535=DIRECTION('axis',(0.,0.,1.));
#4536=DIRECTION('refdir',(1.,0.,0.));
#4537=DIRECTION('center_axis',(0.,0.,-1.));
#4538=DIRECTION('ref_axis',(0.707106781186548,0.707106781186547,0.));
#4539=DIRECTION('center_axis',(0.,0.,1.));
#4540=DIRECTION('ref_axis',(0.707106781186548,0.707106781186547,0.));
#4541=DIRECTION('',(0.,0.,1.));
#4542=DIRECTION('center_axis',(0.,0.,-1.));
#4543=DIRECTION('ref_axis',(0.707106781186548,0.707106781186547,0.));
#4544=DIRECTION('',(0.,0.,-1.));
#4545=DIRECTION('center_axis',(0.,0.,-1.));
#4546=DIRECTION('ref_axis',(-1.,0.,0.));
#4547=DIRECTION('',(0.,-1.,0.));
#4548=DIRECTION('center_axis',(0.,0.,1.));
#4549=DIRECTION('ref_axis',(0.707106781186547,-0.707106781186547,0.));
#4550=DIRECTION('',(-1.,0.,0.));
#4551=DIRECTION('center_axis',(0.,0.,1.));
#4552=DIRECTION('ref_axis',(-0.707106781186547,-0.707106781186548,0.));
#4553=DIRECTION('',(0.,1.,0.));
#4554=DIRECTION('center_axis',(0.,0.,1.));
#4555=DIRECTION('ref_axis',(-0.707106781186547,0.707106781186548,0.));
#4556=DIRECTION('',(1.,-7.45741746179786E-17,0.));
#4557=DIRECTION('',(0.,1.,0.));
#4558=DIRECTION('',(-1.,1.37915903680144E-16,0.));
#4559=DIRECTION('',(0.,-1.,0.));
#4560=DIRECTION('',(1.,-2.75831807360287E-16,0.));
#4561=DIRECTION('',(1.,0.,0.));
#4562=DIRECTION('',(0.,1.,0.));
#4563=DIRECTION('',(-1.,5.51663614720582E-16,0.));
#4564=DIRECTION('',(-1.51179305480872E-14,-1.,0.));
#4565=DIRECTION('',(0.,1.,0.));
#4566=DIRECTION('',(-1.,1.37915903680144E-16,0.));
#4567=DIRECTION('',(0.,-1.,0.));
#4568=DIRECTION('',(1.,0.,0.));
#4569=DIRECTION('',(1.,0.,0.));
#4570=DIRECTION('',(0.,1.,0.));
#4571=DIRECTION('',(-1.,5.51663614720582E-16,0.));
#4572=DIRECTION('',(-1.51179305480872E-14,-1.,0.));
#4573=DIRECTION('',(-1.,1.37915903680144E-16,0.));
#4574=DIRECTION('',(0.,-1.,0.));
#4575=DIRECTION('',(1.,-2.75831807360287E-16,0.));
#4576=DIRECTION('',(0.,1.,0.));
#4577=DIRECTION('',(-1.,1.37915903680144E-16,0.));
#4578=DIRECTION('',(0.,-1.,0.));
#4579=DIRECTION('',(1.,0.,0.));
#4580=DIRECTION('',(-3.14956886418484E-16,1.,0.));
#4581=DIRECTION('',(1.,-2.75831807360287E-16,0.));
#4582=DIRECTION('',(0.,1.,0.));
#4583=DIRECTION('',(-1.,0.,0.));
#4584=DIRECTION('',(0.,-1.,0.));
#4585=DIRECTION('',(0.,1.,0.));
#4586=DIRECTION('',(-1.,1.37915903680144E-16,0.));
#4587=DIRECTION('',(0.,-1.,0.));
#4588=DIRECTION('',(1.,0.,0.));
#4589=DIRECTION('',(-1.,0.,0.));
#4590=DIRECTION('',(0.,-1.,0.));
#4591=DIRECTION('',(1.,0.,0.));
#4592=DIRECTION('',(-3.14956886418484E-16,1.,0.));
#4593=DIRECTION('',(0.,1.,0.));
#4594=DIRECTION('',(-1.,2.75831807360287E-16,0.));
#4595=DIRECTION('',(0.,-1.,0.));
#4596=DIRECTION('',(1.,-4.13747711040431E-16,0.));
#4597=DIRECTION('',(0.,1.,0.));
#4598=DIRECTION('',(-1.,0.,0.));
#4599=DIRECTION('',(0.,-1.,0.));
#4600=DIRECTION('',(1.,-2.75831807360287E-16,0.));
#4601=DIRECTION('',(0.,1.,0.));
#4602=DIRECTION('',(-1.,0.,0.));
#4603=DIRECTION('',(0.,-1.,0.));
#4604=DIRECTION('',(1.,0.,0.));
#4605=DIRECTION('',(0.,1.,0.));
#4606=DIRECTION('',(-1.,2.06873855520218E-16,0.));
#4607=DIRECTION('',(-1.51179305480872E-14,-1.,0.));
#4608=DIRECTION('',(1.,-6.89579518400718E-17,0.));
#4609=DIRECTION('',(1.,0.,0.));
#4610=DIRECTION('',(0.,1.,0.));
#4611=DIRECTION('',(-1.,2.75831807360291E-16,0.));
#4612=DIRECTION('',(-1.51179305480872E-14,-1.,0.));
#4613=DIRECTION('',(0.,1.,0.));
#4614=DIRECTION('',(-1.,0.,0.));
#4615=DIRECTION('',(0.,-1.,0.));
#4616=DIRECTION('',(1.,0.,0.));
#4617=DIRECTION('',(-1.,0.,0.));
#4618=DIRECTION('',(0.,-1.,0.));
#4619=DIRECTION('',(1.,0.,0.));
#4620=DIRECTION('',(-3.14956886418484E-16,1.,0.));
#4621=DIRECTION('',(-1.,5.51663614720575E-16,0.));
#4622=DIRECTION('',(0.,-1.,0.));
#4623=DIRECTION('',(1.,0.,0.));
#4624=DIRECTION('',(0.,1.,0.));
#4625=DIRECTION('',(0.,1.,0.));
#4626=DIRECTION('',(-1.,1.37915903680144E-16,0.));
#4627=DIRECTION('',(0.,-1.,0.));
#4628=DIRECTION('',(1.,-2.75831807360287E-16,0.));
#4629=DIRECTION('',(1.,-4.13747711040431E-16,0.));
#4630=DIRECTION('',(0.,1.,0.));
#4631=DIRECTION('',(-1.,2.75831807360287E-16,0.));
#4632=DIRECTION('',(0.,-1.,0.));
#4633=DIRECTION('',(0.,1.,0.));
#4634=DIRECTION('',(-1.,0.,0.));
#4635=DIRECTION('',(0.,-1.,0.));
#4636=DIRECTION('',(1.,0.,0.));
#4637=DIRECTION('',(1.,0.,0.));
#4638=DIRECTION('',(0.,1.,0.));
#4639=DIRECTION('',(-1.,0.,0.));
#4640=DIRECTION('',(0.,-1.,0.));
#4641=DIRECTION('',(-1.,2.75831807360287E-16,0.));
#4642=DIRECTION('',(0.,-1.,0.));
#4643=DIRECTION('',(1.,-2.75831807360287E-16,0.));
#4644=DIRECTION('',(0.,1.,0.));
#4645=DIRECTION('',(0.,1.,0.));
#4646=DIRECTION('',(-1.,1.37915903680144E-16,0.));
#4647=DIRECTION('',(0.,-1.,0.));
#4648=DIRECTION('',(1.,-2.75831807360287E-16,0.));
#4649=DIRECTION('',(1.,0.,0.));
#4650=DIRECTION('',(-3.14956886418484E-16,1.,0.));
#4651=DIRECTION('',(-1.,6.89579518400718E-17,0.));
#4652=DIRECTION('',(0.,-1.,0.));
#4653=DIRECTION('center_axis',(1.,0.,0.));
#4654=DIRECTION('ref_axis',(0.,-1.,0.));
#4655=DIRECTION('',(0.,1.,0.));
#4656=DIRECTION('',(0.,0.,1.));
#4657=DIRECTION('center_axis',(0.,0.,-1.));
#4658=DIRECTION('ref_axis',(0.707106781186547,-0.707106781186547,0.));
#4659=DIRECTION('center_axis',(0.,0.,-1.));
#4660=DIRECTION('ref_axis',(0.707106781186547,-0.707106781186547,0.));
#4661=DIRECTION('',(0.,0.,-1.));
#4662=DIRECTION('center_axis',(0.,0.,-1.));
#4663=DIRECTION('ref_axis',(-0.707106781186547,0.707106781186548,0.));
#4664=DIRECTION('',(0.,0.,1.));
#4665=DIRECTION('center_axis',(0.,0.,-1.));
#4666=DIRECTION('ref_axis',(-0.707106781186547,0.707106781186548,0.));
#4667=DIRECTION('',(0.,0.,-1.));
#4668=DIRECTION('center_axis',(-1.,0.,0.));
#4669=DIRECTION('ref_axis',(0.,1.,0.));
#4670=DIRECTION('',(0.,0.,-1.));
#4671=DIRECTION('',(0.,-1.,0.));
#4672=DIRECTION('center_axis',(0.,0.,-1.));
#4673=DIRECTION('ref_axis',(-0.707106781186547,-0.707106781186548,0.));
#4674=DIRECTION('',(0.,0.,1.));
#4675=DIRECTION('center_axis',(0.,0.,-1.));
#4676=DIRECTION('ref_axis',(-0.707106781186547,-0.707106781186548,0.));
#4677=DIRECTION('center_axis',(1.,0.,0.));
#4678=DIRECTION('ref_axis',(0.,-1.,0.));
#4679=DIRECTION('',(0.,-1.,0.));
#4680=DIRECTION('',(0.,0.,1.));
#4681=DIRECTION('',(0.,-1.,0.));
#4682=DIRECTION('',(0.,0.,-1.));
#4683=DIRECTION('center_axis',(0.,0.,-1.));
#4684=DIRECTION('ref_axis',(-1.,0.,0.));
#4685=DIRECTION('',(1.,0.,0.));
#4686=DIRECTION('',(-1.51179305480872E-14,-1.,0.));
#4687=DIRECTION('',(-1.,5.51663614720582E-16,0.));
#4688=DIRECTION('center_axis',(-5.51663614720582E-16,-1.,0.));
#4689=DIRECTION('ref_axis',(-1.,5.51663614720582E-16,0.));
#4690=DIRECTION('',(0.,0.,-1.));
#4691=DIRECTION('',(0.,0.,-1.));
#4692=DIRECTION('',(-1.,5.51663614720582E-16,0.));
#4693=DIRECTION('',(0.,0.,1.));
#4694=DIRECTION('',(1.,-5.51663614720582E-16,0.));
#4695=DIRECTION('center_axis',(1.,-1.51179305480872E-14,0.));
#4696=DIRECTION('ref_axis',(-1.51179305480872E-14,-1.,0.));
#4697=DIRECTION('',(0.,0.,-1.));
#4698=DIRECTION('center_axis',(-1.,0.,0.));
#4699=DIRECTION('ref_axis',(0.,1.,0.));
#4700=DIRECTION('',(0.,-1.,0.));
#4701=DIRECTION('',(0.,0.,1.));
#4702=DIRECTION('',(0.,1.,0.));
#4703=DIRECTION('',(0.,0.,-1.));
#4704=DIRECTION('center_axis',(0.,0.,-1.));
#4705=DIRECTION('ref_axis',(-1.,0.,0.));
#4706=DIRECTION('',(-1.,2.75831807360291E-16,0.));
#4707=DIRECTION('',(0.,1.,0.));
#4708=DIRECTION('',(1.,0.,0.));
#4709=DIRECTION('center_axis',(0.,1.,0.));
#4710=DIRECTION('ref_axis',(1.,0.,0.));
#4711=DIRECTION('',(0.,0.,-1.));
#4712=DIRECTION('',(0.,0.,-1.));
#4713=DIRECTION('',(1.,0.,0.));
#4714=DIRECTION('',(0.,0.,1.));
#4715=DIRECTION('',(-1.,0.,0.));
#4716=DIRECTION('center_axis',(-1.,0.,0.));
#4717=DIRECTION('ref_axis',(0.,1.,0.));
#4718=DIRECTION('',(0.,0.,-1.));
#4719=DIRECTION('center_axis',(1.,0.,0.));
#4720=DIRECTION('ref_axis',(0.,-1.,0.));
#4721=DIRECTION('',(0.,-1.,0.));
#4722=DIRECTION('',(0.,0.,1.));
#4723=DIRECTION('',(0.,-1.,0.));
#4724=DIRECTION('',(0.,0.,-1.));
#4725=DIRECTION('center_axis',(0.,0.,-1.));
#4726=DIRECTION('ref_axis',(-1.,0.,0.));
#4727=DIRECTION('',(-1.,0.,0.));
#4728=DIRECTION('',(1.,0.,0.));
#4729=DIRECTION('',(0.,-1.,0.));
#4730=DIRECTION('center_axis',(1.,0.,0.));
#4731=DIRECTION('ref_axis',(0.,-1.,0.));
#4732=DIRECTION('',(0.,-1.,0.));
#4733=DIRECTION('',(0.,0.,1.));
#4734=DIRECTION('',(0.,-1.,0.));
#4735=DIRECTION('',(0.,0.,-1.));
#4736=DIRECTION('center_axis',(0.,0.,-1.));
#4737=DIRECTION('ref_axis',(-1.,0.,0.));
#4738=DIRECTION('',(-1.,0.,0.));
#4739=DIRECTION('',(1.,-2.75831807360287E-16,0.));
#4740=DIRECTION('',(0.,-1.,0.));
#4741=DIRECTION('center_axis',(1.,0.,0.));
#4742=DIRECTION('ref_axis',(0.,-1.,0.));
#4743=DIRECTION('',(0.,-1.,0.));
#4744=DIRECTION('',(0.,0.,1.));
#4745=DIRECTION('',(0.,-1.,0.));
#4746=DIRECTION('',(0.,0.,-1.));
#4747=DIRECTION('center_axis',(0.,0.,-1.));
#4748=DIRECTION('ref_axis',(-1.,0.,0.));
#4749=DIRECTION('',(1.,-4.13747711040431E-16,0.));
#4750=DIRECTION('',(0.,-1.,0.));
#4751=DIRECTION('',(-1.,2.75831807360287E-16,0.));
#4752=DIRECTION('center_axis',(-2.75831807360287E-16,-1.,0.));
#4753=DIRECTION('ref_axis',(-1.,2.75831807360287E-16,0.));
#4754=DIRECTION('',(0.,0.,-1.));
#4755=DIRECTION('',(0.,0.,-1.));
#4756=DIRECTION('',(-1.,2.75831807360287E-16,0.));
#4757=DIRECTION('',(0.,0.,1.));
#4758=DIRECTION('',(1.,-2.75831807360287E-16,0.));
#4759=DIRECTION('center_axis',(1.,0.,0.));
#4760=DIRECTION('ref_axis',(0.,-1.,0.));
#4761=DIRECTION('',(0.,0.,-1.));
#4762=DIRECTION('center_axis',(1.,0.,0.));
#4763=DIRECTION('ref_axis',(0.,-1.,0.));
#4764=DIRECTION('',(0.,-1.,0.));
#4765=DIRECTION('',(0.,0.,1.));
#4766=DIRECTION('',(0.,-1.,0.));
#4767=DIRECTION('',(0.,0.,-1.));
#4768=DIRECTION('center_axis',(0.,0.,-1.));
#4769=DIRECTION('ref_axis',(-1.,0.,0.));
#4770=DIRECTION('',(-1.,2.75831807360287E-16,0.));
#4771=DIRECTION('',(1.,-4.13747711040431E-16,0.));
#4772=DIRECTION('',(0.,-1.,0.));
#4773=DIRECTION('center_axis',(1.,0.,0.));
#4774=DIRECTION('ref_axis',(0.,-1.,0.));
#4775=DIRECTION('',(0.,-1.,0.));
#4776=DIRECTION('',(0.,0.,1.));
#4777=DIRECTION('',(0.,-1.,0.));
#4778=DIRECTION('',(0.,0.,-1.));
#4779=DIRECTION('center_axis',(0.,0.,-1.));
#4780=DIRECTION('ref_axis',(-1.,0.,0.));
#4781=DIRECTION('',(1.,0.,0.));
#4782=DIRECTION('',(0.,-1.,0.));
#4783=DIRECTION('',(-1.,5.51663614720575E-16,0.));
#4784=DIRECTION('center_axis',(-5.51663614720575E-16,-1.,0.));
#4785=DIRECTION('ref_axis',(-1.,5.51663614720575E-16,0.));
#4786=DIRECTION('',(0.,0.,-1.));
#4787=DIRECTION('',(0.,0.,-1.));
#4788=DIRECTION('',(-1.,5.51663614720575E-16,0.));
#4789=DIRECTION('',(0.,0.,1.));
#4790=DIRECTION('',(1.,-5.51663614720575E-16,0.));
#4791=DIRECTION('center_axis',(1.,0.,0.));
#4792=DIRECTION('ref_axis',(0.,-1.,0.));
#4793=DIRECTION('',(0.,0.,-1.));
#4794=DIRECTION('center_axis',(1.,0.,0.));
#4795=DIRECTION('ref_axis',(0.,-1.,0.));
#4796=DIRECTION('',(0.,-1.,0.));
#4797=DIRECTION('',(0.,0.,1.));
#4798=DIRECTION('',(0.,-1.,0.));
#4799=DIRECTION('',(0.,0.,-1.));
#4800=DIRECTION('center_axis',(0.,0.,-1.));
#4801=DIRECTION('ref_axis',(-1.,0.,0.));
#4802=DIRECTION('',(1.,-2.75831807360287E-16,0.));
#4803=DIRECTION('',(0.,-1.,0.));
#4804=DIRECTION('',(-1.,2.75831807360287E-16,0.));
#4805=DIRECTION('center_axis',(-2.75831807360287E-16,-1.,0.));
#4806=DIRECTION('ref_axis',(-1.,2.75831807360287E-16,0.));
#4807=DIRECTION('',(0.,0.,-1.));
#4808=DIRECTION('',(0.,0.,-1.));
#4809=DIRECTION('',(-1.,2.75831807360287E-16,0.));
#4810=DIRECTION('',(0.,0.,1.));
#4811=DIRECTION('',(1.,-2.75831807360287E-16,0.));
#4812=DIRECTION('center_axis',(1.,0.,0.));
#4813=DIRECTION('ref_axis',(0.,-1.,0.));
#4814=DIRECTION('',(0.,0.,-1.));
#4815=DIRECTION('center_axis',(-1.,0.,0.));
#4816=DIRECTION('ref_axis',(0.,1.,0.));
#4817=DIRECTION('',(0.,-1.,0.));
#4818=DIRECTION('',(0.,0.,1.));
#4819=DIRECTION('',(0.,1.,0.));
#4820=DIRECTION('',(0.,0.,-1.));
#4821=DIRECTION('center_axis',(0.,0.,-1.));
#4822=DIRECTION('ref_axis',(-1.,0.,0.));
#4823=DIRECTION('',(-1.,0.,0.));
#4824=DIRECTION('',(0.,1.,0.));
#4825=DIRECTION('',(1.,0.,0.));
#4826=DIRECTION('center_axis',(0.,1.,0.));
#4827=DIRECTION('ref_axis',(1.,0.,0.));
#4828=DIRECTION('',(0.,0.,-1.));
#4829=DIRECTION('',(0.,0.,-1.));
#4830=DIRECTION('',(1.,0.,0.));
#4831=DIRECTION('',(0.,0.,1.));
#4832=DIRECTION('',(-1.,0.,0.));
#4833=DIRECTION('center_axis',(-1.,0.,0.));
#4834=DIRECTION('ref_axis',(0.,1.,0.));
#4835=DIRECTION('',(0.,0.,-1.));
#4836=DIRECTION('center_axis',(1.,0.,0.));
#4837=DIRECTION('ref_axis',(0.,-1.,0.));
#4838=DIRECTION('',(0.,-1.,0.));
#4839=DIRECTION('',(0.,0.,1.));
#4840=DIRECTION('',(0.,-1.,0.));
#4841=DIRECTION('',(0.,0.,-1.));
#4842=DIRECTION('center_axis',(0.,0.,-1.));
#4843=DIRECTION('ref_axis',(-1.,0.,0.));
#4844=DIRECTION('',(-1.,1.37915903680144E-16,0.));
#4845=DIRECTION('',(1.,0.,0.));
#4846=DIRECTION('',(0.,-1.,0.));
#4847=DIRECTION('center_axis',(-1.,0.,0.));
#4848=DIRECTION('ref_axis',(0.,1.,0.));
#4849=DIRECTION('',(0.,-1.,0.));
#4850=DIRECTION('',(0.,0.,1.));
#4851=DIRECTION('',(0.,1.,0.));
#4852=DIRECTION('',(0.,0.,-1.));
#4853=DIRECTION('center_axis',(0.,0.,-1.));
#4854=DIRECTION('ref_axis',(-1.,0.,0.));
#4855=DIRECTION('',(-1.,0.,0.));
#4856=DIRECTION('',(-3.14956886418484E-16,1.,0.));
#4857=DIRECTION('',(1.,0.,0.));
#4858=DIRECTION('center_axis',(0.,1.,0.));
#4859=DIRECTION('ref_axis',(1.,0.,0.));
#4860=DIRECTION('',(0.,0.,-1.));
#4861=DIRECTION('',(0.,0.,-1.));
#4862=DIRECTION('',(1.,0.,0.));
#4863=DIRECTION('',(0.,0.,1.));
#4864=DIRECTION('',(-1.,0.,0.));
#4865=DIRECTION('center_axis',(-1.,-3.14956886418484E-16,0.));
#4866=DIRECTION('ref_axis',(-3.14956886418484E-16,1.,0.));
#4867=DIRECTION('',(0.,0.,-1.));
#4868=DIRECTION('center_axis',(-1.,0.,0.));
#4869=DIRECTION('ref_axis',(0.,1.,0.));
#4870=DIRECTION('',(0.,-1.,0.));
#4871=DIRECTION('',(0.,0.,1.));
#4872=DIRECTION('',(0.,1.,0.));
#4873=DIRECTION('',(0.,0.,-1.));
#4874=DIRECTION('center_axis',(0.,0.,-1.));
#4875=DIRECTION('ref_axis',(-1.,0.,0.));
#4876=DIRECTION('',(-1.,1.37915903680144E-16,0.));
#4877=DIRECTION('',(-3.14956886418484E-16,1.,0.));
#4878=DIRECTION('',(1.,0.,0.));
#4879=DIRECTION('center_axis',(0.,1.,0.));
#4880=DIRECTION('ref_axis',(1.,0.,0.));
#4881=DIRECTION('',(0.,0.,-1.));
#4882=DIRECTION('',(0.,0.,-1.));
#4883=DIRECTION('',(1.,0.,0.));
#4884=DIRECTION('',(0.,0.,1.));
#4885=DIRECTION('',(-1.,0.,0.));
#4886=DIRECTION('center_axis',(-1.,-3.14956886418484E-16,0.));
#4887=DIRECTION('ref_axis',(-3.14956886418484E-16,1.,0.));
#4888=DIRECTION('',(0.,0.,-1.));
#4889=DIRECTION('center_axis',(-1.,0.,0.));
#4890=DIRECTION('ref_axis',(0.,1.,0.));
#4891=DIRECTION('',(0.,-1.,0.));
#4892=DIRECTION('',(0.,0.,1.));
#4893=DIRECTION('',(0.,1.,0.));
#4894=DIRECTION('',(0.,0.,-1.));
#4895=DIRECTION('center_axis',(0.,0.,-1.));
#4896=DIRECTION('ref_axis',(-1.,0.,0.));
#4897=DIRECTION('',(-1.,6.89579518400718E-17,0.));
#4898=DIRECTION('',(-3.14956886418484E-16,1.,0.));
#4899=DIRECTION('',(1.,0.,0.));
#4900=DIRECTION('center_axis',(0.,1.,0.));
#4901=DIRECTION('ref_axis',(1.,0.,0.));
#4902=DIRECTION('',(0.,0.,-1.));
#4903=DIRECTION('',(0.,0.,-1.));
#4904=DIRECTION('',(1.,0.,0.));
#4905=DIRECTION('',(0.,0.,1.));
#4906=DIRECTION('',(-1.,0.,0.));
#4907=DIRECTION('center_axis',(-1.,-3.14956886418484E-16,0.));
#4908=DIRECTION('ref_axis',(-3.14956886418484E-16,1.,0.));
#4909=DIRECTION('',(0.,0.,-1.));
#4910=DIRECTION('center_axis',(1.,0.,0.));
#4911=DIRECTION('ref_axis',(0.,-1.,0.));
#4912=DIRECTION('',(0.,-1.,0.));
#4913=DIRECTION('',(0.,0.,1.));
#4914=DIRECTION('',(0.,-1.,0.));
#4915=DIRECTION('',(0.,0.,-1.));
#4916=DIRECTION('center_axis',(0.,0.,-1.));
#4917=DIRECTION('ref_axis',(-1.,0.,0.));
#4918=DIRECTION('',(-1.,0.,0.));
#4919=DIRECTION('',(1.,0.,0.));
#4920=DIRECTION('',(0.,-1.,0.));
#4921=DIRECTION('center_axis',(-1.,0.,0.));
#4922=DIRECTION('ref_axis',(0.,1.,0.));
#4923=DIRECTION('',(0.,-1.,0.));
#4924=DIRECTION('',(0.,0.,1.));
#4925=DIRECTION('',(0.,1.,0.));
#4926=DIRECTION('',(0.,0.,-1.));
#4927=DIRECTION('center_axis',(0.,0.,-1.));
#4928=DIRECTION('ref_axis',(-1.,0.,0.));
#4929=DIRECTION('',(-1.,1.37915903680144E-16,0.));
#4930=DIRECTION('',(0.,1.,0.));
#4931=DIRECTION('',(1.,0.,0.));
#4932=DIRECTION('center_axis',(0.,1.,0.));
#4933=DIRECTION('ref_axis',(1.,0.,0.));
#4934=DIRECTION('',(0.,0.,-1.));
#4935=DIRECTION('',(0.,0.,-1.));
#4936=DIRECTION('',(1.,0.,0.));
#4937=DIRECTION('',(0.,0.,1.));
#4938=DIRECTION('',(-1.,0.,0.));
#4939=DIRECTION('center_axis',(-1.,0.,0.));
#4940=DIRECTION('ref_axis',(0.,1.,0.));
#4941=DIRECTION('',(0.,0.,-1.));
#4942=DIRECTION('center_axis',(-1.,0.,0.));
#4943=DIRECTION('ref_axis',(0.,1.,0.));
#4944=DIRECTION('',(0.,-1.,0.));
#4945=DIRECTION('',(0.,0.,1.));
#4946=DIRECTION('',(0.,1.,0.));
#4947=DIRECTION('',(0.,0.,-1.));
#4948=DIRECTION('center_axis',(0.,0.,-1.));
#4949=DIRECTION('ref_axis',(-1.,0.,0.));
#4950=DIRECTION('',(-1.,0.,0.));
#4951=DIRECTION('',(0.,1.,0.));
#4952=DIRECTION('',(1.,0.,0.));
#4953=DIRECTION('center_axis',(0.,1.,0.));
#4954=DIRECTION('ref_axis',(1.,0.,0.));
#4955=DIRECTION('',(0.,0.,-1.));
#4956=DIRECTION('',(0.,0.,-1.));
#4957=DIRECTION('',(1.,0.,0.));
#4958=DIRECTION('',(0.,0.,1.));
#4959=DIRECTION('',(-1.,0.,0.));
#4960=DIRECTION('center_axis',(-1.,0.,0.));
#4961=DIRECTION('ref_axis',(0.,1.,0.));
#4962=DIRECTION('',(0.,0.,-1.));
#4963=DIRECTION('center_axis',(-1.,0.,0.));
#4964=DIRECTION('ref_axis',(0.,1.,0.));
#4965=DIRECTION('',(0.,-1.,0.));
#4966=DIRECTION('',(0.,0.,1.));
#4967=DIRECTION('',(0.,1.,0.));
#4968=DIRECTION('',(0.,0.,-1.));
#4969=DIRECTION('center_axis',(0.,0.,-1.));
#4970=DIRECTION('ref_axis',(-1.,0.,0.));
#4971=DIRECTION('',(-1.,1.37915903680144E-16,0.));
#4972=DIRECTION('',(0.,1.,0.));
#4973=DIRECTION('',(1.,-2.75831807360287E-16,0.));
#4974=DIRECTION('center_axis',(2.75831807360287E-16,1.,0.));
#4975=DIRECTION('ref_axis',(1.,-2.75831807360287E-16,0.));
#4976=DIRECTION('',(0.,0.,-1.));
#4977=DIRECTION('',(0.,0.,-1.));
#4978=DIRECTION('',(1.,-2.75831807360287E-16,0.));
#4979=DIRECTION('',(0.,0.,1.));
#4980=DIRECTION('',(-1.,2.75831807360287E-16,0.));
#4981=DIRECTION('center_axis',(-1.,0.,0.));
#4982=DIRECTION('ref_axis',(0.,1.,0.));
#4983=DIRECTION('',(0.,0.,-1.));
#4984=DIRECTION('center_axis',(-1.,0.,0.));
#4985=DIRECTION('ref_axis',(0.,1.,0.));
#4986=DIRECTION('',(0.,-1.,0.));
#4987=DIRECTION('',(0.,0.,1.));
#4988=DIRECTION('',(0.,1.,0.));
#4989=DIRECTION('',(0.,0.,-1.));
#4990=DIRECTION('center_axis',(0.,0.,-1.));
#4991=DIRECTION('ref_axis',(-1.,0.,0.));
#4992=DIRECTION('',(-1.,1.37915903680144E-16,0.));
#4993=DIRECTION('',(0.,1.,0.));
#4994=DIRECTION('',(1.,-2.75831807360287E-16,0.));
#4995=DIRECTION('center_axis',(2.75831807360287E-16,1.,0.));
#4996=DIRECTION('ref_axis',(1.,-2.75831807360287E-16,0.));
#4997=DIRECTION('',(0.,0.,-1.));
#4998=DIRECTION('',(0.,0.,-1.));
#4999=DIRECTION('',(1.,-2.75831807360287E-16,0.));
#5000=DIRECTION('',(0.,0.,1.));
#5001=DIRECTION('',(-1.,2.75831807360287E-16,0.));
#5002=DIRECTION('center_axis',(-1.,0.,0.));
#5003=DIRECTION('ref_axis',(0.,1.,0.));
#5004=DIRECTION('',(0.,0.,-1.));
#5005=DIRECTION('center_axis',(-1.,0.,0.));
#5006=DIRECTION('ref_axis',(0.,1.,0.));
#5007=DIRECTION('',(0.,-1.,0.));
#5008=DIRECTION('',(0.,0.,1.));
#5009=DIRECTION('',(0.,1.,0.));
#5010=DIRECTION('',(0.,0.,-1.));
#5011=DIRECTION('center_axis',(0.,0.,-1.));
#5012=DIRECTION('ref_axis',(-1.,0.,0.));
#5013=DIRECTION('',(-1.,0.,0.));
#5014=DIRECTION('',(0.,1.,0.));
#5015=DIRECTION('',(1.,-2.75831807360287E-16,0.));
#5016=DIRECTION('center_axis',(2.75831807360287E-16,1.,0.));
#5017=DIRECTION('ref_axis',(1.,-2.75831807360287E-16,0.));
#5018=DIRECTION('',(0.,0.,-1.));
#5019=DIRECTION('',(0.,0.,-1.));
#5020=DIRECTION('',(1.,-2.75831807360287E-16,0.));
#5021=DIRECTION('',(0.,0.,1.));
#5022=DIRECTION('',(-1.,2.75831807360287E-16,0.));
#5023=DIRECTION('center_axis',(-1.,0.,0.));
#5024=DIRECTION('ref_axis',(0.,1.,0.));
#5025=DIRECTION('',(0.,0.,-1.));
#5026=DIRECTION('center_axis',(-1.,0.,0.));
#5027=DIRECTION('ref_axis',(0.,1.,0.));
#5028=DIRECTION('',(0.,-1.,0.));
#5029=DIRECTION('',(0.,0.,1.));
#5030=DIRECTION('',(0.,1.,0.));
#5031=DIRECTION('',(0.,0.,-1.));
#5032=DIRECTION('center_axis',(0.,0.,-1.));
#5033=DIRECTION('ref_axis',(-1.,0.,0.));
#5034=DIRECTION('',(-1.,0.,0.));
#5035=DIRECTION('',(0.,1.,0.));
#5036=DIRECTION('',(1.,0.,0.));
#5037=DIRECTION('center_axis',(0.,1.,0.));
#5038=DIRECTION('ref_axis',(1.,0.,0.));
#5039=DIRECTION('',(0.,0.,-1.));
#5040=DIRECTION('',(0.,0.,-1.));
#5041=DIRECTION('',(1.,0.,0.));
#5042=DIRECTION('',(0.,0.,1.));
#5043=DIRECTION('',(-1.,0.,0.));
#5044=DIRECTION('center_axis',(-1.,0.,0.));
#5045=DIRECTION('ref_axis',(0.,1.,0.));
#5046=DIRECTION('',(0.,0.,-1.));
#5047=DIRECTION('center_axis',(1.,0.,0.));
#5048=DIRECTION('ref_axis',(0.,-1.,0.));
#5049=DIRECTION('',(0.,-1.,0.));
#5050=DIRECTION('',(0.,0.,1.));
#5051=DIRECTION('',(0.,-1.,0.));
#5052=DIRECTION('',(0.,0.,-1.));
#5053=DIRECTION('center_axis',(0.,0.,-1.));
#5054=DIRECTION('ref_axis',(-1.,0.,0.));
#5055=DIRECTION('',(-1.,1.37915903680144E-16,0.));
#5056=DIRECTION('',(1.,-2.75831807360287E-16,0.));
#5057=DIRECTION('',(0.,-1.,0.));
#5058=DIRECTION('center_axis',(-1.,0.,0.));
#5059=DIRECTION('ref_axis',(0.,1.,0.));
#5060=DIRECTION('',(0.,-1.,0.));
#5061=DIRECTION('',(0.,0.,1.));
#5062=DIRECTION('',(0.,1.,0.));
#5063=DIRECTION('',(0.,0.,-1.));
#5064=DIRECTION('center_axis',(0.,0.,-1.));
#5065=DIRECTION('ref_axis',(-1.,0.,0.));
#5066=DIRECTION('',(-1.,1.37915903680144E-16,0.));
#5067=DIRECTION('',(0.,1.,0.));
#5068=DIRECTION('',(1.,-2.75831807360287E-16,0.));
#5069=DIRECTION('center_axis',(2.75831807360287E-16,1.,0.));
#5070=DIRECTION('ref_axis',(1.,-2.75831807360287E-16,0.));
#5071=DIRECTION('',(0.,0.,-1.));
#5072=DIRECTION('',(0.,0.,-1.));
#5073=DIRECTION('',(1.,-2.75831807360287E-16,0.));
#5074=DIRECTION('',(0.,0.,1.));
#5075=DIRECTION('',(-1.,2.75831807360287E-16,0.));
#5076=DIRECTION('center_axis',(-1.,0.,0.));
#5077=DIRECTION('ref_axis',(0.,1.,0.));
#5078=DIRECTION('',(0.,0.,-1.));
#5079=DIRECTION('center_axis',(-1.,0.,0.));
#5080=DIRECTION('ref_axis',(0.,1.,0.));
#5081=DIRECTION('',(0.,-1.,0.));
#5082=DIRECTION('',(0.,0.,1.));
#5083=DIRECTION('',(0.,1.,0.));
#5084=DIRECTION('',(0.,0.,-1.));
#5085=DIRECTION('center_axis',(0.,0.,-1.));
#5086=DIRECTION('ref_axis',(-1.,0.,0.));
#5087=DIRECTION('',(-1.,2.06873855520218E-16,0.));
#5088=DIRECTION('',(0.,1.,0.));
#5089=DIRECTION('',(1.,-6.89579518400718E-17,0.));
#5090=DIRECTION('center_axis',(6.89579518400718E-17,1.,0.));
#5091=DIRECTION('ref_axis',(1.,-6.89579518400718E-17,0.));
#5092=DIRECTION('',(0.,0.,-1.));
#5093=DIRECTION('',(0.,0.,-1.));
#5094=DIRECTION('',(1.,-6.89579518400718E-17,0.));
#5095=DIRECTION('',(0.,0.,1.));
#5096=DIRECTION('',(-1.,6.89579518400718E-17,0.));
#5097=DIRECTION('center_axis',(-1.,0.,0.));
#5098=DIRECTION('ref_axis',(0.,1.,0.));
#5099=DIRECTION('',(0.,0.,-1.));
#5100=DIRECTION('center_axis',(-1.,0.,0.));
#5101=DIRECTION('ref_axis',(0.,1.,0.));
#5102=DIRECTION('',(0.,-1.,0.));
#5103=DIRECTION('',(0.,0.,1.));
#5104=DIRECTION('',(0.,1.,0.));
#5105=DIRECTION('',(0.,0.,-1.));
#5106=DIRECTION('center_axis',(0.,0.,-1.));
#5107=DIRECTION('ref_axis',(-1.,0.,0.));
#5108=DIRECTION('',(-1.,5.51663614720582E-16,0.));
#5109=DIRECTION('',(0.,1.,0.));
#5110=DIRECTION('',(1.,0.,0.));
#5111=DIRECTION('center_axis',(0.,1.,0.));
#5112=DIRECTION('ref_axis',(1.,0.,0.));
#5113=DIRECTION('',(0.,0.,-1.));
#5114=DIRECTION('',(0.,0.,-1.));
#5115=DIRECTION('',(1.,0.,0.));
#5116=DIRECTION('',(0.,0.,1.));
#5117=DIRECTION('',(-1.,0.,0.));
#5118=DIRECTION('center_axis',(-1.,0.,0.));
#5119=DIRECTION('ref_axis',(0.,1.,0.));
#5120=DIRECTION('',(0.,0.,-1.));
#5121=DIRECTION('center_axis',(-1.,0.,0.));
#5122=DIRECTION('ref_axis',(0.,1.,0.));
#5123=DIRECTION('',(0.,-1.,0.));
#5124=DIRECTION('',(0.,1.,0.));
#5125=DIRECTION('',(0.,0.,-1.));
#5126=DIRECTION('center_axis',(0.,0.,-1.));
#5127=DIRECTION('ref_axis',(-1.,0.,0.));
#5128=DIRECTION('',(0.,1.,0.));
#5129=DIRECTION('',(1.,0.,0.));
#5130=DIRECTION('center_axis',(0.,1.,0.));
#5131=DIRECTION('ref_axis',(1.,0.,0.));
#5132=DIRECTION('',(-1.,0.,0.));
#5133=DIRECTION('',(0.,0.,-1.));
#5134=DIRECTION('center_axis',(-1.,0.,0.));
#5135=DIRECTION('ref_axis',(0.,1.,0.));
#5136=DIRECTION('center_axis',(1.,0.,0.));
#5137=DIRECTION('ref_axis',(0.,-1.,0.));
#5138=DIRECTION('',(0.,-1.,0.));
#5139=DIRECTION('',(0.,-1.,0.));
#5140=DIRECTION('',(0.,0.,-1.));
#5141=DIRECTION('center_axis',(0.,0.,-1.));
#5142=DIRECTION('ref_axis',(-1.,0.,0.));
#5143=DIRECTION('',(-1.51179305480872E-14,-1.,0.));
#5144=DIRECTION('',(-1.,2.75831807360291E-16,0.));
#5145=DIRECTION('center_axis',(-2.75831807360291E-16,-1.,0.));
#5146=DIRECTION('ref_axis',(-1.,2.75831807360291E-16,0.));
#5147=DIRECTION('',(1.,-2.75831807360291E-16,0.));
#5148=DIRECTION('',(0.,0.,-1.));
#5149=DIRECTION('center_axis',(1.,-1.51179305480872E-14,0.));
#5150=DIRECTION('ref_axis',(-1.51179305480872E-14,-1.,0.));
#5151=DIRECTION('center_axis',(-1.,0.,0.));
#5152=DIRECTION('ref_axis',(0.,1.,0.));
#5153=DIRECTION('',(0.,-1.,0.));
#5154=DIRECTION('',(0.,0.,1.));
#5155=DIRECTION('',(0.,1.,0.));
#5156=DIRECTION('',(0.,0.,-1.));
#5157=DIRECTION('center_axis',(0.,0.,-1.));
#5158=DIRECTION('ref_axis',(-1.,0.,0.));
#5159=DIRECTION('',(-1.,0.,0.));
#5160=DIRECTION('',(0.,1.,0.));
#5161=DIRECTION('',(1.,0.,0.));
#5162=DIRECTION('center_axis',(0.,1.,0.));
#5163=DIRECTION('ref_axis',(1.,0.,0.));
#5164=DIRECTION('',(-1.,0.,0.));
#5165=DIRECTION('',(0.,0.,-1.));
#5166=DIRECTION('',(0.,0.,-1.));
#5167=DIRECTION('center_axis',(-1.,0.,0.));
#5168=DIRECTION('ref_axis',(0.,1.,0.));
#5169=DIRECTION('',(0.,0.,-1.));
#5170=DIRECTION('center_axis',(-1.,0.,0.));
#5171=DIRECTION('ref_axis',(0.,1.,0.));
#5172=DIRECTION('',(0.,-1.,0.));
#5173=DIRECTION('',(0.,0.,1.));
#5174=DIRECTION('',(0.,1.,0.));
#5175=DIRECTION('',(0.,0.,-1.));
#5176=DIRECTION('center_axis',(0.,0.,-1.));
#5177=DIRECTION('ref_axis',(-1.,0.,0.));
#5178=DIRECTION('',(-1.,0.,0.));
#5179=DIRECTION('',(0.,1.,0.));
#5180=DIRECTION('',(1.,-2.75831807360287E-16,0.));
#5181=DIRECTION('center_axis',(2.75831807360287E-16,1.,0.));
#5182=DIRECTION('ref_axis',(1.,-2.75831807360287E-16,0.));
#5183=DIRECTION('',(-1.,2.75831807360287E-16,0.));
#5184=DIRECTION('',(0.,0.,-1.));
#5185=DIRECTION('',(0.,0.,-1.));
#5186=DIRECTION('center_axis',(-1.,0.,0.));
#5187=DIRECTION('ref_axis',(0.,1.,0.));
#5188=DIRECTION('',(0.,0.,-1.));
#5189=DIRECTION('center_axis',(-1.,0.,0.));
#5190=DIRECTION('ref_axis',(0.,1.,0.));
#5191=DIRECTION('',(0.,-1.,0.));
#5192=DIRECTION('',(0.,1.,0.));
#5193=DIRECTION('',(0.,0.,-1.));
#5194=DIRECTION('center_axis',(0.,0.,-1.));
#5195=DIRECTION('ref_axis',(-1.,0.,0.));
#5196=DIRECTION('',(0.,1.,0.));
#5197=DIRECTION('',(1.,-4.13747711040431E-16,0.));
#5198=DIRECTION('center_axis',(4.13747711040431E-16,1.,0.));
#5199=DIRECTION('ref_axis',(1.,-4.13747711040431E-16,0.));
#5200=DIRECTION('',(-1.,4.13747711040431E-16,0.));
#5201=DIRECTION('',(0.,0.,-1.));
#5202=DIRECTION('center_axis',(-1.,0.,0.));
#5203=DIRECTION('ref_axis',(0.,1.,0.));
#5204=DIRECTION('center_axis',(-1.,0.,0.));
#5205=DIRECTION('ref_axis',(0.,1.,0.));
#5206=DIRECTION('',(0.,-1.,0.));
#5207=DIRECTION('',(0.,0.,1.));
#5208=DIRECTION('',(0.,1.,0.));
#5209=DIRECTION('',(0.,0.,-1.));
#5210=DIRECTION('center_axis',(0.,0.,-1.));
#5211=DIRECTION('ref_axis',(-1.,0.,0.));
#5212=DIRECTION('',(-1.,2.75831807360287E-16,0.));
#5213=DIRECTION('',(0.,1.,0.));
#5214=DIRECTION('',(1.,-4.13747711040431E-16,0.));
#5215=DIRECTION('center_axis',(4.13747711040431E-16,1.,0.));
#5216=DIRECTION('ref_axis',(1.,-4.13747711040431E-16,0.));
#5217=DIRECTION('',(-1.,4.13747711040431E-16,0.));
#5218=DIRECTION('',(0.,0.,-1.));
#5219=DIRECTION('',(0.,0.,-1.));
#5220=DIRECTION('center_axis',(-1.,0.,0.));
#5221=DIRECTION('ref_axis',(0.,1.,0.));
#5222=DIRECTION('',(0.,0.,-1.));
#5223=DIRECTION('center_axis',(-1.,0.,0.));
#5224=DIRECTION('ref_axis',(0.,1.,0.));
#5225=DIRECTION('',(0.,-1.,0.));
#5226=DIRECTION('',(0.,1.,0.));
#5227=DIRECTION('',(0.,0.,-1.));
#5228=DIRECTION('center_axis',(0.,0.,-1.));
#5229=DIRECTION('ref_axis',(-1.,0.,0.));
#5230=DIRECTION('',(0.,1.,0.));
#5231=DIRECTION('',(1.,0.,0.));
#5232=DIRECTION('center_axis',(0.,1.,0.));
#5233=DIRECTION('ref_axis',(1.,0.,0.));
#5234=DIRECTION('',(-1.,0.,0.));
#5235=DIRECTION('',(0.,0.,-1.));
#5236=DIRECTION('center_axis',(-1.,0.,0.));
#5237=DIRECTION('ref_axis',(0.,1.,0.));
#5238=DIRECTION('center_axis',(-1.,0.,0.));
#5239=DIRECTION('ref_axis',(0.,1.,0.));
#5240=DIRECTION('',(0.,-1.,0.));
#5241=DIRECTION('',(0.,1.,0.));
#5242=DIRECTION('',(0.,0.,-1.));
#5243=DIRECTION('center_axis',(0.,0.,-1.));
#5244=DIRECTION('ref_axis',(-1.,0.,0.));
#5245=DIRECTION('',(0.,1.,0.));
#5246=DIRECTION('',(1.,-2.75831807360287E-16,0.));
#5247=DIRECTION('center_axis',(2.75831807360287E-16,1.,0.));
#5248=DIRECTION('ref_axis',(1.,-2.75831807360287E-16,0.));
#5249=DIRECTION('',(-1.,2.75831807360287E-16,0.));
#5250=DIRECTION('',(0.,0.,-1.));
#5251=DIRECTION('center_axis',(-1.,0.,0.));
#5252=DIRECTION('ref_axis',(0.,1.,0.));
#5253=DIRECTION('center_axis',(1.,0.,0.));
#5254=DIRECTION('ref_axis',(0.,-1.,0.));
#5255=DIRECTION('',(0.,-1.,0.));
#5256=DIRECTION('',(0.,-1.,0.));
#5257=DIRECTION('',(0.,0.,-1.));
#5258=DIRECTION('center_axis',(0.,0.,-1.));
#5259=DIRECTION('ref_axis',(-1.,0.,0.));
#5260=DIRECTION('',(-1.,0.,0.));
#5261=DIRECTION('',(0.,-1.,0.));
#5262=DIRECTION('center_axis',(-1.,0.,0.));
#5263=DIRECTION('ref_axis',(0.,1.,0.));
#5264=DIRECTION('',(0.,-1.,0.));
#5265=DIRECTION('',(0.,0.,1.));
#5266=DIRECTION('',(0.,1.,0.));
#5267=DIRECTION('',(0.,0.,-1.));
#5268=DIRECTION('center_axis',(0.,0.,-1.));
#5269=DIRECTION('ref_axis',(-1.,0.,0.));
#5270=DIRECTION('',(-1.,1.37915903680144E-16,0.));
#5271=DIRECTION('',(0.,1.,0.));
#5272=DIRECTION('',(1.,0.,0.));
#5273=DIRECTION('center_axis',(0.,1.,0.));
#5274=DIRECTION('ref_axis',(1.,0.,0.));
#5275=DIRECTION('',(-1.,0.,0.));
#5276=DIRECTION('',(0.,0.,-1.));
#5277=DIRECTION('',(0.,0.,-1.));
#5278=DIRECTION('center_axis',(-1.,0.,0.));
#5279=DIRECTION('ref_axis',(0.,1.,0.));
#5280=DIRECTION('',(0.,0.,-1.));
#5281=DIRECTION('center_axis',(1.,0.,0.));
#5282=DIRECTION('ref_axis',(0.,-1.,0.));
#5283=DIRECTION('',(0.,-1.,0.));
#5284=DIRECTION('',(0.,-1.,0.));
#5285=DIRECTION('',(0.,0.,-1.));
#5286=DIRECTION('center_axis',(0.,0.,-1.));
#5287=DIRECTION('ref_axis',(-1.,0.,0.));
#5288=DIRECTION('',(-1.,0.,0.));
#5289=DIRECTION('',(0.,-1.,0.));
#5290=DIRECTION('center_axis',(1.,0.,0.));
#5291=DIRECTION('ref_axis',(0.,-1.,0.));
#5292=DIRECTION('',(0.,-1.,0.));
#5293=DIRECTION('',(0.,-1.,0.));
#5294=DIRECTION('',(0.,0.,-1.));
#5295=DIRECTION('center_axis',(0.,0.,-1.));
#5296=DIRECTION('ref_axis',(-1.,0.,0.));
#5297=DIRECTION('',(-1.,1.37915903680144E-16,0.));
#5298=DIRECTION('',(0.,-1.,0.));
#5299=DIRECTION('center_axis',(1.,0.,0.));
#5300=DIRECTION('ref_axis',(0.,-1.,0.));
#5301=DIRECTION('',(0.,-1.,0.));
#5302=DIRECTION('',(0.,-1.,0.));
#5303=DIRECTION('',(0.,0.,-1.));
#5304=DIRECTION('center_axis',(0.,0.,-1.));
#5305=DIRECTION('ref_axis',(-1.,0.,0.));
#5306=DIRECTION('',(-1.,6.89579518400718E-17,0.));
#5307=DIRECTION('',(0.,-1.,0.));
#5308=DIRECTION('center_axis',(-1.,0.,0.));
#5309=DIRECTION('ref_axis',(0.,1.,0.));
#5310=DIRECTION('',(0.,-1.,0.));
#5311=DIRECTION('',(0.,0.,1.));
#5312=DIRECTION('',(0.,1.,0.));
#5313=DIRECTION('',(0.,0.,-1.));
#5314=DIRECTION('center_axis',(0.,0.,-1.));
#5315=DIRECTION('ref_axis',(-1.,0.,0.));
#5316=DIRECTION('',(-1.,0.,0.));
#5317=DIRECTION('',(-3.14956886418484E-16,1.,0.));
#5318=DIRECTION('',(1.,0.,0.));
#5319=DIRECTION('center_axis',(0.,1.,0.));
#5320=DIRECTION('ref_axis',(1.,0.,0.));
#5321=DIRECTION('',(-1.,0.,0.));
#5322=DIRECTION('',(0.,0.,-1.));
#5323=DIRECTION('',(0.,0.,-1.));
#5324=DIRECTION('center_axis',(-1.,-3.14956886418484E-16,0.));
#5325=DIRECTION('ref_axis',(-3.14956886418484E-16,1.,0.));
#5326=DIRECTION('',(0.,0.,-1.));
#5327=DIRECTION('center_axis',(1.,0.,0.));
#5328=DIRECTION('ref_axis',(0.,-1.,0.));
#5329=DIRECTION('',(0.,-1.,0.));
#5330=DIRECTION('',(0.,-1.,0.));
#5331=DIRECTION('',(0.,0.,-1.));
#5332=DIRECTION('center_axis',(0.,0.,-1.));
#5333=DIRECTION('ref_axis',(-1.,0.,0.));
#5334=DIRECTION('',(-1.,1.37915903680144E-16,0.));
#5335=DIRECTION('',(0.,-1.,0.));
#5336=DIRECTION('center_axis',(1.,0.,0.));
#5337=DIRECTION('ref_axis',(0.,-1.,0.));
#5338=DIRECTION('',(0.,-1.,0.));
#5339=DIRECTION('',(0.,-1.,0.));
#5340=DIRECTION('',(0.,0.,-1.));
#5341=DIRECTION('center_axis',(0.,0.,-1.));
#5342=DIRECTION('ref_axis',(-1.,0.,0.));
#5343=DIRECTION('',(-1.,0.,0.));
#5344=DIRECTION('',(0.,-1.,0.));
#5345=DIRECTION('center_axis',(1.,0.,0.));
#5346=DIRECTION('ref_axis',(0.,-1.,0.));
#5347=DIRECTION('',(0.,-1.,0.));
#5348=DIRECTION('',(0.,-1.,0.));
#5349=DIRECTION('',(0.,0.,-1.));
#5350=DIRECTION('center_axis',(0.,0.,-1.));
#5351=DIRECTION('ref_axis',(-1.,0.,0.));
#5352=DIRECTION('',(0.,-1.,0.));
#5353=DIRECTION('',(-1.,1.37915903680144E-16,0.));
#5354=DIRECTION('center_axis',(-1.37915903680144E-16,-1.,0.));
#5355=DIRECTION('ref_axis',(-1.,1.37915903680144E-16,0.));
#5356=DIRECTION('',(1.,-1.37915903680144E-16,0.));
#5357=DIRECTION('',(0.,0.,-1.));
#5358=DIRECTION('center_axis',(1.,0.,0.));
#5359=DIRECTION('ref_axis',(0.,-1.,0.));
#5360=DIRECTION('center_axis',(1.,0.,0.));
#5361=DIRECTION('ref_axis',(0.,-1.,0.));
#5362=DIRECTION('',(0.,-1.,0.));
#5363=DIRECTION('',(0.,-1.,0.));
#5364=DIRECTION('',(0.,0.,-1.));
#5365=DIRECTION('center_axis',(0.,0.,-1.));
#5366=DIRECTION('ref_axis',(-1.,0.,0.));
#5367=DIRECTION('',(-1.,1.37915903680144E-16,0.));
#5368=DIRECTION('',(0.,-1.,0.));
#5369=DIRECTION('center_axis',(1.,0.,0.));
#5370=DIRECTION('ref_axis',(0.,-1.,0.));
#5371=DIRECTION('',(0.,-1.,0.));
#5372=DIRECTION('',(0.,-1.,0.));
#5373=DIRECTION('',(0.,0.,-1.));
#5374=DIRECTION('center_axis',(0.,0.,-1.));
#5375=DIRECTION('ref_axis',(-1.,0.,0.));
#5376=DIRECTION('',(0.,-1.,0.));
#5377=DIRECTION('',(-1.,0.,0.));
#5378=DIRECTION('center_axis',(0.,-1.,0.));
#5379=DIRECTION('ref_axis',(-1.,0.,0.));
#5380=DIRECTION('',(1.,0.,0.));
#5381=DIRECTION('',(0.,0.,-1.));
#5382=DIRECTION('center_axis',(1.,0.,0.));
#5383=DIRECTION('ref_axis',(0.,-1.,0.));
#5384=DIRECTION('center_axis',(1.,0.,0.));
#5385=DIRECTION('ref_axis',(0.,-1.,0.));
#5386=DIRECTION('',(0.,-1.,0.));
#5387=DIRECTION('',(0.,-1.,0.));
#5388=DIRECTION('',(0.,0.,-1.));
#5389=DIRECTION('center_axis',(0.,0.,-1.));
#5390=DIRECTION('ref_axis',(-1.,0.,0.));
#5391=DIRECTION('',(0.,-1.,0.));
#5392=DIRECTION('',(-1.,0.,0.));
#5393=DIRECTION('center_axis',(0.,-1.,0.));
#5394=DIRECTION('ref_axis',(-1.,0.,0.));
#5395=DIRECTION('',(1.,0.,0.));
#5396=DIRECTION('',(0.,0.,-1.));
#5397=DIRECTION('center_axis',(1.,0.,0.));
#5398=DIRECTION('ref_axis',(0.,-1.,0.));
#5399=DIRECTION('center_axis',(-1.,0.,0.));
#5400=DIRECTION('ref_axis',(0.,1.,0.));
#5401=DIRECTION('',(0.,-1.,0.));
#5402=DIRECTION('',(0.,0.,1.));
#5403=DIRECTION('',(0.,1.,0.));
#5404=DIRECTION('',(0.,0.,-1.));
#5405=DIRECTION('center_axis',(0.,0.,-1.));
#5406=DIRECTION('ref_axis',(-1.,0.,0.));
#5407=DIRECTION('',(-1.,1.37915903680144E-16,0.));
#5408=DIRECTION('',(0.,1.,0.));
#5409=DIRECTION('',(1.,-2.75831807360287E-16,0.));
#5410=DIRECTION('center_axis',(2.75831807360287E-16,1.,0.));
#5411=DIRECTION('ref_axis',(1.,-2.75831807360287E-16,0.));
#5412=DIRECTION('',(-1.,2.75831807360287E-16,0.));
#5413=DIRECTION('',(0.,0.,-1.));
#5414=DIRECTION('',(0.,0.,-1.));
#5415=DIRECTION('center_axis',(-1.,0.,0.));
#5416=DIRECTION('ref_axis',(0.,1.,0.));
#5417=DIRECTION('',(0.,0.,-1.));
#5418=DIRECTION('center_axis',(1.,0.,0.));
#5419=DIRECTION('ref_axis',(0.,-1.,0.));
#5420=DIRECTION('',(0.,-1.,0.));
#5421=DIRECTION('',(0.,-1.,0.));
#5422=DIRECTION('',(0.,0.,-1.));
#5423=DIRECTION('center_axis',(0.,0.,-1.));
#5424=DIRECTION('ref_axis',(-1.,0.,0.));
#5425=DIRECTION('',(-1.,1.37915903680144E-16,0.));
#5426=DIRECTION('',(0.,-1.,0.));
#5427=DIRECTION('center_axis',(1.,0.,0.));
#5428=DIRECTION('ref_axis',(0.,-1.,0.));
#5429=DIRECTION('',(0.,-1.,0.));
#5430=DIRECTION('',(0.,-1.,0.));
#5431=DIRECTION('',(0.,0.,-1.));
#5432=DIRECTION('center_axis',(0.,0.,-1.));
#5433=DIRECTION('ref_axis',(-1.,0.,0.));
#5434=DIRECTION('',(-1.,2.06873855520218E-16,0.));
#5435=DIRECTION('',(-1.51179305480872E-14,-1.,0.));
#5436=DIRECTION('center_axis',(1.,0.,0.));
#5437=DIRECTION('ref_axis',(0.,-1.,0.));
#5438=DIRECTION('',(0.,-1.,0.));
#5439=DIRECTION('',(0.,-1.,0.));
#5440=DIRECTION('',(0.,0.,-1.));
#5441=DIRECTION('center_axis',(0.,0.,-1.));
#5442=DIRECTION('ref_axis',(-1.,0.,0.));
#5443=DIRECTION('',(-1.51179305480872E-14,-1.,0.));
#5444=DIRECTION('',(-1.,5.51663614720582E-16,0.));
#5445=DIRECTION('center_axis',(-5.51663614720582E-16,-1.,0.));
#5446=DIRECTION('ref_axis',(-1.,5.51663614720582E-16,0.));
#5447=DIRECTION('',(1.,-5.51663614720582E-16,0.));
#5448=DIRECTION('',(0.,0.,-1.));
#5449=DIRECTION('center_axis',(1.,-1.51179305480872E-14,0.));
#5450=DIRECTION('ref_axis',(-1.51179305480872E-14,-1.,0.));
#5451=DIRECTION('center_axis',(1.,0.,0.));
#5452=DIRECTION('ref_axis',(0.,-1.,0.));
#5453=DIRECTION('',(0.,0.,-1.));
#5454=DIRECTION('center_axis',(-6.89579518400718E-17,-1.,0.));
#5455=DIRECTION('ref_axis',(-1.,6.89579518400718E-17,0.));
#5456=DIRECTION('',(1.,-6.89579518400718E-17,0.));
#5457=DIRECTION('center_axis',(1.,0.,0.));
#5458=DIRECTION('ref_axis',(0.,-1.,0.));
#5459=DIRECTION('',(0.,0.,-1.));
#5460=DIRECTION('center_axis',(-1.37915903680144E-16,-1.,0.));
#5461=DIRECTION('ref_axis',(-1.,1.37915903680144E-16,0.));
#5462=DIRECTION('',(1.,-1.37915903680144E-16,0.));
#5463=DIRECTION('center_axis',(1.,0.,0.));
#5464=DIRECTION('ref_axis',(0.,-1.,0.));
#5465=DIRECTION('',(0.,0.,-1.));
#5466=DIRECTION('center_axis',(0.,-1.,0.));
#5467=DIRECTION('ref_axis',(-1.,0.,0.));
#5468=DIRECTION('',(1.,0.,0.));
#5469=DIRECTION('center_axis',(1.,0.,0.));
#5470=DIRECTION('ref_axis',(0.,-1.,0.));
#5471=DIRECTION('',(0.,0.,-1.));
#5472=DIRECTION('center_axis',(-1.37915903680144E-16,-1.,0.));
#5473=DIRECTION('ref_axis',(-1.,1.37915903680144E-16,0.));
#5474=DIRECTION('',(1.,-1.37915903680144E-16,0.));
#5475=DIRECTION('center_axis',(1.,0.,0.));
#5476=DIRECTION('ref_axis',(0.,-1.,0.));
#5477=DIRECTION('',(0.,0.,-1.));
#5478=DIRECTION('center_axis',(0.,-1.,0.));
#5479=DIRECTION('ref_axis',(-1.,0.,0.));
#5480=DIRECTION('',(1.,0.,0.));
#5481=DIRECTION('center_axis',(1.,0.,0.));
#5482=DIRECTION('ref_axis',(0.,-1.,0.));
#5483=DIRECTION('',(0.,0.,-1.));
#5484=DIRECTION('center_axis',(0.,-1.,0.));
#5485=DIRECTION('ref_axis',(-1.,0.,0.));
#5486=DIRECTION('',(1.,0.,0.));
#5487=DIRECTION('center_axis',(1.,-1.51179305480872E-14,0.));
#5488=DIRECTION('ref_axis',(-1.51179305480872E-14,-1.,0.));
#5489=DIRECTION('',(0.,0.,-1.));
#5490=DIRECTION('center_axis',(-2.06873855520218E-16,-1.,0.));
#5491=DIRECTION('ref_axis',(-1.,2.06873855520218E-16,0.));
#5492=DIRECTION('',(1.,-2.06873855520218E-16,0.));
#5493=DIRECTION('center_axis',(1.,0.,0.));
#5494=DIRECTION('ref_axis',(0.,-1.,0.));
#5495=DIRECTION('',(0.,0.,-1.));
#5496=DIRECTION('center_axis',(0.,-1.,0.));
#5497=DIRECTION('ref_axis',(-1.,0.,0.));
#5498=DIRECTION('',(1.,0.,0.));
#5499=DIRECTION('center_axis',(1.,0.,0.));
#5500=DIRECTION('ref_axis',(0.,-1.,0.));
#5501=DIRECTION('',(0.,0.,-1.));
#5502=DIRECTION('center_axis',(0.,-1.,0.));
#5503=DIRECTION('ref_axis',(-1.,0.,0.));
#5504=DIRECTION('',(1.,0.,0.));
#5505=DIRECTION('center_axis',(1.,0.,0.));
#5506=DIRECTION('ref_axis',(0.,-1.,0.));
#5507=DIRECTION('',(0.,0.,-1.));
#5508=DIRECTION('center_axis',(-2.75831807360287E-16,-1.,0.));
#5509=DIRECTION('ref_axis',(-1.,2.75831807360287E-16,0.));
#5510=DIRECTION('',(1.,-2.75831807360287E-16,0.));
#5511=DIRECTION('center_axis',(1.,0.,0.));
#5512=DIRECTION('ref_axis',(0.,-1.,0.));
#5513=DIRECTION('',(0.,0.,-1.));
#5514=DIRECTION('center_axis',(0.,-1.,0.));
#5515=DIRECTION('ref_axis',(-1.,0.,0.));
#5516=DIRECTION('',(1.,0.,0.));
#5517=DIRECTION('center_axis',(1.,0.,0.));
#5518=DIRECTION('ref_axis',(0.,-1.,0.));
#5519=DIRECTION('',(0.,0.,-1.));
#5520=DIRECTION('center_axis',(-1.37915903680144E-16,-1.,0.));
#5521=DIRECTION('ref_axis',(-1.,1.37915903680144E-16,0.));
#5522=DIRECTION('',(1.,-1.37915903680144E-16,0.));
#5523=DIRECTION('center_axis',(1.,0.,0.));
#5524=DIRECTION('ref_axis',(0.,-1.,0.));
#5525=DIRECTION('',(0.,0.,-1.));
#5526=DIRECTION('center_axis',(-1.37915903680144E-16,-1.,0.));
#5527=DIRECTION('ref_axis',(-1.,1.37915903680144E-16,0.));
#5528=DIRECTION('',(1.,-1.37915903680144E-16,0.));
#5529=DIRECTION('center_axis',(1.,0.,0.));
#5530=DIRECTION('ref_axis',(0.,-1.,0.));
#5531=DIRECTION('',(0.,0.,-1.));
#5532=DIRECTION('center_axis',(-1.37915903680144E-16,-1.,0.));
#5533=DIRECTION('ref_axis',(-1.,1.37915903680144E-16,0.));
#5534=DIRECTION('',(1.,-1.37915903680144E-16,0.));
#5535=DIRECTION('center_axis',(1.,0.,0.));
#5536=DIRECTION('ref_axis',(0.,-1.,0.));
#5537=DIRECTION('',(0.,0.,-1.));
#5538=DIRECTION('center_axis',(-1.37915903680144E-16,-1.,0.));
#5539=DIRECTION('ref_axis',(-1.,1.37915903680144E-16,0.));
#5540=DIRECTION('',(1.,-1.37915903680144E-16,0.));
#5541=DIRECTION('center_axis',(0.,-1.,0.));
#5542=DIRECTION('ref_axis',(-1.,0.,0.));
#5543=DIRECTION('',(1.,0.,0.));
#5544=DIRECTION('center_axis',(7.45741746179786E-17,1.,0.));
#5545=DIRECTION('ref_axis',(1.,-7.45741746179786E-17,0.));
#5546=DIRECTION('',(-1.,7.45741746179786E-17,0.));
#5547=DIRECTION('center_axis',(0.,0.,1.));
#5548=DIRECTION('ref_axis',(1.,0.,0.));
#5549=CARTESIAN_POINT('',(0.,0.,0.));
#5550=CARTESIAN_POINT('Origin',(103.275,17.55,0.));
#5551=CARTESIAN_POINT('',(107.175,17.55,-2.));
#5552=CARTESIAN_POINT('',(103.275,21.45,-2.));
#5553=CARTESIAN_POINT('Origin',(103.275,17.55,-2.));
#5554=CARTESIAN_POINT('',(103.275,21.45,0.));
#5555=CARTESIAN_POINT('',(103.275,21.45,0.));
#5556=CARTESIAN_POINT('',(107.175,17.55,0.));
#5557=CARTESIAN_POINT('Origin',(103.275,17.55,0.));
#5558=CARTESIAN_POINT('',(107.175,17.55,0.));
#5559=CARTESIAN_POINT('Origin',(47.625,-23.8125,-2.));
#5560=CARTESIAN_POINT('',(107.175,-65.175,-2.));
#5561=CARTESIAN_POINT('',(107.175,-69.075,-2.));
#5562=CARTESIAN_POINT('',(103.275,-69.075,-2.));
#5563=CARTESIAN_POINT('Origin',(103.275,-65.175,-2.));
#5564=CARTESIAN_POINT('',(-8.025,-69.075,-2.));
#5565=CARTESIAN_POINT('',(-11.925,-69.075,-2.));
#5566=CARTESIAN_POINT('',(-11.925,-65.175,-2.));
#5567=CARTESIAN_POINT('Origin',(-8.025,-65.175,-2.));
#5568=CARTESIAN_POINT('',(-11.925,17.55,-2.));
#5569=CARTESIAN_POINT('',(-11.925,21.45,-2.));
#5570=CARTESIAN_POINT('',(-8.025,21.45,-2.));
#5571=CARTESIAN_POINT('Origin',(-8.025,17.55,-2.));
#5572=CARTESIAN_POINT('',(107.175,21.45,-2.));
#5573=CARTESIAN_POINT('',(84.25,-1.81125000000001,-2.));
#5574=CARTESIAN_POINT('',(84.25,12.28875,-2.));
#5575=CARTESIAN_POINT('',(84.25,12.28875,-2.));
#5576=CARTESIAN_POINT('',(68.15,12.28875,-2.));
#5577=CARTESIAN_POINT('',(68.15,12.28875,-2.));
#5578=CARTESIAN_POINT('',(68.15,-1.81125,-2.));
#5579=CARTESIAN_POINT('',(68.15,-1.81125,-2.));
#5580=CARTESIAN_POINT('',(84.25,-1.81125000000001,-2.));
#5581=CARTESIAN_POINT('',(87.2,-64.2,-2.));
#5582=CARTESIAN_POINT('',(103.3,-64.2,-2.));
#5583=CARTESIAN_POINT('',(103.3,-64.2,-2.));
#5584=CARTESIAN_POINT('',(103.3,-50.1,-2.));
#5585=CARTESIAN_POINT('',(103.3,-50.1,-2.));
#5586=CARTESIAN_POINT('',(87.2000000000003,-50.1,-2.));
#5587=CARTESIAN_POINT('',(87.2000000000003,-50.1,-2.));
#5588=CARTESIAN_POINT('',(87.2,-64.2,-2.));
#5589=CARTESIAN_POINT('',(27.1,-18.95625,-2.));
#5590=CARTESIAN_POINT('',(27.1,-4.85625,-2.));
#5591=CARTESIAN_POINT('',(27.1,-4.85625,-2.));
#5592=CARTESIAN_POINT('',(11.,-4.85625,-2.));
#5593=CARTESIAN_POINT('',(11.,-4.85625,-2.));
#5594=CARTESIAN_POINT('',(11.,-18.95625,-2.));
#5595=CARTESIAN_POINT('',(11.,-18.95625,-2.));
#5596=CARTESIAN_POINT('',(27.1,-18.95625,-2.));
#5597=CARTESIAN_POINT('',(87.2,-45.15,-2.));
#5598=CARTESIAN_POINT('',(103.3,-45.15,-2.));
#5599=CARTESIAN_POINT('',(103.3,-45.15,-2.));
#5600=CARTESIAN_POINT('',(103.3,-31.05,-2.));
#5601=CARTESIAN_POINT('',(103.3,-31.05,-2.));
#5602=CARTESIAN_POINT('',(87.2000000000003,-31.05,-2.));
#5603=CARTESIAN_POINT('',(87.2000000000003,-31.05,-2.));
#5604=CARTESIAN_POINT('',(87.2,-45.15,-2.));
#5605=CARTESIAN_POINT('',(46.15,-2.475,-2.));
#5606=CARTESIAN_POINT('',(30.05,-2.475,-2.));
#5607=CARTESIAN_POINT('',(30.05,-2.475,-2.));
#5608=CARTESIAN_POINT('',(30.05,-16.575,-2.));
#5609=CARTESIAN_POINT('',(30.05,-16.575,-2.));
#5610=CARTESIAN_POINT('',(46.15,-16.575,-2.));
#5611=CARTESIAN_POINT('',(46.15,-16.575,-2.));
#5612=CARTESIAN_POINT('',(46.15,-2.475,-2.));
#5613=CARTESIAN_POINT('',(8.05,-12.,-2.));
#5614=CARTESIAN_POINT('',(-8.05,-12.,-2.));
#5615=CARTESIAN_POINT('',(-8.05,-12.,-2.));
#5616=CARTESIAN_POINT('',(-8.05,-26.1,-2.));
#5617=CARTESIAN_POINT('',(-8.05,-26.1,-2.));
#5618=CARTESIAN_POINT('',(8.05000000000001,-26.1,-2.));
#5619=CARTESIAN_POINT('',(8.05000000000001,-26.1,-2.));
#5620=CARTESIAN_POINT('',(8.05,-12.,-2.));
#5621=CARTESIAN_POINT('',(49.1,-36.5775,-2.));
#5622=CARTESIAN_POINT('',(65.2,-36.5775,-2.));
#5623=CARTESIAN_POINT('',(65.2,-36.5775,-2.));
#5624=CARTESIAN_POINT('',(65.2,-22.4775,-2.));
#5625=CARTESIAN_POINT('',(65.2,-22.4775,-2.));
#5626=CARTESIAN_POINT('',(49.1,-22.4775,-2.));
#5627=CARTESIAN_POINT('',(49.1,-22.4775,-2.));
#5628=CARTESIAN_POINT('',(49.1,-36.5775,-2.));
#5629=CARTESIAN_POINT('',(27.1,0.0937499999999991,-2.));
#5630=CARTESIAN_POINT('',(27.1,14.19375,-2.));
#5631=CARTESIAN_POINT('',(27.1,14.19375,-2.));
#5632=CARTESIAN_POINT('',(11.,14.19375,-2.));
#5633=CARTESIAN_POINT('',(11.,14.19375,-2.));
#5634=CARTESIAN_POINT('',(11.,0.0937499999999991,-2.));
#5635=CARTESIAN_POINT('',(11.,0.0937499999999991,-2.));
#5636=CARTESIAN_POINT('',(27.1,0.0937499999999991,-2.));
#5637=CARTESIAN_POINT('',(8.05,-31.05,-2.));
#5638=CARTESIAN_POINT('',(-8.05,-31.05,-2.));
#5639=CARTESIAN_POINT('',(-8.05,-31.05,-2.));
#5640=CARTESIAN_POINT('',(-8.05,-45.15,-2.));
#5641=CARTESIAN_POINT('',(-8.05,-45.15,-2.));
#5642=CARTESIAN_POINT('',(8.05000000000001,-45.15,-2.));
#5643=CARTESIAN_POINT('',(8.05000000000001,-45.15,-2.));
#5644=CARTESIAN_POINT('',(8.05,-31.05,-2.));
#5645=CARTESIAN_POINT('',(65.2,1.52249999999999,-2.));
#5646=CARTESIAN_POINT('',(65.2,15.6225,-2.));
#5647=CARTESIAN_POINT('',(65.2,15.6225,-2.));
#5648=CARTESIAN_POINT('',(49.1,15.6225,-2.));
#5649=CARTESIAN_POINT('',(49.1,15.6225,-2.));
#5650=CARTESIAN_POINT('',(49.1,1.5225,-2.));
#5651=CARTESIAN_POINT('',(49.1,1.5225,-2.));
#5652=CARTESIAN_POINT('',(65.2,1.52249999999999,-2.));
#5653=CARTESIAN_POINT('',(84.25,-39.91125,-2.));
#5654=CARTESIAN_POINT('',(84.25,-25.81125,-2.));
#5655=CARTESIAN_POINT('',(84.25,-25.81125,-2.));
#5656=CARTESIAN_POINT('',(68.15,-25.81125,-2.));
#5657=CARTESIAN_POINT('',(68.15,-25.81125,-2.));
#5658=CARTESIAN_POINT('',(68.15,-39.91125,-2.));
#5659=CARTESIAN_POINT('',(68.15,-39.91125,-2.));
#5660=CARTESIAN_POINT('',(84.25,-39.91125,-2.));
#5661=CARTESIAN_POINT('',(27.1,-57.05625,-2.));
#5662=CARTESIAN_POINT('',(27.1,-42.95625,-2.));
#5663=CARTESIAN_POINT('',(27.1,-42.95625,-2.));
#5664=CARTESIAN_POINT('',(11.,-42.95625,-2.));
#5665=CARTESIAN_POINT('',(11.,-42.95625,-2.));
#5666=CARTESIAN_POINT('',(11.,-57.05625,-2.));
#5667=CARTESIAN_POINT('',(11.,-57.05625,-2.));
#5668=CARTESIAN_POINT('',(27.1,-57.05625,-2.));
#5669=CARTESIAN_POINT('',(103.3,-7.05000000000002,-2.));
#5670=CARTESIAN_POINT('',(103.3,7.04999999999998,-2.));
#5671=CARTESIAN_POINT('',(103.3,7.04999999999998,-2.));
#5672=CARTESIAN_POINT('',(87.2000000000003,7.04999999999998,-2.));
#5673=CARTESIAN_POINT('',(87.2000000000003,7.04999999999998,-2.));
#5674=CARTESIAN_POINT('',(87.2,-7.05000000000002,-2.));
#5675=CARTESIAN_POINT('',(87.2,-7.05000000000002,-2.));
#5676=CARTESIAN_POINT('',(103.3,-7.05000000000002,-2.));
#5677=CARTESIAN_POINT('',(87.2,-26.1,-2.));
#5678=CARTESIAN_POINT('',(103.3,-26.1,-2.));
#5679=CARTESIAN_POINT('',(103.3,-26.1,-2.));
#5680=CARTESIAN_POINT('',(103.3,-12.,-2.));
#5681=CARTESIAN_POINT('',(103.3,-12.,-2.));
#5682=CARTESIAN_POINT('',(87.2000000000003,-12.,-2.));
#5683=CARTESIAN_POINT('',(87.2000000000003,-12.,-2.));
#5684=CARTESIAN_POINT('',(87.2,-26.1,-2.));
#5685=CARTESIAN_POINT('',(27.1,-38.00625,-2.));
#5686=CARTESIAN_POINT('',(27.1,-23.90625,-2.));
#5687=CARTESIAN_POINT('',(27.1,-23.90625,-2.));
#5688=CARTESIAN_POINT('',(11.,-23.90625,-2.));
#5689=CARTESIAN_POINT('',(11.,-23.90625,-2.));
#5690=CARTESIAN_POINT('',(11.,-38.00625,-2.));
#5691=CARTESIAN_POINT('',(11.,-38.00625,-2.));
#5692=CARTESIAN_POINT('',(27.1,-38.00625,-2.));
#5693=CARTESIAN_POINT('',(8.05,-50.1,-2.));
#5694=CARTESIAN_POINT('',(-8.05,-50.1,-2.));
#5695=CARTESIAN_POINT('',(-8.05,-50.1,-2.));
#5696=CARTESIAN_POINT('',(-8.05,-64.2,-2.));
#5697=CARTESIAN_POINT('',(-8.05,-64.2,-2.));
#5698=CARTESIAN_POINT('',(8.05000000000001,-64.2,-2.));
#5699=CARTESIAN_POINT('',(8.05000000000001,-64.2,-2.));
#5700=CARTESIAN_POINT('',(8.05,-50.1,-2.));
#5701=CARTESIAN_POINT('',(46.15,-40.575,-2.));
#5702=CARTESIAN_POINT('',(30.05,-40.575,-2.));
#5703=CARTESIAN_POINT('',(30.05,-40.575,-2.));
#5704=CARTESIAN_POINT('',(30.05,-54.675,-2.));
#5705=CARTESIAN_POINT('',(30.05,-54.675,-2.));
#5706=CARTESIAN_POINT('',(46.15,-54.675,-2.));
#5707=CARTESIAN_POINT('',(46.15,-54.675,-2.));
#5708=CARTESIAN_POINT('',(46.15,-40.575,-2.));
#5709=CARTESIAN_POINT('',(84.25,-20.86125,-2.));
#5710=CARTESIAN_POINT('',(84.25,-6.76125,-2.));
#5711=CARTESIAN_POINT('',(84.25,-6.76125,-2.));
#5712=CARTESIAN_POINT('',(68.15,-6.76125,-2.));
#5713=CARTESIAN_POINT('',(68.15,-6.76125,-2.));
#5714=CARTESIAN_POINT('',(68.15,-20.86125,-2.));
#5715=CARTESIAN_POINT('',(68.15,-20.86125,-2.));
#5716=CARTESIAN_POINT('',(84.25,-20.86125,-2.));
#5717=CARTESIAN_POINT('',(49.1,-17.5275,-2.));
#5718=CARTESIAN_POINT('',(65.2,-17.5275,-2.));
#5719=CARTESIAN_POINT('',(65.2,-17.5275,-2.));
#5720=CARTESIAN_POINT('',(65.2,-3.4275,-2.));
#5721=CARTESIAN_POINT('',(65.2,-3.4275,-2.));
#5722=CARTESIAN_POINT('',(49.1,-3.42749999999999,-2.));
#5723=CARTESIAN_POINT('',(49.1,-3.42749999999999,-2.));
#5724=CARTESIAN_POINT('',(49.1,-17.5275,-2.));
#5725=CARTESIAN_POINT('',(84.25,-58.96125,-2.));
#5726=CARTESIAN_POINT('',(84.25,-44.86125,-2.));
#5727=CARTESIAN_POINT('',(84.25,-44.86125,-2.));
#5728=CARTESIAN_POINT('',(68.15,-44.86125,-2.));
#5729=CARTESIAN_POINT('',(68.15,-44.86125,-2.));
#5730=CARTESIAN_POINT('',(68.15,-58.96125,-2.));
#5731=CARTESIAN_POINT('',(68.15,-58.96125,-2.));
#5732=CARTESIAN_POINT('',(84.25,-58.96125,-2.));
#5733=CARTESIAN_POINT('',(49.1,-55.6275,-2.));
#5734=CARTESIAN_POINT('',(65.2,-55.6275,-2.));
#5735=CARTESIAN_POINT('',(65.2,-55.6275,-2.));
#5736=CARTESIAN_POINT('',(65.2,-41.5275,-2.));
#5737=CARTESIAN_POINT('',(65.2,-41.5275,-2.));
#5738=CARTESIAN_POINT('',(49.1,-41.5275,-2.));
#5739=CARTESIAN_POINT('',(49.1,-41.5275,-2.));
#5740=CARTESIAN_POINT('',(49.1,-55.6275,-2.));
#5741=CARTESIAN_POINT('',(46.15,-21.525,-2.));
#5742=CARTESIAN_POINT('',(30.05,-21.525,-2.));
#5743=CARTESIAN_POINT('',(30.05,-21.525,-2.));
#5744=CARTESIAN_POINT('',(30.05,-35.625,-2.));
#5745=CARTESIAN_POINT('',(30.05,-35.625,-2.));
#5746=CARTESIAN_POINT('',(46.15,-35.625,-2.));
#5747=CARTESIAN_POINT('',(46.15,-35.625,-2.));
#5748=CARTESIAN_POINT('',(46.15,-21.525,-2.));
#5749=CARTESIAN_POINT('',(46.15,2.47499999999999,-2.));
#5750=CARTESIAN_POINT('',(46.15,16.575,-2.));
#5751=CARTESIAN_POINT('',(46.15,16.575,-2.));
#5752=CARTESIAN_POINT('',(30.05,16.575,-2.));
#5753=CARTESIAN_POINT('',(30.05,16.575,-2.));
#5754=CARTESIAN_POINT('',(30.05,2.475,-2.));
#5755=CARTESIAN_POINT('',(30.05,2.475,-2.));
#5756=CARTESIAN_POINT('',(46.15,2.47499999999999,-2.));
#5757=CARTESIAN_POINT('',(-8.05,-7.05000000000001,-2.));
#5758=CARTESIAN_POINT('',(8.05000000000001,-7.05000000000001,-2.));
#5759=CARTESIAN_POINT('',(8.05000000000001,-7.05000000000001,-2.));
#5760=CARTESIAN_POINT('',(8.05,7.05,-2.));
#5761=CARTESIAN_POINT('',(8.05,7.05,-2.));
#5762=CARTESIAN_POINT('',(-8.05,7.05,-2.));
#5763=CARTESIAN_POINT('',(-8.05,7.05,-2.));
#5764=CARTESIAN_POINT('',(-8.05,-7.05000000000001,-2.));
#5765=CARTESIAN_POINT('Origin',(107.175,21.45,0.));
#5766=CARTESIAN_POINT('',(107.175,-65.175,0.));
#5767=CARTESIAN_POINT('',(107.175,-69.075,0.));
#5768=CARTESIAN_POINT('',(107.175,-65.175,0.));
#5769=CARTESIAN_POINT('Origin',(103.275,-65.175,0.));
#5770=CARTESIAN_POINT('',(103.275,-69.075,0.));
#5771=CARTESIAN_POINT('Origin',(103.275,-65.175,0.));
#5772=CARTESIAN_POINT('',(103.275,-69.075,0.));
#5773=CARTESIAN_POINT('Origin',(-8.025,17.55,0.));
#5774=CARTESIAN_POINT('',(-11.925,17.55,0.));
#5775=CARTESIAN_POINT('',(-11.925,17.55,0.));
#5776=CARTESIAN_POINT('',(-8.025,21.45,0.));
#5777=CARTESIAN_POINT('Origin',(-8.025,17.55,0.));
#5778=CARTESIAN_POINT('',(-8.025,21.45,0.));
#5779=CARTESIAN_POINT('Origin',(-11.925,-69.075,0.));
#5780=CARTESIAN_POINT('',(-11.925,-65.175,0.));
#5781=CARTESIAN_POINT('',(-11.925,-65.175,0.));
#5782=CARTESIAN_POINT('',(-11.925,21.45,0.));
#5783=CARTESIAN_POINT('Origin',(-8.025,-65.175,0.));
#5784=CARTESIAN_POINT('',(-8.025,-69.075,0.));
#5785=CARTESIAN_POINT('',(-8.025,-69.075,0.));
#5786=CARTESIAN_POINT('Origin',(-8.025,-65.175,0.));
#5787=CARTESIAN_POINT('Origin',(88.2,-31.05,0.));
#5788=CARTESIAN_POINT('',(88.2,-31.05,0.));
#5789=CARTESIAN_POINT('',(88.2,-45.15,0.));
#5790=CARTESIAN_POINT('',(88.2,-31.05,0.));
#5791=CARTESIAN_POINT('',(88.2,-45.15,-1.2));
#5792=CARTESIAN_POINT('',(88.2,-45.15,0.));
#5793=CARTESIAN_POINT('',(88.2,-31.05,-1.2));
#5794=CARTESIAN_POINT('',(88.2,-31.05,-1.2));
#5795=CARTESIAN_POINT('',(88.2,-31.05,0.));
#5796=CARTESIAN_POINT('Origin',(87.7,-38.1,-1.2));
#5797=CARTESIAN_POINT('',(87.2,-45.15,-1.2));
#5798=CARTESIAN_POINT('',(87.45,-45.15,-1.2));
#5799=CARTESIAN_POINT('',(87.2000000000003,-31.05,-1.2));
#5800=CARTESIAN_POINT('',(87.2000000000002,-34.575,-1.2));
#5801=CARTESIAN_POINT('',(95.5,-31.05,-1.2));
#5802=CARTESIAN_POINT('Origin',(103.3,-31.05,0.));
#5803=CARTESIAN_POINT('',(87.2000000000003,-31.05,0.));
#5804=CARTESIAN_POINT('',(103.3,-31.05,-1.2));
#5805=CARTESIAN_POINT('',(103.3,-31.05,0.));
#5806=CARTESIAN_POINT('',(102.3,-31.05,-1.2));
#5807=CARTESIAN_POINT('',(103.05,-31.05,-1.2));
#5808=CARTESIAN_POINT('',(102.3,-31.05,0.));
#5809=CARTESIAN_POINT('',(102.3,-31.05,0.));
#5810=CARTESIAN_POINT('',(87.2000000000003,-31.05,0.));
#5811=CARTESIAN_POINT('Origin',(87.2000000000003,-31.05,0.));
#5812=CARTESIAN_POINT('',(87.2,-45.15,0.));
#5813=CARTESIAN_POINT('Origin',(102.3,-26.1,0.));
#5814=CARTESIAN_POINT('',(102.3,-12.,0.));
#5815=CARTESIAN_POINT('',(102.3,-26.1,0.));
#5816=CARTESIAN_POINT('',(102.3,-12.,0.));
#5817=CARTESIAN_POINT('',(102.3,-12.,-1.2));
#5818=CARTESIAN_POINT('',(102.3,-12.,0.));
#5819=CARTESIAN_POINT('',(102.3,-26.1,-1.2));
#5820=CARTESIAN_POINT('',(102.3,-12.,-1.2));
#5821=CARTESIAN_POINT('',(102.3,-26.1,0.));
#5822=CARTESIAN_POINT('Origin',(102.8,-19.05,-1.2));
#5823=CARTESIAN_POINT('',(103.3,-12.,-1.2));
#5824=CARTESIAN_POINT('',(103.05,-12.,-1.2));
#5825=CARTESIAN_POINT('',(103.3,-26.1,-1.2));
#5826=CARTESIAN_POINT('',(103.3,-22.575,-1.2));
#5827=CARTESIAN_POINT('',(95.,-26.1,-1.2));
#5828=CARTESIAN_POINT('Origin',(87.2,-26.1,0.));
#5829=CARTESIAN_POINT('',(103.3,-26.1,0.));
#5830=CARTESIAN_POINT('',(87.2,-26.1,-1.2));
#5831=CARTESIAN_POINT('',(87.2,-26.1,0.));
#5832=CARTESIAN_POINT('',(88.2,-26.1,-1.2));
#5833=CARTESIAN_POINT('',(87.45,-26.1,-1.2));
#5834=CARTESIAN_POINT('',(88.2,-26.1,0.));
#5835=CARTESIAN_POINT('',(88.2,-26.1,0.));
#5836=CARTESIAN_POINT('',(103.3,-26.1,0.));
#5837=CARTESIAN_POINT('Origin',(103.3,-26.1,0.));
#5838=CARTESIAN_POINT('',(103.3,-12.,0.));
#5839=CARTESIAN_POINT('Origin',(69.15,-44.86125,0.));
#5840=CARTESIAN_POINT('',(69.15,-44.86125,0.));
#5841=CARTESIAN_POINT('',(69.15,-58.96125,0.));
#5842=CARTESIAN_POINT('',(69.15,-44.86125,0.));
#5843=CARTESIAN_POINT('',(69.15,-58.96125,-1.2));
#5844=CARTESIAN_POINT('',(69.15,-58.96125,0.));
#5845=CARTESIAN_POINT('',(69.15,-44.86125,-1.2));
#5846=CARTESIAN_POINT('',(69.15,-44.86125,-1.2));
#5847=CARTESIAN_POINT('',(69.15,-44.86125,0.));
#5848=CARTESIAN_POINT('Origin',(68.65,-51.91125,-1.2));
#5849=CARTESIAN_POINT('',(68.15,-44.86125,-1.2));
#5850=CARTESIAN_POINT('',(76.45,-44.86125,-1.2));
#5851=CARTESIAN_POINT('',(68.15,-58.96125,-1.2));
#5852=CARTESIAN_POINT('',(68.4,-58.96125,-1.2));
#5853=CARTESIAN_POINT('',(68.15,-48.38625,-1.2));
#5854=CARTESIAN_POINT('Origin',(69.15,-25.81125,0.));
#5855=CARTESIAN_POINT('',(69.15,-25.81125,0.));
#5856=CARTESIAN_POINT('',(69.15,-39.91125,0.));
#5857=CARTESIAN_POINT('',(69.15,-25.81125,0.));
#5858=CARTESIAN_POINT('',(69.15,-39.91125,-1.2));
#5859=CARTESIAN_POINT('',(69.15,-39.91125,0.));
#5860=CARTESIAN_POINT('',(69.15,-25.81125,-1.2));
#5861=CARTESIAN_POINT('',(69.15,-25.81125,-1.2));
#5862=CARTESIAN_POINT('',(69.15,-25.81125,0.));
#5863=CARTESIAN_POINT('Origin',(68.65,-32.86125,-1.2));
#5864=CARTESIAN_POINT('',(68.15,-25.81125,-1.2));
#5865=CARTESIAN_POINT('',(76.45,-25.81125,-1.2));
#5866=CARTESIAN_POINT('',(68.15,-39.91125,-1.2));
#5867=CARTESIAN_POINT('',(68.4,-39.91125,-1.2));
#5868=CARTESIAN_POINT('',(68.15,-29.33625,-1.2));
#5869=CARTESIAN_POINT('Origin',(50.1,-3.4275,0.));
#5870=CARTESIAN_POINT('',(50.1,-3.4275,0.));
#5871=CARTESIAN_POINT('',(50.1,-17.5275,0.));
#5872=CARTESIAN_POINT('',(50.1,-3.4275,0.));
#5873=CARTESIAN_POINT('',(50.1,-17.5275,-1.2));
#5874=CARTESIAN_POINT('',(50.1,-17.5275,0.));
#5875=CARTESIAN_POINT('',(50.1,-3.4275,-1.2));
#5876=CARTESIAN_POINT('',(50.1,-3.4275,-1.2));
#5877=CARTESIAN_POINT('',(50.1,-3.42749999999999,0.));
#5878=CARTESIAN_POINT('Origin',(49.6,-10.4775,-1.2));
#5879=CARTESIAN_POINT('',(49.1,-17.5275,-1.2));
#5880=CARTESIAN_POINT('',(49.35,-17.5275,-1.2));
#5881=CARTESIAN_POINT('',(49.1,-3.42749999999999,-1.2));
#5882=CARTESIAN_POINT('',(49.1,-6.9525,-1.2));
#5883=CARTESIAN_POINT('',(57.4,-3.4275,-1.2));
#5884=CARTESIAN_POINT('Origin',(65.2,-3.4275,0.));
#5885=CARTESIAN_POINT('',(49.1,-3.42749999999999,0.));
#5886=CARTESIAN_POINT('',(65.2,-3.4275,-1.2));
#5887=CARTESIAN_POINT('',(65.2,-3.4275,0.));
#5888=CARTESIAN_POINT('',(64.2,-3.4275,-1.2));
#5889=CARTESIAN_POINT('',(64.95,-3.4275,-1.2));
#5890=CARTESIAN_POINT('',(64.2,-3.4275,0.));
#5891=CARTESIAN_POINT('',(64.2,-3.4275,0.));
#5892=CARTESIAN_POINT('',(49.1,-3.42749999999999,0.));
#5893=CARTESIAN_POINT('Origin',(49.1,-3.42749999999999,0.));
#5894=CARTESIAN_POINT('',(49.1,-17.5275,0.));
#5895=CARTESIAN_POINT('Origin',(50.1,15.6225,0.));
#5896=CARTESIAN_POINT('',(50.1,15.6225,0.));
#5897=CARTESIAN_POINT('',(50.1,1.5225,0.));
#5898=CARTESIAN_POINT('',(50.1,15.6225,0.));
#5899=CARTESIAN_POINT('',(50.1,1.5225,-1.2));
#5900=CARTESIAN_POINT('',(50.1,1.5225,0.));
#5901=CARTESIAN_POINT('',(50.1,15.6225,-1.2));
#5902=CARTESIAN_POINT('',(50.1,15.6225,-1.2));
#5903=CARTESIAN_POINT('',(50.1,15.6225,0.));
#5904=CARTESIAN_POINT('Origin',(49.6,8.5725,-1.2));
#5905=CARTESIAN_POINT('',(49.1,15.6225,-1.2));
#5906=CARTESIAN_POINT('',(57.4,15.6225,-1.2));
#5907=CARTESIAN_POINT('',(49.1,1.5225,-1.2));
#5908=CARTESIAN_POINT('',(49.35,1.5225,-1.2));
#5909=CARTESIAN_POINT('',(49.1,12.0975,-1.2));
#5910=CARTESIAN_POINT('Origin',(31.05,-40.575,0.));
#5911=CARTESIAN_POINT('',(31.05,-40.575,0.));
#5912=CARTESIAN_POINT('',(31.05,-54.675,0.));
#5913=CARTESIAN_POINT('',(31.05,-40.575,0.));
#5914=CARTESIAN_POINT('',(31.05,-54.675,-1.2));
#5915=CARTESIAN_POINT('',(31.05,-54.675,0.));
#5916=CARTESIAN_POINT('',(31.05,-40.575,-1.2));
#5917=CARTESIAN_POINT('',(31.05,-40.575,-1.2));
#5918=CARTESIAN_POINT('',(31.05,-40.575,0.));
#5919=CARTESIAN_POINT('Origin',(30.55,-47.625,-1.2));
#5920=CARTESIAN_POINT('',(30.05,-54.675,-1.2));
#5921=CARTESIAN_POINT('',(30.3,-54.675,-1.2));
#5922=CARTESIAN_POINT('',(30.05,-40.575,-1.2));
#5923=CARTESIAN_POINT('',(30.05,-44.1,-1.2));
#5924=CARTESIAN_POINT('',(38.35,-40.575,-1.2));
#5925=CARTESIAN_POINT('Origin',(46.15,-40.575,0.));
#5926=CARTESIAN_POINT('',(30.05,-40.575,0.));
#5927=CARTESIAN_POINT('',(46.15,-40.575,-1.2));
#5928=CARTESIAN_POINT('',(46.15,-40.575,0.));
#5929=CARTESIAN_POINT('',(45.15,-40.575,-1.2));
#5930=CARTESIAN_POINT('',(45.9,-40.575,-1.2));
#5931=CARTESIAN_POINT('',(45.15,-40.575,0.));
#5932=CARTESIAN_POINT('',(45.15,-40.575,0.));
#5933=CARTESIAN_POINT('',(30.05,-40.575,0.));
#5934=CARTESIAN_POINT('Origin',(30.05,-40.575,0.));
#5935=CARTESIAN_POINT('',(30.05,-54.675,0.));
#5936=CARTESIAN_POINT('Origin',(31.05,-21.525,0.));
#5937=CARTESIAN_POINT('',(31.05,-21.525,0.));
#5938=CARTESIAN_POINT('',(31.05,-35.625,0.));
#5939=CARTESIAN_POINT('',(31.05,-21.525,0.));
#5940=CARTESIAN_POINT('',(31.05,-35.625,-1.2));
#5941=CARTESIAN_POINT('',(31.05,-35.625,0.));
#5942=CARTESIAN_POINT('',(31.05,-21.525,-1.2));
#5943=CARTESIAN_POINT('',(31.05,-21.525,-1.2));
#5944=CARTESIAN_POINT('',(31.05,-21.525,0.));
#5945=CARTESIAN_POINT('Origin',(30.55,-28.575,-1.2));
#5946=CARTESIAN_POINT('',(30.05,-35.625,-1.2));
#5947=CARTESIAN_POINT('',(30.3,-35.625,-1.2));
#5948=CARTESIAN_POINT('',(30.05,-21.525,-1.2));
#5949=CARTESIAN_POINT('',(30.05,-25.05,-1.2));
#5950=CARTESIAN_POINT('',(38.35,-21.525,-1.2));
#5951=CARTESIAN_POINT('Origin',(46.15,-21.525,0.));
#5952=CARTESIAN_POINT('',(30.05,-21.525,0.));
#5953=CARTESIAN_POINT('',(46.15,-21.525,-1.2));
#5954=CARTESIAN_POINT('',(46.15,-21.525,0.));
#5955=CARTESIAN_POINT('',(45.15,-21.525,-1.2));
#5956=CARTESIAN_POINT('',(45.9,-21.525,-1.2));
#5957=CARTESIAN_POINT('',(45.15,-21.525,0.));
#5958=CARTESIAN_POINT('',(45.15,-21.525,0.));
#5959=CARTESIAN_POINT('',(30.05,-21.525,0.));
#5960=CARTESIAN_POINT('Origin',(30.05,-21.525,0.));
#5961=CARTESIAN_POINT('',(30.05,-35.625,0.));
#5962=CARTESIAN_POINT('Origin',(26.1,-57.05625,0.));
#5963=CARTESIAN_POINT('',(26.1,-42.95625,0.));
#5964=CARTESIAN_POINT('',(26.1,-57.05625,0.));
#5965=CARTESIAN_POINT('',(26.1,-42.95625,0.));
#5966=CARTESIAN_POINT('',(26.1,-42.95625,-1.2));
#5967=CARTESIAN_POINT('',(26.1,-42.95625,0.));
#5968=CARTESIAN_POINT('',(26.1,-57.05625,-1.2));
#5969=CARTESIAN_POINT('',(26.1,-42.95625,-1.2));
#5970=CARTESIAN_POINT('',(26.1,-57.05625,0.));
#5971=CARTESIAN_POINT('Origin',(26.6,-50.00625,-1.2));
#5972=CARTESIAN_POINT('',(27.1,-42.95625,-1.2));
#5973=CARTESIAN_POINT('',(26.85,-42.95625,-1.2));
#5974=CARTESIAN_POINT('',(27.1,-57.05625,-1.2));
#5975=CARTESIAN_POINT('',(27.1,-53.53125,-1.2));
#5976=CARTESIAN_POINT('',(18.8,-57.05625,-1.2));
#5977=CARTESIAN_POINT('Origin',(11.,-57.05625,0.));
#5978=CARTESIAN_POINT('',(27.1,-57.05625,0.));
#5979=CARTESIAN_POINT('',(11.,-57.05625,-1.2));
#5980=CARTESIAN_POINT('',(11.,-57.05625,0.));
#5981=CARTESIAN_POINT('',(12.,-57.05625,-1.2));
#5982=CARTESIAN_POINT('',(11.25,-57.05625,-1.2));
#5983=CARTESIAN_POINT('',(12.,-57.05625,0.));
#5984=CARTESIAN_POINT('',(12.,-57.05625,0.));
#5985=CARTESIAN_POINT('',(27.1,-57.05625,0.));
#5986=CARTESIAN_POINT('Origin',(27.1,-57.05625,0.));
#5987=CARTESIAN_POINT('',(27.1,-42.95625,0.));
#5988=CARTESIAN_POINT('Origin',(12.,-4.85625,0.));
#5989=CARTESIAN_POINT('',(12.,-4.85625,0.));
#5990=CARTESIAN_POINT('',(12.,-18.95625,0.));
#5991=CARTESIAN_POINT('',(12.,-4.85625,0.));
#5992=CARTESIAN_POINT('',(12.,-18.95625,-1.2));
#5993=CARTESIAN_POINT('',(12.,-18.95625,0.));
#5994=CARTESIAN_POINT('',(12.,-4.85625,-1.2));
#5995=CARTESIAN_POINT('',(12.,-4.85625,-1.2));
#5996=CARTESIAN_POINT('',(12.,-4.85625,0.));
#5997=CARTESIAN_POINT('Origin',(11.5,-11.90625,-1.2));
#5998=CARTESIAN_POINT('',(11.,-4.85625,-1.2));
#5999=CARTESIAN_POINT('',(19.3,-4.85625,-1.2));
#6000=CARTESIAN_POINT('',(11.,-18.95625,-1.2));
#6001=CARTESIAN_POINT('',(11.25,-18.95625,-1.2));
#6002=CARTESIAN_POINT('',(11.,-8.38125,-1.2));
#6003=CARTESIAN_POINT('Origin',(7.05,-64.2,0.));
#6004=CARTESIAN_POINT('',(7.05,-50.1,0.));
#6005=CARTESIAN_POINT('',(7.05,-64.2,0.));
#6006=CARTESIAN_POINT('',(7.05,-50.1,0.));
#6007=CARTESIAN_POINT('',(7.05,-50.1,-1.2));
#6008=CARTESIAN_POINT('',(7.05,-50.1,0.));
#6009=CARTESIAN_POINT('',(7.05,-64.2,-1.2));
#6010=CARTESIAN_POINT('',(7.05,-50.1,-1.2));
#6011=CARTESIAN_POINT('',(7.05,-64.2,0.));
#6012=CARTESIAN_POINT('Origin',(7.55,-57.15,-1.2));
#6013=CARTESIAN_POINT('',(8.05,-50.1,-1.2));
#6014=CARTESIAN_POINT('',(7.8,-50.1,-1.2));
#6015=CARTESIAN_POINT('',(8.05000000000001,-64.2,-1.2));
#6016=CARTESIAN_POINT('',(8.05,-60.675,-1.2));
#6017=CARTESIAN_POINT('',(-0.249999999999999,-64.2,-1.2));
#6018=CARTESIAN_POINT('Origin',(-8.05,-64.2,0.));
#6019=CARTESIAN_POINT('',(8.05000000000001,-64.2,0.));
#6020=CARTESIAN_POINT('',(-8.05,-64.2,-1.2));
#6021=CARTESIAN_POINT('',(-8.05,-64.2,0.));
#6022=CARTESIAN_POINT('',(-7.05,-64.2,-1.2));
#6023=CARTESIAN_POINT('',(-7.8,-64.2,-1.2));
#6024=CARTESIAN_POINT('',(-7.05,-64.2,0.));
#6025=CARTESIAN_POINT('',(-7.05,-64.2,0.));
#6026=CARTESIAN_POINT('',(8.05000000000001,-64.2,0.));
#6027=CARTESIAN_POINT('Origin',(8.05000000000001,-64.2,0.));
#6028=CARTESIAN_POINT('',(8.05,-50.1,0.));
#6029=CARTESIAN_POINT('Origin',(7.05,-26.1,0.));
#6030=CARTESIAN_POINT('',(7.05,-12.,0.));
#6031=CARTESIAN_POINT('',(7.05,-26.1,0.));
#6032=CARTESIAN_POINT('',(7.05,-12.,0.));
#6033=CARTESIAN_POINT('',(7.05,-12.,-1.2));
#6034=CARTESIAN_POINT('',(7.05,-12.,0.));
#6035=CARTESIAN_POINT('',(7.05,-26.1,-1.2));
#6036=CARTESIAN_POINT('',(7.05,-12.,-1.2));
#6037=CARTESIAN_POINT('',(7.05,-26.1,0.));
#6038=CARTESIAN_POINT('Origin',(7.55,-19.05,-1.2));
#6039=CARTESIAN_POINT('',(8.05,-12.,-1.2));
#6040=CARTESIAN_POINT('',(7.8,-12.,-1.2));
#6041=CARTESIAN_POINT('',(8.05000000000001,-26.1,-1.2));
#6042=CARTESIAN_POINT('',(8.05,-22.575,-1.2));
#6043=CARTESIAN_POINT('',(-0.249999999999999,-26.1,-1.2));
#6044=CARTESIAN_POINT('Origin',(-8.05,-26.1,0.));
#6045=CARTESIAN_POINT('',(8.05000000000001,-26.1,0.));
#6046=CARTESIAN_POINT('',(-8.05,-26.1,-1.2));
#6047=CARTESIAN_POINT('',(-8.05,-26.1,0.));
#6048=CARTESIAN_POINT('',(-7.05,-26.1,-1.2));
#6049=CARTESIAN_POINT('',(-7.8,-26.1,-1.2));
#6050=CARTESIAN_POINT('',(-7.05,-26.1,0.));
#6051=CARTESIAN_POINT('',(-7.05,-26.1,0.));
#6052=CARTESIAN_POINT('',(8.05000000000001,-26.1,0.));
#6053=CARTESIAN_POINT('Origin',(8.05000000000001,-26.1,0.));
#6054=CARTESIAN_POINT('',(8.05,-12.,0.));
#6055=CARTESIAN_POINT('Origin',(7.05,-7.05000000000001,0.));
#6056=CARTESIAN_POINT('',(7.05,7.05,0.));
#6057=CARTESIAN_POINT('',(7.05,-7.05000000000001,0.));
#6058=CARTESIAN_POINT('',(7.05,7.05,0.));
#6059=CARTESIAN_POINT('',(7.05,7.05,-1.2));
#6060=CARTESIAN_POINT('',(7.05,7.05,0.));
#6061=CARTESIAN_POINT('',(7.05,-7.05000000000001,-1.2));
#6062=CARTESIAN_POINT('',(7.05,7.05,-1.2));
#6063=CARTESIAN_POINT('',(7.05,-7.05000000000001,0.));
#6064=CARTESIAN_POINT('Origin',(7.55,-1.11022302462516E-15,-1.2));
#6065=CARTESIAN_POINT('',(8.05,7.05,-1.2));
#6066=CARTESIAN_POINT('',(7.8,7.05,-1.2));
#6067=CARTESIAN_POINT('',(8.05000000000001,-7.05000000000001,-1.2));
#6068=CARTESIAN_POINT('',(8.05,-3.525,-1.2));
#6069=CARTESIAN_POINT('',(-0.249999999999999,-7.05000000000001,-1.2));
#6070=CARTESIAN_POINT('Origin',(-8.05,-7.05000000000001,0.));
#6071=CARTESIAN_POINT('',(8.05000000000001,-7.05000000000001,0.));
#6072=CARTESIAN_POINT('',(-8.05,-7.05000000000001,-1.2));
#6073=CARTESIAN_POINT('',(-8.05,-7.05000000000001,0.));
#6074=CARTESIAN_POINT('',(-7.05,-7.05000000000001,-1.2));
#6075=CARTESIAN_POINT('',(-7.8,-7.05000000000001,-1.2));
#6076=CARTESIAN_POINT('',(-7.05,-7.05000000000001,0.));
#6077=CARTESIAN_POINT('',(-7.05,-7.05000000000001,0.));
#6078=CARTESIAN_POINT('',(8.05000000000001,-7.05000000000001,0.));
#6079=CARTESIAN_POINT('Origin',(8.05000000000001,-7.05,0.));
#6080=CARTESIAN_POINT('',(8.05,7.05,0.));
#6081=CARTESIAN_POINT('Origin',(-7.05,-31.05,0.));
#6082=CARTESIAN_POINT('',(-7.05,-31.05,0.));
#6083=CARTESIAN_POINT('',(-7.05,-45.15,0.));
#6084=CARTESIAN_POINT('',(-7.05,-31.05,0.));
#6085=CARTESIAN_POINT('',(-7.05,-45.15,-1.2));
#6086=CARTESIAN_POINT('',(-7.05,-45.15,0.));
#6087=CARTESIAN_POINT('',(-7.05,-31.05,-1.2));
#6088=CARTESIAN_POINT('',(-7.05,-31.05,-1.2));
#6089=CARTESIAN_POINT('',(-7.05,-31.05,0.));
#6090=CARTESIAN_POINT('Origin',(-7.55,-38.1,-1.2));
#6091=CARTESIAN_POINT('',(-8.05,-31.05,-1.2));
#6092=CARTESIAN_POINT('',(0.25,-31.05,-1.2));
#6093=CARTESIAN_POINT('',(-8.05,-45.15,-1.2));
#6094=CARTESIAN_POINT('',(-7.8,-45.15,-1.2));
#6095=CARTESIAN_POINT('',(-8.05,-34.575,-1.2));
#6096=CARTESIAN_POINT('Origin',(26.1,0.0937499999999991,0.));
#6097=CARTESIAN_POINT('',(26.1,14.19375,0.));
#6098=CARTESIAN_POINT('',(26.1,0.0937499999999991,0.));
#6099=CARTESIAN_POINT('',(26.1,14.19375,0.));
#6100=CARTESIAN_POINT('',(26.1,14.19375,-1.2));
#6101=CARTESIAN_POINT('',(26.1,14.19375,0.));
#6102=CARTESIAN_POINT('',(26.1,0.0937499999999991,-1.2));
#6103=CARTESIAN_POINT('',(26.1,14.19375,-1.2));
#6104=CARTESIAN_POINT('',(26.1,0.0937499999999991,0.));
#6105=CARTESIAN_POINT('Origin',(26.6,7.14375,-1.2));
#6106=CARTESIAN_POINT('',(27.1,14.19375,-1.2));
#6107=CARTESIAN_POINT('',(26.85,14.19375,-1.2));
#6108=CARTESIAN_POINT('',(27.1,0.0937499999999991,-1.2));
#6109=CARTESIAN_POINT('',(27.1,3.61875,-1.2));
#6110=CARTESIAN_POINT('',(18.8,0.0937499999999991,-1.2));
#6111=CARTESIAN_POINT('Origin',(11.,0.0937499999999991,0.));
#6112=CARTESIAN_POINT('',(27.1,0.0937499999999991,0.));
#6113=CARTESIAN_POINT('',(11.,0.0937499999999991,-1.2));
#6114=CARTESIAN_POINT('',(11.,0.0937499999999991,0.));
#6115=CARTESIAN_POINT('',(12.,0.0937499999999991,-1.2));
#6116=CARTESIAN_POINT('',(11.25,0.0937499999999991,-1.2));
#6117=CARTESIAN_POINT('',(12.,0.0937499999999991,0.));
#6118=CARTESIAN_POINT('',(12.,0.0937499999999991,0.));
#6119=CARTESIAN_POINT('',(27.1,0.0937499999999991,0.));
#6120=CARTESIAN_POINT('Origin',(27.1,0.0937499999999991,0.));
#6121=CARTESIAN_POINT('',(27.1,14.19375,0.));
#6122=CARTESIAN_POINT('Origin',(26.1,-38.00625,0.));
#6123=CARTESIAN_POINT('',(26.1,-23.90625,0.));
#6124=CARTESIAN_POINT('',(26.1,-38.00625,0.));
#6125=CARTESIAN_POINT('',(26.1,-23.90625,0.));
#6126=CARTESIAN_POINT('',(26.1,-23.90625,-1.2));
#6127=CARTESIAN_POINT('',(26.1,-23.90625,0.));
#6128=CARTESIAN_POINT('',(26.1,-38.00625,-1.2));
#6129=CARTESIAN_POINT('',(26.1,-23.90625,-1.2));
#6130=CARTESIAN_POINT('',(26.1,-38.00625,0.));
#6131=CARTESIAN_POINT('Origin',(26.6,-30.95625,-1.2));
#6132=CARTESIAN_POINT('',(27.1,-23.90625,-1.2));
#6133=CARTESIAN_POINT('',(26.85,-23.90625,-1.2));
#6134=CARTESIAN_POINT('',(27.1,-38.00625,-1.2));
#6135=CARTESIAN_POINT('',(27.1,-34.48125,-1.2));
#6136=CARTESIAN_POINT('',(18.8,-38.00625,-1.2));
#6137=CARTESIAN_POINT('Origin',(11.,-38.00625,0.));
#6138=CARTESIAN_POINT('',(27.1,-38.00625,0.));
#6139=CARTESIAN_POINT('',(11.,-38.00625,-1.2));
#6140=CARTESIAN_POINT('',(11.,-38.00625,0.));
#6141=CARTESIAN_POINT('',(12.,-38.00625,-1.2));
#6142=CARTESIAN_POINT('',(11.25,-38.00625,-1.2));
#6143=CARTESIAN_POINT('',(12.,-38.00625,0.));
#6144=CARTESIAN_POINT('',(12.,-38.00625,0.));
#6145=CARTESIAN_POINT('',(27.1,-38.00625,0.));
#6146=CARTESIAN_POINT('Origin',(27.1,-38.00625,0.));
#6147=CARTESIAN_POINT('',(27.1,-23.90625,0.));
#6148=CARTESIAN_POINT('Origin',(45.15,-16.575,0.));
#6149=CARTESIAN_POINT('',(45.15,-2.475,0.));
#6150=CARTESIAN_POINT('',(45.15,-16.575,0.));
#6151=CARTESIAN_POINT('',(45.15,-2.475,0.));
#6152=CARTESIAN_POINT('',(45.15,-2.475,-1.2));
#6153=CARTESIAN_POINT('',(45.15,-2.475,0.));
#6154=CARTESIAN_POINT('',(45.15,-16.575,-1.2));
#6155=CARTESIAN_POINT('',(45.15,-2.475,-1.2));
#6156=CARTESIAN_POINT('',(45.15,-16.575,0.));
#6157=CARTESIAN_POINT('Origin',(45.65,-9.525,-1.2));
#6158=CARTESIAN_POINT('',(46.15,-2.475,-1.2));
#6159=CARTESIAN_POINT('',(45.9,-2.475,-1.2));
#6160=CARTESIAN_POINT('',(46.15,-16.575,-1.2));
#6161=CARTESIAN_POINT('',(46.15,-13.05,-1.2));
#6162=CARTESIAN_POINT('',(37.85,-16.575,-1.2));
#6163=CARTESIAN_POINT('Origin',(30.05,-16.575,0.));
#6164=CARTESIAN_POINT('',(46.15,-16.575,0.));
#6165=CARTESIAN_POINT('',(30.05,-16.575,-1.2));
#6166=CARTESIAN_POINT('',(30.05,-16.575,0.));
#6167=CARTESIAN_POINT('',(31.05,-16.575,-1.2));
#6168=CARTESIAN_POINT('',(30.3,-16.575,-1.2));
#6169=CARTESIAN_POINT('',(31.05,-16.575,0.));
#6170=CARTESIAN_POINT('',(31.05,-16.575,0.));
#6171=CARTESIAN_POINT('',(46.15,-16.575,0.));
#6172=CARTESIAN_POINT('Origin',(46.15,-16.575,0.));
#6173=CARTESIAN_POINT('',(46.15,-2.475,0.));
#6174=CARTESIAN_POINT('Origin',(45.15,2.475,0.));
#6175=CARTESIAN_POINT('',(45.15,16.575,0.));
#6176=CARTESIAN_POINT('',(45.15,2.47499999999999,0.));
#6177=CARTESIAN_POINT('',(45.15,16.575,0.));
#6178=CARTESIAN_POINT('',(45.15,16.575,-1.2));
#6179=CARTESIAN_POINT('',(45.15,16.575,0.));
#6180=CARTESIAN_POINT('',(45.15,2.47499999999999,-1.2));
#6181=CARTESIAN_POINT('',(45.15,16.575,-1.2));
#6182=CARTESIAN_POINT('',(45.15,2.47499999999999,0.));
#6183=CARTESIAN_POINT('Origin',(45.65,9.525,-1.2));
#6184=CARTESIAN_POINT('',(46.15,16.575,-1.2));
#6185=CARTESIAN_POINT('',(45.9,16.575,-1.2));
#6186=CARTESIAN_POINT('',(46.15,2.47499999999999,-1.2));
#6187=CARTESIAN_POINT('',(46.15,5.99999999999999,-1.2));
#6188=CARTESIAN_POINT('',(37.85,2.47499999999999,-1.2));
#6189=CARTESIAN_POINT('Origin',(30.05,2.475,0.));
#6190=CARTESIAN_POINT('',(46.15,2.47499999999999,0.));
#6191=CARTESIAN_POINT('',(30.05,2.475,-1.2));
#6192=CARTESIAN_POINT('',(30.05,2.475,0.));
#6193=CARTESIAN_POINT('',(31.05,2.475,-1.2));
#6194=CARTESIAN_POINT('',(30.3,2.475,-1.2));
#6195=CARTESIAN_POINT('',(31.05,2.475,0.));
#6196=CARTESIAN_POINT('',(31.05,2.475,0.));
#6197=CARTESIAN_POINT('',(46.15,2.47499999999999,0.));
#6198=CARTESIAN_POINT('Origin',(46.15,2.47499999999999,0.));
#6199=CARTESIAN_POINT('',(46.15,16.575,0.));
#6200=CARTESIAN_POINT('Origin',(64.2,-36.5775,0.));
#6201=CARTESIAN_POINT('',(64.2,-22.4775,0.));
#6202=CARTESIAN_POINT('',(64.2,-36.5775,0.));
#6203=CARTESIAN_POINT('',(64.2,-22.4775,0.));
#6204=CARTESIAN_POINT('',(64.2,-22.4775,-1.2));
#6205=CARTESIAN_POINT('',(64.2,-22.4775,0.));
#6206=CARTESIAN_POINT('',(64.2,-36.5775,-1.2));
#6207=CARTESIAN_POINT('',(64.2,-22.4775,-1.2));
#6208=CARTESIAN_POINT('',(64.2,-36.5775,0.));
#6209=CARTESIAN_POINT('Origin',(64.7,-29.5275,-1.2));
#6210=CARTESIAN_POINT('',(65.2,-22.4775,-1.2));
#6211=CARTESIAN_POINT('',(64.95,-22.4775,-1.2));
#6212=CARTESIAN_POINT('',(65.2,-36.5775,-1.2));
#6213=CARTESIAN_POINT('',(65.2,-33.0525,-1.2));
#6214=CARTESIAN_POINT('',(56.9,-36.5775,-1.2));
#6215=CARTESIAN_POINT('Origin',(49.1,-36.5775,0.));
#6216=CARTESIAN_POINT('',(65.2,-36.5775,0.));
#6217=CARTESIAN_POINT('',(49.1,-36.5775,-1.2));
#6218=CARTESIAN_POINT('',(49.1,-36.5775,0.));
#6219=CARTESIAN_POINT('',(50.1,-36.5775,-1.2));
#6220=CARTESIAN_POINT('',(49.35,-36.5775,-1.2));
#6221=CARTESIAN_POINT('',(50.1,-36.5775,0.));
#6222=CARTESIAN_POINT('',(50.1,-36.5775,0.));
#6223=CARTESIAN_POINT('',(65.2,-36.5775,0.));
#6224=CARTESIAN_POINT('Origin',(65.2,-36.5775,0.));
#6225=CARTESIAN_POINT('',(65.2,-22.4775,0.));
#6226=CARTESIAN_POINT('Origin',(64.2,-55.6275,0.));
#6227=CARTESIAN_POINT('',(64.2,-41.5275,0.));
#6228=CARTESIAN_POINT('',(64.2,-55.6275,0.));
#6229=CARTESIAN_POINT('',(64.2,-41.5275,0.));
#6230=CARTESIAN_POINT('',(64.2,-41.5275,-1.2));
#6231=CARTESIAN_POINT('',(64.2,-41.5275,0.));
#6232=CARTESIAN_POINT('',(64.2,-55.6275,-1.2));
#6233=CARTESIAN_POINT('',(64.2,-41.5275,-1.2));
#6234=CARTESIAN_POINT('',(64.2,-55.6275,0.));
#6235=CARTESIAN_POINT('Origin',(64.7,-48.5775,-1.2));
#6236=CARTESIAN_POINT('',(65.2,-41.5275,-1.2));
#6237=CARTESIAN_POINT('',(64.95,-41.5275,-1.2));
#6238=CARTESIAN_POINT('',(65.2,-55.6275,-1.2));
#6239=CARTESIAN_POINT('',(65.2,-52.1025,-1.2));
#6240=CARTESIAN_POINT('',(56.9,-55.6275,-1.2));
#6241=CARTESIAN_POINT('Origin',(49.1,-55.6275,0.));
#6242=CARTESIAN_POINT('',(65.2,-55.6275,0.));
#6243=CARTESIAN_POINT('',(49.1,-55.6275,-1.2));
#6244=CARTESIAN_POINT('',(49.1,-55.6275,0.));
#6245=CARTESIAN_POINT('',(50.1,-55.6275,-1.2));
#6246=CARTESIAN_POINT('',(49.35,-55.6275,-1.2));
#6247=CARTESIAN_POINT('',(50.1,-55.6275,0.));
#6248=CARTESIAN_POINT('',(50.1,-55.6275,0.));
#6249=CARTESIAN_POINT('',(65.2,-55.6275,0.));
#6250=CARTESIAN_POINT('Origin',(65.2,-55.6275,0.));
#6251=CARTESIAN_POINT('',(65.2,-41.5275,0.));
#6252=CARTESIAN_POINT('Origin',(69.15,12.28875,0.));
#6253=CARTESIAN_POINT('',(69.15,12.28875,0.));
#6254=CARTESIAN_POINT('',(69.15,-1.81125,0.));
#6255=CARTESIAN_POINT('',(69.15,12.28875,0.));
#6256=CARTESIAN_POINT('',(69.15,-1.81125,-1.2));
#6257=CARTESIAN_POINT('',(69.15,-1.81125,0.));
#6258=CARTESIAN_POINT('',(69.15,12.28875,-1.2));
#6259=CARTESIAN_POINT('',(69.15,12.28875,-1.2));
#6260=CARTESIAN_POINT('',(69.15,12.28875,0.));
#6261=CARTESIAN_POINT('Origin',(68.65,5.23875,-1.2));
#6262=CARTESIAN_POINT('',(68.15,12.28875,-1.2));
#6263=CARTESIAN_POINT('',(76.45,12.28875,-1.2));
#6264=CARTESIAN_POINT('',(68.15,-1.81125,-1.2));
#6265=CARTESIAN_POINT('',(68.4,-1.81125,-1.2));
#6266=CARTESIAN_POINT('',(68.15,8.76375,-1.2));
#6267=CARTESIAN_POINT('Origin',(83.25,-20.86125,0.));
#6268=CARTESIAN_POINT('',(83.25,-6.76125,0.));
#6269=CARTESIAN_POINT('',(83.25,-20.86125,0.));
#6270=CARTESIAN_POINT('',(83.25,-6.76125,0.));
#6271=CARTESIAN_POINT('',(83.25,-6.76125,-1.2));
#6272=CARTESIAN_POINT('',(83.25,-6.76125,0.));
#6273=CARTESIAN_POINT('',(83.25,-20.86125,-1.2));
#6274=CARTESIAN_POINT('',(83.25,-6.76125,-1.2));
#6275=CARTESIAN_POINT('',(83.25,-20.86125,0.));
#6276=CARTESIAN_POINT('Origin',(83.75,-13.81125,-1.2));
#6277=CARTESIAN_POINT('',(84.25,-6.76125,-1.2));
#6278=CARTESIAN_POINT('',(84.,-6.76125,-1.2));
#6279=CARTESIAN_POINT('',(84.25,-20.86125,-1.2));
#6280=CARTESIAN_POINT('',(84.25,-17.33625,-1.2));
#6281=CARTESIAN_POINT('',(75.95,-20.86125,-1.2));
#6282=CARTESIAN_POINT('Origin',(68.15,-20.86125,0.));
#6283=CARTESIAN_POINT('',(84.25,-20.86125,0.));
#6284=CARTESIAN_POINT('',(68.15,-20.86125,-1.2));
#6285=CARTESIAN_POINT('',(68.15,-20.86125,0.));
#6286=CARTESIAN_POINT('',(69.15,-20.86125,-1.2));
#6287=CARTESIAN_POINT('',(68.4,-20.86125,-1.2));
#6288=CARTESIAN_POINT('',(69.15,-20.86125,0.));
#6289=CARTESIAN_POINT('',(69.15,-20.86125,0.));
#6290=CARTESIAN_POINT('',(84.25,-20.86125,0.));
#6291=CARTESIAN_POINT('Origin',(84.25,-20.86125,0.));
#6292=CARTESIAN_POINT('',(84.25,-6.76125,0.));
#6293=CARTESIAN_POINT('Origin',(102.3,-7.05000000000002,0.));
#6294=CARTESIAN_POINT('',(102.3,7.04999999999998,0.));
#6295=CARTESIAN_POINT('',(102.3,-7.05000000000002,0.));
#6296=CARTESIAN_POINT('',(102.3,7.04999999999998,0.));
#6297=CARTESIAN_POINT('',(102.3,7.04999999999998,-1.2));
#6298=CARTESIAN_POINT('',(102.3,7.04999999999998,0.));
#6299=CARTESIAN_POINT('',(102.3,-7.05000000000003,-1.2));
#6300=CARTESIAN_POINT('',(102.3,7.04999999999998,-1.2));
#6301=CARTESIAN_POINT('',(102.3,-7.05000000000002,0.));
#6302=CARTESIAN_POINT('Origin',(102.8,-1.88737914186277E-14,-1.2));
#6303=CARTESIAN_POINT('',(103.3,7.04999999999998,-1.2));
#6304=CARTESIAN_POINT('',(103.05,7.04999999999998,-1.2));
#6305=CARTESIAN_POINT('',(103.3,-7.05000000000003,-1.2));
#6306=CARTESIAN_POINT('',(103.3,-3.52500000000002,-1.2));
#6307=CARTESIAN_POINT('',(95.,-7.05000000000002,-1.2));
#6308=CARTESIAN_POINT('Origin',(87.2,-7.05000000000002,0.));
#6309=CARTESIAN_POINT('',(103.3,-7.05000000000002,0.));
#6310=CARTESIAN_POINT('',(87.2,-7.05000000000002,-1.2));
#6311=CARTESIAN_POINT('',(87.2,-7.05000000000002,0.));
#6312=CARTESIAN_POINT('',(88.2,-7.05000000000002,-1.2));
#6313=CARTESIAN_POINT('',(87.45,-7.05000000000002,-1.2));
#6314=CARTESIAN_POINT('',(88.2,-7.05000000000002,0.));
#6315=CARTESIAN_POINT('',(88.2,-7.05000000000002,0.));
#6316=CARTESIAN_POINT('',(103.3,-7.05000000000002,0.));
#6317=CARTESIAN_POINT('Origin',(103.3,-7.05000000000002,0.));
#6318=CARTESIAN_POINT('',(103.3,7.04999999999998,0.));
#6319=CARTESIAN_POINT('Origin',(102.3,-64.2,0.));
#6320=CARTESIAN_POINT('',(102.3,-50.1,0.));
#6321=CARTESIAN_POINT('',(102.3,-64.2,0.));
#6322=CARTESIAN_POINT('',(102.3,-50.1,0.));
#6323=CARTESIAN_POINT('',(102.3,-50.1,-1.2));
#6324=CARTESIAN_POINT('',(102.3,-50.1,0.));
#6325=CARTESIAN_POINT('',(102.3,-64.2,-1.2));
#6326=CARTESIAN_POINT('',(102.3,-50.1,-1.2));
#6327=CARTESIAN_POINT('',(102.3,-64.2,0.));
#6328=CARTESIAN_POINT('Origin',(102.8,-57.15,-1.2));
#6329=CARTESIAN_POINT('',(103.3,-50.1,-1.2));
#6330=CARTESIAN_POINT('',(103.05,-50.1,-1.2));
#6331=CARTESIAN_POINT('',(103.3,-64.2,-1.2));
#6332=CARTESIAN_POINT('',(103.3,-60.675,-1.2));
#6333=CARTESIAN_POINT('',(95.,-64.2,-1.2));
#6334=CARTESIAN_POINT('Origin',(87.2,-64.2,0.));
#6335=CARTESIAN_POINT('',(103.3,-64.2,0.));
#6336=CARTESIAN_POINT('',(87.2,-64.2,-1.2));
#6337=CARTESIAN_POINT('',(87.2,-64.2,0.));
#6338=CARTESIAN_POINT('',(88.2,-64.2,-1.2));
#6339=CARTESIAN_POINT('',(87.45,-64.2,-1.2));
#6340=CARTESIAN_POINT('',(88.2,-64.2,0.));
#6341=CARTESIAN_POINT('',(88.2,-64.2,0.));
#6342=CARTESIAN_POINT('',(103.3,-64.2,0.));
#6343=CARTESIAN_POINT('Origin',(103.3,-64.2,0.));
#6344=CARTESIAN_POINT('',(103.3,-50.1,0.));
#6345=CARTESIAN_POINT('Origin',(102.3,-45.15,0.));
#6346=CARTESIAN_POINT('',(102.3,-45.15,0.));
#6347=CARTESIAN_POINT('',(102.3,-31.05,0.));
#6348=CARTESIAN_POINT('',(102.3,-45.15,-1.2));
#6349=CARTESIAN_POINT('',(102.3,-31.05,-1.2));
#6350=CARTESIAN_POINT('',(102.3,-45.15,0.));
#6351=CARTESIAN_POINT('Origin',(102.8,-38.1,-1.2));
#6352=CARTESIAN_POINT('',(103.3,-45.15,-1.2));
#6353=CARTESIAN_POINT('',(103.3,-41.625,-1.2));
#6354=CARTESIAN_POINT('',(95.,-45.15,-1.2));
#6355=CARTESIAN_POINT('Origin',(87.2,-45.15,0.));
#6356=CARTESIAN_POINT('',(103.3,-45.15,0.));
#6357=CARTESIAN_POINT('',(103.3,-45.15,0.));
#6358=CARTESIAN_POINT('Origin',(103.3,-45.15,0.));
#6359=CARTESIAN_POINT('Origin',(88.2,-12.,0.));
#6360=CARTESIAN_POINT('',(88.2,-12.,0.));
#6361=CARTESIAN_POINT('',(88.2,-12.,0.));
#6362=CARTESIAN_POINT('',(88.2,-12.,-1.2));
#6363=CARTESIAN_POINT('',(88.2,-12.,-1.2));
#6364=CARTESIAN_POINT('',(88.2,-12.,0.));
#6365=CARTESIAN_POINT('Origin',(87.7,-19.05,-1.2));
#6366=CARTESIAN_POINT('',(87.2000000000003,-12.,-1.2));
#6367=CARTESIAN_POINT('',(87.2000000000002,-15.525,-1.2));
#6368=CARTESIAN_POINT('',(95.5,-12.,-1.2));
#6369=CARTESIAN_POINT('Origin',(103.3,-12.,0.));
#6370=CARTESIAN_POINT('',(87.2000000000003,-12.,0.));
#6371=CARTESIAN_POINT('',(87.2000000000003,-12.,0.));
#6372=CARTESIAN_POINT('Origin',(87.2000000000003,-12.,0.));
#6373=CARTESIAN_POINT('Origin',(83.25,-58.96125,0.));
#6374=CARTESIAN_POINT('',(83.25,-44.86125,0.));
#6375=CARTESIAN_POINT('',(83.25,-58.96125,0.));
#6376=CARTESIAN_POINT('',(83.25,-44.86125,0.));
#6377=CARTESIAN_POINT('',(83.25,-44.86125,-1.2));
#6378=CARTESIAN_POINT('',(83.25,-44.86125,0.));
#6379=CARTESIAN_POINT('',(83.25,-58.96125,-1.2));
#6380=CARTESIAN_POINT('',(83.25,-44.86125,-1.2));
#6381=CARTESIAN_POINT('',(83.25,-58.96125,0.));
#6382=CARTESIAN_POINT('Origin',(83.75,-51.91125,-1.2));
#6383=CARTESIAN_POINT('',(84.25,-44.86125,-1.2));
#6384=CARTESIAN_POINT('',(84.,-44.86125,-1.2));
#6385=CARTESIAN_POINT('',(84.25,-58.96125,-1.2));
#6386=CARTESIAN_POINT('',(84.25,-55.43625,-1.2));
#6387=CARTESIAN_POINT('',(75.95,-58.96125,-1.2));
#6388=CARTESIAN_POINT('Origin',(68.15,-58.96125,0.));
#6389=CARTESIAN_POINT('',(84.25,-58.96125,0.));
#6390=CARTESIAN_POINT('',(84.25,-58.96125,0.));
#6391=CARTESIAN_POINT('',(68.15,-58.96125,0.));
#6392=CARTESIAN_POINT('Origin',(84.25,-58.96125,0.));
#6393=CARTESIAN_POINT('',(84.25,-44.86125,0.));
#6394=CARTESIAN_POINT('Origin',(83.25,-39.91125,0.));
#6395=CARTESIAN_POINT('',(83.25,-25.81125,0.));
#6396=CARTESIAN_POINT('',(83.25,-39.91125,0.));
#6397=CARTESIAN_POINT('',(83.25,-25.81125,0.));
#6398=CARTESIAN_POINT('',(83.25,-25.81125,-1.2));
#6399=CARTESIAN_POINT('',(83.25,-25.81125,0.));
#6400=CARTESIAN_POINT('',(83.25,-39.91125,-1.2));
#6401=CARTESIAN_POINT('',(83.25,-25.81125,-1.2));
#6402=CARTESIAN_POINT('',(83.25,-39.91125,0.));
#6403=CARTESIAN_POINT('Origin',(83.75,-32.86125,-1.2));
#6404=CARTESIAN_POINT('',(84.25,-25.81125,-1.2));
#6405=CARTESIAN_POINT('',(84.,-25.81125,-1.2));
#6406=CARTESIAN_POINT('',(84.25,-39.91125,-1.2));
#6407=CARTESIAN_POINT('',(84.25,-36.38625,-1.2));
#6408=CARTESIAN_POINT('',(75.95,-39.91125,-1.2));
#6409=CARTESIAN_POINT('Origin',(68.15,-39.91125,0.));
#6410=CARTESIAN_POINT('',(84.25,-39.91125,0.));
#6411=CARTESIAN_POINT('',(84.25,-39.91125,0.));
#6412=CARTESIAN_POINT('',(68.15,-39.91125,0.));
#6413=CARTESIAN_POINT('Origin',(84.25,-39.91125,0.));
#6414=CARTESIAN_POINT('',(84.25,-25.81125,0.));
#6415=CARTESIAN_POINT('Origin',(64.2,-17.5275,0.));
#6416=CARTESIAN_POINT('',(64.2,-17.5275,0.));
#6417=CARTESIAN_POINT('',(64.2,-3.4275,0.));
#6418=CARTESIAN_POINT('',(64.2,-17.5275,-1.2));
#6419=CARTESIAN_POINT('',(64.2,-3.4275,-1.2));
#6420=CARTESIAN_POINT('',(64.2,-17.5275,0.));
#6421=CARTESIAN_POINT('Origin',(64.7,-10.4775,-1.2));
#6422=CARTESIAN_POINT('',(65.2,-17.5275,-1.2));
#6423=CARTESIAN_POINT('',(65.2,-14.0025,-1.2));
#6424=CARTESIAN_POINT('',(56.9,-17.5275,-1.2));
#6425=CARTESIAN_POINT('Origin',(49.1,-17.5275,0.));
#6426=CARTESIAN_POINT('',(65.2,-17.5275,0.));
#6427=CARTESIAN_POINT('',(65.2,-17.5275,0.));
#6428=CARTESIAN_POINT('Origin',(65.2,-17.5275,0.));
#6429=CARTESIAN_POINT('Origin',(64.2,1.5225,0.));
#6430=CARTESIAN_POINT('',(64.2,15.6225,0.));
#6431=CARTESIAN_POINT('',(64.2,1.52249999999999,0.));
#6432=CARTESIAN_POINT('',(64.2,15.6225,0.));
#6433=CARTESIAN_POINT('',(64.2,15.6225,-1.2));
#6434=CARTESIAN_POINT('',(64.2,15.6225,0.));
#6435=CARTESIAN_POINT('',(64.2,1.52249999999999,-1.2));
#6436=CARTESIAN_POINT('',(64.2,15.6225,-1.2));
#6437=CARTESIAN_POINT('',(64.2,1.52249999999999,0.));
#6438=CARTESIAN_POINT('Origin',(64.7,8.5725,-1.2));
#6439=CARTESIAN_POINT('',(65.2,15.6225,-1.2));
#6440=CARTESIAN_POINT('',(64.95,15.6225,-1.2));
#6441=CARTESIAN_POINT('',(65.2,1.52249999999999,-1.2));
#6442=CARTESIAN_POINT('',(65.2,5.0475,-1.2));
#6443=CARTESIAN_POINT('',(56.9,1.5225,-1.2));
#6444=CARTESIAN_POINT('Origin',(49.1,1.5225,0.));
#6445=CARTESIAN_POINT('',(65.2,1.52249999999999,0.));
#6446=CARTESIAN_POINT('',(65.2,1.52249999999999,0.));
#6447=CARTESIAN_POINT('',(49.1,1.5225,0.));
#6448=CARTESIAN_POINT('Origin',(65.2,1.52249999999999,0.));
#6449=CARTESIAN_POINT('',(65.2,15.6225,0.));
#6450=CARTESIAN_POINT('Origin',(45.15,-54.675,0.));
#6451=CARTESIAN_POINT('',(45.15,-54.675,0.));
#6452=CARTESIAN_POINT('',(45.15,-40.575,0.));
#6453=CARTESIAN_POINT('',(45.15,-54.675,-1.2));
#6454=CARTESIAN_POINT('',(45.15,-40.575,-1.2));
#6455=CARTESIAN_POINT('',(45.15,-54.675,0.));
#6456=CARTESIAN_POINT('Origin',(45.65,-47.625,-1.2));
#6457=CARTESIAN_POINT('',(46.15,-54.675,-1.2));
#6458=CARTESIAN_POINT('',(46.15,-51.15,-1.2));
#6459=CARTESIAN_POINT('',(37.85,-54.675,-1.2));
#6460=CARTESIAN_POINT('Origin',(30.05,-54.675,0.));
#6461=CARTESIAN_POINT('',(46.15,-54.675,0.));
#6462=CARTESIAN_POINT('',(46.15,-54.675,0.));
#6463=CARTESIAN_POINT('Origin',(46.15,-54.675,0.));
#6464=CARTESIAN_POINT('Origin',(45.15,-35.625,0.));
#6465=CARTESIAN_POINT('',(45.15,-35.625,0.));
#6466=CARTESIAN_POINT('',(45.15,-21.525,0.));
#6467=CARTESIAN_POINT('',(45.15,-35.625,-1.2));
#6468=CARTESIAN_POINT('',(45.15,-21.525,-1.2));
#6469=CARTESIAN_POINT('',(45.15,-35.625,0.));
#6470=CARTESIAN_POINT('Origin',(45.65,-28.575,-1.2));
#6471=CARTESIAN_POINT('',(46.15,-35.625,-1.2));
#6472=CARTESIAN_POINT('',(46.15,-32.1,-1.2));
#6473=CARTESIAN_POINT('',(37.85,-35.625,-1.2));
#6474=CARTESIAN_POINT('Origin',(30.05,-35.625,0.));
#6475=CARTESIAN_POINT('',(46.15,-35.625,0.));
#6476=CARTESIAN_POINT('',(46.15,-35.625,0.));
#6477=CARTESIAN_POINT('Origin',(46.15,-35.625,0.));
#6478=CARTESIAN_POINT('Origin',(12.,-42.95625,0.));
#6479=CARTESIAN_POINT('',(12.,-42.95625,0.));
#6480=CARTESIAN_POINT('',(12.,-42.95625,0.));
#6481=CARTESIAN_POINT('',(12.,-42.95625,-1.2));
#6482=CARTESIAN_POINT('',(12.,-42.95625,-1.2));
#6483=CARTESIAN_POINT('',(12.,-42.95625,0.));
#6484=CARTESIAN_POINT('Origin',(11.5,-50.00625,-1.2));
#6485=CARTESIAN_POINT('',(11.,-42.95625,-1.2));
#6486=CARTESIAN_POINT('',(19.3,-42.95625,-1.2));
#6487=CARTESIAN_POINT('',(11.,-46.48125,-1.2));
#6488=CARTESIAN_POINT('Origin',(26.1,-18.95625,0.));
#6489=CARTESIAN_POINT('',(26.1,-4.85625,0.));
#6490=CARTESIAN_POINT('',(26.1,-18.95625,0.));
#6491=CARTESIAN_POINT('',(26.1,-4.85625,0.));
#6492=CARTESIAN_POINT('',(26.1,-4.85625,-1.2));
#6493=CARTESIAN_POINT('',(26.1,-4.85625,0.));
#6494=CARTESIAN_POINT('',(26.1,-18.95625,-1.2));
#6495=CARTESIAN_POINT('',(26.1,-4.85625,-1.2));
#6496=CARTESIAN_POINT('',(26.1,-18.95625,0.));
#6497=CARTESIAN_POINT('Origin',(26.6,-11.90625,-1.2));
#6498=CARTESIAN_POINT('',(27.1,-4.85625,-1.2));
#6499=CARTESIAN_POINT('',(26.85,-4.85625,-1.2));
#6500=CARTESIAN_POINT('',(27.1,-18.95625,-1.2));
#6501=CARTESIAN_POINT('',(27.1,-15.43125,-1.2));
#6502=CARTESIAN_POINT('',(18.8,-18.95625,-1.2));
#6503=CARTESIAN_POINT('Origin',(11.,-18.95625,0.));
#6504=CARTESIAN_POINT('',(27.1,-18.95625,0.));
#6505=CARTESIAN_POINT('',(27.1,-18.95625,0.));
#6506=CARTESIAN_POINT('',(11.,-18.95625,0.));
#6507=CARTESIAN_POINT('Origin',(27.1,-18.95625,0.));
#6508=CARTESIAN_POINT('',(27.1,-4.85625,0.));
#6509=CARTESIAN_POINT('Origin',(-7.05,-50.1,0.));
#6510=CARTESIAN_POINT('',(-7.05,-50.1,0.));
#6511=CARTESIAN_POINT('',(-7.05,-50.1,0.));
#6512=CARTESIAN_POINT('',(-7.05,-50.1,-1.2));
#6513=CARTESIAN_POINT('',(-7.05,-50.1,-1.2));
#6514=CARTESIAN_POINT('',(-7.05,-50.1,0.));
#6515=CARTESIAN_POINT('Origin',(-7.55,-57.15,-1.2));
#6516=CARTESIAN_POINT('',(-8.05,-50.1,-1.2));
#6517=CARTESIAN_POINT('',(0.25,-50.1,-1.2));
#6518=CARTESIAN_POINT('',(-8.05,-53.625,-1.2));
#6519=CARTESIAN_POINT('Origin',(-7.05,-12.,0.));
#6520=CARTESIAN_POINT('',(-7.05,-12.,0.));
#6521=CARTESIAN_POINT('',(-7.05,-12.,0.));
#6522=CARTESIAN_POINT('',(-7.05,-12.,-1.2));
#6523=CARTESIAN_POINT('',(-7.05,-12.,-1.2));
#6524=CARTESIAN_POINT('',(-7.05,-12.,0.));
#6525=CARTESIAN_POINT('Origin',(-7.55,-19.05,-1.2));
#6526=CARTESIAN_POINT('',(-8.05,-12.,-1.2));
#6527=CARTESIAN_POINT('',(0.250000000000001,-12.,-1.2));
#6528=CARTESIAN_POINT('',(-8.05,-15.525,-1.2));
#6529=CARTESIAN_POINT('Origin',(-7.05,7.05,0.));
#6530=CARTESIAN_POINT('',(-7.05,7.05,0.));
#6531=CARTESIAN_POINT('',(-7.05,7.05,0.));
#6532=CARTESIAN_POINT('',(-7.05,7.05,-1.2));
#6533=CARTESIAN_POINT('',(-7.05,7.05,-1.2));
#6534=CARTESIAN_POINT('',(-7.05,7.05,0.));
#6535=CARTESIAN_POINT('Origin',(-7.55,-1.11022302462516E-15,-1.2));
#6536=CARTESIAN_POINT('',(-8.05,7.05,-1.2));
#6537=CARTESIAN_POINT('',(0.25,7.05,-1.2));
#6538=CARTESIAN_POINT('',(-8.05,3.525,-1.2));
#6539=CARTESIAN_POINT('Origin',(7.05,-45.15,0.));
#6540=CARTESIAN_POINT('',(7.05,-31.05,0.));
#6541=CARTESIAN_POINT('',(7.05,-45.15,0.));
#6542=CARTESIAN_POINT('',(7.05,-31.05,0.));
#6543=CARTESIAN_POINT('',(7.05,-31.05,-1.2));
#6544=CARTESIAN_POINT('',(7.05,-31.05,0.));
#6545=CARTESIAN_POINT('',(7.05,-45.15,-1.2));
#6546=CARTESIAN_POINT('',(7.05,-31.05,-1.2));
#6547=CARTESIAN_POINT('',(7.05,-45.15,0.));
#6548=CARTESIAN_POINT('Origin',(7.55,-38.1,-1.2));
#6549=CARTESIAN_POINT('',(8.05,-31.05,-1.2));
#6550=CARTESIAN_POINT('',(7.8,-31.05,-1.2));
#6551=CARTESIAN_POINT('',(8.05000000000001,-45.15,-1.2));
#6552=CARTESIAN_POINT('',(8.05,-41.625,-1.2));
#6553=CARTESIAN_POINT('',(-0.249999999999999,-45.15,-1.2));
#6554=CARTESIAN_POINT('Origin',(-8.05,-45.15,0.));
#6555=CARTESIAN_POINT('',(8.05000000000001,-45.15,0.));
#6556=CARTESIAN_POINT('',(8.05000000000001,-45.15,0.));
#6557=CARTESIAN_POINT('',(-8.05,-45.15,0.));
#6558=CARTESIAN_POINT('Origin',(8.05000000000001,-45.15,0.));
#6559=CARTESIAN_POINT('',(8.05,-31.05,0.));
#6560=CARTESIAN_POINT('Origin',(12.,14.19375,0.));
#6561=CARTESIAN_POINT('',(12.,14.19375,0.));
#6562=CARTESIAN_POINT('',(12.,14.19375,0.));
#6563=CARTESIAN_POINT('',(12.,14.19375,-1.2));
#6564=CARTESIAN_POINT('',(12.,14.19375,-1.2));
#6565=CARTESIAN_POINT('',(12.,14.19375,0.));
#6566=CARTESIAN_POINT('Origin',(11.5,7.14375,-1.2));
#6567=CARTESIAN_POINT('',(11.,14.19375,-1.2));
#6568=CARTESIAN_POINT('',(19.3,14.19375,-1.2));
#6569=CARTESIAN_POINT('',(11.,10.66875,-1.2));
#6570=CARTESIAN_POINT('Origin',(12.,-23.90625,0.));
#6571=CARTESIAN_POINT('',(12.,-23.90625,0.));
#6572=CARTESIAN_POINT('',(12.,-23.90625,0.));
#6573=CARTESIAN_POINT('',(12.,-23.90625,-1.2));
#6574=CARTESIAN_POINT('',(12.,-23.90625,-1.2));
#6575=CARTESIAN_POINT('',(12.,-23.90625,0.));
#6576=CARTESIAN_POINT('Origin',(11.5,-30.95625,-1.2));
#6577=CARTESIAN_POINT('',(11.,-23.90625,-1.2));
#6578=CARTESIAN_POINT('',(19.3,-23.90625,-1.2));
#6579=CARTESIAN_POINT('',(11.,-27.43125,-1.2));
#6580=CARTESIAN_POINT('Origin',(31.05,-2.475,0.));
#6581=CARTESIAN_POINT('',(31.05,-2.475,0.));
#6582=CARTESIAN_POINT('',(31.05,-2.475,0.));
#6583=CARTESIAN_POINT('',(31.05,-2.475,-1.2));
#6584=CARTESIAN_POINT('',(31.05,-2.475,-1.2));
#6585=CARTESIAN_POINT('',(31.05,-2.475,0.));
#6586=CARTESIAN_POINT('Origin',(30.55,-9.525,-1.2));
#6587=CARTESIAN_POINT('',(30.05,-2.475,-1.2));
#6588=CARTESIAN_POINT('',(30.05,-6.,-1.2));
#6589=CARTESIAN_POINT('',(38.35,-2.475,-1.2));
#6590=CARTESIAN_POINT('Origin',(46.15,-2.475,0.));
#6591=CARTESIAN_POINT('',(30.05,-2.475,0.));
#6592=CARTESIAN_POINT('',(30.05,-2.475,0.));
#6593=CARTESIAN_POINT('Origin',(30.05,-2.475,0.));
#6594=CARTESIAN_POINT('Origin',(31.05,16.575,0.));
#6595=CARTESIAN_POINT('',(31.05,16.575,0.));
#6596=CARTESIAN_POINT('',(31.05,16.575,0.));
#6597=CARTESIAN_POINT('',(31.05,16.575,-1.2));
#6598=CARTESIAN_POINT('',(31.05,16.575,-1.2));
#6599=CARTESIAN_POINT('',(31.05,16.575,0.));
#6600=CARTESIAN_POINT('Origin',(30.55,9.525,-1.2));
#6601=CARTESIAN_POINT('',(30.05,16.575,-1.2));
#6602=CARTESIAN_POINT('',(38.35,16.575,-1.2));
#6603=CARTESIAN_POINT('',(30.05,13.05,-1.2));
#6604=CARTESIAN_POINT('Origin',(50.1,-22.4775,0.));
#6605=CARTESIAN_POINT('',(50.1,-22.4775,0.));
#6606=CARTESIAN_POINT('',(50.1,-22.4775,0.));
#6607=CARTESIAN_POINT('',(50.1,-22.4775,-1.2));
#6608=CARTESIAN_POINT('',(50.1,-22.4775,-1.2));
#6609=CARTESIAN_POINT('',(50.1,-22.4775,0.));
#6610=CARTESIAN_POINT('Origin',(49.6,-29.5275,-1.2));
#6611=CARTESIAN_POINT('',(49.1,-22.4775,-1.2));
#6612=CARTESIAN_POINT('',(49.1,-26.0025,-1.2));
#6613=CARTESIAN_POINT('',(57.4,-22.4775,-1.2));
#6614=CARTESIAN_POINT('Origin',(65.2,-22.4775,0.));
#6615=CARTESIAN_POINT('',(49.1,-22.4775,0.));
#6616=CARTESIAN_POINT('',(49.1,-22.4775,0.));
#6617=CARTESIAN_POINT('Origin',(49.1,-22.4775,0.));
#6618=CARTESIAN_POINT('Origin',(50.1,-41.5275,0.));
#6619=CARTESIAN_POINT('',(50.1,-41.5275,0.));
#6620=CARTESIAN_POINT('',(50.1,-41.5275,0.));
#6621=CARTESIAN_POINT('',(50.1,-41.5275,-1.2));
#6622=CARTESIAN_POINT('',(50.1,-41.5275,-1.2));
#6623=CARTESIAN_POINT('',(50.1,-41.5275,0.));
#6624=CARTESIAN_POINT('Origin',(49.6,-48.5775,-1.2));
#6625=CARTESIAN_POINT('',(49.1,-41.5275,-1.2));
#6626=CARTESIAN_POINT('',(49.1,-45.0525,-1.2));
#6627=CARTESIAN_POINT('',(57.4,-41.5275,-1.2));
#6628=CARTESIAN_POINT('Origin',(65.2,-41.5275,0.));
#6629=CARTESIAN_POINT('',(49.1,-41.5275,0.));
#6630=CARTESIAN_POINT('',(49.1,-41.5275,0.));
#6631=CARTESIAN_POINT('Origin',(49.1,-41.5275,0.));
#6632=CARTESIAN_POINT('Origin',(83.25,-1.81125,0.));
#6633=CARTESIAN_POINT('',(83.25,12.28875,0.));
#6634=CARTESIAN_POINT('',(83.25,-1.81125000000001,0.));
#6635=CARTESIAN_POINT('',(83.25,12.28875,0.));
#6636=CARTESIAN_POINT('',(83.25,12.28875,-1.2));
#6637=CARTESIAN_POINT('',(83.25,12.28875,0.));
#6638=CARTESIAN_POINT('',(83.25,-1.81125000000001,-1.2));
#6639=CARTESIAN_POINT('',(83.25,12.28875,-1.2));
#6640=CARTESIAN_POINT('',(83.25,-1.81125000000001,0.));
#6641=CARTESIAN_POINT('Origin',(83.75,5.23875,-1.2));
#6642=CARTESIAN_POINT('',(84.25,12.28875,-1.2));
#6643=CARTESIAN_POINT('',(84.,12.28875,-1.2));
#6644=CARTESIAN_POINT('',(84.25,-1.81125000000001,-1.2));
#6645=CARTESIAN_POINT('',(84.25,1.71375,-1.2));
#6646=CARTESIAN_POINT('',(75.95,-1.81125,-1.2));
#6647=CARTESIAN_POINT('Origin',(68.15,-1.81125,0.));
#6648=CARTESIAN_POINT('',(84.25,-1.81125000000001,0.));
#6649=CARTESIAN_POINT('',(84.25,-1.81125000000001,0.));
#6650=CARTESIAN_POINT('',(68.15,-1.81125,0.));
#6651=CARTESIAN_POINT('Origin',(84.25,-1.81125000000001,0.));
#6652=CARTESIAN_POINT('',(84.25,12.28875,0.));
#6653=CARTESIAN_POINT('Origin',(69.15,-6.76125,0.));
#6654=CARTESIAN_POINT('',(69.15,-6.76125,0.));
#6655=CARTESIAN_POINT('',(69.15,-6.76125,0.));
#6656=CARTESIAN_POINT('',(69.15,-6.76125,-1.2));
#6657=CARTESIAN_POINT('',(69.15,-6.76125,-1.2));
#6658=CARTESIAN_POINT('',(69.15,-6.76125,0.));
#6659=CARTESIAN_POINT('Origin',(68.65,-13.81125,-1.2));
#6660=CARTESIAN_POINT('',(68.15,-6.76125,-1.2));
#6661=CARTESIAN_POINT('',(76.45,-6.76125,-1.2));
#6662=CARTESIAN_POINT('',(68.15,-10.28625,-1.2));
#6663=CARTESIAN_POINT('Origin',(88.2,7.04999999999998,0.));
#6664=CARTESIAN_POINT('',(88.2,7.04999999999998,0.));
#6665=CARTESIAN_POINT('',(88.2,7.04999999999999,0.));
#6666=CARTESIAN_POINT('',(88.2,7.04999999999998,-1.2));
#6667=CARTESIAN_POINT('',(88.2,7.04999999999999,-1.2));
#6668=CARTESIAN_POINT('',(88.2,7.04999999999998,0.));
#6669=CARTESIAN_POINT('Origin',(87.7,-1.66533453693773E-14,-1.2));
#6670=CARTESIAN_POINT('',(87.2000000000003,7.04999999999998,-1.2));
#6671=CARTESIAN_POINT('',(95.5,7.04999999999998,-1.2));
#6672=CARTESIAN_POINT('',(87.2000000000002,3.52499999999999,-1.2));
#6673=CARTESIAN_POINT('Origin',(88.2,-50.1,0.));
#6674=CARTESIAN_POINT('',(88.2,-50.1,0.));
#6675=CARTESIAN_POINT('',(88.2,-50.1,0.));
#6676=CARTESIAN_POINT('',(88.2,-50.1,-1.2));
#6677=CARTESIAN_POINT('',(88.2,-50.1,-1.2));
#6678=CARTESIAN_POINT('',(88.2,-50.1,0.));
#6679=CARTESIAN_POINT('Origin',(87.7,-57.15,-1.2));
#6680=CARTESIAN_POINT('',(87.2000000000003,-50.1,-1.2));
#6681=CARTESIAN_POINT('',(87.2000000000002,-53.625,-1.2));
#6682=CARTESIAN_POINT('',(95.5,-50.1,-1.2));
#6683=CARTESIAN_POINT('Origin',(103.3,-50.1,0.));
#6684=CARTESIAN_POINT('',(87.2000000000003,-50.1,0.));
#6685=CARTESIAN_POINT('',(87.2000000000003,-50.1,0.));
#6686=CARTESIAN_POINT('Origin',(87.2000000000003,-50.1,0.));
#6687=CARTESIAN_POINT('Origin',(-8.05,7.05,0.));
#6688=CARTESIAN_POINT('',(-8.05,7.05,0.));
#6689=CARTESIAN_POINT('Origin',(8.05,7.05,0.));
#6690=CARTESIAN_POINT('',(-8.05,7.05,0.));
#6691=CARTESIAN_POINT('Origin',(30.05,16.575,0.));
#6692=CARTESIAN_POINT('',(30.05,16.575,0.));
#6693=CARTESIAN_POINT('Origin',(46.15,16.575,0.));
#6694=CARTESIAN_POINT('',(30.05,16.575,0.));
#6695=CARTESIAN_POINT('Origin',(68.15,-44.86125,0.));
#6696=CARTESIAN_POINT('',(68.15,-44.86125,0.));
#6697=CARTESIAN_POINT('Origin',(84.25,-44.86125,0.));
#6698=CARTESIAN_POINT('',(68.15,-44.86125,0.));
#6699=CARTESIAN_POINT('Origin',(68.15,-6.76125,0.));
#6700=CARTESIAN_POINT('',(68.15,-6.76125,0.));
#6701=CARTESIAN_POINT('Origin',(84.25,-6.76125,0.));
#6702=CARTESIAN_POINT('',(68.15,-6.76125,0.));
#6703=CARTESIAN_POINT('Origin',(-8.05,-50.1,0.));
#6704=CARTESIAN_POINT('',(-8.05,-50.1,0.));
#6705=CARTESIAN_POINT('Origin',(8.05,-50.1,0.));
#6706=CARTESIAN_POINT('',(-8.05,-50.1,0.));
#6707=CARTESIAN_POINT('Origin',(11.,-23.90625,0.));
#6708=CARTESIAN_POINT('',(11.,-23.90625,0.));
#6709=CARTESIAN_POINT('Origin',(27.1,-23.90625,0.));
#6710=CARTESIAN_POINT('',(11.,-23.90625,0.));
#6711=CARTESIAN_POINT('Origin',(87.2000000000003,7.04999999999998,0.));
#6712=CARTESIAN_POINT('',(87.2000000000003,7.04999999999998,0.));
#6713=CARTESIAN_POINT('Origin',(103.3,7.04999999999998,0.));
#6714=CARTESIAN_POINT('',(87.2000000000003,7.04999999999998,0.));
#6715=CARTESIAN_POINT('Origin',(11.,-42.95625,0.));
#6716=CARTESIAN_POINT('',(11.,-42.95625,0.));
#6717=CARTESIAN_POINT('Origin',(27.1,-42.95625,0.));
#6718=CARTESIAN_POINT('',(11.,-42.95625,0.));
#6719=CARTESIAN_POINT('Origin',(68.15,-25.81125,0.));
#6720=CARTESIAN_POINT('',(68.15,-25.81125,0.));
#6721=CARTESIAN_POINT('Origin',(84.25,-25.81125,0.));
#6722=CARTESIAN_POINT('',(68.15,-25.81125,0.));
#6723=CARTESIAN_POINT('Origin',(49.1,15.6225,0.));
#6724=CARTESIAN_POINT('',(49.1,15.6225,0.));
#6725=CARTESIAN_POINT('Origin',(65.2,15.6225,0.));
#6726=CARTESIAN_POINT('',(49.1,15.6225,0.));
#6727=CARTESIAN_POINT('Origin',(-8.05,-31.05,0.));
#6728=CARTESIAN_POINT('',(-8.05,-31.05,0.));
#6729=CARTESIAN_POINT('Origin',(8.05,-31.05,0.));
#6730=CARTESIAN_POINT('',(-8.05,-31.05,0.));
#6731=CARTESIAN_POINT('Origin',(11.,14.19375,0.));
#6732=CARTESIAN_POINT('',(11.,14.19375,0.));
#6733=CARTESIAN_POINT('Origin',(27.1,14.19375,0.));
#6734=CARTESIAN_POINT('',(11.,14.19375,0.));
#6735=CARTESIAN_POINT('Origin',(-8.05,-12.,0.));
#6736=CARTESIAN_POINT('',(-8.05,-12.,0.));
#6737=CARTESIAN_POINT('Origin',(8.05,-12.,0.));
#6738=CARTESIAN_POINT('',(-8.05,-12.,0.));
#6739=CARTESIAN_POINT('Origin',(11.,-4.85625,0.));
#6740=CARTESIAN_POINT('',(11.,-4.85625,0.));
#6741=CARTESIAN_POINT('Origin',(27.1,-4.85625,0.));
#6742=CARTESIAN_POINT('',(11.,-4.85625,0.));
#6743=CARTESIAN_POINT('Origin',(68.15,12.28875,0.));
#6744=CARTESIAN_POINT('',(68.15,12.28875,0.));
#6745=CARTESIAN_POINT('Origin',(84.25,12.28875,0.));
#6746=CARTESIAN_POINT('',(68.15,12.28875,0.));
#6747=CARTESIAN_POINT('Origin',(107.175,-69.075,0.));
#6748=CARTESIAN_POINT('',(-11.925,-69.075,0.));
#6749=CARTESIAN_POINT('Origin',(-11.925,21.45,0.));
#6750=CARTESIAN_POINT('',(107.175,21.45,0.));
#6751=CARTESIAN_POINT('Origin',(47.625,-23.8125,0.));
#6752=UNCERTAINTY_MEASURE_WITH_UNIT(LENGTH_MEASURE(0.01),#6756,
'DISTANCE_ACCURACY_VALUE',
'Maximum model space distance between geometric entities at asserted c
onnectivities');
#6753=UNCERTAINTY_MEASURE_WITH_UNIT(LENGTH_MEASURE(0.01),#6756,
'DISTANCE_ACCURACY_VALUE',
'Maximum model space distance between geometric entities at asserted c
onnectivities');
#6754=(
GEOMETRIC_REPRESENTATION_CONTEXT(3)
GLOBAL_UNCERTAINTY_ASSIGNED_CONTEXT((#6752))
GLOBAL_UNIT_ASSIGNED_CONTEXT((#6756,#6758,#6759))
REPRESENTATION_CONTEXT('','3D')
);
#6755=(
GEOMETRIC_REPRESENTATION_CONTEXT(3)
GLOBAL_UNCERTAINTY_ASSIGNED_CONTEXT((#6753))
GLOBAL_UNIT_ASSIGNED_CONTEXT((#6756,#6758,#6759))
REPRESENTATION_CONTEXT('','3D')
);
#6756=(
LENGTH_UNIT()
NAMED_UNIT(*)
SI_UNIT(.MILLI.,.METRE.)
);
#6757=(
LENGTH_UNIT()
NAMED_UNIT(*)
SI_UNIT($,.METRE.)
);
#6758=(
NAMED_UNIT(*)
PLANE_ANGLE_UNIT()
SI_UNIT($,.RADIAN.)
);
#6759=(
NAMED_UNIT(*)
SI_UNIT($,.STERADIAN.)
SOLID_ANGLE_UNIT()
);
#6760=SHAPE_DEFINITION_REPRESENTATION(#6761,#6762);
#6761=PRODUCT_DEFINITION_SHAPE('',$,#6764);
#6762=SHAPE_REPRESENTATION('',(#4324),#6754);
#6763=PRODUCT_DEFINITION_CONTEXT('part definition',#6768,'design');
#6764=PRODUCT_DEFINITION('2026-07-17-00-39-52-886','Modey45_L2_PLATE',#6765,
#6763);
#6765=PRODUCT_DEFINITION_FORMATION('',$,#6770);
#6766=PRODUCT_RELATED_PRODUCT_CATEGORY('Modey45_L2_PLATE',
'Modey45_L2_PLATE',(#6770));
#6767=APPLICATION_PROTOCOL_DEFINITION('international standard',
'automotive_design',2009,#6768);
#6768=APPLICATION_CONTEXT(
'Core Data for Automotive Mechanical Design Process');
#6769=PRODUCT_CONTEXT('part definition',#6768,'mechanical');
#6770=PRODUCT('2026-07-17-00-39-52-886','Modey45_L2_PLATE',$,(#6769));
#6771=PRESENTATION_STYLE_ASSIGNMENT((#6772));
#6772=SURFACE_STYLE_USAGE(.BOTH.,#6773);
#6773=SURFACE_SIDE_STYLE('',(#6774));
#6774=SURFACE_STYLE_FILL_AREA(#6775);
#6775=FILL_AREA_STYLE('\X2\92FC\X0\ - \X2\30B530C630F3\X0\',(#6776));
#6776=FILL_AREA_STYLE_COLOUR('\X2\92FC\X0\ - \X2\30B530C630F3\X0\',#6777);
#6777=COLOUR_RGB('\X2\92FC\X0\ - \X2\30B530C630F3\X0\',0.627450980392157,
0.627450980392157,0.627450980392157);
ENDSEC;
END-ISO-10303-21;
